
 /----------------------------------------------------------------------------\
 |                                                                            |
 |  yosys -- Yosys Open SYnthesis Suite                                       |
 |                                                                            |
 |  Copyright (C) 2012 - 2020  Claire Xenia Wolf <claire@yosyshq.com>         |
 |                                                                            |
 |  Permission to use, copy, modify, and/or distribute this software for any  |
 |  purpose with or without fee is hereby granted, provided that the above    |
 |  copyright notice and this permission notice appear in all copies.         |
 |                                                                            |
 |  THE SOFTWARE IS PROVIDED "AS IS" AND THE AUTHOR DISCLAIMS ALL WARRANTIES  |
 |  WITH REGARD TO THIS SOFTWARE INCLUDING ALL IMPLIED WARRANTIES OF          |
 |  MERCHANTABILITY AND FITNESS. IN NO EVENT SHALL THE AUTHOR BE LIABLE FOR   |
 |  ANY SPECIAL, DIRECT, INDIRECT, OR CONSEQUENTIAL DAMAGES OR ANY DAMAGES    |
 |  WHATSOEVER RESULTING FROM LOSS OF USE, DATA OR PROFITS, WHETHER IN AN     |
 |  ACTION OF CONTRACT, NEGLIGENCE OR OTHER TORTIOUS ACTION, ARISING OUT OF   |
 |  OR IN CONNECTION WITH THE USE OR PERFORMANCE OF THIS SOFTWARE.            |
 |                                                                            |
 \----------------------------------------------------------------------------/

 Yosys 0.30+48 (git sha1 14d50a176d5, gcc 8.3.1 -fPIC -Os)

[TCL: yosys -import] Command name collision: found pre-existing command `cd' -> skip.
[TCL: yosys -import] Command name collision: found pre-existing command `eval' -> skip.
[TCL: yosys -import] Command name collision: found pre-existing command `exec' -> skip.
[TCL: yosys -import] Command name collision: found pre-existing command `read' -> skip.
[TCL: yosys -import] Command name collision: found pre-existing command `trace' -> skip.

1. Executing Verilog-2005 frontend: /openlane/designs/dnn/src/top.sv
Parsing SystemVerilog input from `/openlane/designs/dnn/src/top.sv' to AST representation.
Generating RTLIL representation for module `\top'.
Successfully finished Verilog frontend.

2. Executing Verilog-2005 frontend: /openlane/designs/dnn/src/control.sv
Parsing SystemVerilog input from `/openlane/designs/dnn/src/control.sv' to AST representation.
Generating RTLIL representation for module `\zigzag_fsm'.
Successfully finished Verilog frontend.

3. Executing Verilog-2005 frontend: /openlane/designs/dnn/src/pe_update.sv
Parsing SystemVerilog input from `/openlane/designs/dnn/src/pe_update.sv' to AST representation.
Generating RTLIL representation for module `\pe'.
Successfully finished Verilog frontend.

4. Executing Verilog-2005 frontend: /openlane/designs/dnn/src/zigzag.sv
Parsing SystemVerilog input from `/openlane/designs/dnn/src/zigzag.sv' to AST representation.
Generating RTLIL representation for module `\zig_zag_4x4'.
Successfully finished Verilog frontend.

5. Executing Verilog-2005 frontend: /openlane/designs/dnn/src/fifo9.sv
Parsing SystemVerilog input from `/openlane/designs/dnn/src/fifo9.sv' to AST representation.
Generating RTLIL representation for module `\fifo9'.
Warning: Replacing memory \buffer with list of registers. See /openlane/designs/dnn/src/fifo9.sv:35
Successfully finished Verilog frontend.

6. Generating Graphviz representation of design.
Writing dot description to `/openlane/designs/dnn/runs/MS2/tmp/synthesis/hierarchy.dot'.
Dumping module top to page 1.

7. Executing HIERARCHY pass (managing design hierarchy).

7.1. Analyzing design hierarchy..
Top module:  \top
Used module:     \zig_zag_4x4
Used module:         \pe
Used module:         \fifo9
Used module:     \zigzag_fsm
Parameter \DATA_W = 6
Parameter \WEIGHT_W = 2
Parameter \ACC_W = 13
Parameter \ROWS = 4
Parameter \COLS = 4
Parameter \UNQ_DIR = 4

7.2. Executing AST frontend in derive mode using pre-parsed AST for module `\zig_zag_4x4'.
Parameter \DATA_W = 6
Parameter \WEIGHT_W = 2
Parameter \ACC_W = 13
Parameter \ROWS = 4
Parameter \COLS = 4
Parameter \UNQ_DIR = 4
Generating RTLIL representation for module `$paramod$8339a35da9a54f29e0fc15504d3d48ed472210a7\zig_zag_4x4'.
Parameter \DATA_W = 6
Parameter \WEIGHT_W = 2
Parameter \ACC_W = 13

7.3. Executing AST frontend in derive mode using pre-parsed AST for module `\pe'.
Parameter \DATA_W = 6
Parameter \WEIGHT_W = 2
Parameter \ACC_W = 13
Generating RTLIL representation for module `$paramod$cd6374f6b86c0e8cbf5a8abdda4c01510487232a\pe'.
Parameter \DATA_W = 6
Parameter \WEIGHT_W = 2
Parameter \ACC_W = 13
Found cached RTLIL representation for module `$paramod$cd6374f6b86c0e8cbf5a8abdda4c01510487232a\pe'.
Parameter \DATA_W = 6
Parameter \WEIGHT_W = 2
Parameter \ACC_W = 13
Found cached RTLIL representation for module `$paramod$cd6374f6b86c0e8cbf5a8abdda4c01510487232a\pe'.
Parameter \DATA_W = 6
Parameter \WEIGHT_W = 2
Parameter \ACC_W = 13
Found cached RTLIL representation for module `$paramod$cd6374f6b86c0e8cbf5a8abdda4c01510487232a\pe'.
Parameter \DATA_W = 6
Parameter \WEIGHT_W = 2
Parameter \ACC_W = 13
Found cached RTLIL representation for module `$paramod$cd6374f6b86c0e8cbf5a8abdda4c01510487232a\pe'.
Parameter \DATA_W = 6
Parameter \WEIGHT_W = 2
Parameter \ACC_W = 13
Found cached RTLIL representation for module `$paramod$cd6374f6b86c0e8cbf5a8abdda4c01510487232a\pe'.
Parameter \DATA_W = 6
Parameter \WEIGHT_W = 2
Parameter \ACC_W = 13
Found cached RTLIL representation for module `$paramod$cd6374f6b86c0e8cbf5a8abdda4c01510487232a\pe'.
Parameter \DATA_W = 6
Parameter \WEIGHT_W = 2
Parameter \ACC_W = 13
Found cached RTLIL representation for module `$paramod$cd6374f6b86c0e8cbf5a8abdda4c01510487232a\pe'.
Parameter \DATA_W = 6
Parameter \WEIGHT_W = 2
Parameter \ACC_W = 13
Found cached RTLIL representation for module `$paramod$cd6374f6b86c0e8cbf5a8abdda4c01510487232a\pe'.
Parameter \DATA_W = 6
Parameter \WEIGHT_W = 2
Parameter \ACC_W = 13
Found cached RTLIL representation for module `$paramod$cd6374f6b86c0e8cbf5a8abdda4c01510487232a\pe'.
Parameter \DATA_W = 6
Parameter \WEIGHT_W = 2
Parameter \ACC_W = 13
Found cached RTLIL representation for module `$paramod$cd6374f6b86c0e8cbf5a8abdda4c01510487232a\pe'.
Parameter \DATA_W = 6
Parameter \WEIGHT_W = 2
Parameter \ACC_W = 13
Found cached RTLIL representation for module `$paramod$cd6374f6b86c0e8cbf5a8abdda4c01510487232a\pe'.
Parameter \DATA_W = 6
Parameter \WEIGHT_W = 2
Parameter \ACC_W = 13
Found cached RTLIL representation for module `$paramod$cd6374f6b86c0e8cbf5a8abdda4c01510487232a\pe'.
Parameter \DATA_W = 6
Parameter \WEIGHT_W = 2
Parameter \ACC_W = 13
Found cached RTLIL representation for module `$paramod$cd6374f6b86c0e8cbf5a8abdda4c01510487232a\pe'.
Parameter \DATA_W = 6
Parameter \WEIGHT_W = 2
Parameter \ACC_W = 13
Found cached RTLIL representation for module `$paramod$cd6374f6b86c0e8cbf5a8abdda4c01510487232a\pe'.
Parameter \DATA_W = 6
Parameter \WEIGHT_W = 2
Parameter \ACC_W = 13
Found cached RTLIL representation for module `$paramod$cd6374f6b86c0e8cbf5a8abdda4c01510487232a\pe'.
Parameter \DATA_W = 13

7.4. Executing AST frontend in derive mode using pre-parsed AST for module `\fifo9'.
Parameter \DATA_W = 13
Generating RTLIL representation for module `$paramod\fifo9\DATA_W=s32'00000000000000000000000000001101'.
Warning: Replacing memory \buffer with list of registers. See /openlane/designs/dnn/src/fifo9.sv:35
Parameter \DATA_W = 13
Found cached RTLIL representation for module `$paramod\fifo9\DATA_W=s32'00000000000000000000000000001101'.
Reprocessing module zig_zag_4x4 because instantiated module $paramod$cd6374f6b86c0e8cbf5a8abdda4c01510487232a\pe has become available.
Generating RTLIL representation for module `\zig_zag_4x4'.

7.5. Analyzing design hierarchy..
Top module:  \top
Used module:     $paramod$8339a35da9a54f29e0fc15504d3d48ed472210a7\zig_zag_4x4
Used module:         \pe
Used module:         \fifo9
Used module:     \zigzag_fsm
Parameter \DATA_W = 6
Parameter \WEIGHT_W = 2
Parameter \ACC_W = 13
Found cached RTLIL representation for module `$paramod$cd6374f6b86c0e8cbf5a8abdda4c01510487232a\pe'.
Parameter \DATA_W = 6
Parameter \WEIGHT_W = 2
Parameter \ACC_W = 13
Found cached RTLIL representation for module `$paramod$cd6374f6b86c0e8cbf5a8abdda4c01510487232a\pe'.
Parameter \DATA_W = 6
Parameter \WEIGHT_W = 2
Parameter \ACC_W = 13
Found cached RTLIL representation for module `$paramod$cd6374f6b86c0e8cbf5a8abdda4c01510487232a\pe'.
Parameter \DATA_W = 6
Parameter \WEIGHT_W = 2
Parameter \ACC_W = 13
Found cached RTLIL representation for module `$paramod$cd6374f6b86c0e8cbf5a8abdda4c01510487232a\pe'.
Parameter \DATA_W = 6
Parameter \WEIGHT_W = 2
Parameter \ACC_W = 13
Found cached RTLIL representation for module `$paramod$cd6374f6b86c0e8cbf5a8abdda4c01510487232a\pe'.
Parameter \DATA_W = 6
Parameter \WEIGHT_W = 2
Parameter \ACC_W = 13
Found cached RTLIL representation for module `$paramod$cd6374f6b86c0e8cbf5a8abdda4c01510487232a\pe'.
Parameter \DATA_W = 6
Parameter \WEIGHT_W = 2
Parameter \ACC_W = 13
Found cached RTLIL representation for module `$paramod$cd6374f6b86c0e8cbf5a8abdda4c01510487232a\pe'.
Parameter \DATA_W = 6
Parameter \WEIGHT_W = 2
Parameter \ACC_W = 13
Found cached RTLIL representation for module `$paramod$cd6374f6b86c0e8cbf5a8abdda4c01510487232a\pe'.
Parameter \DATA_W = 6
Parameter \WEIGHT_W = 2
Parameter \ACC_W = 13
Found cached RTLIL representation for module `$paramod$cd6374f6b86c0e8cbf5a8abdda4c01510487232a\pe'.
Parameter \DATA_W = 6
Parameter \WEIGHT_W = 2
Parameter \ACC_W = 13
Found cached RTLIL representation for module `$paramod$cd6374f6b86c0e8cbf5a8abdda4c01510487232a\pe'.
Parameter \DATA_W = 6
Parameter \WEIGHT_W = 2
Parameter \ACC_W = 13
Found cached RTLIL representation for module `$paramod$cd6374f6b86c0e8cbf5a8abdda4c01510487232a\pe'.
Parameter \DATA_W = 6
Parameter \WEIGHT_W = 2
Parameter \ACC_W = 13
Found cached RTLIL representation for module `$paramod$cd6374f6b86c0e8cbf5a8abdda4c01510487232a\pe'.
Parameter \DATA_W = 6
Parameter \WEIGHT_W = 2
Parameter \ACC_W = 13
Found cached RTLIL representation for module `$paramod$cd6374f6b86c0e8cbf5a8abdda4c01510487232a\pe'.
Parameter \DATA_W = 6
Parameter \WEIGHT_W = 2
Parameter \ACC_W = 13
Found cached RTLIL representation for module `$paramod$cd6374f6b86c0e8cbf5a8abdda4c01510487232a\pe'.
Parameter \DATA_W = 6
Parameter \WEIGHT_W = 2
Parameter \ACC_W = 13
Found cached RTLIL representation for module `$paramod$cd6374f6b86c0e8cbf5a8abdda4c01510487232a\pe'.
Parameter \DATA_W = 6
Parameter \WEIGHT_W = 2
Parameter \ACC_W = 13
Found cached RTLIL representation for module `$paramod$cd6374f6b86c0e8cbf5a8abdda4c01510487232a\pe'.
Parameter \DATA_W = 13
Found cached RTLIL representation for module `$paramod\fifo9\DATA_W=s32'00000000000000000000000000001101'.
Parameter \DATA_W = 13
Found cached RTLIL representation for module `$paramod\fifo9\DATA_W=s32'00000000000000000000000000001101'.
Reprocessing module $paramod$8339a35da9a54f29e0fc15504d3d48ed472210a7\zig_zag_4x4 because instantiated module $paramod$cd6374f6b86c0e8cbf5a8abdda4c01510487232a\pe has become available.
Generating RTLIL representation for module `$paramod$8339a35da9a54f29e0fc15504d3d48ed472210a7\zig_zag_4x4'.

7.6. Analyzing design hierarchy..
Top module:  \top
Used module:     $paramod$8339a35da9a54f29e0fc15504d3d48ed472210a7\zig_zag_4x4
Used module:         \pe
Used module:         \fifo9
Used module:     \zigzag_fsm
Parameter \DATA_W = 6
Parameter \WEIGHT_W = 2
Parameter \ACC_W = 13
Found cached RTLIL representation for module `$paramod$cd6374f6b86c0e8cbf5a8abdda4c01510487232a\pe'.
Parameter \DATA_W = 6
Parameter \WEIGHT_W = 2
Parameter \ACC_W = 13
Found cached RTLIL representation for module `$paramod$cd6374f6b86c0e8cbf5a8abdda4c01510487232a\pe'.
Parameter \DATA_W = 6
Parameter \WEIGHT_W = 2
Parameter \ACC_W = 13
Found cached RTLIL representation for module `$paramod$cd6374f6b86c0e8cbf5a8abdda4c01510487232a\pe'.
Parameter \DATA_W = 6
Parameter \WEIGHT_W = 2
Parameter \ACC_W = 13
Found cached RTLIL representation for module `$paramod$cd6374f6b86c0e8cbf5a8abdda4c01510487232a\pe'.
Parameter \DATA_W = 6
Parameter \WEIGHT_W = 2
Parameter \ACC_W = 13
Found cached RTLIL representation for module `$paramod$cd6374f6b86c0e8cbf5a8abdda4c01510487232a\pe'.
Parameter \DATA_W = 6
Parameter \WEIGHT_W = 2
Parameter \ACC_W = 13
Found cached RTLIL representation for module `$paramod$cd6374f6b86c0e8cbf5a8abdda4c01510487232a\pe'.
Parameter \DATA_W = 6
Parameter \WEIGHT_W = 2
Parameter \ACC_W = 13
Found cached RTLIL representation for module `$paramod$cd6374f6b86c0e8cbf5a8abdda4c01510487232a\pe'.
Parameter \DATA_W = 6
Parameter \WEIGHT_W = 2
Parameter \ACC_W = 13
Found cached RTLIL representation for module `$paramod$cd6374f6b86c0e8cbf5a8abdda4c01510487232a\pe'.
Parameter \DATA_W = 6
Parameter \WEIGHT_W = 2
Parameter \ACC_W = 13
Found cached RTLIL representation for module `$paramod$cd6374f6b86c0e8cbf5a8abdda4c01510487232a\pe'.
Parameter \DATA_W = 6
Parameter \WEIGHT_W = 2
Parameter \ACC_W = 13
Found cached RTLIL representation for module `$paramod$cd6374f6b86c0e8cbf5a8abdda4c01510487232a\pe'.
Parameter \DATA_W = 6
Parameter \WEIGHT_W = 2
Parameter \ACC_W = 13
Found cached RTLIL representation for module `$paramod$cd6374f6b86c0e8cbf5a8abdda4c01510487232a\pe'.
Parameter \DATA_W = 6
Parameter \WEIGHT_W = 2
Parameter \ACC_W = 13
Found cached RTLIL representation for module `$paramod$cd6374f6b86c0e8cbf5a8abdda4c01510487232a\pe'.
Parameter \DATA_W = 6
Parameter \WEIGHT_W = 2
Parameter \ACC_W = 13
Found cached RTLIL representation for module `$paramod$cd6374f6b86c0e8cbf5a8abdda4c01510487232a\pe'.
Parameter \DATA_W = 6
Parameter \WEIGHT_W = 2
Parameter \ACC_W = 13
Found cached RTLIL representation for module `$paramod$cd6374f6b86c0e8cbf5a8abdda4c01510487232a\pe'.
Parameter \DATA_W = 6
Parameter \WEIGHT_W = 2
Parameter \ACC_W = 13
Found cached RTLIL representation for module `$paramod$cd6374f6b86c0e8cbf5a8abdda4c01510487232a\pe'.
Parameter \DATA_W = 6
Parameter \WEIGHT_W = 2
Parameter \ACC_W = 13
Found cached RTLIL representation for module `$paramod$cd6374f6b86c0e8cbf5a8abdda4c01510487232a\pe'.
Parameter \DATA_W = 13
Found cached RTLIL representation for module `$paramod\fifo9\DATA_W=s32'00000000000000000000000000001101'.
Parameter \DATA_W = 13
Found cached RTLIL representation for module `$paramod\fifo9\DATA_W=s32'00000000000000000000000000001101'.

7.7. Analyzing design hierarchy..
Top module:  \top
Used module:     $paramod$8339a35da9a54f29e0fc15504d3d48ed472210a7\zig_zag_4x4
Used module:         $paramod$cd6374f6b86c0e8cbf5a8abdda4c01510487232a\pe
Used module:         $paramod\fifo9\DATA_W=s32'00000000000000000000000000001101
Used module:     \zigzag_fsm

7.8. Analyzing design hierarchy..
Top module:  \top
Used module:     $paramod$8339a35da9a54f29e0fc15504d3d48ed472210a7\zig_zag_4x4
Used module:         $paramod$cd6374f6b86c0e8cbf5a8abdda4c01510487232a\pe
Used module:         $paramod\fifo9\DATA_W=s32'00000000000000000000000000001101
Used module:     \zigzag_fsm
Removing unused module `\zig_zag_4x4'.
Removing unused module `\fifo9'.
Removing unused module `\pe'.
Removed 3 unused modules.

8. Executing TRIBUF pass.

9. Executing HIERARCHY pass (managing design hierarchy).

9.1. Analyzing design hierarchy..
Top module:  \top
Used module:     $paramod$8339a35da9a54f29e0fc15504d3d48ed472210a7\zig_zag_4x4
Used module:         $paramod$cd6374f6b86c0e8cbf5a8abdda4c01510487232a\pe
Used module:         $paramod\fifo9\DATA_W=s32'00000000000000000000000000001101
Used module:     \zigzag_fsm

9.2. Analyzing design hierarchy..
Top module:  \top
Used module:     $paramod$8339a35da9a54f29e0fc15504d3d48ed472210a7\zig_zag_4x4
Used module:         $paramod$cd6374f6b86c0e8cbf5a8abdda4c01510487232a\pe
Used module:         $paramod\fifo9\DATA_W=s32'00000000000000000000000000001101
Used module:     \zigzag_fsm
Removed 0 unused modules.

10. Executing PROC_CLEAN pass (remove empty switches from decision trees).
Cleaned up 0 empty switches.

11. Executing PROC_RMDEAD pass (remove dead branches from decision trees).
Marked 4 switch rules as full_case in process $proc$/openlane/designs/dnn/src/pe_update.sv:96$157 in module $paramod$cd6374f6b86c0e8cbf5a8abdda4c01510487232a\pe.
Marked 1 switch rules as full_case in process $proc$/openlane/designs/dnn/src/pe_update.sv:88$156 in module $paramod$cd6374f6b86c0e8cbf5a8abdda4c01510487232a\pe.
Marked 1 switch rules as full_case in process $proc$/openlane/designs/dnn/src/pe_update.sv:78$150 in module $paramod$cd6374f6b86c0e8cbf5a8abdda4c01510487232a\pe.
Marked 2 switch rules as full_case in process $proc$/openlane/designs/dnn/src/pe_update.sv:65$147 in module $paramod$cd6374f6b86c0e8cbf5a8abdda4c01510487232a\pe.
Marked 1 switch rules as full_case in process $proc$/openlane/designs/dnn/src/pe_update.sv:49$144 in module $paramod$cd6374f6b86c0e8cbf5a8abdda4c01510487232a\pe.
Removed 1 dead cases from process $proc$/openlane/designs/dnn/src/pe_update.sv:38$143 in module $paramod$cd6374f6b86c0e8cbf5a8abdda4c01510487232a\pe.
Marked 1 switch rules as full_case in process $proc$/openlane/designs/dnn/src/pe_update.sv:38$143 in module $paramod$cd6374f6b86c0e8cbf5a8abdda4c01510487232a\pe.
Marked 1 switch rules as full_case in process $proc$/openlane/designs/dnn/src/fifo9.sv:0$189 in module $paramod\fifo9\DATA_W=s32'00000000000000000000000000001101.
Marked 2 switch rules as full_case in process $proc$/openlane/designs/dnn/src/fifo9.sv:28$163 in module $paramod\fifo9\DATA_W=s32'00000000000000000000000000001101.
Marked 1 switch rules as full_case in process $proc$/openlane/designs/dnn/src/zigzag.sv:58$540 in module $paramod$8339a35da9a54f29e0fc15504d3d48ed472210a7\zig_zag_4x4.
Removed 1 dead cases from process $proc$/openlane/designs/dnn/src/control.sv:194$36 in module zigzag_fsm.
Marked 1 switch rules as full_case in process $proc$/openlane/designs/dnn/src/control.sv:194$36 in module zigzag_fsm.
Removed 1 dead cases from process $proc$/openlane/designs/dnn/src/control.sv:136$25 in module zigzag_fsm.
Marked 10 switch rules as full_case in process $proc$/openlane/designs/dnn/src/control.sv:136$25 in module zigzag_fsm.
Marked 1 switch rules as full_case in process $proc$/openlane/designs/dnn/src/control.sv:115$21 in module zigzag_fsm.
Marked 1 switch rules as full_case in process $proc$/openlane/designs/dnn/src/control.sv:93$17 in module zigzag_fsm.
Marked 1 switch rules as full_case in process $proc$/openlane/designs/dnn/src/control.sv:66$7 in module zigzag_fsm.
Marked 2 switch rules as full_case in process $proc$/openlane/designs/dnn/src/control.sv:52$3 in module zigzag_fsm.
Marked 1 switch rules as full_case in process $proc$/openlane/designs/dnn/src/control.sv:44$1 in module zigzag_fsm.
Removed a total of 3 dead cases.

12. Executing PROC_PRUNE pass (remove redundant assignments in processes).
Removed 3 redundant assignments.
Promoted 174 assignments to connections.

13. Executing PROC_INIT pass (extract init attributes).

14. Executing PROC_ARST pass (detect async resets in processes).
Found async reset \rst_n in `$paramod$cd6374f6b86c0e8cbf5a8abdda4c01510487232a\pe.$proc$/openlane/designs/dnn/src/pe_update.sv:96$157'.
Found async reset \rst_n in `$paramod$cd6374f6b86c0e8cbf5a8abdda4c01510487232a\pe.$proc$/openlane/designs/dnn/src/pe_update.sv:78$150'.
Found async reset \rst_n in `$paramod$cd6374f6b86c0e8cbf5a8abdda4c01510487232a\pe.$proc$/openlane/designs/dnn/src/pe_update.sv:65$147'.
Found async reset \rst_n in `$paramod$cd6374f6b86c0e8cbf5a8abdda4c01510487232a\pe.$proc$/openlane/designs/dnn/src/pe_update.sv:49$144'.
Found async reset \rst_n in `$paramod\fifo9\DATA_W=s32'00000000000000000000000000001101.$proc$/openlane/designs/dnn/src/fifo9.sv:28$163'.
Found async reset \rst_n in `\zigzag_fsm.$proc$/openlane/designs/dnn/src/control.sv:115$21'.
Found async reset \rst_n in `\zigzag_fsm.$proc$/openlane/designs/dnn/src/control.sv:93$17'.
Found async reset \rst_n in `\zigzag_fsm.$proc$/openlane/designs/dnn/src/control.sv:66$7'.
Found async reset \rst_n in `\zigzag_fsm.$proc$/openlane/designs/dnn/src/control.sv:52$3'.
Found async reset \rst_n in `\zigzag_fsm.$proc$/openlane/designs/dnn/src/control.sv:44$1'.

15. Executing PROC_ROM pass (convert switches to ROMs).
Converted 0 switches.
<suppressed ~33 debug messages>

16. Executing PROC_MUX pass (convert decision trees to multiplexers).
Creating decoders for process `$paramod$cd6374f6b86c0e8cbf5a8abdda4c01510487232a\pe.$proc$/openlane/designs/dnn/src/pe_update.sv:96$157'.
     1/5: $0\move_reg[12:0]
     2/5: $0\act_to_down[12:0]
     3/5: $0\act_to_up[12:0]
     4/5: $0\act_to_right[12:0]
     5/5: $0\act_to_left[12:0]
Creating decoders for process `$paramod$cd6374f6b86c0e8cbf5a8abdda4c01510487232a\pe.$proc$/openlane/designs/dnn/src/pe_update.sv:88$156'.
     1/1: $1\act_out_val[12:0]
Creating decoders for process `$paramod$cd6374f6b86c0e8cbf5a8abdda4c01510487232a\pe.$proc$/openlane/designs/dnn/src/pe_update.sv:78$150'.
     1/1: $0\psum_shift_en_d[0:0]
Creating decoders for process `$paramod$cd6374f6b86c0e8cbf5a8abdda4c01510487232a\pe.$proc$/openlane/designs/dnn/src/pe_update.sv:65$147'.
     1/1: $0\psum_out[12:0]
Creating decoders for process `$paramod$cd6374f6b86c0e8cbf5a8abdda4c01510487232a\pe.$proc$/openlane/designs/dnn/src/pe_update.sv:49$144'.
     1/1: $0\w_reg[1:0]
Creating decoders for process `$paramod$cd6374f6b86c0e8cbf5a8abdda4c01510487232a\pe.$proc$/openlane/designs/dnn/src/pe_update.sv:38$143'.
     1/1: $1\incoming[12:0]
Creating decoders for process `$paramod\fifo9\DATA_W=s32'00000000000000000000000000001101.$proc$/openlane/designs/dnn/src/fifo9.sv:0$189'.
     1/1: $1$mem2reg_rd$\buffer$/openlane/designs/dnn/src/fifo9.sv:26$159_DATA[12:0]$191
Creating decoders for process `$paramod\fifo9\DATA_W=s32'00000000000000000000000000001101.$proc$/openlane/designs/dnn/src/fifo9.sv:28$163'.
     1/16: $2$mem2reg_wr$\buffer$/openlane/designs/dnn/src/fifo9.sv:35$160_ADDR[3:0]$171
     2/16: $2$mem2reg_wr$\buffer$/openlane/designs/dnn/src/fifo9.sv:35$160_DATA[12:0]$172
     3/16: $1$mem2reg_wr$\buffer$/openlane/designs/dnn/src/fifo9.sv:35$160_DATA[12:0]$168
     4/16: $1$mem2reg_wr$\buffer$/openlane/designs/dnn/src/fifo9.sv:35$160_ADDR[3:0]$167
     5/16: $0\buffer[8][12:0]
     6/16: $0\buffer[7][12:0]
     7/16: $0\buffer[6][12:0]
     8/16: $0\buffer[5][12:0]
     9/16: $0\buffer[4][12:0]
    10/16: $0\buffer[3][12:0]
    11/16: $0\buffer[2][12:0]
    12/16: $0\buffer[1][12:0]
    13/16: $0\buffer[0][12:0]
    14/16: $0\count[3:0]
    15/16: $0\rd_ptr[3:0]
    16/16: $0\wr_ptr[3:0]
Creating decoders for process `$paramod$8339a35da9a54f29e0fc15504d3d48ed472210a7\zig_zag_4x4.$proc$/openlane/designs/dnn/src/zigzag.sv:0$567'.
Creating decoders for process `$paramod$8339a35da9a54f29e0fc15504d3d48ed472210a7\zig_zag_4x4.$proc$/openlane/designs/dnn/src/zigzag.sv:58$540'.
     1/8: $1\src_sel_3[1:0]
     2/8: $1\dst_sel_3[1:0]
     3/8: $1\src_sel_2[1:0]
     4/8: $1\dst_sel_2[1:0]
     5/8: $1\src_sel_1[1:0]
     6/8: $1\dst_sel_1[1:0]
     7/8: $1\src_sel_0[1:0]
     8/8: $1\dst_sel_0[1:0]
Creating decoders for process `\zigzag_fsm.$proc$/openlane/designs/dnn/src/control.sv:194$36'.
     1/8: $1\direction[1:0]
     2/8: $1\psum_clr[0:0]
     3/8: $1\psum_shift_en[0:0]
     4/8: $1\fifo_en[0:0]
     5/8: $1\w_ld_en[0:0]
     6/8: $1\move_en[0:0]
     7/8: $1\en[0:0]
     8/8: $1\done[0:0]
Creating decoders for process `\zigzag_fsm.$proc$/openlane/designs/dnn/src/control.sv:136$25'.
     1/10: $10\next_state[2:0]
     2/10: $9\next_state[2:0]
     3/10: $8\next_state[2:0]
     4/10: $7\next_state[2:0]
     5/10: $6\next_state[2:0]
     6/10: $5\next_state[2:0]
     7/10: $4\next_state[2:0]
     8/10: $3\next_state[2:0]
     9/10: $2\next_state[2:0]
    10/10: $1\next_state[2:0]
Creating decoders for process `\zigzag_fsm.$proc$/openlane/designs/dnn/src/control.sv:115$21'.
     1/1: $0\v_cnt[2:0]
Creating decoders for process `\zigzag_fsm.$proc$/openlane/designs/dnn/src/control.sv:93$17'.
     1/1: $0\h_cnt[1:0]
Creating decoders for process `\zigzag_fsm.$proc$/openlane/designs/dnn/src/control.sv:66$7'.
     1/1: $0\ch_cnt[1:0]
Creating decoders for process `\zigzag_fsm.$proc$/openlane/designs/dnn/src/control.sv:52$3'.
     1/1: $0\cnt[3:0]
Creating decoders for process `\zigzag_fsm.$proc$/openlane/designs/dnn/src/control.sv:44$1'.
     1/1: $0\state[2:0]

17. Executing PROC_DLATCH pass (convert process syncs to latches).
No latch inferred for signal `$paramod$cd6374f6b86c0e8cbf5a8abdda4c01510487232a\pe.\act_out_val' from process `$paramod$cd6374f6b86c0e8cbf5a8abdda4c01510487232a\pe.$proc$/openlane/designs/dnn/src/pe_update.sv:88$156'.
No latch inferred for signal `$paramod$cd6374f6b86c0e8cbf5a8abdda4c01510487232a\pe.\incoming' from process `$paramod$cd6374f6b86c0e8cbf5a8abdda4c01510487232a\pe.$proc$/openlane/designs/dnn/src/pe_update.sv:38$143'.
No latch inferred for signal `$paramod\fifo9\DATA_W=s32'00000000000000000000000000001101.$mem2reg_rd$\buffer$/openlane/designs/dnn/src/fifo9.sv:26$159_DATA' from process `$paramod\fifo9\DATA_W=s32'00000000000000000000000000001101.$proc$/openlane/designs/dnn/src/fifo9.sv:0$189'.
No latch inferred for signal `$paramod$8339a35da9a54f29e0fc15504d3d48ed472210a7\zig_zag_4x4.\w_col[0]' from process `$paramod$8339a35da9a54f29e0fc15504d3d48ed472210a7\zig_zag_4x4.$proc$/openlane/designs/dnn/src/zigzag.sv:0$567'.
No latch inferred for signal `$paramod$8339a35da9a54f29e0fc15504d3d48ed472210a7\zig_zag_4x4.\w_col[1]' from process `$paramod$8339a35da9a54f29e0fc15504d3d48ed472210a7\zig_zag_4x4.$proc$/openlane/designs/dnn/src/zigzag.sv:0$567'.
No latch inferred for signal `$paramod$8339a35da9a54f29e0fc15504d3d48ed472210a7\zig_zag_4x4.\w_col[2]' from process `$paramod$8339a35da9a54f29e0fc15504d3d48ed472210a7\zig_zag_4x4.$proc$/openlane/designs/dnn/src/zigzag.sv:0$567'.
No latch inferred for signal `$paramod$8339a35da9a54f29e0fc15504d3d48ed472210a7\zig_zag_4x4.\w_col[3]' from process `$paramod$8339a35da9a54f29e0fc15504d3d48ed472210a7\zig_zag_4x4.$proc$/openlane/designs/dnn/src/zigzag.sv:0$567'.
No latch inferred for signal `$paramod$8339a35da9a54f29e0fc15504d3d48ed472210a7\zig_zag_4x4.\act_to_right[0]' from process `$paramod$8339a35da9a54f29e0fc15504d3d48ed472210a7\zig_zag_4x4.$proc$/openlane/designs/dnn/src/zigzag.sv:0$567'.
No latch inferred for signal `$paramod$8339a35da9a54f29e0fc15504d3d48ed472210a7\zig_zag_4x4.\act_to_right[1]' from process `$paramod$8339a35da9a54f29e0fc15504d3d48ed472210a7\zig_zag_4x4.$proc$/openlane/designs/dnn/src/zigzag.sv:0$567'.
No latch inferred for signal `$paramod$8339a35da9a54f29e0fc15504d3d48ed472210a7\zig_zag_4x4.\act_to_right[2]' from process `$paramod$8339a35da9a54f29e0fc15504d3d48ed472210a7\zig_zag_4x4.$proc$/openlane/designs/dnn/src/zigzag.sv:0$567'.
No latch inferred for signal `$paramod$8339a35da9a54f29e0fc15504d3d48ed472210a7\zig_zag_4x4.\act_to_right[3]' from process `$paramod$8339a35da9a54f29e0fc15504d3d48ed472210a7\zig_zag_4x4.$proc$/openlane/designs/dnn/src/zigzag.sv:0$567'.
No latch inferred for signal `$paramod$8339a35da9a54f29e0fc15504d3d48ed472210a7\zig_zag_4x4.\act_to_right[4]' from process `$paramod$8339a35da9a54f29e0fc15504d3d48ed472210a7\zig_zag_4x4.$proc$/openlane/designs/dnn/src/zigzag.sv:0$567'.
No latch inferred for signal `$paramod$8339a35da9a54f29e0fc15504d3d48ed472210a7\zig_zag_4x4.\act_to_right[5]' from process `$paramod$8339a35da9a54f29e0fc15504d3d48ed472210a7\zig_zag_4x4.$proc$/openlane/designs/dnn/src/zigzag.sv:0$567'.
No latch inferred for signal `$paramod$8339a35da9a54f29e0fc15504d3d48ed472210a7\zig_zag_4x4.\act_to_right[6]' from process `$paramod$8339a35da9a54f29e0fc15504d3d48ed472210a7\zig_zag_4x4.$proc$/openlane/designs/dnn/src/zigzag.sv:0$567'.
No latch inferred for signal `$paramod$8339a35da9a54f29e0fc15504d3d48ed472210a7\zig_zag_4x4.\act_to_right[7]' from process `$paramod$8339a35da9a54f29e0fc15504d3d48ed472210a7\zig_zag_4x4.$proc$/openlane/designs/dnn/src/zigzag.sv:0$567'.
No latch inferred for signal `$paramod$8339a35da9a54f29e0fc15504d3d48ed472210a7\zig_zag_4x4.\act_to_right[8]' from process `$paramod$8339a35da9a54f29e0fc15504d3d48ed472210a7\zig_zag_4x4.$proc$/openlane/designs/dnn/src/zigzag.sv:0$567'.
No latch inferred for signal `$paramod$8339a35da9a54f29e0fc15504d3d48ed472210a7\zig_zag_4x4.\act_to_right[9]' from process `$paramod$8339a35da9a54f29e0fc15504d3d48ed472210a7\zig_zag_4x4.$proc$/openlane/designs/dnn/src/zigzag.sv:0$567'.
No latch inferred for signal `$paramod$8339a35da9a54f29e0fc15504d3d48ed472210a7\zig_zag_4x4.\act_to_right[10]' from process `$paramod$8339a35da9a54f29e0fc15504d3d48ed472210a7\zig_zag_4x4.$proc$/openlane/designs/dnn/src/zigzag.sv:0$567'.
No latch inferred for signal `$paramod$8339a35da9a54f29e0fc15504d3d48ed472210a7\zig_zag_4x4.\act_to_right[11]' from process `$paramod$8339a35da9a54f29e0fc15504d3d48ed472210a7\zig_zag_4x4.$proc$/openlane/designs/dnn/src/zigzag.sv:0$567'.
No latch inferred for signal `$paramod$8339a35da9a54f29e0fc15504d3d48ed472210a7\zig_zag_4x4.\act_to_right[12]' from process `$paramod$8339a35da9a54f29e0fc15504d3d48ed472210a7\zig_zag_4x4.$proc$/openlane/designs/dnn/src/zigzag.sv:0$567'.
No latch inferred for signal `$paramod$8339a35da9a54f29e0fc15504d3d48ed472210a7\zig_zag_4x4.\act_to_right[13]' from process `$paramod$8339a35da9a54f29e0fc15504d3d48ed472210a7\zig_zag_4x4.$proc$/openlane/designs/dnn/src/zigzag.sv:0$567'.
No latch inferred for signal `$paramod$8339a35da9a54f29e0fc15504d3d48ed472210a7\zig_zag_4x4.\act_to_right[14]' from process `$paramod$8339a35da9a54f29e0fc15504d3d48ed472210a7\zig_zag_4x4.$proc$/openlane/designs/dnn/src/zigzag.sv:0$567'.
No latch inferred for signal `$paramod$8339a35da9a54f29e0fc15504d3d48ed472210a7\zig_zag_4x4.\act_to_right[15]' from process `$paramod$8339a35da9a54f29e0fc15504d3d48ed472210a7\zig_zag_4x4.$proc$/openlane/designs/dnn/src/zigzag.sv:0$567'.
No latch inferred for signal `$paramod$8339a35da9a54f29e0fc15504d3d48ed472210a7\zig_zag_4x4.\act_to_left[0]' from process `$paramod$8339a35da9a54f29e0fc15504d3d48ed472210a7\zig_zag_4x4.$proc$/openlane/designs/dnn/src/zigzag.sv:0$567'.
No latch inferred for signal `$paramod$8339a35da9a54f29e0fc15504d3d48ed472210a7\zig_zag_4x4.\act_to_left[1]' from process `$paramod$8339a35da9a54f29e0fc15504d3d48ed472210a7\zig_zag_4x4.$proc$/openlane/designs/dnn/src/zigzag.sv:0$567'.
No latch inferred for signal `$paramod$8339a35da9a54f29e0fc15504d3d48ed472210a7\zig_zag_4x4.\act_to_left[2]' from process `$paramod$8339a35da9a54f29e0fc15504d3d48ed472210a7\zig_zag_4x4.$proc$/openlane/designs/dnn/src/zigzag.sv:0$567'.
No latch inferred for signal `$paramod$8339a35da9a54f29e0fc15504d3d48ed472210a7\zig_zag_4x4.\act_to_left[3]' from process `$paramod$8339a35da9a54f29e0fc15504d3d48ed472210a7\zig_zag_4x4.$proc$/openlane/designs/dnn/src/zigzag.sv:0$567'.
No latch inferred for signal `$paramod$8339a35da9a54f29e0fc15504d3d48ed472210a7\zig_zag_4x4.\act_to_left[4]' from process `$paramod$8339a35da9a54f29e0fc15504d3d48ed472210a7\zig_zag_4x4.$proc$/openlane/designs/dnn/src/zigzag.sv:0$567'.
No latch inferred for signal `$paramod$8339a35da9a54f29e0fc15504d3d48ed472210a7\zig_zag_4x4.\act_to_left[5]' from process `$paramod$8339a35da9a54f29e0fc15504d3d48ed472210a7\zig_zag_4x4.$proc$/openlane/designs/dnn/src/zigzag.sv:0$567'.
No latch inferred for signal `$paramod$8339a35da9a54f29e0fc15504d3d48ed472210a7\zig_zag_4x4.\act_to_left[6]' from process `$paramod$8339a35da9a54f29e0fc15504d3d48ed472210a7\zig_zag_4x4.$proc$/openlane/designs/dnn/src/zigzag.sv:0$567'.
No latch inferred for signal `$paramod$8339a35da9a54f29e0fc15504d3d48ed472210a7\zig_zag_4x4.\act_to_left[7]' from process `$paramod$8339a35da9a54f29e0fc15504d3d48ed472210a7\zig_zag_4x4.$proc$/openlane/designs/dnn/src/zigzag.sv:0$567'.
No latch inferred for signal `$paramod$8339a35da9a54f29e0fc15504d3d48ed472210a7\zig_zag_4x4.\act_to_left[8]' from process `$paramod$8339a35da9a54f29e0fc15504d3d48ed472210a7\zig_zag_4x4.$proc$/openlane/designs/dnn/src/zigzag.sv:0$567'.
No latch inferred for signal `$paramod$8339a35da9a54f29e0fc15504d3d48ed472210a7\zig_zag_4x4.\act_to_left[9]' from process `$paramod$8339a35da9a54f29e0fc15504d3d48ed472210a7\zig_zag_4x4.$proc$/openlane/designs/dnn/src/zigzag.sv:0$567'.
No latch inferred for signal `$paramod$8339a35da9a54f29e0fc15504d3d48ed472210a7\zig_zag_4x4.\act_to_left[10]' from process `$paramod$8339a35da9a54f29e0fc15504d3d48ed472210a7\zig_zag_4x4.$proc$/openlane/designs/dnn/src/zigzag.sv:0$567'.
No latch inferred for signal `$paramod$8339a35da9a54f29e0fc15504d3d48ed472210a7\zig_zag_4x4.\act_to_left[11]' from process `$paramod$8339a35da9a54f29e0fc15504d3d48ed472210a7\zig_zag_4x4.$proc$/openlane/designs/dnn/src/zigzag.sv:0$567'.
No latch inferred for signal `$paramod$8339a35da9a54f29e0fc15504d3d48ed472210a7\zig_zag_4x4.\act_to_left[12]' from process `$paramod$8339a35da9a54f29e0fc15504d3d48ed472210a7\zig_zag_4x4.$proc$/openlane/designs/dnn/src/zigzag.sv:0$567'.
No latch inferred for signal `$paramod$8339a35da9a54f29e0fc15504d3d48ed472210a7\zig_zag_4x4.\act_to_left[13]' from process `$paramod$8339a35da9a54f29e0fc15504d3d48ed472210a7\zig_zag_4x4.$proc$/openlane/designs/dnn/src/zigzag.sv:0$567'.
No latch inferred for signal `$paramod$8339a35da9a54f29e0fc15504d3d48ed472210a7\zig_zag_4x4.\act_to_left[14]' from process `$paramod$8339a35da9a54f29e0fc15504d3d48ed472210a7\zig_zag_4x4.$proc$/openlane/designs/dnn/src/zigzag.sv:0$567'.
No latch inferred for signal `$paramod$8339a35da9a54f29e0fc15504d3d48ed472210a7\zig_zag_4x4.\act_to_left[15]' from process `$paramod$8339a35da9a54f29e0fc15504d3d48ed472210a7\zig_zag_4x4.$proc$/openlane/designs/dnn/src/zigzag.sv:0$567'.
No latch inferred for signal `$paramod$8339a35da9a54f29e0fc15504d3d48ed472210a7\zig_zag_4x4.\act_to_up[0]' from process `$paramod$8339a35da9a54f29e0fc15504d3d48ed472210a7\zig_zag_4x4.$proc$/openlane/designs/dnn/src/zigzag.sv:0$567'.
No latch inferred for signal `$paramod$8339a35da9a54f29e0fc15504d3d48ed472210a7\zig_zag_4x4.\act_to_up[1]' from process `$paramod$8339a35da9a54f29e0fc15504d3d48ed472210a7\zig_zag_4x4.$proc$/openlane/designs/dnn/src/zigzag.sv:0$567'.
No latch inferred for signal `$paramod$8339a35da9a54f29e0fc15504d3d48ed472210a7\zig_zag_4x4.\act_to_up[2]' from process `$paramod$8339a35da9a54f29e0fc15504d3d48ed472210a7\zig_zag_4x4.$proc$/openlane/designs/dnn/src/zigzag.sv:0$567'.
No latch inferred for signal `$paramod$8339a35da9a54f29e0fc15504d3d48ed472210a7\zig_zag_4x4.\act_to_up[3]' from process `$paramod$8339a35da9a54f29e0fc15504d3d48ed472210a7\zig_zag_4x4.$proc$/openlane/designs/dnn/src/zigzag.sv:0$567'.
No latch inferred for signal `$paramod$8339a35da9a54f29e0fc15504d3d48ed472210a7\zig_zag_4x4.\act_to_up[4]' from process `$paramod$8339a35da9a54f29e0fc15504d3d48ed472210a7\zig_zag_4x4.$proc$/openlane/designs/dnn/src/zigzag.sv:0$567'.
No latch inferred for signal `$paramod$8339a35da9a54f29e0fc15504d3d48ed472210a7\zig_zag_4x4.\act_to_up[5]' from process `$paramod$8339a35da9a54f29e0fc15504d3d48ed472210a7\zig_zag_4x4.$proc$/openlane/designs/dnn/src/zigzag.sv:0$567'.
No latch inferred for signal `$paramod$8339a35da9a54f29e0fc15504d3d48ed472210a7\zig_zag_4x4.\act_to_up[6]' from process `$paramod$8339a35da9a54f29e0fc15504d3d48ed472210a7\zig_zag_4x4.$proc$/openlane/designs/dnn/src/zigzag.sv:0$567'.
No latch inferred for signal `$paramod$8339a35da9a54f29e0fc15504d3d48ed472210a7\zig_zag_4x4.\act_to_up[7]' from process `$paramod$8339a35da9a54f29e0fc15504d3d48ed472210a7\zig_zag_4x4.$proc$/openlane/designs/dnn/src/zigzag.sv:0$567'.
No latch inferred for signal `$paramod$8339a35da9a54f29e0fc15504d3d48ed472210a7\zig_zag_4x4.\act_to_up[8]' from process `$paramod$8339a35da9a54f29e0fc15504d3d48ed472210a7\zig_zag_4x4.$proc$/openlane/designs/dnn/src/zigzag.sv:0$567'.
No latch inferred for signal `$paramod$8339a35da9a54f29e0fc15504d3d48ed472210a7\zig_zag_4x4.\act_to_up[9]' from process `$paramod$8339a35da9a54f29e0fc15504d3d48ed472210a7\zig_zag_4x4.$proc$/openlane/designs/dnn/src/zigzag.sv:0$567'.
No latch inferred for signal `$paramod$8339a35da9a54f29e0fc15504d3d48ed472210a7\zig_zag_4x4.\act_to_up[10]' from process `$paramod$8339a35da9a54f29e0fc15504d3d48ed472210a7\zig_zag_4x4.$proc$/openlane/designs/dnn/src/zigzag.sv:0$567'.
No latch inferred for signal `$paramod$8339a35da9a54f29e0fc15504d3d48ed472210a7\zig_zag_4x4.\act_to_up[11]' from process `$paramod$8339a35da9a54f29e0fc15504d3d48ed472210a7\zig_zag_4x4.$proc$/openlane/designs/dnn/src/zigzag.sv:0$567'.
No latch inferred for signal `$paramod$8339a35da9a54f29e0fc15504d3d48ed472210a7\zig_zag_4x4.\act_to_up[12]' from process `$paramod$8339a35da9a54f29e0fc15504d3d48ed472210a7\zig_zag_4x4.$proc$/openlane/designs/dnn/src/zigzag.sv:0$567'.
No latch inferred for signal `$paramod$8339a35da9a54f29e0fc15504d3d48ed472210a7\zig_zag_4x4.\act_to_up[13]' from process `$paramod$8339a35da9a54f29e0fc15504d3d48ed472210a7\zig_zag_4x4.$proc$/openlane/designs/dnn/src/zigzag.sv:0$567'.
No latch inferred for signal `$paramod$8339a35da9a54f29e0fc15504d3d48ed472210a7\zig_zag_4x4.\act_to_up[14]' from process `$paramod$8339a35da9a54f29e0fc15504d3d48ed472210a7\zig_zag_4x4.$proc$/openlane/designs/dnn/src/zigzag.sv:0$567'.
No latch inferred for signal `$paramod$8339a35da9a54f29e0fc15504d3d48ed472210a7\zig_zag_4x4.\act_to_up[15]' from process `$paramod$8339a35da9a54f29e0fc15504d3d48ed472210a7\zig_zag_4x4.$proc$/openlane/designs/dnn/src/zigzag.sv:0$567'.
No latch inferred for signal `$paramod$8339a35da9a54f29e0fc15504d3d48ed472210a7\zig_zag_4x4.\act_to_down[0]' from process `$paramod$8339a35da9a54f29e0fc15504d3d48ed472210a7\zig_zag_4x4.$proc$/openlane/designs/dnn/src/zigzag.sv:0$567'.
No latch inferred for signal `$paramod$8339a35da9a54f29e0fc15504d3d48ed472210a7\zig_zag_4x4.\act_to_down[1]' from process `$paramod$8339a35da9a54f29e0fc15504d3d48ed472210a7\zig_zag_4x4.$proc$/openlane/designs/dnn/src/zigzag.sv:0$567'.
No latch inferred for signal `$paramod$8339a35da9a54f29e0fc15504d3d48ed472210a7\zig_zag_4x4.\act_to_down[2]' from process `$paramod$8339a35da9a54f29e0fc15504d3d48ed472210a7\zig_zag_4x4.$proc$/openlane/designs/dnn/src/zigzag.sv:0$567'.
No latch inferred for signal `$paramod$8339a35da9a54f29e0fc15504d3d48ed472210a7\zig_zag_4x4.\act_to_down[3]' from process `$paramod$8339a35da9a54f29e0fc15504d3d48ed472210a7\zig_zag_4x4.$proc$/openlane/designs/dnn/src/zigzag.sv:0$567'.
No latch inferred for signal `$paramod$8339a35da9a54f29e0fc15504d3d48ed472210a7\zig_zag_4x4.\act_to_down[4]' from process `$paramod$8339a35da9a54f29e0fc15504d3d48ed472210a7\zig_zag_4x4.$proc$/openlane/designs/dnn/src/zigzag.sv:0$567'.
No latch inferred for signal `$paramod$8339a35da9a54f29e0fc15504d3d48ed472210a7\zig_zag_4x4.\act_to_down[5]' from process `$paramod$8339a35da9a54f29e0fc15504d3d48ed472210a7\zig_zag_4x4.$proc$/openlane/designs/dnn/src/zigzag.sv:0$567'.
No latch inferred for signal `$paramod$8339a35da9a54f29e0fc15504d3d48ed472210a7\zig_zag_4x4.\act_to_down[6]' from process `$paramod$8339a35da9a54f29e0fc15504d3d48ed472210a7\zig_zag_4x4.$proc$/openlane/designs/dnn/src/zigzag.sv:0$567'.
No latch inferred for signal `$paramod$8339a35da9a54f29e0fc15504d3d48ed472210a7\zig_zag_4x4.\act_to_down[7]' from process `$paramod$8339a35da9a54f29e0fc15504d3d48ed472210a7\zig_zag_4x4.$proc$/openlane/designs/dnn/src/zigzag.sv:0$567'.
No latch inferred for signal `$paramod$8339a35da9a54f29e0fc15504d3d48ed472210a7\zig_zag_4x4.\act_to_down[8]' from process `$paramod$8339a35da9a54f29e0fc15504d3d48ed472210a7\zig_zag_4x4.$proc$/openlane/designs/dnn/src/zigzag.sv:0$567'.
No latch inferred for signal `$paramod$8339a35da9a54f29e0fc15504d3d48ed472210a7\zig_zag_4x4.\act_to_down[9]' from process `$paramod$8339a35da9a54f29e0fc15504d3d48ed472210a7\zig_zag_4x4.$proc$/openlane/designs/dnn/src/zigzag.sv:0$567'.
No latch inferred for signal `$paramod$8339a35da9a54f29e0fc15504d3d48ed472210a7\zig_zag_4x4.\act_to_down[10]' from process `$paramod$8339a35da9a54f29e0fc15504d3d48ed472210a7\zig_zag_4x4.$proc$/openlane/designs/dnn/src/zigzag.sv:0$567'.
No latch inferred for signal `$paramod$8339a35da9a54f29e0fc15504d3d48ed472210a7\zig_zag_4x4.\act_to_down[11]' from process `$paramod$8339a35da9a54f29e0fc15504d3d48ed472210a7\zig_zag_4x4.$proc$/openlane/designs/dnn/src/zigzag.sv:0$567'.
No latch inferred for signal `$paramod$8339a35da9a54f29e0fc15504d3d48ed472210a7\zig_zag_4x4.\act_to_down[12]' from process `$paramod$8339a35da9a54f29e0fc15504d3d48ed472210a7\zig_zag_4x4.$proc$/openlane/designs/dnn/src/zigzag.sv:0$567'.
No latch inferred for signal `$paramod$8339a35da9a54f29e0fc15504d3d48ed472210a7\zig_zag_4x4.\act_to_down[13]' from process `$paramod$8339a35da9a54f29e0fc15504d3d48ed472210a7\zig_zag_4x4.$proc$/openlane/designs/dnn/src/zigzag.sv:0$567'.
No latch inferred for signal `$paramod$8339a35da9a54f29e0fc15504d3d48ed472210a7\zig_zag_4x4.\act_to_down[14]' from process `$paramod$8339a35da9a54f29e0fc15504d3d48ed472210a7\zig_zag_4x4.$proc$/openlane/designs/dnn/src/zigzag.sv:0$567'.
No latch inferred for signal `$paramod$8339a35da9a54f29e0fc15504d3d48ed472210a7\zig_zag_4x4.\act_to_down[15]' from process `$paramod$8339a35da9a54f29e0fc15504d3d48ed472210a7\zig_zag_4x4.$proc$/openlane/designs/dnn/src/zigzag.sv:0$567'.
No latch inferred for signal `$paramod$8339a35da9a54f29e0fc15504d3d48ed472210a7\zig_zag_4x4.\act_from_right[0]' from process `$paramod$8339a35da9a54f29e0fc15504d3d48ed472210a7\zig_zag_4x4.$proc$/openlane/designs/dnn/src/zigzag.sv:0$567'.
No latch inferred for signal `$paramod$8339a35da9a54f29e0fc15504d3d48ed472210a7\zig_zag_4x4.\act_from_right[1]' from process `$paramod$8339a35da9a54f29e0fc15504d3d48ed472210a7\zig_zag_4x4.$proc$/openlane/designs/dnn/src/zigzag.sv:0$567'.
No latch inferred for signal `$paramod$8339a35da9a54f29e0fc15504d3d48ed472210a7\zig_zag_4x4.\act_from_right[2]' from process `$paramod$8339a35da9a54f29e0fc15504d3d48ed472210a7\zig_zag_4x4.$proc$/openlane/designs/dnn/src/zigzag.sv:0$567'.
No latch inferred for signal `$paramod$8339a35da9a54f29e0fc15504d3d48ed472210a7\zig_zag_4x4.\act_from_right[3]' from process `$paramod$8339a35da9a54f29e0fc15504d3d48ed472210a7\zig_zag_4x4.$proc$/openlane/designs/dnn/src/zigzag.sv:0$567'.
No latch inferred for signal `$paramod$8339a35da9a54f29e0fc15504d3d48ed472210a7\zig_zag_4x4.\act_from_right[4]' from process `$paramod$8339a35da9a54f29e0fc15504d3d48ed472210a7\zig_zag_4x4.$proc$/openlane/designs/dnn/src/zigzag.sv:0$567'.
No latch inferred for signal `$paramod$8339a35da9a54f29e0fc15504d3d48ed472210a7\zig_zag_4x4.\act_from_right[5]' from process `$paramod$8339a35da9a54f29e0fc15504d3d48ed472210a7\zig_zag_4x4.$proc$/openlane/designs/dnn/src/zigzag.sv:0$567'.
No latch inferred for signal `$paramod$8339a35da9a54f29e0fc15504d3d48ed472210a7\zig_zag_4x4.\act_from_right[6]' from process `$paramod$8339a35da9a54f29e0fc15504d3d48ed472210a7\zig_zag_4x4.$proc$/openlane/designs/dnn/src/zigzag.sv:0$567'.
No latch inferred for signal `$paramod$8339a35da9a54f29e0fc15504d3d48ed472210a7\zig_zag_4x4.\act_from_right[7]' from process `$paramod$8339a35da9a54f29e0fc15504d3d48ed472210a7\zig_zag_4x4.$proc$/openlane/designs/dnn/src/zigzag.sv:0$567'.
No latch inferred for signal `$paramod$8339a35da9a54f29e0fc15504d3d48ed472210a7\zig_zag_4x4.\act_from_right[8]' from process `$paramod$8339a35da9a54f29e0fc15504d3d48ed472210a7\zig_zag_4x4.$proc$/openlane/designs/dnn/src/zigzag.sv:0$567'.
No latch inferred for signal `$paramod$8339a35da9a54f29e0fc15504d3d48ed472210a7\zig_zag_4x4.\act_from_right[9]' from process `$paramod$8339a35da9a54f29e0fc15504d3d48ed472210a7\zig_zag_4x4.$proc$/openlane/designs/dnn/src/zigzag.sv:0$567'.
No latch inferred for signal `$paramod$8339a35da9a54f29e0fc15504d3d48ed472210a7\zig_zag_4x4.\act_from_right[10]' from process `$paramod$8339a35da9a54f29e0fc15504d3d48ed472210a7\zig_zag_4x4.$proc$/openlane/designs/dnn/src/zigzag.sv:0$567'.
No latch inferred for signal `$paramod$8339a35da9a54f29e0fc15504d3d48ed472210a7\zig_zag_4x4.\act_from_right[11]' from process `$paramod$8339a35da9a54f29e0fc15504d3d48ed472210a7\zig_zag_4x4.$proc$/openlane/designs/dnn/src/zigzag.sv:0$567'.
No latch inferred for signal `$paramod$8339a35da9a54f29e0fc15504d3d48ed472210a7\zig_zag_4x4.\act_from_right[12]' from process `$paramod$8339a35da9a54f29e0fc15504d3d48ed472210a7\zig_zag_4x4.$proc$/openlane/designs/dnn/src/zigzag.sv:0$567'.
No latch inferred for signal `$paramod$8339a35da9a54f29e0fc15504d3d48ed472210a7\zig_zag_4x4.\act_from_right[13]' from process `$paramod$8339a35da9a54f29e0fc15504d3d48ed472210a7\zig_zag_4x4.$proc$/openlane/designs/dnn/src/zigzag.sv:0$567'.
No latch inferred for signal `$paramod$8339a35da9a54f29e0fc15504d3d48ed472210a7\zig_zag_4x4.\act_from_right[14]' from process `$paramod$8339a35da9a54f29e0fc15504d3d48ed472210a7\zig_zag_4x4.$proc$/openlane/designs/dnn/src/zigzag.sv:0$567'.
No latch inferred for signal `$paramod$8339a35da9a54f29e0fc15504d3d48ed472210a7\zig_zag_4x4.\act_from_right[15]' from process `$paramod$8339a35da9a54f29e0fc15504d3d48ed472210a7\zig_zag_4x4.$proc$/openlane/designs/dnn/src/zigzag.sv:0$567'.
No latch inferred for signal `$paramod$8339a35da9a54f29e0fc15504d3d48ed472210a7\zig_zag_4x4.\act_from_left[0]' from process `$paramod$8339a35da9a54f29e0fc15504d3d48ed472210a7\zig_zag_4x4.$proc$/openlane/designs/dnn/src/zigzag.sv:0$567'.
No latch inferred for signal `$paramod$8339a35da9a54f29e0fc15504d3d48ed472210a7\zig_zag_4x4.\act_from_left[1]' from process `$paramod$8339a35da9a54f29e0fc15504d3d48ed472210a7\zig_zag_4x4.$proc$/openlane/designs/dnn/src/zigzag.sv:0$567'.
No latch inferred for signal `$paramod$8339a35da9a54f29e0fc15504d3d48ed472210a7\zig_zag_4x4.\act_from_left[2]' from process `$paramod$8339a35da9a54f29e0fc15504d3d48ed472210a7\zig_zag_4x4.$proc$/openlane/designs/dnn/src/zigzag.sv:0$567'.
No latch inferred for signal `$paramod$8339a35da9a54f29e0fc15504d3d48ed472210a7\zig_zag_4x4.\act_from_left[3]' from process `$paramod$8339a35da9a54f29e0fc15504d3d48ed472210a7\zig_zag_4x4.$proc$/openlane/designs/dnn/src/zigzag.sv:0$567'.
No latch inferred for signal `$paramod$8339a35da9a54f29e0fc15504d3d48ed472210a7\zig_zag_4x4.\act_from_left[4]' from process `$paramod$8339a35da9a54f29e0fc15504d3d48ed472210a7\zig_zag_4x4.$proc$/openlane/designs/dnn/src/zigzag.sv:0$567'.
No latch inferred for signal `$paramod$8339a35da9a54f29e0fc15504d3d48ed472210a7\zig_zag_4x4.\act_from_left[5]' from process `$paramod$8339a35da9a54f29e0fc15504d3d48ed472210a7\zig_zag_4x4.$proc$/openlane/designs/dnn/src/zigzag.sv:0$567'.
No latch inferred for signal `$paramod$8339a35da9a54f29e0fc15504d3d48ed472210a7\zig_zag_4x4.\act_from_left[6]' from process `$paramod$8339a35da9a54f29e0fc15504d3d48ed472210a7\zig_zag_4x4.$proc$/openlane/designs/dnn/src/zigzag.sv:0$567'.
No latch inferred for signal `$paramod$8339a35da9a54f29e0fc15504d3d48ed472210a7\zig_zag_4x4.\act_from_left[7]' from process `$paramod$8339a35da9a54f29e0fc15504d3d48ed472210a7\zig_zag_4x4.$proc$/openlane/designs/dnn/src/zigzag.sv:0$567'.
No latch inferred for signal `$paramod$8339a35da9a54f29e0fc15504d3d48ed472210a7\zig_zag_4x4.\act_from_left[8]' from process `$paramod$8339a35da9a54f29e0fc15504d3d48ed472210a7\zig_zag_4x4.$proc$/openlane/designs/dnn/src/zigzag.sv:0$567'.
No latch inferred for signal `$paramod$8339a35da9a54f29e0fc15504d3d48ed472210a7\zig_zag_4x4.\act_from_left[9]' from process `$paramod$8339a35da9a54f29e0fc15504d3d48ed472210a7\zig_zag_4x4.$proc$/openlane/designs/dnn/src/zigzag.sv:0$567'.
No latch inferred for signal `$paramod$8339a35da9a54f29e0fc15504d3d48ed472210a7\zig_zag_4x4.\act_from_left[10]' from process `$paramod$8339a35da9a54f29e0fc15504d3d48ed472210a7\zig_zag_4x4.$proc$/openlane/designs/dnn/src/zigzag.sv:0$567'.
No latch inferred for signal `$paramod$8339a35da9a54f29e0fc15504d3d48ed472210a7\zig_zag_4x4.\act_from_left[11]' from process `$paramod$8339a35da9a54f29e0fc15504d3d48ed472210a7\zig_zag_4x4.$proc$/openlane/designs/dnn/src/zigzag.sv:0$567'.
No latch inferred for signal `$paramod$8339a35da9a54f29e0fc15504d3d48ed472210a7\zig_zag_4x4.\act_from_left[12]' from process `$paramod$8339a35da9a54f29e0fc15504d3d48ed472210a7\zig_zag_4x4.$proc$/openlane/designs/dnn/src/zigzag.sv:0$567'.
No latch inferred for signal `$paramod$8339a35da9a54f29e0fc15504d3d48ed472210a7\zig_zag_4x4.\act_from_left[13]' from process `$paramod$8339a35da9a54f29e0fc15504d3d48ed472210a7\zig_zag_4x4.$proc$/openlane/designs/dnn/src/zigzag.sv:0$567'.
No latch inferred for signal `$paramod$8339a35da9a54f29e0fc15504d3d48ed472210a7\zig_zag_4x4.\act_from_left[14]' from process `$paramod$8339a35da9a54f29e0fc15504d3d48ed472210a7\zig_zag_4x4.$proc$/openlane/designs/dnn/src/zigzag.sv:0$567'.
No latch inferred for signal `$paramod$8339a35da9a54f29e0fc15504d3d48ed472210a7\zig_zag_4x4.\act_from_left[15]' from process `$paramod$8339a35da9a54f29e0fc15504d3d48ed472210a7\zig_zag_4x4.$proc$/openlane/designs/dnn/src/zigzag.sv:0$567'.
No latch inferred for signal `$paramod$8339a35da9a54f29e0fc15504d3d48ed472210a7\zig_zag_4x4.\act_from_up[0]' from process `$paramod$8339a35da9a54f29e0fc15504d3d48ed472210a7\zig_zag_4x4.$proc$/openlane/designs/dnn/src/zigzag.sv:0$567'.
No latch inferred for signal `$paramod$8339a35da9a54f29e0fc15504d3d48ed472210a7\zig_zag_4x4.\act_from_up[1]' from process `$paramod$8339a35da9a54f29e0fc15504d3d48ed472210a7\zig_zag_4x4.$proc$/openlane/designs/dnn/src/zigzag.sv:0$567'.
No latch inferred for signal `$paramod$8339a35da9a54f29e0fc15504d3d48ed472210a7\zig_zag_4x4.\act_from_up[2]' from process `$paramod$8339a35da9a54f29e0fc15504d3d48ed472210a7\zig_zag_4x4.$proc$/openlane/designs/dnn/src/zigzag.sv:0$567'.
No latch inferred for signal `$paramod$8339a35da9a54f29e0fc15504d3d48ed472210a7\zig_zag_4x4.\act_from_up[3]' from process `$paramod$8339a35da9a54f29e0fc15504d3d48ed472210a7\zig_zag_4x4.$proc$/openlane/designs/dnn/src/zigzag.sv:0$567'.
No latch inferred for signal `$paramod$8339a35da9a54f29e0fc15504d3d48ed472210a7\zig_zag_4x4.\act_from_up[4]' from process `$paramod$8339a35da9a54f29e0fc15504d3d48ed472210a7\zig_zag_4x4.$proc$/openlane/designs/dnn/src/zigzag.sv:0$567'.
No latch inferred for signal `$paramod$8339a35da9a54f29e0fc15504d3d48ed472210a7\zig_zag_4x4.\act_from_up[5]' from process `$paramod$8339a35da9a54f29e0fc15504d3d48ed472210a7\zig_zag_4x4.$proc$/openlane/designs/dnn/src/zigzag.sv:0$567'.
No latch inferred for signal `$paramod$8339a35da9a54f29e0fc15504d3d48ed472210a7\zig_zag_4x4.\act_from_up[6]' from process `$paramod$8339a35da9a54f29e0fc15504d3d48ed472210a7\zig_zag_4x4.$proc$/openlane/designs/dnn/src/zigzag.sv:0$567'.
No latch inferred for signal `$paramod$8339a35da9a54f29e0fc15504d3d48ed472210a7\zig_zag_4x4.\act_from_up[7]' from process `$paramod$8339a35da9a54f29e0fc15504d3d48ed472210a7\zig_zag_4x4.$proc$/openlane/designs/dnn/src/zigzag.sv:0$567'.
No latch inferred for signal `$paramod$8339a35da9a54f29e0fc15504d3d48ed472210a7\zig_zag_4x4.\act_from_up[8]' from process `$paramod$8339a35da9a54f29e0fc15504d3d48ed472210a7\zig_zag_4x4.$proc$/openlane/designs/dnn/src/zigzag.sv:0$567'.
No latch inferred for signal `$paramod$8339a35da9a54f29e0fc15504d3d48ed472210a7\zig_zag_4x4.\act_from_up[9]' from process `$paramod$8339a35da9a54f29e0fc15504d3d48ed472210a7\zig_zag_4x4.$proc$/openlane/designs/dnn/src/zigzag.sv:0$567'.
No latch inferred for signal `$paramod$8339a35da9a54f29e0fc15504d3d48ed472210a7\zig_zag_4x4.\act_from_up[10]' from process `$paramod$8339a35da9a54f29e0fc15504d3d48ed472210a7\zig_zag_4x4.$proc$/openlane/designs/dnn/src/zigzag.sv:0$567'.
No latch inferred for signal `$paramod$8339a35da9a54f29e0fc15504d3d48ed472210a7\zig_zag_4x4.\act_from_up[11]' from process `$paramod$8339a35da9a54f29e0fc15504d3d48ed472210a7\zig_zag_4x4.$proc$/openlane/designs/dnn/src/zigzag.sv:0$567'.
No latch inferred for signal `$paramod$8339a35da9a54f29e0fc15504d3d48ed472210a7\zig_zag_4x4.\act_from_up[12]' from process `$paramod$8339a35da9a54f29e0fc15504d3d48ed472210a7\zig_zag_4x4.$proc$/openlane/designs/dnn/src/zigzag.sv:0$567'.
No latch inferred for signal `$paramod$8339a35da9a54f29e0fc15504d3d48ed472210a7\zig_zag_4x4.\act_from_up[13]' from process `$paramod$8339a35da9a54f29e0fc15504d3d48ed472210a7\zig_zag_4x4.$proc$/openlane/designs/dnn/src/zigzag.sv:0$567'.
No latch inferred for signal `$paramod$8339a35da9a54f29e0fc15504d3d48ed472210a7\zig_zag_4x4.\act_from_up[14]' from process `$paramod$8339a35da9a54f29e0fc15504d3d48ed472210a7\zig_zag_4x4.$proc$/openlane/designs/dnn/src/zigzag.sv:0$567'.
No latch inferred for signal `$paramod$8339a35da9a54f29e0fc15504d3d48ed472210a7\zig_zag_4x4.\act_from_up[15]' from process `$paramod$8339a35da9a54f29e0fc15504d3d48ed472210a7\zig_zag_4x4.$proc$/openlane/designs/dnn/src/zigzag.sv:0$567'.
No latch inferred for signal `$paramod$8339a35da9a54f29e0fc15504d3d48ed472210a7\zig_zag_4x4.\act_from_down[0]' from process `$paramod$8339a35da9a54f29e0fc15504d3d48ed472210a7\zig_zag_4x4.$proc$/openlane/designs/dnn/src/zigzag.sv:0$567'.
No latch inferred for signal `$paramod$8339a35da9a54f29e0fc15504d3d48ed472210a7\zig_zag_4x4.\act_from_down[1]' from process `$paramod$8339a35da9a54f29e0fc15504d3d48ed472210a7\zig_zag_4x4.$proc$/openlane/designs/dnn/src/zigzag.sv:0$567'.
No latch inferred for signal `$paramod$8339a35da9a54f29e0fc15504d3d48ed472210a7\zig_zag_4x4.\act_from_down[2]' from process `$paramod$8339a35da9a54f29e0fc15504d3d48ed472210a7\zig_zag_4x4.$proc$/openlane/designs/dnn/src/zigzag.sv:0$567'.
No latch inferred for signal `$paramod$8339a35da9a54f29e0fc15504d3d48ed472210a7\zig_zag_4x4.\act_from_down[3]' from process `$paramod$8339a35da9a54f29e0fc15504d3d48ed472210a7\zig_zag_4x4.$proc$/openlane/designs/dnn/src/zigzag.sv:0$567'.
No latch inferred for signal `$paramod$8339a35da9a54f29e0fc15504d3d48ed472210a7\zig_zag_4x4.\act_from_down[4]' from process `$paramod$8339a35da9a54f29e0fc15504d3d48ed472210a7\zig_zag_4x4.$proc$/openlane/designs/dnn/src/zigzag.sv:0$567'.
No latch inferred for signal `$paramod$8339a35da9a54f29e0fc15504d3d48ed472210a7\zig_zag_4x4.\act_from_down[5]' from process `$paramod$8339a35da9a54f29e0fc15504d3d48ed472210a7\zig_zag_4x4.$proc$/openlane/designs/dnn/src/zigzag.sv:0$567'.
No latch inferred for signal `$paramod$8339a35da9a54f29e0fc15504d3d48ed472210a7\zig_zag_4x4.\act_from_down[6]' from process `$paramod$8339a35da9a54f29e0fc15504d3d48ed472210a7\zig_zag_4x4.$proc$/openlane/designs/dnn/src/zigzag.sv:0$567'.
No latch inferred for signal `$paramod$8339a35da9a54f29e0fc15504d3d48ed472210a7\zig_zag_4x4.\act_from_down[7]' from process `$paramod$8339a35da9a54f29e0fc15504d3d48ed472210a7\zig_zag_4x4.$proc$/openlane/designs/dnn/src/zigzag.sv:0$567'.
No latch inferred for signal `$paramod$8339a35da9a54f29e0fc15504d3d48ed472210a7\zig_zag_4x4.\act_from_down[8]' from process `$paramod$8339a35da9a54f29e0fc15504d3d48ed472210a7\zig_zag_4x4.$proc$/openlane/designs/dnn/src/zigzag.sv:0$567'.
No latch inferred for signal `$paramod$8339a35da9a54f29e0fc15504d3d48ed472210a7\zig_zag_4x4.\act_from_down[9]' from process `$paramod$8339a35da9a54f29e0fc15504d3d48ed472210a7\zig_zag_4x4.$proc$/openlane/designs/dnn/src/zigzag.sv:0$567'.
No latch inferred for signal `$paramod$8339a35da9a54f29e0fc15504d3d48ed472210a7\zig_zag_4x4.\act_from_down[10]' from process `$paramod$8339a35da9a54f29e0fc15504d3d48ed472210a7\zig_zag_4x4.$proc$/openlane/designs/dnn/src/zigzag.sv:0$567'.
No latch inferred for signal `$paramod$8339a35da9a54f29e0fc15504d3d48ed472210a7\zig_zag_4x4.\act_from_down[11]' from process `$paramod$8339a35da9a54f29e0fc15504d3d48ed472210a7\zig_zag_4x4.$proc$/openlane/designs/dnn/src/zigzag.sv:0$567'.
No latch inferred for signal `$paramod$8339a35da9a54f29e0fc15504d3d48ed472210a7\zig_zag_4x4.\act_from_down[12]' from process `$paramod$8339a35da9a54f29e0fc15504d3d48ed472210a7\zig_zag_4x4.$proc$/openlane/designs/dnn/src/zigzag.sv:0$567'.
No latch inferred for signal `$paramod$8339a35da9a54f29e0fc15504d3d48ed472210a7\zig_zag_4x4.\act_from_down[13]' from process `$paramod$8339a35da9a54f29e0fc15504d3d48ed472210a7\zig_zag_4x4.$proc$/openlane/designs/dnn/src/zigzag.sv:0$567'.
No latch inferred for signal `$paramod$8339a35da9a54f29e0fc15504d3d48ed472210a7\zig_zag_4x4.\act_from_down[14]' from process `$paramod$8339a35da9a54f29e0fc15504d3d48ed472210a7\zig_zag_4x4.$proc$/openlane/designs/dnn/src/zigzag.sv:0$567'.
No latch inferred for signal `$paramod$8339a35da9a54f29e0fc15504d3d48ed472210a7\zig_zag_4x4.\act_from_down[15]' from process `$paramod$8339a35da9a54f29e0fc15504d3d48ed472210a7\zig_zag_4x4.$proc$/openlane/designs/dnn/src/zigzag.sv:0$567'.
No latch inferred for signal `$paramod$8339a35da9a54f29e0fc15504d3d48ed472210a7\zig_zag_4x4.\w_chain[0]' from process `$paramod$8339a35da9a54f29e0fc15504d3d48ed472210a7\zig_zag_4x4.$proc$/openlane/designs/dnn/src/zigzag.sv:0$567'.
No latch inferred for signal `$paramod$8339a35da9a54f29e0fc15504d3d48ed472210a7\zig_zag_4x4.\w_chain[1]' from process `$paramod$8339a35da9a54f29e0fc15504d3d48ed472210a7\zig_zag_4x4.$proc$/openlane/designs/dnn/src/zigzag.sv:0$567'.
No latch inferred for signal `$paramod$8339a35da9a54f29e0fc15504d3d48ed472210a7\zig_zag_4x4.\w_chain[2]' from process `$paramod$8339a35da9a54f29e0fc15504d3d48ed472210a7\zig_zag_4x4.$proc$/openlane/designs/dnn/src/zigzag.sv:0$567'.
No latch inferred for signal `$paramod$8339a35da9a54f29e0fc15504d3d48ed472210a7\zig_zag_4x4.\w_chain[3]' from process `$paramod$8339a35da9a54f29e0fc15504d3d48ed472210a7\zig_zag_4x4.$proc$/openlane/designs/dnn/src/zigzag.sv:0$567'.
No latch inferred for signal `$paramod$8339a35da9a54f29e0fc15504d3d48ed472210a7\zig_zag_4x4.\w_chain[4]' from process `$paramod$8339a35da9a54f29e0fc15504d3d48ed472210a7\zig_zag_4x4.$proc$/openlane/designs/dnn/src/zigzag.sv:0$567'.
No latch inferred for signal `$paramod$8339a35da9a54f29e0fc15504d3d48ed472210a7\zig_zag_4x4.\w_chain[5]' from process `$paramod$8339a35da9a54f29e0fc15504d3d48ed472210a7\zig_zag_4x4.$proc$/openlane/designs/dnn/src/zigzag.sv:0$567'.
No latch inferred for signal `$paramod$8339a35da9a54f29e0fc15504d3d48ed472210a7\zig_zag_4x4.\w_chain[6]' from process `$paramod$8339a35da9a54f29e0fc15504d3d48ed472210a7\zig_zag_4x4.$proc$/openlane/designs/dnn/src/zigzag.sv:0$567'.
No latch inferred for signal `$paramod$8339a35da9a54f29e0fc15504d3d48ed472210a7\zig_zag_4x4.\w_chain[7]' from process `$paramod$8339a35da9a54f29e0fc15504d3d48ed472210a7\zig_zag_4x4.$proc$/openlane/designs/dnn/src/zigzag.sv:0$567'.
No latch inferred for signal `$paramod$8339a35da9a54f29e0fc15504d3d48ed472210a7\zig_zag_4x4.\w_chain[8]' from process `$paramod$8339a35da9a54f29e0fc15504d3d48ed472210a7\zig_zag_4x4.$proc$/openlane/designs/dnn/src/zigzag.sv:0$567'.
No latch inferred for signal `$paramod$8339a35da9a54f29e0fc15504d3d48ed472210a7\zig_zag_4x4.\w_chain[9]' from process `$paramod$8339a35da9a54f29e0fc15504d3d48ed472210a7\zig_zag_4x4.$proc$/openlane/designs/dnn/src/zigzag.sv:0$567'.
No latch inferred for signal `$paramod$8339a35da9a54f29e0fc15504d3d48ed472210a7\zig_zag_4x4.\w_chain[10]' from process `$paramod$8339a35da9a54f29e0fc15504d3d48ed472210a7\zig_zag_4x4.$proc$/openlane/designs/dnn/src/zigzag.sv:0$567'.
No latch inferred for signal `$paramod$8339a35da9a54f29e0fc15504d3d48ed472210a7\zig_zag_4x4.\w_chain[11]' from process `$paramod$8339a35da9a54f29e0fc15504d3d48ed472210a7\zig_zag_4x4.$proc$/openlane/designs/dnn/src/zigzag.sv:0$567'.
No latch inferred for signal `$paramod$8339a35da9a54f29e0fc15504d3d48ed472210a7\zig_zag_4x4.\w_chain[12]' from process `$paramod$8339a35da9a54f29e0fc15504d3d48ed472210a7\zig_zag_4x4.$proc$/openlane/designs/dnn/src/zigzag.sv:0$567'.
No latch inferred for signal `$paramod$8339a35da9a54f29e0fc15504d3d48ed472210a7\zig_zag_4x4.\w_chain[13]' from process `$paramod$8339a35da9a54f29e0fc15504d3d48ed472210a7\zig_zag_4x4.$proc$/openlane/designs/dnn/src/zigzag.sv:0$567'.
No latch inferred for signal `$paramod$8339a35da9a54f29e0fc15504d3d48ed472210a7\zig_zag_4x4.\w_chain[14]' from process `$paramod$8339a35da9a54f29e0fc15504d3d48ed472210a7\zig_zag_4x4.$proc$/openlane/designs/dnn/src/zigzag.sv:0$567'.
No latch inferred for signal `$paramod$8339a35da9a54f29e0fc15504d3d48ed472210a7\zig_zag_4x4.\w_chain[15]' from process `$paramod$8339a35da9a54f29e0fc15504d3d48ed472210a7\zig_zag_4x4.$proc$/openlane/designs/dnn/src/zigzag.sv:0$567'.
No latch inferred for signal `$paramod$8339a35da9a54f29e0fc15504d3d48ed472210a7\zig_zag_4x4.\w_chain[16]' from process `$paramod$8339a35da9a54f29e0fc15504d3d48ed472210a7\zig_zag_4x4.$proc$/openlane/designs/dnn/src/zigzag.sv:0$567'.
No latch inferred for signal `$paramod$8339a35da9a54f29e0fc15504d3d48ed472210a7\zig_zag_4x4.\w_chain[17]' from process `$paramod$8339a35da9a54f29e0fc15504d3d48ed472210a7\zig_zag_4x4.$proc$/openlane/designs/dnn/src/zigzag.sv:0$567'.
No latch inferred for signal `$paramod$8339a35da9a54f29e0fc15504d3d48ed472210a7\zig_zag_4x4.\w_chain[18]' from process `$paramod$8339a35da9a54f29e0fc15504d3d48ed472210a7\zig_zag_4x4.$proc$/openlane/designs/dnn/src/zigzag.sv:0$567'.
No latch inferred for signal `$paramod$8339a35da9a54f29e0fc15504d3d48ed472210a7\zig_zag_4x4.\w_chain[19]' from process `$paramod$8339a35da9a54f29e0fc15504d3d48ed472210a7\zig_zag_4x4.$proc$/openlane/designs/dnn/src/zigzag.sv:0$567'.
No latch inferred for signal `$paramod$8339a35da9a54f29e0fc15504d3d48ed472210a7\zig_zag_4x4.\dst_sel_0' from process `$paramod$8339a35da9a54f29e0fc15504d3d48ed472210a7\zig_zag_4x4.$proc$/openlane/designs/dnn/src/zigzag.sv:58$540'.
No latch inferred for signal `$paramod$8339a35da9a54f29e0fc15504d3d48ed472210a7\zig_zag_4x4.\src_sel_0' from process `$paramod$8339a35da9a54f29e0fc15504d3d48ed472210a7\zig_zag_4x4.$proc$/openlane/designs/dnn/src/zigzag.sv:58$540'.
No latch inferred for signal `$paramod$8339a35da9a54f29e0fc15504d3d48ed472210a7\zig_zag_4x4.\dst_sel_1' from process `$paramod$8339a35da9a54f29e0fc15504d3d48ed472210a7\zig_zag_4x4.$proc$/openlane/designs/dnn/src/zigzag.sv:58$540'.
No latch inferred for signal `$paramod$8339a35da9a54f29e0fc15504d3d48ed472210a7\zig_zag_4x4.\src_sel_1' from process `$paramod$8339a35da9a54f29e0fc15504d3d48ed472210a7\zig_zag_4x4.$proc$/openlane/designs/dnn/src/zigzag.sv:58$540'.
No latch inferred for signal `$paramod$8339a35da9a54f29e0fc15504d3d48ed472210a7\zig_zag_4x4.\dst_sel_2' from process `$paramod$8339a35da9a54f29e0fc15504d3d48ed472210a7\zig_zag_4x4.$proc$/openlane/designs/dnn/src/zigzag.sv:58$540'.
No latch inferred for signal `$paramod$8339a35da9a54f29e0fc15504d3d48ed472210a7\zig_zag_4x4.\src_sel_2' from process `$paramod$8339a35da9a54f29e0fc15504d3d48ed472210a7\zig_zag_4x4.$proc$/openlane/designs/dnn/src/zigzag.sv:58$540'.
No latch inferred for signal `$paramod$8339a35da9a54f29e0fc15504d3d48ed472210a7\zig_zag_4x4.\dst_sel_3' from process `$paramod$8339a35da9a54f29e0fc15504d3d48ed472210a7\zig_zag_4x4.$proc$/openlane/designs/dnn/src/zigzag.sv:58$540'.
No latch inferred for signal `$paramod$8339a35da9a54f29e0fc15504d3d48ed472210a7\zig_zag_4x4.\src_sel_3' from process `$paramod$8339a35da9a54f29e0fc15504d3d48ed472210a7\zig_zag_4x4.$proc$/openlane/designs/dnn/src/zigzag.sv:58$540'.
No latch inferred for signal `\zigzag_fsm.\done' from process `\zigzag_fsm.$proc$/openlane/designs/dnn/src/control.sv:194$36'.
No latch inferred for signal `\zigzag_fsm.\en' from process `\zigzag_fsm.$proc$/openlane/designs/dnn/src/control.sv:194$36'.
No latch inferred for signal `\zigzag_fsm.\move_en' from process `\zigzag_fsm.$proc$/openlane/designs/dnn/src/control.sv:194$36'.
No latch inferred for signal `\zigzag_fsm.\w_ld_en' from process `\zigzag_fsm.$proc$/openlane/designs/dnn/src/control.sv:194$36'.
No latch inferred for signal `\zigzag_fsm.\fifo_en' from process `\zigzag_fsm.$proc$/openlane/designs/dnn/src/control.sv:194$36'.
No latch inferred for signal `\zigzag_fsm.\psum_shift_en' from process `\zigzag_fsm.$proc$/openlane/designs/dnn/src/control.sv:194$36'.
No latch inferred for signal `\zigzag_fsm.\psum_clr' from process `\zigzag_fsm.$proc$/openlane/designs/dnn/src/control.sv:194$36'.
No latch inferred for signal `\zigzag_fsm.\direction' from process `\zigzag_fsm.$proc$/openlane/designs/dnn/src/control.sv:194$36'.
No latch inferred for signal `\zigzag_fsm.\next_state' from process `\zigzag_fsm.$proc$/openlane/designs/dnn/src/control.sv:136$25'.

18. Executing PROC_DFF pass (convert process syncs to FFs).
Creating register for signal `$paramod$cd6374f6b86c0e8cbf5a8abdda4c01510487232a\pe.\act_to_left' using process `$paramod$cd6374f6b86c0e8cbf5a8abdda4c01510487232a\pe.$proc$/openlane/designs/dnn/src/pe_update.sv:96$157'.
  created $adff cell `$procdff$942' with positive edge clock and negative level reset.
Creating register for signal `$paramod$cd6374f6b86c0e8cbf5a8abdda4c01510487232a\pe.\act_to_right' using process `$paramod$cd6374f6b86c0e8cbf5a8abdda4c01510487232a\pe.$proc$/openlane/designs/dnn/src/pe_update.sv:96$157'.
  created $adff cell `$procdff$943' with positive edge clock and negative level reset.
Creating register for signal `$paramod$cd6374f6b86c0e8cbf5a8abdda4c01510487232a\pe.\act_to_up' using process `$paramod$cd6374f6b86c0e8cbf5a8abdda4c01510487232a\pe.$proc$/openlane/designs/dnn/src/pe_update.sv:96$157'.
  created $adff cell `$procdff$944' with positive edge clock and negative level reset.
Creating register for signal `$paramod$cd6374f6b86c0e8cbf5a8abdda4c01510487232a\pe.\act_to_down' using process `$paramod$cd6374f6b86c0e8cbf5a8abdda4c01510487232a\pe.$proc$/openlane/designs/dnn/src/pe_update.sv:96$157'.
  created $adff cell `$procdff$945' with positive edge clock and negative level reset.
Creating register for signal `$paramod$cd6374f6b86c0e8cbf5a8abdda4c01510487232a\pe.\move_reg' using process `$paramod$cd6374f6b86c0e8cbf5a8abdda4c01510487232a\pe.$proc$/openlane/designs/dnn/src/pe_update.sv:96$157'.
  created $adff cell `$procdff$946' with positive edge clock and negative level reset.
Creating register for signal `$paramod$cd6374f6b86c0e8cbf5a8abdda4c01510487232a\pe.\psum_shift_en_d' using process `$paramod$cd6374f6b86c0e8cbf5a8abdda4c01510487232a\pe.$proc$/openlane/designs/dnn/src/pe_update.sv:78$150'.
  created $adff cell `$procdff$947' with positive edge clock and negative level reset.
Creating register for signal `$paramod$cd6374f6b86c0e8cbf5a8abdda4c01510487232a\pe.\psum_out' using process `$paramod$cd6374f6b86c0e8cbf5a8abdda4c01510487232a\pe.$proc$/openlane/designs/dnn/src/pe_update.sv:65$147'.
  created $adff cell `$procdff$948' with positive edge clock and negative level reset.
Creating register for signal `$paramod$cd6374f6b86c0e8cbf5a8abdda4c01510487232a\pe.\w_reg' using process `$paramod$cd6374f6b86c0e8cbf5a8abdda4c01510487232a\pe.$proc$/openlane/designs/dnn/src/pe_update.sv:49$144'.
  created $adff cell `$procdff$949' with positive edge clock and negative level reset.
Creating register for signal `$paramod\fifo9\DATA_W=s32'00000000000000000000000000001101.\wr_ptr' using process `$paramod\fifo9\DATA_W=s32'00000000000000000000000000001101.$proc$/openlane/designs/dnn/src/fifo9.sv:28$163'.
  created $adff cell `$procdff$950' with positive edge clock and negative level reset.
Creating register for signal `$paramod\fifo9\DATA_W=s32'00000000000000000000000000001101.\rd_ptr' using process `$paramod\fifo9\DATA_W=s32'00000000000000000000000000001101.$proc$/openlane/designs/dnn/src/fifo9.sv:28$163'.
  created $adff cell `$procdff$951' with positive edge clock and negative level reset.
Creating register for signal `$paramod\fifo9\DATA_W=s32'00000000000000000000000000001101.\count' using process `$paramod\fifo9\DATA_W=s32'00000000000000000000000000001101.$proc$/openlane/designs/dnn/src/fifo9.sv:28$163'.
  created $adff cell `$procdff$952' with positive edge clock and negative level reset.
Creating register for signal `$paramod\fifo9\DATA_W=s32'00000000000000000000000000001101.\buffer[0]' using process `$paramod\fifo9\DATA_W=s32'00000000000000000000000000001101.$proc$/openlane/designs/dnn/src/fifo9.sv:28$163'.
  created $dff cell `$procdff$955' with positive edge clock.
Creating register for signal `$paramod\fifo9\DATA_W=s32'00000000000000000000000000001101.\buffer[1]' using process `$paramod\fifo9\DATA_W=s32'00000000000000000000000000001101.$proc$/openlane/designs/dnn/src/fifo9.sv:28$163'.
  created $dff cell `$procdff$958' with positive edge clock.
Creating register for signal `$paramod\fifo9\DATA_W=s32'00000000000000000000000000001101.\buffer[2]' using process `$paramod\fifo9\DATA_W=s32'00000000000000000000000000001101.$proc$/openlane/designs/dnn/src/fifo9.sv:28$163'.
  created $dff cell `$procdff$961' with positive edge clock.
Creating register for signal `$paramod\fifo9\DATA_W=s32'00000000000000000000000000001101.\buffer[3]' using process `$paramod\fifo9\DATA_W=s32'00000000000000000000000000001101.$proc$/openlane/designs/dnn/src/fifo9.sv:28$163'.
  created $dff cell `$procdff$964' with positive edge clock.
Creating register for signal `$paramod\fifo9\DATA_W=s32'00000000000000000000000000001101.\buffer[4]' using process `$paramod\fifo9\DATA_W=s32'00000000000000000000000000001101.$proc$/openlane/designs/dnn/src/fifo9.sv:28$163'.
  created $dff cell `$procdff$967' with positive edge clock.
Creating register for signal `$paramod\fifo9\DATA_W=s32'00000000000000000000000000001101.\buffer[5]' using process `$paramod\fifo9\DATA_W=s32'00000000000000000000000000001101.$proc$/openlane/designs/dnn/src/fifo9.sv:28$163'.
  created $dff cell `$procdff$970' with positive edge clock.
Creating register for signal `$paramod\fifo9\DATA_W=s32'00000000000000000000000000001101.\buffer[6]' using process `$paramod\fifo9\DATA_W=s32'00000000000000000000000000001101.$proc$/openlane/designs/dnn/src/fifo9.sv:28$163'.
  created $dff cell `$procdff$973' with positive edge clock.
Creating register for signal `$paramod\fifo9\DATA_W=s32'00000000000000000000000000001101.\buffer[7]' using process `$paramod\fifo9\DATA_W=s32'00000000000000000000000000001101.$proc$/openlane/designs/dnn/src/fifo9.sv:28$163'.
  created $dff cell `$procdff$976' with positive edge clock.
Creating register for signal `$paramod\fifo9\DATA_W=s32'00000000000000000000000000001101.\buffer[8]' using process `$paramod\fifo9\DATA_W=s32'00000000000000000000000000001101.$proc$/openlane/designs/dnn/src/fifo9.sv:28$163'.
  created $dff cell `$procdff$979' with positive edge clock.
Creating register for signal `$paramod\fifo9\DATA_W=s32'00000000000000000000000000001101.$mem2reg_wr$\buffer$/openlane/designs/dnn/src/fifo9.sv:35$160_ADDR' using process `$paramod\fifo9\DATA_W=s32'00000000000000000000000000001101.$proc$/openlane/designs/dnn/src/fifo9.sv:28$163'.
  created $adff cell `$procdff$980' with positive edge clock and negative level reset.
Creating register for signal `$paramod\fifo9\DATA_W=s32'00000000000000000000000000001101.$mem2reg_wr$\buffer$/openlane/designs/dnn/src/fifo9.sv:35$160_DATA' using process `$paramod\fifo9\DATA_W=s32'00000000000000000000000000001101.$proc$/openlane/designs/dnn/src/fifo9.sv:28$163'.
  created $adff cell `$procdff$981' with positive edge clock and negative level reset.
Creating register for signal `\zigzag_fsm.\v_cnt' using process `\zigzag_fsm.$proc$/openlane/designs/dnn/src/control.sv:115$21'.
  created $adff cell `$procdff$982' with positive edge clock and negative level reset.
Creating register for signal `\zigzag_fsm.\h_cnt' using process `\zigzag_fsm.$proc$/openlane/designs/dnn/src/control.sv:93$17'.
  created $adff cell `$procdff$983' with positive edge clock and negative level reset.
Creating register for signal `\zigzag_fsm.\ch_cnt' using process `\zigzag_fsm.$proc$/openlane/designs/dnn/src/control.sv:66$7'.
  created $adff cell `$procdff$984' with positive edge clock and negative level reset.
Creating register for signal `\zigzag_fsm.\cnt' using process `\zigzag_fsm.$proc$/openlane/designs/dnn/src/control.sv:52$3'.
  created $adff cell `$procdff$985' with positive edge clock and negative level reset.
Creating register for signal `\zigzag_fsm.\state' using process `\zigzag_fsm.$proc$/openlane/designs/dnn/src/control.sv:44$1'.
  created $adff cell `$procdff$986' with positive edge clock and negative level reset.

19. Executing PROC_MEMWR pass (convert process memory writes to cells).

20. Executing PROC_CLEAN pass (remove empty switches from decision trees).
Found and cleaned up 4 empty switches in `$paramod$cd6374f6b86c0e8cbf5a8abdda4c01510487232a\pe.$proc$/openlane/designs/dnn/src/pe_update.sv:96$157'.
Removing empty process `$paramod$cd6374f6b86c0e8cbf5a8abdda4c01510487232a\pe.$proc$/openlane/designs/dnn/src/pe_update.sv:96$157'.
Found and cleaned up 1 empty switch in `$paramod$cd6374f6b86c0e8cbf5a8abdda4c01510487232a\pe.$proc$/openlane/designs/dnn/src/pe_update.sv:88$156'.
Removing empty process `$paramod$cd6374f6b86c0e8cbf5a8abdda4c01510487232a\pe.$proc$/openlane/designs/dnn/src/pe_update.sv:88$156'.
Removing empty process `$paramod$cd6374f6b86c0e8cbf5a8abdda4c01510487232a\pe.$proc$/openlane/designs/dnn/src/pe_update.sv:78$150'.
Found and cleaned up 2 empty switches in `$paramod$cd6374f6b86c0e8cbf5a8abdda4c01510487232a\pe.$proc$/openlane/designs/dnn/src/pe_update.sv:65$147'.
Removing empty process `$paramod$cd6374f6b86c0e8cbf5a8abdda4c01510487232a\pe.$proc$/openlane/designs/dnn/src/pe_update.sv:65$147'.
Found and cleaned up 1 empty switch in `$paramod$cd6374f6b86c0e8cbf5a8abdda4c01510487232a\pe.$proc$/openlane/designs/dnn/src/pe_update.sv:49$144'.
Removing empty process `$paramod$cd6374f6b86c0e8cbf5a8abdda4c01510487232a\pe.$proc$/openlane/designs/dnn/src/pe_update.sv:49$144'.
Found and cleaned up 1 empty switch in `$paramod$cd6374f6b86c0e8cbf5a8abdda4c01510487232a\pe.$proc$/openlane/designs/dnn/src/pe_update.sv:38$143'.
Removing empty process `$paramod$cd6374f6b86c0e8cbf5a8abdda4c01510487232a\pe.$proc$/openlane/designs/dnn/src/pe_update.sv:38$143'.
Found and cleaned up 1 empty switch in `$paramod\fifo9\DATA_W=s32'00000000000000000000000000001101.$proc$/openlane/designs/dnn/src/fifo9.sv:0$189'.
Removing empty process `$paramod\fifo9\DATA_W=s32'00000000000000000000000000001101.$proc$/openlane/designs/dnn/src/fifo9.sv:0$189'.
Found and cleaned up 4 empty switches in `$paramod\fifo9\DATA_W=s32'00000000000000000000000000001101.$proc$/openlane/designs/dnn/src/fifo9.sv:28$163'.
Removing empty process `$paramod\fifo9\DATA_W=s32'00000000000000000000000000001101.$proc$/openlane/designs/dnn/src/fifo9.sv:28$163'.
Removing empty process `$paramod$8339a35da9a54f29e0fc15504d3d48ed472210a7\zig_zag_4x4.$proc$/openlane/designs/dnn/src/zigzag.sv:0$567'.
Found and cleaned up 1 empty switch in `$paramod$8339a35da9a54f29e0fc15504d3d48ed472210a7\zig_zag_4x4.$proc$/openlane/designs/dnn/src/zigzag.sv:58$540'.
Removing empty process `$paramod$8339a35da9a54f29e0fc15504d3d48ed472210a7\zig_zag_4x4.$proc$/openlane/designs/dnn/src/zigzag.sv:58$540'.
Found and cleaned up 1 empty switch in `\zigzag_fsm.$proc$/openlane/designs/dnn/src/control.sv:194$36'.
Removing empty process `zigzag_fsm.$proc$/openlane/designs/dnn/src/control.sv:194$36'.
Found and cleaned up 10 empty switches in `\zigzag_fsm.$proc$/openlane/designs/dnn/src/control.sv:136$25'.
Removing empty process `zigzag_fsm.$proc$/openlane/designs/dnn/src/control.sv:136$25'.
Found and cleaned up 2 empty switches in `\zigzag_fsm.$proc$/openlane/designs/dnn/src/control.sv:115$21'.
Removing empty process `zigzag_fsm.$proc$/openlane/designs/dnn/src/control.sv:115$21'.
Found and cleaned up 2 empty switches in `\zigzag_fsm.$proc$/openlane/designs/dnn/src/control.sv:93$17'.
Removing empty process `zigzag_fsm.$proc$/openlane/designs/dnn/src/control.sv:93$17'.
Found and cleaned up 2 empty switches in `\zigzag_fsm.$proc$/openlane/designs/dnn/src/control.sv:66$7'.
Removing empty process `zigzag_fsm.$proc$/openlane/designs/dnn/src/control.sv:66$7'.
Found and cleaned up 1 empty switch in `\zigzag_fsm.$proc$/openlane/designs/dnn/src/control.sv:52$3'.
Removing empty process `zigzag_fsm.$proc$/openlane/designs/dnn/src/control.sv:52$3'.
Removing empty process `zigzag_fsm.$proc$/openlane/designs/dnn/src/control.sv:44$1'.
Cleaned up 33 empty switches.

21. Executing CHECK pass (checking for obvious problems).
Checking module $paramod$cd6374f6b86c0e8cbf5a8abdda4c01510487232a\pe...
Checking module $paramod\fifo9\DATA_W=s32'00000000000000000000000000001101...
Checking module $paramod$8339a35da9a54f29e0fc15504d3d48ed472210a7\zig_zag_4x4...
Checking module zigzag_fsm...
Checking module top...
Found and reported 0 problems.

22. Executing OPT_EXPR pass (perform const folding).
Optimizing module $paramod$cd6374f6b86c0e8cbf5a8abdda4c01510487232a\pe.
<suppressed ~2 debug messages>
Optimizing module $paramod\fifo9\DATA_W=s32'00000000000000000000000000001101.
<suppressed ~5 debug messages>
Optimizing module $paramod$8339a35da9a54f29e0fc15504d3d48ed472210a7\zig_zag_4x4.
Optimizing module zigzag_fsm.
<suppressed ~14 debug messages>
Optimizing module top.

23. Executing FLATTEN pass (flatten design).
Deleting now unused module $paramod$cd6374f6b86c0e8cbf5a8abdda4c01510487232a\pe.
Deleting now unused module $paramod\fifo9\DATA_W=s32'00000000000000000000000000001101.
Deleting now unused module $paramod$8339a35da9a54f29e0fc15504d3d48ed472210a7\zig_zag_4x4.
Deleting now unused module zigzag_fsm.
<suppressed ~20 debug messages>

24. Executing OPT_EXPR pass (perform const folding).
Optimizing module top.
<suppressed ~120 debug messages>

25. Executing OPT_CLEAN pass (remove unused cells and wires).
Finding unused cells or wires in module \top..
Removed 125 unused cells and 1246 unused wires.
<suppressed ~154 debug messages>

26. Executing OPT pass (performing simple optimizations).

26.1. Executing OPT_EXPR pass (perform const folding).
Optimizing module top.

26.2. Executing OPT_MERGE pass (detect identical cells).
Finding identical cells in module `\top'.
<suppressed ~726 debug messages>
Removed a total of 242 cells.

26.3. Executing OPT_MUXTREE pass (detect dead branches in mux trees).
Running muxtree optimizer on module \top..
  Creating internal representation of mux trees.
  Evaluating internal representation of mux trees.
  Analyzing evaluation results.
    dead port 2/5 on $pmux $flatten\u_pe_array.\g_pe_row[0].g_pe_col[1].u_pe.$procmux$620.
    dead port 3/5 on $pmux $flatten\u_pe_array.\g_pe_row[0].g_pe_col[1].u_pe.$procmux$620.
    dead port 4/5 on $pmux $flatten\u_pe_array.\g_pe_row[0].g_pe_col[1].u_pe.$procmux$620.
    dead port 5/5 on $pmux $flatten\u_pe_array.\g_pe_row[0].g_pe_col[1].u_pe.$procmux$620.
    dead port 1/2 on $mux $flatten\u_fsm.$procmux$859.
    dead port 2/2 on $mux $flatten\u_fsm.$procmux$861.
    dead port 1/5 on $pmux $flatten\u_pe_array.\g_pe_row[0].g_pe_col[2].u_pe.$procmux$620.
    dead port 2/5 on $pmux $flatten\u_pe_array.\g_pe_row[0].g_pe_col[2].u_pe.$procmux$620.
    dead port 4/5 on $pmux $flatten\u_pe_array.\g_pe_row[0].g_pe_col[2].u_pe.$procmux$620.
    dead port 5/5 on $pmux $flatten\u_pe_array.\g_pe_row[0].g_pe_col[2].u_pe.$procmux$620.
    dead port 2/2 on $mux $flatten\u_fsm.$procmux$836.
    dead port 2/2 on $mux $flatten\u_fsm.$procmux$863.
    dead port 2/5 on $pmux $flatten\u_pe_array.\g_pe_row[0].g_pe_col[3].u_pe.$procmux$620.
    dead port 3/5 on $pmux $flatten\u_pe_array.\g_pe_row[0].g_pe_col[3].u_pe.$procmux$620.
    dead port 4/5 on $pmux $flatten\u_pe_array.\g_pe_row[0].g_pe_col[3].u_pe.$procmux$620.
    dead port 5/5 on $pmux $flatten\u_pe_array.\g_pe_row[0].g_pe_col[3].u_pe.$procmux$620.
    dead port 2/2 on $mux $flatten\u_fsm.$procmux$842.
    dead port 2/2 on $mux $flatten\u_fsm.$procmux$872.
    dead port 2/2 on $mux $flatten\u_fsm.$procmux$874.
    dead port 2/2 on $mux $flatten\u_fsm.$procmux$882.
    dead port 2/2 on $mux $flatten\u_fsm.$procmux$891.
    dead port 2/2 on $mux $flatten\u_fsm.$procmux$901.
    dead port 2/2 on $mux $flatten\u_fsm.$procmux$913.
    dead port 1/5 on $pmux $flatten\u_pe_array.\g_pe_row[2].g_pe_col[0].u_pe.$procmux$620.
    dead port 2/5 on $pmux $flatten\u_pe_array.\g_pe_row[2].g_pe_col[0].u_pe.$procmux$620.
    dead port 4/5 on $pmux $flatten\u_pe_array.\g_pe_row[2].g_pe_col[0].u_pe.$procmux$620.
    dead port 5/5 on $pmux $flatten\u_pe_array.\g_pe_row[2].g_pe_col[0].u_pe.$procmux$620.
    dead port 2/5 on $pmux $flatten\u_pe_array.\g_pe_row[2].g_pe_col[1].u_pe.$procmux$620.
    dead port 3/5 on $pmux $flatten\u_pe_array.\g_pe_row[2].g_pe_col[1].u_pe.$procmux$620.
    dead port 4/5 on $pmux $flatten\u_pe_array.\g_pe_row[2].g_pe_col[1].u_pe.$procmux$620.
    dead port 5/5 on $pmux $flatten\u_pe_array.\g_pe_row[2].g_pe_col[1].u_pe.$procmux$620.
    dead port 2/2 on $mux $flatten\u_fsm.$procmux$849.
    dead port 1/5 on $pmux $flatten\u_pe_array.\g_pe_row[2].g_pe_col[2].u_pe.$procmux$620.
    dead port 2/5 on $pmux $flatten\u_pe_array.\g_pe_row[2].g_pe_col[2].u_pe.$procmux$620.
    dead port 4/5 on $pmux $flatten\u_pe_array.\g_pe_row[2].g_pe_col[2].u_pe.$procmux$620.
    dead port 5/5 on $pmux $flatten\u_pe_array.\g_pe_row[2].g_pe_col[2].u_pe.$procmux$620.
    dead port 2/5 on $pmux $flatten\u_pe_array.\g_pe_row[2].g_pe_col[3].u_pe.$procmux$620.
    dead port 3/5 on $pmux $flatten\u_pe_array.\g_pe_row[2].g_pe_col[3].u_pe.$procmux$620.
    dead port 4/5 on $pmux $flatten\u_pe_array.\g_pe_row[2].g_pe_col[3].u_pe.$procmux$620.
    dead port 5/5 on $pmux $flatten\u_pe_array.\g_pe_row[2].g_pe_col[3].u_pe.$procmux$620.
    dead port 1/5 on $pmux $flatten\u_pe_array.\g_pe_row[0].g_pe_col[0].u_pe.$procmux$620.
    dead port 2/5 on $pmux $flatten\u_pe_array.\g_pe_row[0].g_pe_col[0].u_pe.$procmux$620.
    dead port 4/5 on $pmux $flatten\u_pe_array.\g_pe_row[0].g_pe_col[0].u_pe.$procmux$620.
    dead port 5/5 on $pmux $flatten\u_pe_array.\g_pe_row[0].g_pe_col[0].u_pe.$procmux$620.
Removed 44 multiplexer ports.
<suppressed ~149 debug messages>

26.4. Executing OPT_REDUCE pass (consolidate $*mux and $reduce_* inputs).
  Optimizing cells in module \top.
    New ctrl vector for $pmux cell $flatten\u_fsm.$procmux$797: { $auto$opt_reduce.cc:134:opt_pmux$990 $auto$opt_reduce.cc:134:opt_pmux$988 }
    New ctrl vector for $pmux cell $flatten\u_fsm.$procmux$761: { $auto$opt_reduce.cc:134:opt_pmux$994 $flatten\u_fsm.$procmux$763_CMP $auto$opt_reduce.cc:134:opt_pmux$992 }
    New ctrl vector for $pmux cell $flatten\u_fsm.$procmux$806: { $auto$opt_reduce.cc:134:opt_pmux$998 $auto$opt_reduce.cc:134:opt_pmux$996 }
    New ctrl vector for $pmux cell $flatten\u_fsm.$procmux$770: { $flatten\u_fsm.$procmux$768_CMP $auto$opt_reduce.cc:134:opt_pmux$1000 }
    New ctrl vector for $pmux cell $flatten\u_fsm.$procmux$815: { $auto$opt_reduce.cc:134:opt_pmux$1004 $auto$opt_reduce.cc:134:opt_pmux$1002 }
    New ctrl vector for $pmux cell $flatten\u_fsm.$procmux$779: { $auto$opt_reduce.cc:134:opt_pmux$1006 $flatten\u_fsm.$procmux$762_CMP }
    New ctrl vector for $pmux cell $flatten\u_fsm.$procmux$824: { $auto$opt_reduce.cc:134:opt_pmux$1008 $flatten\u_fsm.$procmux$762_CMP }
    New ctrl vector for $pmux cell $flatten\u_fsm.$procmux$788: { $auto$opt_reduce.cc:134:opt_pmux$1012 $auto$opt_reduce.cc:134:opt_pmux$1010 }
  Optimizing cells in module \top.
Performed a total of 8 changes.

26.5. Executing OPT_MERGE pass (detect identical cells).
Finding identical cells in module `\top'.
<suppressed ~33 debug messages>
Removed a total of 11 cells.

26.6. Executing OPT_DFF pass (perform DFF optimizations).

26.7. Executing OPT_CLEAN pass (remove unused cells and wires).
Finding unused cells or wires in module \top..
Removed 56 unused cells and 313 unused wires.
<suppressed ~121 debug messages>

26.8. Executing OPT_EXPR pass (perform const folding).
Optimizing module top.

26.9. Rerunning OPT passes. (Maybe there is more to do..)

26.10. Executing OPT_MUXTREE pass (detect dead branches in mux trees).
Running muxtree optimizer on module \top..
  Creating internal representation of mux trees.
  Evaluating internal representation of mux trees.
  Analyzing evaluation results.
Removed 0 multiplexer ports.
<suppressed ~127 debug messages>

26.11. Executing OPT_REDUCE pass (consolidate $*mux and $reduce_* inputs).
  Optimizing cells in module \top.
    New ctrl vector for $pmux cell $flatten\u_fsm.$procmux$915: { $flatten\u_fsm.$procmux$769_CMP $flatten\u_fsm.$procmux$768_CMP $flatten\u_fsm.$procmux$767_CMP $flatten\u_fsm.$procmux$766_CMP $flatten\u_fsm.$procmux$765_CMP $auto$opt_reduce.cc:134:opt_pmux$1014 $flatten\u_fsm.$procmux$762_CMP }
  Optimizing cells in module \top.
Performed a total of 1 changes.

26.12. Executing OPT_MERGE pass (detect identical cells).
Finding identical cells in module `\top'.
<suppressed ~3 debug messages>
Removed a total of 1 cells.

26.13. Executing OPT_DFF pass (perform DFF optimizations).

26.14. Executing OPT_CLEAN pass (remove unused cells and wires).
Finding unused cells or wires in module \top..
Removed 0 unused cells and 1 unused wires.
<suppressed ~1 debug messages>

26.15. Executing OPT_EXPR pass (perform const folding).
Optimizing module top.

26.16. Rerunning OPT passes. (Maybe there is more to do..)

26.17. Executing OPT_MUXTREE pass (detect dead branches in mux trees).
Running muxtree optimizer on module \top..
  Creating internal representation of mux trees.
  Evaluating internal representation of mux trees.
  Analyzing evaluation results.
Removed 0 multiplexer ports.
<suppressed ~127 debug messages>

26.18. Executing OPT_REDUCE pass (consolidate $*mux and $reduce_* inputs).
  Optimizing cells in module \top.
Performed a total of 0 changes.

26.19. Executing OPT_MERGE pass (detect identical cells).
Finding identical cells in module `\top'.
Removed a total of 0 cells.

26.20. Executing OPT_DFF pass (perform DFF optimizations).

26.21. Executing OPT_CLEAN pass (remove unused cells and wires).
Finding unused cells or wires in module \top..

26.22. Executing OPT_EXPR pass (perform const folding).
Optimizing module top.

26.23. Finished OPT passes. (There is nothing left to do.)

27. Executing FSM pass (extract and optimize FSM).

27.1. Executing FSM_DETECT pass (finding FSMs in design).
Not marking top.u_fsm.state as FSM state register:
    Users of register don't seem to benefit from recoding.
    Circuit seems to be self-resetting.
Not marking top.u_pe_array.g_pe_row[0].g_pe_col[1].u_pe.act_to_down as FSM state register:
    Users of register don't seem to benefit from recoding.
Not marking top.u_pe_array.g_pe_row[0].g_pe_col[3].u_pe.act_to_down as FSM state register:
    Users of register don't seem to benefit from recoding.
Not marking top.u_pe_array.g_pe_row[1].g_pe_col[1].u_pe.act_to_left as FSM state register:
    Users of register don't seem to benefit from recoding.
Not marking top.u_pe_array.g_pe_row[1].g_pe_col[1].u_pe.act_to_right as FSM state register:
    Users of register don't seem to benefit from recoding.
Not marking top.u_pe_array.g_pe_row[1].g_pe_col[3].u_pe.act_to_left as FSM state register:
    Users of register don't seem to benefit from recoding.
Not marking top.u_pe_array.g_pe_row[2].g_pe_col[1].u_pe.act_to_down as FSM state register:
    Users of register don't seem to benefit from recoding.
Not marking top.u_pe_array.g_pe_row[2].g_pe_col[1].u_pe.act_to_up as FSM state register:
    Users of register don't seem to benefit from recoding.
Not marking top.u_pe_array.g_pe_row[2].g_pe_col[3].u_pe.act_to_down as FSM state register:
    Users of register don't seem to benefit from recoding.
Not marking top.u_pe_array.g_pe_row[2].g_pe_col[3].u_pe.act_to_up as FSM state register:
    Users of register don't seem to benefit from recoding.
Not marking top.u_pe_array.g_pe_row[3].g_pe_col[1].u_pe.act_to_left as FSM state register:
    Users of register don't seem to benefit from recoding.
Not marking top.u_pe_array.g_pe_row[3].g_pe_col[1].u_pe.act_to_right as FSM state register:
    Users of register don't seem to benefit from recoding.
Not marking top.u_pe_array.g_pe_row[3].g_pe_col[3].u_pe.act_to_left as FSM state register:
    Users of register don't seem to benefit from recoding.

27.2. Executing FSM_EXTRACT pass (extracting FSM from design).

27.3. Executing FSM_OPT pass (simple optimizations of FSMs).

27.4. Executing OPT_CLEAN pass (remove unused cells and wires).
Finding unused cells or wires in module \top..

27.5. Executing FSM_OPT pass (simple optimizations of FSMs).

27.6. Executing FSM_RECODE pass (re-assigning FSM state encoding).

27.7. Executing FSM_INFO pass (dumping all available information on FSM cells).

27.8. Executing FSM_MAP pass (mapping FSMs to basic logic).

28. Executing OPT pass (performing simple optimizations).

28.1. Executing OPT_EXPR pass (perform const folding).
Optimizing module top.

28.2. Executing OPT_MERGE pass (detect identical cells).
Finding identical cells in module `\top'.
Removed a total of 0 cells.

28.3. Executing OPT_MUXTREE pass (detect dead branches in mux trees).
Running muxtree optimizer on module \top..
  Creating internal representation of mux trees.
  Evaluating internal representation of mux trees.
  Analyzing evaluation results.
Removed 0 multiplexer ports.
<suppressed ~127 debug messages>

28.4. Executing OPT_REDUCE pass (consolidate $*mux and $reduce_* inputs).
  Optimizing cells in module \top.
Performed a total of 0 changes.

28.5. Executing OPT_MERGE pass (detect identical cells).
Finding identical cells in module `\top'.
Removed a total of 0 cells.

28.6. Executing OPT_DFF pass (perform DFF optimizations).
Adding EN signal on $flatten\u_pe_array.\u_fifo2.$procdff$979 ($dff) from module top (D = \u_pe_array.u_fifo2.wr_data, Q = \u_pe_array.u_fifo2.buffer[8]).
Adding EN signal on $flatten\u_pe_array.\u_fifo2.$procdff$976 ($dff) from module top (D = \u_pe_array.u_fifo2.wr_data, Q = \u_pe_array.u_fifo2.buffer[7]).
Adding EN signal on $flatten\u_pe_array.\u_fifo2.$procdff$973 ($dff) from module top (D = \u_pe_array.u_fifo2.wr_data, Q = \u_pe_array.u_fifo2.buffer[6]).
Adding EN signal on $flatten\u_pe_array.\u_fifo2.$procdff$970 ($dff) from module top (D = \u_pe_array.u_fifo2.wr_data, Q = \u_pe_array.u_fifo2.buffer[5]).
Adding EN signal on $flatten\u_pe_array.\u_fifo2.$procdff$967 ($dff) from module top (D = \u_pe_array.u_fifo2.wr_data, Q = \u_pe_array.u_fifo2.buffer[4]).
Adding EN signal on $flatten\u_pe_array.\u_fifo2.$procdff$964 ($dff) from module top (D = \u_pe_array.u_fifo2.wr_data, Q = \u_pe_array.u_fifo2.buffer[3]).
Adding EN signal on $flatten\u_pe_array.\u_fifo2.$procdff$961 ($dff) from module top (D = \u_pe_array.u_fifo2.wr_data, Q = \u_pe_array.u_fifo2.buffer[2]).
Adding EN signal on $flatten\u_pe_array.\u_fifo2.$procdff$958 ($dff) from module top (D = \u_pe_array.u_fifo2.wr_data, Q = \u_pe_array.u_fifo2.buffer[1]).
Adding EN signal on $flatten\u_pe_array.\u_fifo2.$procdff$955 ($dff) from module top (D = \u_pe_array.u_fifo2.wr_data, Q = \u_pe_array.u_fifo2.buffer[0]).
Adding EN signal on $flatten\u_pe_array.\u_fifo2.$procdff$952 ($adff) from module top (D = $flatten\u_pe_array.\u_fifo2.$0\count[3:0], Q = \u_pe_array.u_fifo2.count).
Adding EN signal on $flatten\u_pe_array.\u_fifo2.$procdff$951 ($adff) from module top (D = $flatten\u_pe_array.\u_fifo2.$ternary$/openlane/designs/dnn/src/fifo9.sv:39$182_Y [3:0], Q = \u_pe_array.u_fifo2.rd_ptr).
Adding EN signal on $flatten\u_pe_array.\u_fifo2.$procdff$950 ($adff) from module top (D = $flatten\u_pe_array.\u_fifo2.$ternary$/openlane/designs/dnn/src/fifo9.sv:36$176_Y [3:0], Q = \u_pe_array.u_fifo2.wr_ptr).
Adding EN signal on $flatten\u_pe_array.\u_fifo1.$procdff$979 ($dff) from module top (D = \u_pe_array.u_fifo1.wr_data, Q = \u_pe_array.u_fifo1.buffer[8]).
Adding EN signal on $flatten\u_pe_array.\u_fifo1.$procdff$976 ($dff) from module top (D = \u_pe_array.u_fifo1.wr_data, Q = \u_pe_array.u_fifo1.buffer[7]).
Adding EN signal on $flatten\u_pe_array.\u_fifo1.$procdff$973 ($dff) from module top (D = \u_pe_array.u_fifo1.wr_data, Q = \u_pe_array.u_fifo1.buffer[6]).
Adding EN signal on $flatten\u_pe_array.\u_fifo1.$procdff$970 ($dff) from module top (D = \u_pe_array.u_fifo1.wr_data, Q = \u_pe_array.u_fifo1.buffer[5]).
Adding EN signal on $flatten\u_pe_array.\u_fifo1.$procdff$967 ($dff) from module top (D = \u_pe_array.u_fifo1.wr_data, Q = \u_pe_array.u_fifo1.buffer[4]).
Adding EN signal on $flatten\u_pe_array.\u_fifo1.$procdff$964 ($dff) from module top (D = \u_pe_array.u_fifo1.wr_data, Q = \u_pe_array.u_fifo1.buffer[3]).
Adding EN signal on $flatten\u_pe_array.\u_fifo1.$procdff$961 ($dff) from module top (D = \u_pe_array.u_fifo1.wr_data, Q = \u_pe_array.u_fifo1.buffer[2]).
Adding EN signal on $flatten\u_pe_array.\u_fifo1.$procdff$958 ($dff) from module top (D = \u_pe_array.u_fifo1.wr_data, Q = \u_pe_array.u_fifo1.buffer[1]).
Adding EN signal on $flatten\u_pe_array.\u_fifo1.$procdff$955 ($dff) from module top (D = \u_pe_array.u_fifo1.wr_data, Q = \u_pe_array.u_fifo1.buffer[0]).
Adding EN signal on $flatten\u_pe_array.\u_fifo1.$procdff$952 ($adff) from module top (D = $flatten\u_pe_array.\u_fifo1.$0\count[3:0], Q = \u_pe_array.u_fifo1.count).
Adding EN signal on $flatten\u_pe_array.\u_fifo1.$procdff$951 ($adff) from module top (D = $flatten\u_pe_array.\u_fifo1.$ternary$/openlane/designs/dnn/src/fifo9.sv:39$182_Y [3:0], Q = \u_pe_array.u_fifo1.rd_ptr).
Adding EN signal on $flatten\u_pe_array.\u_fifo1.$procdff$950 ($adff) from module top (D = $flatten\u_pe_array.\u_fifo1.$ternary$/openlane/designs/dnn/src/fifo9.sv:36$176_Y [3:0], Q = \u_pe_array.u_fifo1.wr_ptr).
Adding EN signal on $flatten\u_pe_array.\g_pe_row[3].g_pe_col[3].u_pe.$procdff$949 ($adff) from module top (D = \u_pe_array.g_pe_row[2].g_pe_col[3].u_pe.w_reg, Q = \u_pe_array.g_pe_row[3].g_pe_col[3].u_pe.w_reg).
Adding EN signal on $flatten\u_pe_array.\g_pe_row[3].g_pe_col[3].u_pe.$procdff$948 ($adff) from module top (D = $flatten\u_pe_array.\g_pe_row[3].g_pe_col[3].u_pe.$procmux$614_Y, Q = \u_pe_array.g_pe_row[3].g_pe_col[3].u_pe.psum_out).
Adding EN signal on $flatten\u_pe_array.\g_pe_row[3].g_pe_col[3].u_pe.$procdff$946 ($adff) from module top (D = $flatten\u_pe_array.\g_pe_row[3].g_pe_col[3].u_pe.$0\move_reg[12:0], Q = \u_pe_array.g_pe_row[3].g_pe_col[3].u_pe.move_reg).
Adding EN signal on $flatten\u_pe_array.\g_pe_row[3].g_pe_col[3].u_pe.$procdff$944 ($adff) from module top (D = $flatten\u_pe_array.\g_pe_row[3].g_pe_col[3].u_pe.$0\act_to_up[12:0], Q = \u_pe_array.g_pe_row[3].g_pe_col[3].u_pe.act_to_up).
Adding EN signal on $flatten\u_pe_array.\g_pe_row[3].g_pe_col[3].u_pe.$procdff$942 ($adff) from module top (D = 13'0000000000000, Q = \u_pe_array.g_pe_row[3].g_pe_col[3].u_pe.act_to_left).
Adding EN signal on $flatten\u_pe_array.\g_pe_row[3].g_pe_col[2].u_pe.$procdff$949 ($adff) from module top (D = \u_pe_array.g_pe_row[2].g_pe_col[2].u_pe.w_reg, Q = \u_pe_array.g_pe_row[3].g_pe_col[2].u_pe.w_reg).
Adding EN signal on $flatten\u_pe_array.\g_pe_row[3].g_pe_col[2].u_pe.$procdff$948 ($adff) from module top (D = $flatten\u_pe_array.\g_pe_row[3].g_pe_col[2].u_pe.$procmux$614_Y, Q = \u_pe_array.g_pe_row[3].g_pe_col[2].u_pe.psum_out).
Adding EN signal on $flatten\u_pe_array.\g_pe_row[3].g_pe_col[2].u_pe.$procdff$946 ($adff) from module top (D = $flatten\u_pe_array.\g_pe_row[3].g_pe_col[2].u_pe.$0\move_reg[12:0], Q = \u_pe_array.g_pe_row[3].g_pe_col[2].u_pe.move_reg).
Adding EN signal on $flatten\u_pe_array.\g_pe_row[3].g_pe_col[2].u_pe.$procdff$945 ($adff) from module top (D = $flatten\u_pe_array.\g_pe_row[3].g_pe_col[2].u_pe.$0\act_to_down[12:0], Q = \u_pe_array.g_pe_row[3].g_pe_col[2].u_pe.act_to_down).
Adding EN signal on $flatten\u_pe_array.\g_pe_row[3].g_pe_col[2].u_pe.$procdff$943 ($adff) from module top (D = $flatten\u_pe_array.\g_pe_row[3].g_pe_col[2].u_pe.$0\act_to_right[12:0], Q = \u_pe_array.g_pe_row[3].g_pe_col[2].u_pe.act_to_right).
Adding EN signal on $flatten\u_pe_array.\g_pe_row[3].g_pe_col[2].u_pe.$procdff$942 ($adff) from module top (D = $flatten\u_pe_array.\g_pe_row[3].g_pe_col[2].u_pe.$0\act_to_left[12:0], Q = \u_pe_array.g_pe_row[3].g_pe_col[2].u_pe.act_to_left).
Adding EN signal on $flatten\u_pe_array.\g_pe_row[3].g_pe_col[1].u_pe.$procdff$949 ($adff) from module top (D = \u_pe_array.g_pe_row[2].g_pe_col[1].u_pe.w_reg, Q = \u_pe_array.g_pe_row[3].g_pe_col[1].u_pe.w_reg).
Adding EN signal on $flatten\u_pe_array.\g_pe_row[3].g_pe_col[1].u_pe.$procdff$948 ($adff) from module top (D = $flatten\u_pe_array.\g_pe_row[3].g_pe_col[1].u_pe.$procmux$614_Y, Q = \u_pe_array.g_pe_row[3].g_pe_col[1].u_pe.psum_out).
Adding EN signal on $flatten\u_pe_array.\g_pe_row[3].g_pe_col[1].u_pe.$procdff$946 ($adff) from module top (D = $flatten\u_pe_array.\g_pe_row[3].g_pe_col[1].u_pe.$0\move_reg[12:0], Q = \u_pe_array.g_pe_row[3].g_pe_col[1].u_pe.move_reg).
Adding EN signal on $flatten\u_pe_array.\g_pe_row[3].g_pe_col[1].u_pe.$procdff$944 ($adff) from module top (D = $flatten\u_pe_array.\g_pe_row[3].g_pe_col[1].u_pe.$0\act_to_up[12:0], Q = \u_pe_array.g_pe_row[3].g_pe_col[1].u_pe.act_to_up).
Adding EN signal on $flatten\u_pe_array.\g_pe_row[3].g_pe_col[1].u_pe.$procdff$943 ($adff) from module top (D = 13'0000000000000, Q = \u_pe_array.g_pe_row[3].g_pe_col[1].u_pe.act_to_right).
Adding EN signal on $flatten\u_pe_array.\g_pe_row[3].g_pe_col[1].u_pe.$procdff$942 ($adff) from module top (D = 13'0000000000000, Q = \u_pe_array.g_pe_row[3].g_pe_col[1].u_pe.act_to_left).
Adding EN signal on $flatten\u_pe_array.\g_pe_row[3].g_pe_col[0].u_pe.$procdff$949 ($adff) from module top (D = \u_pe_array.g_pe_row[2].g_pe_col[0].u_pe.w_reg, Q = \u_pe_array.g_pe_row[3].g_pe_col[0].u_pe.w_reg).
Adding EN signal on $flatten\u_pe_array.\g_pe_row[3].g_pe_col[0].u_pe.$procdff$948 ($adff) from module top (D = $flatten\u_pe_array.\g_pe_row[3].g_pe_col[0].u_pe.$procmux$614_Y, Q = \u_pe_array.g_pe_row[3].g_pe_col[0].u_pe.psum_out).
Adding EN signal on $flatten\u_pe_array.\g_pe_row[3].g_pe_col[0].u_pe.$procdff$946 ($adff) from module top (D = $flatten\u_pe_array.\g_pe_row[3].g_pe_col[0].u_pe.$0\move_reg[12:0], Q = \u_pe_array.g_pe_row[3].g_pe_col[0].u_pe.move_reg).
Adding EN signal on $flatten\u_pe_array.\g_pe_row[3].g_pe_col[0].u_pe.$procdff$945 ($adff) from module top (D = $flatten\u_pe_array.\g_pe_row[3].g_pe_col[0].u_pe.$0\act_to_down[12:0], Q = \u_pe_array.g_pe_row[3].g_pe_col[0].u_pe.act_to_down).
Adding EN signal on $flatten\u_pe_array.\g_pe_row[3].g_pe_col[0].u_pe.$procdff$943 ($adff) from module top (D = $flatten\u_pe_array.\g_pe_row[3].g_pe_col[0].u_pe.$0\act_to_right[12:0], Q = \u_pe_array.g_pe_row[3].g_pe_col[0].u_pe.act_to_right).
Adding EN signal on $flatten\u_pe_array.\g_pe_row[3].g_pe_col[0].u_pe.$procdff$942 ($adff) from module top (D = $flatten\u_pe_array.\g_pe_row[3].g_pe_col[0].u_pe.$0\act_to_left[12:0], Q = \u_pe_array.g_pe_row[3].g_pe_col[0].u_pe.act_to_left).
Adding EN signal on $flatten\u_pe_array.\g_pe_row[2].g_pe_col[3].u_pe.$procdff$949 ($adff) from module top (D = \u_pe_array.g_pe_row[1].g_pe_col[3].u_pe.w_reg, Q = \u_pe_array.g_pe_row[2].g_pe_col[3].u_pe.w_reg).
Adding EN signal on $flatten\u_pe_array.\g_pe_row[2].g_pe_col[3].u_pe.$procdff$948 ($adff) from module top (D = $flatten\u_pe_array.\g_pe_row[2].g_pe_col[3].u_pe.$procmux$614_Y, Q = \u_pe_array.g_pe_row[2].g_pe_col[3].u_pe.psum_out).
Adding EN signal on $flatten\u_pe_array.\g_pe_row[2].g_pe_col[3].u_pe.$procdff$946 ($adff) from module top (D = $flatten\u_pe_array.\g_pe_row[2].g_pe_col[3].u_pe.$0\move_reg[12:0], Q = \u_pe_array.g_pe_row[2].g_pe_col[3].u_pe.move_reg).
Adding EN signal on $flatten\u_pe_array.\g_pe_row[2].g_pe_col[3].u_pe.$procdff$945 ($adff) from module top (D = 13'0000000000000, Q = \u_pe_array.g_pe_row[2].g_pe_col[3].u_pe.act_to_down).
Adding EN signal on $flatten\u_pe_array.\g_pe_row[2].g_pe_col[3].u_pe.$procdff$944 ($adff) from module top (D = 13'0000000000000, Q = \u_pe_array.g_pe_row[2].g_pe_col[3].u_pe.act_to_up).
Adding EN signal on $flatten\u_pe_array.\g_pe_row[2].g_pe_col[3].u_pe.$procdff$942 ($adff) from module top (D = $flatten\u_pe_array.\g_pe_row[2].g_pe_col[3].u_pe.$0\act_to_left[12:0], Q = \u_pe_array.g_pe_row[2].g_pe_col[3].u_pe.act_to_left).
Adding EN signal on $flatten\u_pe_array.\g_pe_row[2].g_pe_col[2].u_pe.$procdff$949 ($adff) from module top (D = \u_pe_array.g_pe_row[1].g_pe_col[2].u_pe.w_reg, Q = \u_pe_array.g_pe_row[2].g_pe_col[2].u_pe.w_reg).
Adding EN signal on $flatten\u_pe_array.\g_pe_row[2].g_pe_col[2].u_pe.$procdff$948 ($adff) from module top (D = $flatten\u_pe_array.\g_pe_row[2].g_pe_col[2].u_pe.$procmux$614_Y, Q = \u_pe_array.g_pe_row[2].g_pe_col[2].u_pe.psum_out).
Adding EN signal on $flatten\u_pe_array.\g_pe_row[2].g_pe_col[2].u_pe.$procdff$946 ($adff) from module top (D = $flatten\u_pe_array.\g_pe_row[2].g_pe_col[2].u_pe.$0\move_reg[12:0], Q = \u_pe_array.g_pe_row[2].g_pe_col[2].u_pe.move_reg).
Adding EN signal on $flatten\u_pe_array.\g_pe_row[2].g_pe_col[2].u_pe.$procdff$945 ($adff) from module top (D = $flatten\u_pe_array.\g_pe_row[2].g_pe_col[2].u_pe.$0\act_to_down[12:0], Q = \u_pe_array.g_pe_row[2].g_pe_col[2].u_pe.act_to_down).
Adding EN signal on $flatten\u_pe_array.\g_pe_row[2].g_pe_col[1].u_pe.$procdff$949 ($adff) from module top (D = \u_pe_array.g_pe_row[1].g_pe_col[1].u_pe.w_reg, Q = \u_pe_array.g_pe_row[2].g_pe_col[1].u_pe.w_reg).
Adding EN signal on $flatten\u_pe_array.\g_pe_row[2].g_pe_col[1].u_pe.$procdff$948 ($adff) from module top (D = $flatten\u_pe_array.\g_pe_row[2].g_pe_col[1].u_pe.$procmux$614_Y, Q = \u_pe_array.g_pe_row[2].g_pe_col[1].u_pe.psum_out).
Adding EN signal on $flatten\u_pe_array.\g_pe_row[2].g_pe_col[1].u_pe.$procdff$946 ($adff) from module top (D = $flatten\u_pe_array.\g_pe_row[2].g_pe_col[1].u_pe.$0\move_reg[12:0], Q = \u_pe_array.g_pe_row[2].g_pe_col[1].u_pe.move_reg).
Adding EN signal on $flatten\u_pe_array.\g_pe_row[2].g_pe_col[1].u_pe.$procdff$945 ($adff) from module top (D = 13'0000000000000, Q = \u_pe_array.g_pe_row[2].g_pe_col[1].u_pe.act_to_down).
Adding EN signal on $flatten\u_pe_array.\g_pe_row[2].g_pe_col[1].u_pe.$procdff$944 ($adff) from module top (D = 13'0000000000000, Q = \u_pe_array.g_pe_row[2].g_pe_col[1].u_pe.act_to_up).
Adding EN signal on $flatten\u_pe_array.\g_pe_row[2].g_pe_col[1].u_pe.$procdff$942 ($adff) from module top (D = $flatten\u_pe_array.\g_pe_row[2].g_pe_col[1].u_pe.$0\act_to_left[12:0], Q = \u_pe_array.g_pe_row[2].g_pe_col[1].u_pe.act_to_left).
Adding EN signal on $flatten\u_pe_array.\g_pe_row[2].g_pe_col[0].u_pe.$procdff$949 ($adff) from module top (D = \u_pe_array.g_pe_row[1].g_pe_col[0].u_pe.w_reg, Q = \u_pe_array.g_pe_row[2].g_pe_col[0].u_pe.w_reg).
Adding EN signal on $flatten\u_pe_array.\g_pe_row[2].g_pe_col[0].u_pe.$procdff$948 ($adff) from module top (D = $flatten\u_pe_array.\g_pe_row[2].g_pe_col[0].u_pe.$procmux$614_Y, Q = \u_pe_array.g_pe_row[2].g_pe_col[0].u_pe.psum_out).
Adding EN signal on $flatten\u_pe_array.\g_pe_row[2].g_pe_col[0].u_pe.$procdff$946 ($adff) from module top (D = $flatten\u_pe_array.\g_pe_row[2].g_pe_col[0].u_pe.$0\move_reg[12:0], Q = \u_pe_array.g_pe_row[2].g_pe_col[0].u_pe.move_reg).
Adding EN signal on $flatten\u_pe_array.\g_pe_row[2].g_pe_col[0].u_pe.$procdff$945 ($adff) from module top (D = $flatten\u_pe_array.\g_pe_row[2].g_pe_col[0].u_pe.$0\act_to_down[12:0], Q = \u_pe_array.g_pe_row[2].g_pe_col[0].u_pe.act_to_down).
Adding EN signal on $flatten\u_pe_array.\g_pe_row[1].g_pe_col[3].u_pe.$procdff$949 ($adff) from module top (D = \u_pe_array.g_pe_row[0].g_pe_col[3].u_pe.w_reg, Q = \u_pe_array.g_pe_row[1].g_pe_col[3].u_pe.w_reg).
Adding EN signal on $flatten\u_pe_array.\g_pe_row[1].g_pe_col[3].u_pe.$procdff$948 ($adff) from module top (D = $flatten\u_pe_array.\g_pe_row[1].g_pe_col[3].u_pe.$procmux$614_Y, Q = \u_pe_array.g_pe_row[1].g_pe_col[3].u_pe.psum_out).
Adding EN signal on $flatten\u_pe_array.\g_pe_row[1].g_pe_col[3].u_pe.$procdff$946 ($adff) from module top (D = $flatten\u_pe_array.\g_pe_row[1].g_pe_col[3].u_pe.$0\move_reg[12:0], Q = \u_pe_array.g_pe_row[1].g_pe_col[3].u_pe.move_reg).
Adding EN signal on $flatten\u_pe_array.\g_pe_row[1].g_pe_col[3].u_pe.$procdff$944 ($adff) from module top (D = $flatten\u_pe_array.\g_pe_row[1].g_pe_col[3].u_pe.$0\act_to_up[12:0], Q = \u_pe_array.g_pe_row[1].g_pe_col[3].u_pe.act_to_up).
Adding EN signal on $flatten\u_pe_array.\g_pe_row[1].g_pe_col[3].u_pe.$procdff$942 ($adff) from module top (D = 13'0000000000000, Q = \u_pe_array.g_pe_row[1].g_pe_col[3].u_pe.act_to_left).
Adding EN signal on $flatten\u_pe_array.\g_pe_row[1].g_pe_col[2].u_pe.$procdff$949 ($adff) from module top (D = \u_pe_array.g_pe_row[0].g_pe_col[2].u_pe.w_reg, Q = \u_pe_array.g_pe_row[1].g_pe_col[2].u_pe.w_reg).
Adding EN signal on $flatten\u_pe_array.\g_pe_row[1].g_pe_col[2].u_pe.$procdff$948 ($adff) from module top (D = $flatten\u_pe_array.\g_pe_row[1].g_pe_col[2].u_pe.$procmux$614_Y, Q = \u_pe_array.g_pe_row[1].g_pe_col[2].u_pe.psum_out).
Adding EN signal on $flatten\u_pe_array.\g_pe_row[1].g_pe_col[2].u_pe.$procdff$946 ($adff) from module top (D = $flatten\u_pe_array.\g_pe_row[1].g_pe_col[2].u_pe.$0\move_reg[12:0], Q = \u_pe_array.g_pe_row[1].g_pe_col[2].u_pe.move_reg).
Adding EN signal on $flatten\u_pe_array.\g_pe_row[1].g_pe_col[2].u_pe.$procdff$943 ($adff) from module top (D = $flatten\u_pe_array.\g_pe_row[1].g_pe_col[2].u_pe.$0\act_to_right[12:0], Q = \u_pe_array.g_pe_row[1].g_pe_col[2].u_pe.act_to_right).
Adding EN signal on $flatten\u_pe_array.\g_pe_row[1].g_pe_col[2].u_pe.$procdff$942 ($adff) from module top (D = $flatten\u_pe_array.\g_pe_row[1].g_pe_col[2].u_pe.$0\act_to_left[12:0], Q = \u_pe_array.g_pe_row[1].g_pe_col[2].u_pe.act_to_left).
Adding EN signal on $flatten\u_pe_array.\g_pe_row[1].g_pe_col[1].u_pe.$procdff$949 ($adff) from module top (D = \u_pe_array.g_pe_row[0].g_pe_col[1].u_pe.w_reg, Q = \u_pe_array.g_pe_row[1].g_pe_col[1].u_pe.w_reg).
Adding EN signal on $flatten\u_pe_array.\g_pe_row[1].g_pe_col[1].u_pe.$procdff$948 ($adff) from module top (D = $flatten\u_pe_array.\g_pe_row[1].g_pe_col[1].u_pe.$procmux$614_Y, Q = \u_pe_array.g_pe_row[1].g_pe_col[1].u_pe.psum_out).
Adding EN signal on $flatten\u_pe_array.\g_pe_row[1].g_pe_col[1].u_pe.$procdff$946 ($adff) from module top (D = $flatten\u_pe_array.\g_pe_row[1].g_pe_col[1].u_pe.$0\move_reg[12:0], Q = \u_pe_array.g_pe_row[1].g_pe_col[1].u_pe.move_reg).
Adding EN signal on $flatten\u_pe_array.\g_pe_row[1].g_pe_col[1].u_pe.$procdff$944 ($adff) from module top (D = $flatten\u_pe_array.\g_pe_row[1].g_pe_col[1].u_pe.$0\act_to_up[12:0], Q = \u_pe_array.g_pe_row[1].g_pe_col[1].u_pe.act_to_up).
Adding EN signal on $flatten\u_pe_array.\g_pe_row[1].g_pe_col[1].u_pe.$procdff$943 ($adff) from module top (D = 13'0000000000000, Q = \u_pe_array.g_pe_row[1].g_pe_col[1].u_pe.act_to_right).
Adding EN signal on $flatten\u_pe_array.\g_pe_row[1].g_pe_col[1].u_pe.$procdff$942 ($adff) from module top (D = 13'0000000000000, Q = \u_pe_array.g_pe_row[1].g_pe_col[1].u_pe.act_to_left).
Adding EN signal on $flatten\u_pe_array.\g_pe_row[1].g_pe_col[0].u_pe.$procdff$949 ($adff) from module top (D = \u_pe_array.g_pe_row[0].g_pe_col[0].u_pe.w_reg, Q = \u_pe_array.g_pe_row[1].g_pe_col[0].u_pe.w_reg).
Adding EN signal on $flatten\u_pe_array.\g_pe_row[1].g_pe_col[0].u_pe.$procdff$948 ($adff) from module top (D = $flatten\u_pe_array.\g_pe_row[1].g_pe_col[0].u_pe.$procmux$614_Y, Q = \u_pe_array.g_pe_row[1].g_pe_col[0].u_pe.psum_out).
Adding EN signal on $flatten\u_pe_array.\g_pe_row[1].g_pe_col[0].u_pe.$procdff$946 ($adff) from module top (D = $flatten\u_pe_array.\g_pe_row[1].g_pe_col[0].u_pe.$0\move_reg[12:0], Q = \u_pe_array.g_pe_row[1].g_pe_col[0].u_pe.move_reg).
Adding EN signal on $flatten\u_pe_array.\g_pe_row[1].g_pe_col[0].u_pe.$procdff$943 ($adff) from module top (D = $flatten\u_pe_array.\g_pe_row[1].g_pe_col[0].u_pe.$0\act_to_right[12:0], Q = \u_pe_array.g_pe_row[1].g_pe_col[0].u_pe.act_to_right).
Adding EN signal on $flatten\u_pe_array.\g_pe_row[1].g_pe_col[0].u_pe.$procdff$942 ($adff) from module top (D = $flatten\u_pe_array.\g_pe_row[1].g_pe_col[0].u_pe.$0\act_to_left[12:0], Q = \u_pe_array.g_pe_row[1].g_pe_col[0].u_pe.act_to_left).
Adding EN signal on $flatten\u_pe_array.\g_pe_row[0].g_pe_col[3].u_pe.$procdff$949 ($adff) from module top (D = \w_in_flat [7:6], Q = \u_pe_array.g_pe_row[0].g_pe_col[3].u_pe.w_reg).
Adding EN signal on $flatten\u_pe_array.\g_pe_row[0].g_pe_col[3].u_pe.$procdff$948 ($adff) from module top (D = $flatten\u_pe_array.\g_pe_row[0].g_pe_col[3].u_pe.$procmux$614_Y, Q = \u_pe_array.g_pe_row[0].g_pe_col[3].u_pe.psum_out).
Adding EN signal on $flatten\u_pe_array.\g_pe_row[0].g_pe_col[3].u_pe.$procdff$946 ($adff) from module top (D = $flatten\u_pe_array.\g_pe_row[0].g_pe_col[3].u_pe.$0\move_reg[12:0], Q = \u_pe_array.g_pe_row[0].g_pe_col[3].u_pe.move_reg).
Adding EN signal on $flatten\u_pe_array.\g_pe_row[0].g_pe_col[3].u_pe.$procdff$945 ($adff) from module top (D = 13'0000000000000, Q = \u_pe_array.g_pe_row[0].g_pe_col[3].u_pe.act_to_down).
Adding EN signal on $flatten\u_pe_array.\g_pe_row[0].g_pe_col[3].u_pe.$procdff$942 ($adff) from module top (D = $flatten\u_pe_array.\g_pe_row[0].g_pe_col[3].u_pe.$0\act_to_left[12:0], Q = \u_pe_array.g_pe_row[0].g_pe_col[3].u_pe.act_to_left).
Adding EN signal on $flatten\u_pe_array.\g_pe_row[0].g_pe_col[2].u_pe.$procdff$949 ($adff) from module top (D = \w_in_flat [5:4], Q = \u_pe_array.g_pe_row[0].g_pe_col[2].u_pe.w_reg).
Adding EN signal on $flatten\u_pe_array.\g_pe_row[0].g_pe_col[2].u_pe.$procdff$948 ($adff) from module top (D = $flatten\u_pe_array.\g_pe_row[0].g_pe_col[2].u_pe.$procmux$614_Y, Q = \u_pe_array.g_pe_row[0].g_pe_col[2].u_pe.psum_out).
Adding EN signal on $flatten\u_pe_array.\g_pe_row[0].g_pe_col[2].u_pe.$procdff$946 ($adff) from module top (D = $flatten\u_pe_array.\g_pe_row[0].g_pe_col[2].u_pe.$0\move_reg[12:0], Q = \u_pe_array.g_pe_row[0].g_pe_col[2].u_pe.move_reg).
Adding EN signal on $flatten\u_pe_array.\g_pe_row[0].g_pe_col[2].u_pe.$procdff$945 ($adff) from module top (D = $flatten\u_pe_array.\g_pe_row[0].g_pe_col[2].u_pe.$0\act_to_down[12:0], Q = \u_pe_array.g_pe_row[0].g_pe_col[2].u_pe.act_to_down).
Adding EN signal on $flatten\u_pe_array.\g_pe_row[0].g_pe_col[1].u_pe.$procdff$949 ($adff) from module top (D = \w_in_flat [3:2], Q = \u_pe_array.g_pe_row[0].g_pe_col[1].u_pe.w_reg).
Adding EN signal on $flatten\u_pe_array.\g_pe_row[0].g_pe_col[1].u_pe.$procdff$948 ($adff) from module top (D = $flatten\u_pe_array.\g_pe_row[0].g_pe_col[1].u_pe.$procmux$614_Y, Q = \u_pe_array.g_pe_row[0].g_pe_col[1].u_pe.psum_out).
Adding EN signal on $flatten\u_pe_array.\g_pe_row[0].g_pe_col[1].u_pe.$procdff$946 ($adff) from module top (D = $flatten\u_pe_array.\g_pe_row[0].g_pe_col[1].u_pe.$0\move_reg[12:0], Q = \u_pe_array.g_pe_row[0].g_pe_col[1].u_pe.move_reg).
Adding EN signal on $flatten\u_pe_array.\g_pe_row[0].g_pe_col[1].u_pe.$procdff$945 ($adff) from module top (D = 13'0000000000000, Q = \u_pe_array.g_pe_row[0].g_pe_col[1].u_pe.act_to_down).
Adding EN signal on $flatten\u_pe_array.\g_pe_row[0].g_pe_col[1].u_pe.$procdff$942 ($adff) from module top (D = $flatten\u_pe_array.\g_pe_row[0].g_pe_col[1].u_pe.$0\act_to_left[12:0], Q = \u_pe_array.g_pe_row[0].g_pe_col[1].u_pe.act_to_left).
Adding EN signal on $flatten\u_pe_array.\g_pe_row[0].g_pe_col[0].u_pe.$procdff$949 ($adff) from module top (D = \w_in_flat [1:0], Q = \u_pe_array.g_pe_row[0].g_pe_col[0].u_pe.w_reg).
Adding EN signal on $flatten\u_pe_array.\g_pe_row[0].g_pe_col[0].u_pe.$procdff$948 ($adff) from module top (D = $flatten\u_pe_array.\g_pe_row[0].g_pe_col[0].u_pe.$procmux$614_Y, Q = \u_pe_array.g_pe_row[0].g_pe_col[0].u_pe.psum_out).
Adding EN signal on $flatten\u_pe_array.\g_pe_row[0].g_pe_col[0].u_pe.$procdff$946 ($adff) from module top (D = $flatten\u_pe_array.\g_pe_row[0].g_pe_col[0].u_pe.$0\move_reg[12:0], Q = \u_pe_array.g_pe_row[0].g_pe_col[0].u_pe.move_reg).
Adding EN signal on $flatten\u_pe_array.\g_pe_row[0].g_pe_col[0].u_pe.$procdff$945 ($adff) from module top (D = $flatten\u_pe_array.\g_pe_row[0].g_pe_col[0].u_pe.$0\act_to_down[12:0], Q = \u_pe_array.g_pe_row[0].g_pe_col[0].u_pe.act_to_down).
Adding EN signal on $flatten\u_fsm.$procdff$984 ($adff) from module top (D = $flatten\u_fsm.$0\ch_cnt[1:0], Q = \u_fsm.ch_cnt).
Adding EN signal on $flatten\u_fsm.$procdff$983 ($adff) from module top (D = $flatten\u_fsm.$0\h_cnt[1:0], Q = \u_fsm.h_cnt).
Adding EN signal on $flatten\u_fsm.$procdff$982 ($adff) from module top (D = $flatten\u_fsm.$0\v_cnt[2:0], Q = \u_fsm.v_cnt).
Setting constant 0-bit at position 0 on $auto$ff.cc:266:slice$1277 ($adffe) from module top.
Setting constant 0-bit at position 1 on $auto$ff.cc:266:slice$1277 ($adffe) from module top.
Setting constant 0-bit at position 2 on $auto$ff.cc:266:slice$1277 ($adffe) from module top.
Setting constant 0-bit at position 3 on $auto$ff.cc:266:slice$1277 ($adffe) from module top.
Setting constant 0-bit at position 4 on $auto$ff.cc:266:slice$1277 ($adffe) from module top.
Setting constant 0-bit at position 5 on $auto$ff.cc:266:slice$1277 ($adffe) from module top.
Setting constant 0-bit at position 6 on $auto$ff.cc:266:slice$1277 ($adffe) from module top.
Setting constant 0-bit at position 7 on $auto$ff.cc:266:slice$1277 ($adffe) from module top.
Setting constant 0-bit at position 8 on $auto$ff.cc:266:slice$1277 ($adffe) from module top.
Setting constant 0-bit at position 9 on $auto$ff.cc:266:slice$1277 ($adffe) from module top.
Setting constant 0-bit at position 10 on $auto$ff.cc:266:slice$1277 ($adffe) from module top.
Setting constant 0-bit at position 11 on $auto$ff.cc:266:slice$1277 ($adffe) from module top.
Setting constant 0-bit at position 12 on $auto$ff.cc:266:slice$1277 ($adffe) from module top.
Setting constant 0-bit at position 0 on $auto$ff.cc:266:slice$1256 ($adffe) from module top.
Setting constant 0-bit at position 1 on $auto$ff.cc:266:slice$1256 ($adffe) from module top.
Setting constant 0-bit at position 2 on $auto$ff.cc:266:slice$1256 ($adffe) from module top.
Setting constant 0-bit at position 3 on $auto$ff.cc:266:slice$1256 ($adffe) from module top.
Setting constant 0-bit at position 4 on $auto$ff.cc:266:slice$1256 ($adffe) from module top.
Setting constant 0-bit at position 5 on $auto$ff.cc:266:slice$1256 ($adffe) from module top.
Setting constant 0-bit at position 6 on $auto$ff.cc:266:slice$1256 ($adffe) from module top.
Setting constant 0-bit at position 7 on $auto$ff.cc:266:slice$1256 ($adffe) from module top.
Setting constant 0-bit at position 8 on $auto$ff.cc:266:slice$1256 ($adffe) from module top.
Setting constant 0-bit at position 9 on $auto$ff.cc:266:slice$1256 ($adffe) from module top.
Setting constant 0-bit at position 10 on $auto$ff.cc:266:slice$1256 ($adffe) from module top.
Setting constant 0-bit at position 11 on $auto$ff.cc:266:slice$1256 ($adffe) from module top.
Setting constant 0-bit at position 12 on $auto$ff.cc:266:slice$1256 ($adffe) from module top.
Setting constant 0-bit at position 0 on $auto$ff.cc:266:slice$1231 ($adffe) from module top.
Setting constant 0-bit at position 1 on $auto$ff.cc:266:slice$1231 ($adffe) from module top.
Setting constant 0-bit at position 2 on $auto$ff.cc:266:slice$1231 ($adffe) from module top.
Setting constant 0-bit at position 3 on $auto$ff.cc:266:slice$1231 ($adffe) from module top.
Setting constant 0-bit at position 4 on $auto$ff.cc:266:slice$1231 ($adffe) from module top.
Setting constant 0-bit at position 5 on $auto$ff.cc:266:slice$1231 ($adffe) from module top.
Setting constant 0-bit at position 6 on $auto$ff.cc:266:slice$1231 ($adffe) from module top.
Setting constant 0-bit at position 7 on $auto$ff.cc:266:slice$1231 ($adffe) from module top.
Setting constant 0-bit at position 8 on $auto$ff.cc:266:slice$1231 ($adffe) from module top.
Setting constant 0-bit at position 9 on $auto$ff.cc:266:slice$1231 ($adffe) from module top.
Setting constant 0-bit at position 10 on $auto$ff.cc:266:slice$1231 ($adffe) from module top.
Setting constant 0-bit at position 11 on $auto$ff.cc:266:slice$1231 ($adffe) from module top.
Setting constant 0-bit at position 12 on $auto$ff.cc:266:slice$1231 ($adffe) from module top.
Setting constant 0-bit at position 0 on $auto$ff.cc:266:slice$1230 ($adffe) from module top.
Setting constant 0-bit at position 1 on $auto$ff.cc:266:slice$1230 ($adffe) from module top.
Setting constant 0-bit at position 2 on $auto$ff.cc:266:slice$1230 ($adffe) from module top.
Setting constant 0-bit at position 3 on $auto$ff.cc:266:slice$1230 ($adffe) from module top.
Setting constant 0-bit at position 4 on $auto$ff.cc:266:slice$1230 ($adffe) from module top.
Setting constant 0-bit at position 5 on $auto$ff.cc:266:slice$1230 ($adffe) from module top.
Setting constant 0-bit at position 6 on $auto$ff.cc:266:slice$1230 ($adffe) from module top.
Setting constant 0-bit at position 7 on $auto$ff.cc:266:slice$1230 ($adffe) from module top.
Setting constant 0-bit at position 8 on $auto$ff.cc:266:slice$1230 ($adffe) from module top.
Setting constant 0-bit at position 9 on $auto$ff.cc:266:slice$1230 ($adffe) from module top.
Setting constant 0-bit at position 10 on $auto$ff.cc:266:slice$1230 ($adffe) from module top.
Setting constant 0-bit at position 11 on $auto$ff.cc:266:slice$1230 ($adffe) from module top.
Setting constant 0-bit at position 12 on $auto$ff.cc:266:slice$1230 ($adffe) from module top.
Setting constant 0-bit at position 0 on $auto$ff.cc:266:slice$1202 ($adffe) from module top.
Setting constant 0-bit at position 1 on $auto$ff.cc:266:slice$1202 ($adffe) from module top.
Setting constant 0-bit at position 2 on $auto$ff.cc:266:slice$1202 ($adffe) from module top.
Setting constant 0-bit at position 3 on $auto$ff.cc:266:slice$1202 ($adffe) from module top.
Setting constant 0-bit at position 4 on $auto$ff.cc:266:slice$1202 ($adffe) from module top.
Setting constant 0-bit at position 5 on $auto$ff.cc:266:slice$1202 ($adffe) from module top.
Setting constant 0-bit at position 6 on $auto$ff.cc:266:slice$1202 ($adffe) from module top.
Setting constant 0-bit at position 7 on $auto$ff.cc:266:slice$1202 ($adffe) from module top.
Setting constant 0-bit at position 8 on $auto$ff.cc:266:slice$1202 ($adffe) from module top.
Setting constant 0-bit at position 9 on $auto$ff.cc:266:slice$1202 ($adffe) from module top.
Setting constant 0-bit at position 10 on $auto$ff.cc:266:slice$1202 ($adffe) from module top.
Setting constant 0-bit at position 11 on $auto$ff.cc:266:slice$1202 ($adffe) from module top.
Setting constant 0-bit at position 12 on $auto$ff.cc:266:slice$1202 ($adffe) from module top.
Setting constant 0-bit at position 0 on $auto$ff.cc:266:slice$1178 ($adffe) from module top.
Setting constant 0-bit at position 1 on $auto$ff.cc:266:slice$1178 ($adffe) from module top.
Setting constant 0-bit at position 2 on $auto$ff.cc:266:slice$1178 ($adffe) from module top.
Setting constant 0-bit at position 3 on $auto$ff.cc:266:slice$1178 ($adffe) from module top.
Setting constant 0-bit at position 4 on $auto$ff.cc:266:slice$1178 ($adffe) from module top.
Setting constant 0-bit at position 5 on $auto$ff.cc:266:slice$1178 ($adffe) from module top.
Setting constant 0-bit at position 6 on $auto$ff.cc:266:slice$1178 ($adffe) from module top.
Setting constant 0-bit at position 7 on $auto$ff.cc:266:slice$1178 ($adffe) from module top.
Setting constant 0-bit at position 8 on $auto$ff.cc:266:slice$1178 ($adffe) from module top.
Setting constant 0-bit at position 9 on $auto$ff.cc:266:slice$1178 ($adffe) from module top.
Setting constant 0-bit at position 10 on $auto$ff.cc:266:slice$1178 ($adffe) from module top.
Setting constant 0-bit at position 11 on $auto$ff.cc:266:slice$1178 ($adffe) from module top.
Setting constant 0-bit at position 12 on $auto$ff.cc:266:slice$1178 ($adffe) from module top.
Setting constant 0-bit at position 0 on $auto$ff.cc:266:slice$1177 ($adffe) from module top.
Setting constant 0-bit at position 1 on $auto$ff.cc:266:slice$1177 ($adffe) from module top.
Setting constant 0-bit at position 2 on $auto$ff.cc:266:slice$1177 ($adffe) from module top.
Setting constant 0-bit at position 3 on $auto$ff.cc:266:slice$1177 ($adffe) from module top.
Setting constant 0-bit at position 4 on $auto$ff.cc:266:slice$1177 ($adffe) from module top.
Setting constant 0-bit at position 5 on $auto$ff.cc:266:slice$1177 ($adffe) from module top.
Setting constant 0-bit at position 6 on $auto$ff.cc:266:slice$1177 ($adffe) from module top.
Setting constant 0-bit at position 7 on $auto$ff.cc:266:slice$1177 ($adffe) from module top.
Setting constant 0-bit at position 8 on $auto$ff.cc:266:slice$1177 ($adffe) from module top.
Setting constant 0-bit at position 9 on $auto$ff.cc:266:slice$1177 ($adffe) from module top.
Setting constant 0-bit at position 10 on $auto$ff.cc:266:slice$1177 ($adffe) from module top.
Setting constant 0-bit at position 11 on $auto$ff.cc:266:slice$1177 ($adffe) from module top.
Setting constant 0-bit at position 12 on $auto$ff.cc:266:slice$1177 ($adffe) from module top.
Setting constant 0-bit at position 0 on $auto$ff.cc:266:slice$1156 ($adffe) from module top.
Setting constant 0-bit at position 1 on $auto$ff.cc:266:slice$1156 ($adffe) from module top.
Setting constant 0-bit at position 2 on $auto$ff.cc:266:slice$1156 ($adffe) from module top.
Setting constant 0-bit at position 3 on $auto$ff.cc:266:slice$1156 ($adffe) from module top.
Setting constant 0-bit at position 4 on $auto$ff.cc:266:slice$1156 ($adffe) from module top.
Setting constant 0-bit at position 5 on $auto$ff.cc:266:slice$1156 ($adffe) from module top.
Setting constant 0-bit at position 6 on $auto$ff.cc:266:slice$1156 ($adffe) from module top.
Setting constant 0-bit at position 7 on $auto$ff.cc:266:slice$1156 ($adffe) from module top.
Setting constant 0-bit at position 8 on $auto$ff.cc:266:slice$1156 ($adffe) from module top.
Setting constant 0-bit at position 9 on $auto$ff.cc:266:slice$1156 ($adffe) from module top.
Setting constant 0-bit at position 10 on $auto$ff.cc:266:slice$1156 ($adffe) from module top.
Setting constant 0-bit at position 11 on $auto$ff.cc:266:slice$1156 ($adffe) from module top.
Setting constant 0-bit at position 12 on $auto$ff.cc:266:slice$1156 ($adffe) from module top.
Setting constant 0-bit at position 0 on $auto$ff.cc:266:slice$1155 ($adffe) from module top.
Setting constant 0-bit at position 1 on $auto$ff.cc:266:slice$1155 ($adffe) from module top.
Setting constant 0-bit at position 2 on $auto$ff.cc:266:slice$1155 ($adffe) from module top.
Setting constant 0-bit at position 3 on $auto$ff.cc:266:slice$1155 ($adffe) from module top.
Setting constant 0-bit at position 4 on $auto$ff.cc:266:slice$1155 ($adffe) from module top.
Setting constant 0-bit at position 5 on $auto$ff.cc:266:slice$1155 ($adffe) from module top.
Setting constant 0-bit at position 6 on $auto$ff.cc:266:slice$1155 ($adffe) from module top.
Setting constant 0-bit at position 7 on $auto$ff.cc:266:slice$1155 ($adffe) from module top.
Setting constant 0-bit at position 8 on $auto$ff.cc:266:slice$1155 ($adffe) from module top.
Setting constant 0-bit at position 9 on $auto$ff.cc:266:slice$1155 ($adffe) from module top.
Setting constant 0-bit at position 10 on $auto$ff.cc:266:slice$1155 ($adffe) from module top.
Setting constant 0-bit at position 11 on $auto$ff.cc:266:slice$1155 ($adffe) from module top.
Setting constant 0-bit at position 12 on $auto$ff.cc:266:slice$1155 ($adffe) from module top.
Setting constant 0-bit at position 0 on $auto$ff.cc:266:slice$1123 ($adffe) from module top.
Setting constant 0-bit at position 1 on $auto$ff.cc:266:slice$1123 ($adffe) from module top.
Setting constant 0-bit at position 2 on $auto$ff.cc:266:slice$1123 ($adffe) from module top.
Setting constant 0-bit at position 3 on $auto$ff.cc:266:slice$1123 ($adffe) from module top.
Setting constant 0-bit at position 4 on $auto$ff.cc:266:slice$1123 ($adffe) from module top.
Setting constant 0-bit at position 5 on $auto$ff.cc:266:slice$1123 ($adffe) from module top.
Setting constant 0-bit at position 6 on $auto$ff.cc:266:slice$1123 ($adffe) from module top.
Setting constant 0-bit at position 7 on $auto$ff.cc:266:slice$1123 ($adffe) from module top.
Setting constant 0-bit at position 8 on $auto$ff.cc:266:slice$1123 ($adffe) from module top.
Setting constant 0-bit at position 9 on $auto$ff.cc:266:slice$1123 ($adffe) from module top.
Setting constant 0-bit at position 10 on $auto$ff.cc:266:slice$1123 ($adffe) from module top.
Setting constant 0-bit at position 11 on $auto$ff.cc:266:slice$1123 ($adffe) from module top.
Setting constant 0-bit at position 12 on $auto$ff.cc:266:slice$1123 ($adffe) from module top.
Setting constant 0-bit at position 0 on $auto$ff.cc:266:slice$1122 ($adffe) from module top.
Setting constant 0-bit at position 1 on $auto$ff.cc:266:slice$1122 ($adffe) from module top.
Setting constant 0-bit at position 2 on $auto$ff.cc:266:slice$1122 ($adffe) from module top.
Setting constant 0-bit at position 3 on $auto$ff.cc:266:slice$1122 ($adffe) from module top.
Setting constant 0-bit at position 4 on $auto$ff.cc:266:slice$1122 ($adffe) from module top.
Setting constant 0-bit at position 5 on $auto$ff.cc:266:slice$1122 ($adffe) from module top.
Setting constant 0-bit at position 6 on $auto$ff.cc:266:slice$1122 ($adffe) from module top.
Setting constant 0-bit at position 7 on $auto$ff.cc:266:slice$1122 ($adffe) from module top.
Setting constant 0-bit at position 8 on $auto$ff.cc:266:slice$1122 ($adffe) from module top.
Setting constant 0-bit at position 9 on $auto$ff.cc:266:slice$1122 ($adffe) from module top.
Setting constant 0-bit at position 10 on $auto$ff.cc:266:slice$1122 ($adffe) from module top.
Setting constant 0-bit at position 11 on $auto$ff.cc:266:slice$1122 ($adffe) from module top.
Setting constant 0-bit at position 12 on $auto$ff.cc:266:slice$1122 ($adffe) from module top.
Setting constant 0-bit at position 0 on $auto$ff.cc:266:slice$1087 ($adffe) from module top.
Setting constant 0-bit at position 1 on $auto$ff.cc:266:slice$1087 ($adffe) from module top.
Setting constant 0-bit at position 2 on $auto$ff.cc:266:slice$1087 ($adffe) from module top.
Setting constant 0-bit at position 3 on $auto$ff.cc:266:slice$1087 ($adffe) from module top.
Setting constant 0-bit at position 4 on $auto$ff.cc:266:slice$1087 ($adffe) from module top.
Setting constant 0-bit at position 5 on $auto$ff.cc:266:slice$1087 ($adffe) from module top.
Setting constant 0-bit at position 6 on $auto$ff.cc:266:slice$1087 ($adffe) from module top.
Setting constant 0-bit at position 7 on $auto$ff.cc:266:slice$1087 ($adffe) from module top.
Setting constant 0-bit at position 8 on $auto$ff.cc:266:slice$1087 ($adffe) from module top.
Setting constant 0-bit at position 9 on $auto$ff.cc:266:slice$1087 ($adffe) from module top.
Setting constant 0-bit at position 10 on $auto$ff.cc:266:slice$1087 ($adffe) from module top.
Setting constant 0-bit at position 11 on $auto$ff.cc:266:slice$1087 ($adffe) from module top.
Setting constant 0-bit at position 12 on $auto$ff.cc:266:slice$1087 ($adffe) from module top.

28.7. Executing OPT_CLEAN pass (remove unused cells and wires).
Finding unused cells or wires in module \top..
Removed 102 unused cells and 102 unused wires.
<suppressed ~103 debug messages>

28.8. Executing OPT_EXPR pass (perform const folding).
Optimizing module top.
<suppressed ~43 debug messages>

28.9. Rerunning OPT passes. (Maybe there is more to do..)

28.10. Executing OPT_MUXTREE pass (detect dead branches in mux trees).
Running muxtree optimizer on module \top..
  Creating internal representation of mux trees.
  Evaluating internal representation of mux trees.
  Analyzing evaluation results.
Removed 0 multiplexer ports.
<suppressed ~81 debug messages>

28.11. Executing OPT_REDUCE pass (consolidate $*mux and $reduce_* inputs).
  Optimizing cells in module \top.
    New ctrl vector for $pmux cell $flatten\u_pe_array.\g_pe_row[1].g_pe_col[0].u_pe.$procmux$620: { $auto$opt_reduce.cc:134:opt_pmux$1315 $flatten\u_pe_array.\g_pe_row[0].g_pe_col[0].u_pe.$procmux$578_CMP $flatten\u_pe_array.\g_pe_row[1].g_pe_col[0].u_pe.$procmux$621_CMP }
    New ctrl vector for $pmux cell $flatten\u_pe_array.\g_pe_row[1].g_pe_col[1].u_pe.$procmux$620: { $flatten\u_pe_array.\g_pe_row[1].g_pe_col[0].u_pe.$procmux$595_CMP $flatten\u_pe_array.\g_pe_row[1].g_pe_col[0].u_pe.$procmux$604_CMP $auto$opt_reduce.cc:134:opt_pmux$1317 }
    New ctrl vector for $pmux cell $flatten\u_pe_array.\g_pe_row[1].g_pe_col[2].u_pe.$procmux$620: { $auto$opt_reduce.cc:134:opt_pmux$1319 $flatten\u_pe_array.\g_pe_row[0].g_pe_col[0].u_pe.$procmux$578_CMP $flatten\u_pe_array.\g_pe_row[1].g_pe_col[0].u_pe.$procmux$621_CMP }
    New ctrl vector for $pmux cell $flatten\u_pe_array.\g_pe_row[1].g_pe_col[3].u_pe.$procmux$620: { $flatten\u_pe_array.\g_pe_row[1].g_pe_col[0].u_pe.$procmux$595_CMP $flatten\u_pe_array.\g_pe_row[1].g_pe_col[0].u_pe.$procmux$604_CMP $auto$opt_reduce.cc:134:opt_pmux$1321 }
    New ctrl vector for $pmux cell $flatten\u_pe_array.\g_pe_row[3].g_pe_col[0].u_pe.$procmux$620: { $auto$opt_reduce.cc:134:opt_pmux$1323 $flatten\u_pe_array.\g_pe_row[0].g_pe_col[0].u_pe.$procmux$578_CMP $flatten\u_pe_array.\g_pe_row[1].g_pe_col[0].u_pe.$procmux$621_CMP }
    New ctrl vector for $pmux cell $flatten\u_pe_array.\g_pe_row[3].g_pe_col[1].u_pe.$procmux$620: { $flatten\u_pe_array.\g_pe_row[1].g_pe_col[0].u_pe.$procmux$595_CMP $flatten\u_pe_array.\g_pe_row[1].g_pe_col[0].u_pe.$procmux$604_CMP $auto$opt_reduce.cc:134:opt_pmux$1325 }
    New ctrl vector for $pmux cell $flatten\u_pe_array.\g_pe_row[3].g_pe_col[2].u_pe.$procmux$620: { $auto$opt_reduce.cc:134:opt_pmux$1327 $flatten\u_pe_array.\g_pe_row[0].g_pe_col[0].u_pe.$procmux$578_CMP $flatten\u_pe_array.\g_pe_row[1].g_pe_col[0].u_pe.$procmux$621_CMP }
    New ctrl vector for $pmux cell $flatten\u_pe_array.\g_pe_row[3].g_pe_col[3].u_pe.$procmux$620: { $flatten\u_pe_array.\g_pe_row[1].g_pe_col[0].u_pe.$procmux$595_CMP $flatten\u_pe_array.\g_pe_row[1].g_pe_col[0].u_pe.$procmux$604_CMP $auto$opt_reduce.cc:134:opt_pmux$1329 }
  Optimizing cells in module \top.
Performed a total of 8 changes.

28.12. Executing OPT_MERGE pass (detect identical cells).
Finding identical cells in module `\top'.
<suppressed ~189 debug messages>
Removed a total of 63 cells.

28.13. Executing OPT_DFF pass (perform DFF optimizations).

28.14. Executing OPT_CLEAN pass (remove unused cells and wires).
Finding unused cells or wires in module \top..
Removed 0 unused cells and 63 unused wires.
<suppressed ~1 debug messages>

28.15. Executing OPT_EXPR pass (perform const folding).
Optimizing module top.

28.16. Rerunning OPT passes. (Maybe there is more to do..)

28.17. Executing OPT_MUXTREE pass (detect dead branches in mux trees).
Running muxtree optimizer on module \top..
  Creating internal representation of mux trees.
  Evaluating internal representation of mux trees.
  Analyzing evaluation results.
Removed 0 multiplexer ports.
<suppressed ~81 debug messages>

28.18. Executing OPT_REDUCE pass (consolidate $*mux and $reduce_* inputs).
  Optimizing cells in module \top.
Performed a total of 0 changes.

28.19. Executing OPT_MERGE pass (detect identical cells).
Finding identical cells in module `\top'.
Removed a total of 0 cells.

28.20. Executing OPT_DFF pass (perform DFF optimizations).

28.21. Executing OPT_CLEAN pass (remove unused cells and wires).
Finding unused cells or wires in module \top..

28.22. Executing OPT_EXPR pass (perform const folding).
Optimizing module top.

28.23. Finished OPT passes. (There is nothing left to do.)

29. Executing WREDUCE pass (reducing word size of cells).
Removed top 1 bits (of 3) from mux cell top.$flatten\u_fsm.$procmux$856 ($mux).
Removed top 2 bits (of 3) from port B of cell top.$flatten\u_fsm.$procmux$768_CMP0 ($eq).
Removed top 1 bits (of 3) from port B of cell top.$flatten\u_fsm.$procmux$767_CMP0 ($eq).
Removed top 1 bits (of 3) from port B of cell top.$flatten\u_fsm.$procmux$766_CMP0 ($eq).
Removed top 2 bits (of 4) from port B of cell top.$flatten\u_fsm.$eq$/openlane/designs/dnn/src/control.sv:155$27 ($eq).
Removed top 1 bits (of 4) from port B of cell top.$flatten\u_fsm.$eq$/openlane/designs/dnn/src/control.sv:150$26 ($eq).
Removed top 31 bits (of 32) from port B of cell top.$flatten\u_fsm.$add$/openlane/designs/dnn/src/control.sv:125$24 ($add).
Removed top 29 bits (of 32) from port Y of cell top.$flatten\u_fsm.$add$/openlane/designs/dnn/src/control.sv:125$24 ($add).
Removed top 31 bits (of 32) from port B of cell top.$flatten\u_fsm.$add$/openlane/designs/dnn/src/control.sv:104$20 ($add).
Removed top 30 bits (of 32) from port Y of cell top.$flatten\u_fsm.$add$/openlane/designs/dnn/src/control.sv:104$20 ($add).
Removed top 1 bits (of 3) from port B of cell top.$flatten\u_fsm.$eq$/openlane/designs/dnn/src/control.sv:103$19 ($eq).
Removed top 31 bits (of 32) from port B of cell top.$flatten\u_fsm.$add$/openlane/designs/dnn/src/control.sv:82$16 ($add).
Removed top 30 bits (of 32) from port Y of cell top.$flatten\u_fsm.$add$/openlane/designs/dnn/src/control.sv:82$16 ($add).
Removed top 31 bits (of 32) from port B of cell top.$flatten\u_fsm.$add$/openlane/designs/dnn/src/control.sv:59$6 ($add).
Removed top 28 bits (of 32) from port Y of cell top.$flatten\u_fsm.$add$/openlane/designs/dnn/src/control.sv:59$6 ($add).
Removed top 1 bits (of 2) from port B of cell top.$auto$opt_dff.cc:195:make_patterns_logic$1311 ($ne).
Removed top 1 bits (of 2) from port B of cell top.$auto$opt_dff.cc:195:make_patterns_logic$1304 ($ne).
Removed top 1 bits (of 2) from port B of cell top.$auto$opt_dff.cc:195:make_patterns_logic$1297 ($ne).
Removed top 6 bits (of 13) from port A of cell top.$flatten\u_pe_array.\g_pe_row[3].g_pe_col[3].u_pe.$mul$/openlane/designs/dnn/src/pe_update.sv:62$146 ($mul).
Removed top 11 bits (of 13) from port B of cell top.$flatten\u_pe_array.\g_pe_row[3].g_pe_col[3].u_pe.$mul$/openlane/designs/dnn/src/pe_update.sv:62$146 ($mul).
Removed top 4 bits (of 13) from port Y of cell top.$flatten\u_pe_array.\g_pe_row[3].g_pe_col[3].u_pe.$mul$/openlane/designs/dnn/src/pe_update.sv:62$146 ($mul).
Removed top 4 bits (of 13) from port B of cell top.$flatten\u_pe_array.\g_pe_row[3].g_pe_col[3].u_pe.$add$/openlane/designs/dnn/src/pe_update.sv:72$149 ($add).
Removed top 6 bits (of 13) from port A of cell top.$flatten\u_pe_array.\g_pe_row[3].g_pe_col[2].u_pe.$mul$/openlane/designs/dnn/src/pe_update.sv:62$146 ($mul).
Removed top 11 bits (of 13) from port B of cell top.$flatten\u_pe_array.\g_pe_row[3].g_pe_col[2].u_pe.$mul$/openlane/designs/dnn/src/pe_update.sv:62$146 ($mul).
Removed top 4 bits (of 13) from port Y of cell top.$flatten\u_pe_array.\g_pe_row[3].g_pe_col[2].u_pe.$mul$/openlane/designs/dnn/src/pe_update.sv:62$146 ($mul).
Removed top 4 bits (of 13) from port B of cell top.$flatten\u_pe_array.\g_pe_row[3].g_pe_col[2].u_pe.$add$/openlane/designs/dnn/src/pe_update.sv:72$149 ($add).
Removed top 6 bits (of 13) from port A of cell top.$flatten\u_pe_array.\g_pe_row[3].g_pe_col[1].u_pe.$mul$/openlane/designs/dnn/src/pe_update.sv:62$146 ($mul).
Removed top 11 bits (of 13) from port B of cell top.$flatten\u_pe_array.\g_pe_row[3].g_pe_col[1].u_pe.$mul$/openlane/designs/dnn/src/pe_update.sv:62$146 ($mul).
Removed top 4 bits (of 13) from port Y of cell top.$flatten\u_pe_array.\g_pe_row[3].g_pe_col[1].u_pe.$mul$/openlane/designs/dnn/src/pe_update.sv:62$146 ($mul).
Removed top 4 bits (of 13) from port B of cell top.$flatten\u_pe_array.\g_pe_row[3].g_pe_col[1].u_pe.$add$/openlane/designs/dnn/src/pe_update.sv:72$149 ($add).
Removed top 6 bits (of 13) from port A of cell top.$flatten\u_pe_array.\g_pe_row[3].g_pe_col[0].u_pe.$mul$/openlane/designs/dnn/src/pe_update.sv:62$146 ($mul).
Removed top 11 bits (of 13) from port B of cell top.$flatten\u_pe_array.\g_pe_row[3].g_pe_col[0].u_pe.$mul$/openlane/designs/dnn/src/pe_update.sv:62$146 ($mul).
Removed top 4 bits (of 13) from port Y of cell top.$flatten\u_pe_array.\g_pe_row[3].g_pe_col[0].u_pe.$mul$/openlane/designs/dnn/src/pe_update.sv:62$146 ($mul).
Removed top 4 bits (of 13) from port B of cell top.$flatten\u_pe_array.\g_pe_row[3].g_pe_col[0].u_pe.$add$/openlane/designs/dnn/src/pe_update.sv:72$149 ($add).
Removed top 6 bits (of 13) from port A of cell top.$flatten\u_pe_array.\g_pe_row[2].g_pe_col[3].u_pe.$mul$/openlane/designs/dnn/src/pe_update.sv:62$146 ($mul).
Removed top 11 bits (of 13) from port B of cell top.$flatten\u_pe_array.\g_pe_row[2].g_pe_col[3].u_pe.$mul$/openlane/designs/dnn/src/pe_update.sv:62$146 ($mul).
Removed top 4 bits (of 13) from port Y of cell top.$flatten\u_pe_array.\g_pe_row[2].g_pe_col[3].u_pe.$mul$/openlane/designs/dnn/src/pe_update.sv:62$146 ($mul).
Removed top 4 bits (of 13) from port B of cell top.$flatten\u_pe_array.\g_pe_row[2].g_pe_col[3].u_pe.$add$/openlane/designs/dnn/src/pe_update.sv:72$149 ($add).
Removed top 6 bits (of 13) from port A of cell top.$flatten\u_pe_array.\g_pe_row[2].g_pe_col[2].u_pe.$mul$/openlane/designs/dnn/src/pe_update.sv:62$146 ($mul).
Removed top 11 bits (of 13) from port B of cell top.$flatten\u_pe_array.\g_pe_row[2].g_pe_col[2].u_pe.$mul$/openlane/designs/dnn/src/pe_update.sv:62$146 ($mul).
Removed top 4 bits (of 13) from port Y of cell top.$flatten\u_pe_array.\g_pe_row[2].g_pe_col[2].u_pe.$mul$/openlane/designs/dnn/src/pe_update.sv:62$146 ($mul).
Removed top 4 bits (of 13) from port B of cell top.$flatten\u_pe_array.\g_pe_row[2].g_pe_col[2].u_pe.$add$/openlane/designs/dnn/src/pe_update.sv:72$149 ($add).
Removed top 6 bits (of 13) from port A of cell top.$flatten\u_pe_array.\g_pe_row[2].g_pe_col[1].u_pe.$mul$/openlane/designs/dnn/src/pe_update.sv:62$146 ($mul).
Removed top 11 bits (of 13) from port B of cell top.$flatten\u_pe_array.\g_pe_row[2].g_pe_col[1].u_pe.$mul$/openlane/designs/dnn/src/pe_update.sv:62$146 ($mul).
Removed top 4 bits (of 13) from port Y of cell top.$flatten\u_pe_array.\g_pe_row[2].g_pe_col[1].u_pe.$mul$/openlane/designs/dnn/src/pe_update.sv:62$146 ($mul).
Removed top 4 bits (of 13) from port B of cell top.$flatten\u_pe_array.\g_pe_row[2].g_pe_col[1].u_pe.$add$/openlane/designs/dnn/src/pe_update.sv:72$149 ($add).
Removed top 6 bits (of 13) from port A of cell top.$flatten\u_pe_array.\g_pe_row[2].g_pe_col[0].u_pe.$mul$/openlane/designs/dnn/src/pe_update.sv:62$146 ($mul).
Removed top 11 bits (of 13) from port B of cell top.$flatten\u_pe_array.\g_pe_row[2].g_pe_col[0].u_pe.$mul$/openlane/designs/dnn/src/pe_update.sv:62$146 ($mul).
Removed top 4 bits (of 13) from port Y of cell top.$flatten\u_pe_array.\g_pe_row[2].g_pe_col[0].u_pe.$mul$/openlane/designs/dnn/src/pe_update.sv:62$146 ($mul).
Removed top 4 bits (of 13) from port B of cell top.$flatten\u_pe_array.\g_pe_row[2].g_pe_col[0].u_pe.$add$/openlane/designs/dnn/src/pe_update.sv:72$149 ($add).
Removed top 6 bits (of 13) from port A of cell top.$flatten\u_pe_array.\g_pe_row[1].g_pe_col[3].u_pe.$mul$/openlane/designs/dnn/src/pe_update.sv:62$146 ($mul).
Removed top 11 bits (of 13) from port B of cell top.$flatten\u_pe_array.\g_pe_row[1].g_pe_col[3].u_pe.$mul$/openlane/designs/dnn/src/pe_update.sv:62$146 ($mul).
Removed top 4 bits (of 13) from port Y of cell top.$flatten\u_pe_array.\g_pe_row[1].g_pe_col[3].u_pe.$mul$/openlane/designs/dnn/src/pe_update.sv:62$146 ($mul).
Removed top 4 bits (of 13) from port B of cell top.$flatten\u_pe_array.\g_pe_row[1].g_pe_col[3].u_pe.$add$/openlane/designs/dnn/src/pe_update.sv:72$149 ($add).
Removed top 6 bits (of 13) from port A of cell top.$flatten\u_pe_array.\g_pe_row[1].g_pe_col[2].u_pe.$mul$/openlane/designs/dnn/src/pe_update.sv:62$146 ($mul).
Removed top 11 bits (of 13) from port B of cell top.$flatten\u_pe_array.\g_pe_row[1].g_pe_col[2].u_pe.$mul$/openlane/designs/dnn/src/pe_update.sv:62$146 ($mul).
Removed top 4 bits (of 13) from port Y of cell top.$flatten\u_pe_array.\g_pe_row[1].g_pe_col[2].u_pe.$mul$/openlane/designs/dnn/src/pe_update.sv:62$146 ($mul).
Removed top 4 bits (of 13) from port B of cell top.$flatten\u_pe_array.\g_pe_row[1].g_pe_col[2].u_pe.$add$/openlane/designs/dnn/src/pe_update.sv:72$149 ($add).
Removed top 6 bits (of 13) from port A of cell top.$flatten\u_pe_array.\g_pe_row[1].g_pe_col[1].u_pe.$mul$/openlane/designs/dnn/src/pe_update.sv:62$146 ($mul).
Removed top 11 bits (of 13) from port B of cell top.$flatten\u_pe_array.\g_pe_row[1].g_pe_col[1].u_pe.$mul$/openlane/designs/dnn/src/pe_update.sv:62$146 ($mul).
Removed top 4 bits (of 13) from port Y of cell top.$flatten\u_pe_array.\g_pe_row[1].g_pe_col[1].u_pe.$mul$/openlane/designs/dnn/src/pe_update.sv:62$146 ($mul).
Removed top 4 bits (of 13) from port B of cell top.$flatten\u_pe_array.\g_pe_row[1].g_pe_col[1].u_pe.$add$/openlane/designs/dnn/src/pe_update.sv:72$149 ($add).
Removed top 6 bits (of 13) from port A of cell top.$flatten\u_pe_array.\g_pe_row[1].g_pe_col[0].u_pe.$mul$/openlane/designs/dnn/src/pe_update.sv:62$146 ($mul).
Removed top 11 bits (of 13) from port B of cell top.$flatten\u_pe_array.\g_pe_row[1].g_pe_col[0].u_pe.$mul$/openlane/designs/dnn/src/pe_update.sv:62$146 ($mul).
Removed top 4 bits (of 13) from port Y of cell top.$flatten\u_pe_array.\g_pe_row[1].g_pe_col[0].u_pe.$mul$/openlane/designs/dnn/src/pe_update.sv:62$146 ($mul).
Removed top 4 bits (of 13) from port B of cell top.$flatten\u_pe_array.\g_pe_row[1].g_pe_col[0].u_pe.$add$/openlane/designs/dnn/src/pe_update.sv:72$149 ($add).
Removed top 1 bits (of 2) from port B of cell top.$flatten\u_pe_array.\g_pe_row[1].g_pe_col[0].u_pe.$procmux$604_CMP0 ($eq).
Removed top 6 bits (of 13) from port A of cell top.$flatten\u_pe_array.\g_pe_row[0].g_pe_col[3].u_pe.$mul$/openlane/designs/dnn/src/pe_update.sv:62$146 ($mul).
Removed top 11 bits (of 13) from port B of cell top.$flatten\u_pe_array.\g_pe_row[0].g_pe_col[3].u_pe.$mul$/openlane/designs/dnn/src/pe_update.sv:62$146 ($mul).
Removed top 4 bits (of 13) from port Y of cell top.$flatten\u_pe_array.\g_pe_row[0].g_pe_col[3].u_pe.$mul$/openlane/designs/dnn/src/pe_update.sv:62$146 ($mul).
Removed top 4 bits (of 13) from port B of cell top.$flatten\u_pe_array.\g_pe_row[0].g_pe_col[3].u_pe.$add$/openlane/designs/dnn/src/pe_update.sv:72$149 ($add).
Removed top 6 bits (of 13) from port A of cell top.$flatten\u_pe_array.\g_pe_row[0].g_pe_col[2].u_pe.$mul$/openlane/designs/dnn/src/pe_update.sv:62$146 ($mul).
Removed top 11 bits (of 13) from port B of cell top.$flatten\u_pe_array.\g_pe_row[0].g_pe_col[2].u_pe.$mul$/openlane/designs/dnn/src/pe_update.sv:62$146 ($mul).
Removed top 4 bits (of 13) from port Y of cell top.$flatten\u_pe_array.\g_pe_row[0].g_pe_col[2].u_pe.$mul$/openlane/designs/dnn/src/pe_update.sv:62$146 ($mul).
Removed top 4 bits (of 13) from port B of cell top.$flatten\u_pe_array.\g_pe_row[0].g_pe_col[2].u_pe.$add$/openlane/designs/dnn/src/pe_update.sv:72$149 ($add).
Removed top 1 bits (of 2) from port B of cell top.$flatten\u_pe_array.\g_pe_row[0].g_pe_col[2].u_pe.$procmux$604_CMP0 ($eq).
Removed top 6 bits (of 13) from port A of cell top.$flatten\u_pe_array.\g_pe_row[0].g_pe_col[1].u_pe.$mul$/openlane/designs/dnn/src/pe_update.sv:62$146 ($mul).
Removed top 11 bits (of 13) from port B of cell top.$flatten\u_pe_array.\g_pe_row[0].g_pe_col[1].u_pe.$mul$/openlane/designs/dnn/src/pe_update.sv:62$146 ($mul).
Removed top 4 bits (of 13) from port Y of cell top.$flatten\u_pe_array.\g_pe_row[0].g_pe_col[1].u_pe.$mul$/openlane/designs/dnn/src/pe_update.sv:62$146 ($mul).
Removed top 4 bits (of 13) from port B of cell top.$flatten\u_pe_array.\g_pe_row[0].g_pe_col[1].u_pe.$add$/openlane/designs/dnn/src/pe_update.sv:72$149 ($add).
Removed top 6 bits (of 13) from port A of cell top.$flatten\u_pe_array.\g_pe_row[0].g_pe_col[0].u_pe.$mul$/openlane/designs/dnn/src/pe_update.sv:62$146 ($mul).
Removed top 11 bits (of 13) from port B of cell top.$flatten\u_pe_array.\g_pe_row[0].g_pe_col[0].u_pe.$mul$/openlane/designs/dnn/src/pe_update.sv:62$146 ($mul).
Removed top 4 bits (of 13) from port Y of cell top.$flatten\u_pe_array.\g_pe_row[0].g_pe_col[0].u_pe.$mul$/openlane/designs/dnn/src/pe_update.sv:62$146 ($mul).
Removed top 4 bits (of 13) from port B of cell top.$flatten\u_pe_array.\g_pe_row[0].g_pe_col[0].u_pe.$add$/openlane/designs/dnn/src/pe_update.sv:72$149 ($add).
Removed top 31 bits (of 32) from port B of cell top.$flatten\u_pe_array.\u_fifo2.$add$/openlane/designs/dnn/src/fifo9.sv:36$174 ($add).
Removed top 27 bits (of 32) from port Y of cell top.$flatten\u_pe_array.\u_fifo2.$add$/openlane/designs/dnn/src/fifo9.sv:36$174 ($add).
Removed top 28 bits (of 32) from mux cell top.$flatten\u_pe_array.\u_fifo2.$ternary$/openlane/designs/dnn/src/fifo9.sv:36$176 ($mux).
Removed top 31 bits (of 32) from port B of cell top.$flatten\u_pe_array.\u_fifo2.$add$/openlane/designs/dnn/src/fifo9.sv:39$180 ($add).
Removed top 27 bits (of 32) from port Y of cell top.$flatten\u_pe_array.\u_fifo2.$add$/openlane/designs/dnn/src/fifo9.sv:39$180 ($add).
Removed top 28 bits (of 32) from mux cell top.$flatten\u_pe_array.\u_fifo2.$ternary$/openlane/designs/dnn/src/fifo9.sv:39$182 ($mux).
Removed top 31 bits (of 32) from port B of cell top.$flatten\u_pe_array.\u_fifo2.$add$/openlane/designs/dnn/src/fifo9.sv:42$187 ($add).
Removed top 28 bits (of 32) from port Y of cell top.$flatten\u_pe_array.\u_fifo2.$add$/openlane/designs/dnn/src/fifo9.sv:42$187 ($add).
Removed top 31 bits (of 32) from port B of cell top.$flatten\u_pe_array.\u_fifo2.$sub$/openlane/designs/dnn/src/fifo9.sv:43$188 ($sub).
Removed top 28 bits (of 32) from port Y of cell top.$flatten\u_pe_array.\u_fifo2.$sub$/openlane/designs/dnn/src/fifo9.sv:43$188 ($sub).
Removed top 1 bits (of 4) from port B of cell top.$flatten\u_pe_array.\u_fifo2.$procmux$628_CMP0 ($eq).
Removed top 1 bits (of 4) from port B of cell top.$flatten\u_pe_array.\u_fifo2.$procmux$629_CMP0 ($eq).
Removed top 1 bits (of 4) from port B of cell top.$flatten\u_pe_array.\u_fifo2.$procmux$630_CMP0 ($eq).
Removed top 1 bits (of 4) from port B of cell top.$flatten\u_pe_array.\u_fifo2.$procmux$631_CMP0 ($eq).
Removed top 2 bits (of 4) from port B of cell top.$flatten\u_pe_array.\u_fifo2.$procmux$632_CMP0 ($eq).
Removed top 2 bits (of 4) from port B of cell top.$flatten\u_pe_array.\u_fifo2.$procmux$633_CMP0 ($eq).
Removed top 3 bits (of 4) from port B of cell top.$flatten\u_pe_array.\u_fifo2.$procmux$634_CMP0 ($eq).
Removed top 1 bits (of 4) from port B of cell top.$flatten\u_pe_array.\u_fifo2.$procmux$650_CMP0 ($eq).
Removed top 1 bits (of 4) from port B of cell top.$flatten\u_pe_array.\u_fifo2.$procmux$657_CMP0 ($eq).
Removed top 1 bits (of 4) from port B of cell top.$flatten\u_pe_array.\u_fifo2.$procmux$665_CMP0 ($eq).
Removed top 1 bits (of 4) from port B of cell top.$flatten\u_pe_array.\u_fifo2.$procmux$674_CMP0 ($eq).
Removed top 2 bits (of 4) from port B of cell top.$flatten\u_pe_array.\u_fifo2.$procmux$684_CMP0 ($eq).
Removed top 2 bits (of 4) from port B of cell top.$flatten\u_pe_array.\u_fifo2.$procmux$695_CMP0 ($eq).
Removed top 3 bits (of 4) from port B of cell top.$flatten\u_pe_array.\u_fifo2.$procmux$707_CMP0 ($eq).
Removed top 1 bits (of 2) from port B of cell top.$flatten\u_pe_array.\u_fifo2.$procmux$724_CMP0 ($eq).
Removed top 31 bits (of 32) from port B of cell top.$flatten\u_pe_array.\u_fifo1.$add$/openlane/designs/dnn/src/fifo9.sv:36$174 ($add).
Removed top 27 bits (of 32) from port Y of cell top.$flatten\u_pe_array.\u_fifo1.$add$/openlane/designs/dnn/src/fifo9.sv:36$174 ($add).
Removed top 28 bits (of 32) from mux cell top.$flatten\u_pe_array.\u_fifo1.$ternary$/openlane/designs/dnn/src/fifo9.sv:36$176 ($mux).
Removed top 31 bits (of 32) from port B of cell top.$flatten\u_pe_array.\u_fifo1.$add$/openlane/designs/dnn/src/fifo9.sv:39$180 ($add).
Removed top 27 bits (of 32) from port Y of cell top.$flatten\u_pe_array.\u_fifo1.$add$/openlane/designs/dnn/src/fifo9.sv:39$180 ($add).
Removed top 28 bits (of 32) from mux cell top.$flatten\u_pe_array.\u_fifo1.$ternary$/openlane/designs/dnn/src/fifo9.sv:39$182 ($mux).
Removed top 31 bits (of 32) from port B of cell top.$flatten\u_pe_array.\u_fifo1.$add$/openlane/designs/dnn/src/fifo9.sv:42$187 ($add).
Removed top 28 bits (of 32) from port Y of cell top.$flatten\u_pe_array.\u_fifo1.$add$/openlane/designs/dnn/src/fifo9.sv:42$187 ($add).
Removed top 31 bits (of 32) from port B of cell top.$flatten\u_pe_array.\u_fifo1.$sub$/openlane/designs/dnn/src/fifo9.sv:43$188 ($sub).
Removed top 28 bits (of 32) from port Y of cell top.$flatten\u_pe_array.\u_fifo1.$sub$/openlane/designs/dnn/src/fifo9.sv:43$188 ($sub).
Removed top 1 bits (of 4) from port B of cell top.$flatten\u_pe_array.\u_fifo1.$procmux$628_CMP0 ($eq).
Removed top 1 bits (of 4) from port B of cell top.$flatten\u_pe_array.\u_fifo1.$procmux$629_CMP0 ($eq).
Removed top 1 bits (of 4) from port B of cell top.$flatten\u_pe_array.\u_fifo1.$procmux$630_CMP0 ($eq).
Removed top 1 bits (of 4) from port B of cell top.$flatten\u_pe_array.\u_fifo1.$procmux$631_CMP0 ($eq).
Removed top 2 bits (of 4) from port B of cell top.$flatten\u_pe_array.\u_fifo1.$procmux$632_CMP0 ($eq).
Removed top 2 bits (of 4) from port B of cell top.$flatten\u_pe_array.\u_fifo1.$procmux$633_CMP0 ($eq).
Removed top 3 bits (of 4) from port B of cell top.$flatten\u_pe_array.\u_fifo1.$procmux$634_CMP0 ($eq).
Removed top 1 bits (of 4) from port B of cell top.$flatten\u_pe_array.\u_fifo1.$procmux$650_CMP0 ($eq).
Removed top 1 bits (of 4) from port B of cell top.$flatten\u_pe_array.\u_fifo1.$procmux$657_CMP0 ($eq).
Removed top 1 bits (of 4) from port B of cell top.$flatten\u_pe_array.\u_fifo1.$procmux$665_CMP0 ($eq).
Removed top 1 bits (of 4) from port B of cell top.$flatten\u_pe_array.\u_fifo1.$procmux$674_CMP0 ($eq).
Removed top 2 bits (of 4) from port B of cell top.$flatten\u_pe_array.\u_fifo1.$procmux$684_CMP0 ($eq).
Removed top 2 bits (of 4) from port B of cell top.$flatten\u_pe_array.\u_fifo1.$procmux$695_CMP0 ($eq).
Removed top 3 bits (of 4) from port B of cell top.$flatten\u_pe_array.\u_fifo1.$procmux$707_CMP0 ($eq).
Removed top 1 bits (of 2) from port B of cell top.$flatten\u_pe_array.\u_fifo1.$procmux$724_CMP0 ($eq).
Removed top 1 bits (of 2) from mux cell top.$flatten\u_pe_array.$procmux$759 ($mux).
Removed top 1 bits (of 2) from mux cell top.$flatten\u_pe_array.$procmux$744 ($mux).
Removed top 1 bits (of 2) from port B of cell top.$flatten\u_pe_array.$eq$/openlane/designs/dnn/src/zigzag.sv:113$545 ($eq).
Removed top 1 bits (of 5) from port Y of cell top.$flatten\u_pe_array.\u_fifo2.$add$/openlane/designs/dnn/src/fifo9.sv:36$174 ($add).
Removed top 1 bits (of 5) from port Y of cell top.$flatten\u_pe_array.\u_fifo2.$add$/openlane/designs/dnn/src/fifo9.sv:39$180 ($add).
Removed top 1 bits (of 5) from port Y of cell top.$flatten\u_pe_array.\u_fifo1.$add$/openlane/designs/dnn/src/fifo9.sv:36$174 ($add).
Removed top 1 bits (of 5) from port Y of cell top.$flatten\u_pe_array.\u_fifo1.$add$/openlane/designs/dnn/src/fifo9.sv:39$180 ($add).
Removed top 1 bits (of 3) from wire top.$flatten\u_fsm.$7\next_state[2:0].
Removed top 30 bits (of 32) from wire top.$flatten\u_fsm.$add$/openlane/designs/dnn/src/control.sv:104$20_Y.
Removed top 29 bits (of 32) from wire top.$flatten\u_fsm.$add$/openlane/designs/dnn/src/control.sv:125$24_Y.
Removed top 28 bits (of 32) from wire top.$flatten\u_pe_array.\u_fifo1.$add$/openlane/designs/dnn/src/fifo9.sv:36$174_Y.
Removed top 28 bits (of 32) from wire top.$flatten\u_pe_array.\u_fifo1.$add$/openlane/designs/dnn/src/fifo9.sv:39$180_Y.
Removed top 28 bits (of 32) from wire top.$flatten\u_pe_array.\u_fifo1.$add$/openlane/designs/dnn/src/fifo9.sv:42$187_Y.
Removed top 28 bits (of 32) from wire top.$flatten\u_pe_array.\u_fifo1.$sub$/openlane/designs/dnn/src/fifo9.sv:43$188_Y.
Removed top 31 bits (of 32) from wire top.$flatten\u_pe_array.\u_fifo1.$ternary$/openlane/designs/dnn/src/fifo9.sv:36$176_Y.
Removed top 28 bits (of 32) from wire top.$flatten\u_pe_array.\u_fifo2.$add$/openlane/designs/dnn/src/fifo9.sv:36$174_Y.
Removed top 28 bits (of 32) from wire top.$flatten\u_pe_array.\u_fifo2.$add$/openlane/designs/dnn/src/fifo9.sv:39$180_Y.
Removed top 28 bits (of 32) from wire top.$flatten\u_pe_array.\u_fifo2.$add$/openlane/designs/dnn/src/fifo9.sv:42$187_Y.
Removed top 28 bits (of 32) from wire top.$flatten\u_pe_array.\u_fifo2.$sub$/openlane/designs/dnn/src/fifo9.sv:43$188_Y.
Removed top 29 bits (of 32) from wire top.$flatten\u_pe_array.\u_fifo2.$ternary$/openlane/designs/dnn/src/fifo9.sv:36$176_Y.

30. Executing PEEPOPT pass (run peephole optimizers).

31. Executing OPT_CLEAN pass (remove unused cells and wires).
Finding unused cells or wires in module \top..
Removed 0 unused cells and 13 unused wires.
<suppressed ~1 debug messages>

32. Executing ALUMACC pass (create $alu and $macc cells).
Extracting $alu and $macc cells in module top:
  creating $macc model for $flatten\u_fsm.$add$/openlane/designs/dnn/src/control.sv:104$20 ($add).
  creating $macc model for $flatten\u_fsm.$add$/openlane/designs/dnn/src/control.sv:125$24 ($add).
  creating $macc model for $flatten\u_fsm.$add$/openlane/designs/dnn/src/control.sv:59$6 ($add).
  creating $macc model for $flatten\u_fsm.$add$/openlane/designs/dnn/src/control.sv:82$16 ($add).
  creating $macc model for $flatten\u_pe_array.\g_pe_row[0].g_pe_col[0].u_pe.$add$/openlane/designs/dnn/src/pe_update.sv:72$149 ($add).
  creating $macc model for $flatten\u_pe_array.\g_pe_row[0].g_pe_col[0].u_pe.$mul$/openlane/designs/dnn/src/pe_update.sv:62$146 ($mul).
  creating $macc model for $flatten\u_pe_array.\g_pe_row[0].g_pe_col[1].u_pe.$add$/openlane/designs/dnn/src/pe_update.sv:72$149 ($add).
  creating $macc model for $flatten\u_pe_array.\g_pe_row[0].g_pe_col[1].u_pe.$mul$/openlane/designs/dnn/src/pe_update.sv:62$146 ($mul).
  creating $macc model for $flatten\u_pe_array.\g_pe_row[0].g_pe_col[2].u_pe.$add$/openlane/designs/dnn/src/pe_update.sv:72$149 ($add).
  creating $macc model for $flatten\u_pe_array.\g_pe_row[0].g_pe_col[2].u_pe.$mul$/openlane/designs/dnn/src/pe_update.sv:62$146 ($mul).
  creating $macc model for $flatten\u_pe_array.\g_pe_row[0].g_pe_col[3].u_pe.$add$/openlane/designs/dnn/src/pe_update.sv:72$149 ($add).
  creating $macc model for $flatten\u_pe_array.\g_pe_row[0].g_pe_col[3].u_pe.$mul$/openlane/designs/dnn/src/pe_update.sv:62$146 ($mul).
  creating $macc model for $flatten\u_pe_array.\g_pe_row[1].g_pe_col[0].u_pe.$add$/openlane/designs/dnn/src/pe_update.sv:72$149 ($add).
  creating $macc model for $flatten\u_pe_array.\g_pe_row[1].g_pe_col[0].u_pe.$mul$/openlane/designs/dnn/src/pe_update.sv:62$146 ($mul).
  creating $macc model for $flatten\u_pe_array.\g_pe_row[1].g_pe_col[1].u_pe.$add$/openlane/designs/dnn/src/pe_update.sv:72$149 ($add).
  creating $macc model for $flatten\u_pe_array.\g_pe_row[1].g_pe_col[1].u_pe.$mul$/openlane/designs/dnn/src/pe_update.sv:62$146 ($mul).
  creating $macc model for $flatten\u_pe_array.\g_pe_row[1].g_pe_col[2].u_pe.$add$/openlane/designs/dnn/src/pe_update.sv:72$149 ($add).
  creating $macc model for $flatten\u_pe_array.\g_pe_row[1].g_pe_col[2].u_pe.$mul$/openlane/designs/dnn/src/pe_update.sv:62$146 ($mul).
  creating $macc model for $flatten\u_pe_array.\g_pe_row[1].g_pe_col[3].u_pe.$add$/openlane/designs/dnn/src/pe_update.sv:72$149 ($add).
  creating $macc model for $flatten\u_pe_array.\g_pe_row[1].g_pe_col[3].u_pe.$mul$/openlane/designs/dnn/src/pe_update.sv:62$146 ($mul).
  creating $macc model for $flatten\u_pe_array.\g_pe_row[2].g_pe_col[0].u_pe.$add$/openlane/designs/dnn/src/pe_update.sv:72$149 ($add).
  creating $macc model for $flatten\u_pe_array.\g_pe_row[2].g_pe_col[0].u_pe.$mul$/openlane/designs/dnn/src/pe_update.sv:62$146 ($mul).
  creating $macc model for $flatten\u_pe_array.\g_pe_row[2].g_pe_col[1].u_pe.$add$/openlane/designs/dnn/src/pe_update.sv:72$149 ($add).
  creating $macc model for $flatten\u_pe_array.\g_pe_row[2].g_pe_col[1].u_pe.$mul$/openlane/designs/dnn/src/pe_update.sv:62$146 ($mul).
  creating $macc model for $flatten\u_pe_array.\g_pe_row[2].g_pe_col[2].u_pe.$add$/openlane/designs/dnn/src/pe_update.sv:72$149 ($add).
  creating $macc model for $flatten\u_pe_array.\g_pe_row[2].g_pe_col[2].u_pe.$mul$/openlane/designs/dnn/src/pe_update.sv:62$146 ($mul).
  creating $macc model for $flatten\u_pe_array.\g_pe_row[2].g_pe_col[3].u_pe.$add$/openlane/designs/dnn/src/pe_update.sv:72$149 ($add).
  creating $macc model for $flatten\u_pe_array.\g_pe_row[2].g_pe_col[3].u_pe.$mul$/openlane/designs/dnn/src/pe_update.sv:62$146 ($mul).
  creating $macc model for $flatten\u_pe_array.\g_pe_row[3].g_pe_col[0].u_pe.$add$/openlane/designs/dnn/src/pe_update.sv:72$149 ($add).
  creating $macc model for $flatten\u_pe_array.\g_pe_row[3].g_pe_col[0].u_pe.$mul$/openlane/designs/dnn/src/pe_update.sv:62$146 ($mul).
  creating $macc model for $flatten\u_pe_array.\g_pe_row[3].g_pe_col[1].u_pe.$add$/openlane/designs/dnn/src/pe_update.sv:72$149 ($add).
  creating $macc model for $flatten\u_pe_array.\g_pe_row[3].g_pe_col[1].u_pe.$mul$/openlane/designs/dnn/src/pe_update.sv:62$146 ($mul).
  creating $macc model for $flatten\u_pe_array.\g_pe_row[3].g_pe_col[2].u_pe.$add$/openlane/designs/dnn/src/pe_update.sv:72$149 ($add).
  creating $macc model for $flatten\u_pe_array.\g_pe_row[3].g_pe_col[2].u_pe.$mul$/openlane/designs/dnn/src/pe_update.sv:62$146 ($mul).
  creating $macc model for $flatten\u_pe_array.\g_pe_row[3].g_pe_col[3].u_pe.$add$/openlane/designs/dnn/src/pe_update.sv:72$149 ($add).
  creating $macc model for $flatten\u_pe_array.\g_pe_row[3].g_pe_col[3].u_pe.$mul$/openlane/designs/dnn/src/pe_update.sv:62$146 ($mul).
  creating $macc model for $flatten\u_pe_array.\u_fifo1.$add$/openlane/designs/dnn/src/fifo9.sv:36$174 ($add).
  creating $macc model for $flatten\u_pe_array.\u_fifo1.$add$/openlane/designs/dnn/src/fifo9.sv:39$180 ($add).
  creating $macc model for $flatten\u_pe_array.\u_fifo1.$add$/openlane/designs/dnn/src/fifo9.sv:42$187 ($add).
  creating $macc model for $flatten\u_pe_array.\u_fifo1.$sub$/openlane/designs/dnn/src/fifo9.sv:43$188 ($sub).
  creating $macc model for $flatten\u_pe_array.\u_fifo2.$add$/openlane/designs/dnn/src/fifo9.sv:36$174 ($add).
  creating $macc model for $flatten\u_pe_array.\u_fifo2.$add$/openlane/designs/dnn/src/fifo9.sv:39$180 ($add).
  creating $macc model for $flatten\u_pe_array.\u_fifo2.$add$/openlane/designs/dnn/src/fifo9.sv:42$187 ($add).
  creating $macc model for $flatten\u_pe_array.\u_fifo2.$sub$/openlane/designs/dnn/src/fifo9.sv:43$188 ($sub).
  merging $macc model for $flatten\u_pe_array.\g_pe_row[3].g_pe_col[3].u_pe.$mul$/openlane/designs/dnn/src/pe_update.sv:62$146 into $flatten\u_pe_array.\g_pe_row[3].g_pe_col[3].u_pe.$add$/openlane/designs/dnn/src/pe_update.sv:72$149.
  merging $macc model for $flatten\u_pe_array.\g_pe_row[3].g_pe_col[2].u_pe.$mul$/openlane/designs/dnn/src/pe_update.sv:62$146 into $flatten\u_pe_array.\g_pe_row[3].g_pe_col[2].u_pe.$add$/openlane/designs/dnn/src/pe_update.sv:72$149.
  merging $macc model for $flatten\u_pe_array.\g_pe_row[3].g_pe_col[1].u_pe.$mul$/openlane/designs/dnn/src/pe_update.sv:62$146 into $flatten\u_pe_array.\g_pe_row[3].g_pe_col[1].u_pe.$add$/openlane/designs/dnn/src/pe_update.sv:72$149.
  merging $macc model for $flatten\u_pe_array.\g_pe_row[3].g_pe_col[0].u_pe.$mul$/openlane/designs/dnn/src/pe_update.sv:62$146 into $flatten\u_pe_array.\g_pe_row[3].g_pe_col[0].u_pe.$add$/openlane/designs/dnn/src/pe_update.sv:72$149.
  merging $macc model for $flatten\u_pe_array.\g_pe_row[2].g_pe_col[3].u_pe.$mul$/openlane/designs/dnn/src/pe_update.sv:62$146 into $flatten\u_pe_array.\g_pe_row[2].g_pe_col[3].u_pe.$add$/openlane/designs/dnn/src/pe_update.sv:72$149.
  merging $macc model for $flatten\u_pe_array.\g_pe_row[2].g_pe_col[2].u_pe.$mul$/openlane/designs/dnn/src/pe_update.sv:62$146 into $flatten\u_pe_array.\g_pe_row[2].g_pe_col[2].u_pe.$add$/openlane/designs/dnn/src/pe_update.sv:72$149.
  merging $macc model for $flatten\u_pe_array.\g_pe_row[2].g_pe_col[1].u_pe.$mul$/openlane/designs/dnn/src/pe_update.sv:62$146 into $flatten\u_pe_array.\g_pe_row[2].g_pe_col[1].u_pe.$add$/openlane/designs/dnn/src/pe_update.sv:72$149.
  merging $macc model for $flatten\u_pe_array.\g_pe_row[2].g_pe_col[0].u_pe.$mul$/openlane/designs/dnn/src/pe_update.sv:62$146 into $flatten\u_pe_array.\g_pe_row[2].g_pe_col[0].u_pe.$add$/openlane/designs/dnn/src/pe_update.sv:72$149.
  merging $macc model for $flatten\u_pe_array.\g_pe_row[1].g_pe_col[3].u_pe.$mul$/openlane/designs/dnn/src/pe_update.sv:62$146 into $flatten\u_pe_array.\g_pe_row[1].g_pe_col[3].u_pe.$add$/openlane/designs/dnn/src/pe_update.sv:72$149.
  merging $macc model for $flatten\u_pe_array.\g_pe_row[1].g_pe_col[2].u_pe.$mul$/openlane/designs/dnn/src/pe_update.sv:62$146 into $flatten\u_pe_array.\g_pe_row[1].g_pe_col[2].u_pe.$add$/openlane/designs/dnn/src/pe_update.sv:72$149.
  merging $macc model for $flatten\u_pe_array.\g_pe_row[1].g_pe_col[1].u_pe.$mul$/openlane/designs/dnn/src/pe_update.sv:62$146 into $flatten\u_pe_array.\g_pe_row[1].g_pe_col[1].u_pe.$add$/openlane/designs/dnn/src/pe_update.sv:72$149.
  merging $macc model for $flatten\u_pe_array.\g_pe_row[1].g_pe_col[0].u_pe.$mul$/openlane/designs/dnn/src/pe_update.sv:62$146 into $flatten\u_pe_array.\g_pe_row[1].g_pe_col[0].u_pe.$add$/openlane/designs/dnn/src/pe_update.sv:72$149.
  merging $macc model for $flatten\u_pe_array.\g_pe_row[0].g_pe_col[3].u_pe.$mul$/openlane/designs/dnn/src/pe_update.sv:62$146 into $flatten\u_pe_array.\g_pe_row[0].g_pe_col[3].u_pe.$add$/openlane/designs/dnn/src/pe_update.sv:72$149.
  merging $macc model for $flatten\u_pe_array.\g_pe_row[0].g_pe_col[2].u_pe.$mul$/openlane/designs/dnn/src/pe_update.sv:62$146 into $flatten\u_pe_array.\g_pe_row[0].g_pe_col[2].u_pe.$add$/openlane/designs/dnn/src/pe_update.sv:72$149.
  merging $macc model for $flatten\u_pe_array.\g_pe_row[0].g_pe_col[1].u_pe.$mul$/openlane/designs/dnn/src/pe_update.sv:62$146 into $flatten\u_pe_array.\g_pe_row[0].g_pe_col[1].u_pe.$add$/openlane/designs/dnn/src/pe_update.sv:72$149.
  merging $macc model for $flatten\u_pe_array.\g_pe_row[0].g_pe_col[0].u_pe.$mul$/openlane/designs/dnn/src/pe_update.sv:62$146 into $flatten\u_pe_array.\g_pe_row[0].g_pe_col[0].u_pe.$add$/openlane/designs/dnn/src/pe_update.sv:72$149.
  creating $alu model for $macc $flatten\u_pe_array.\u_fifo1.$add$/openlane/designs/dnn/src/fifo9.sv:36$174.
  creating $alu model for $macc $flatten\u_pe_array.\u_fifo1.$add$/openlane/designs/dnn/src/fifo9.sv:39$180.
  creating $alu model for $macc $flatten\u_pe_array.\u_fifo1.$add$/openlane/designs/dnn/src/fifo9.sv:42$187.
  creating $alu model for $macc $flatten\u_pe_array.\u_fifo1.$sub$/openlane/designs/dnn/src/fifo9.sv:43$188.
  creating $alu model for $macc $flatten\u_pe_array.\u_fifo2.$add$/openlane/designs/dnn/src/fifo9.sv:36$174.
  creating $alu model for $macc $flatten\u_pe_array.\u_fifo2.$add$/openlane/designs/dnn/src/fifo9.sv:39$180.
  creating $alu model for $macc $flatten\u_pe_array.\u_fifo2.$add$/openlane/designs/dnn/src/fifo9.sv:42$187.
  creating $alu model for $macc $flatten\u_pe_array.\u_fifo2.$sub$/openlane/designs/dnn/src/fifo9.sv:43$188.
  creating $alu model for $macc $flatten\u_fsm.$add$/openlane/designs/dnn/src/control.sv:82$16.
  creating $alu model for $macc $flatten\u_fsm.$add$/openlane/designs/dnn/src/control.sv:59$6.
  creating $alu model for $macc $flatten\u_fsm.$add$/openlane/designs/dnn/src/control.sv:125$24.
  creating $alu model for $macc $flatten\u_fsm.$add$/openlane/designs/dnn/src/control.sv:104$20.
  creating $macc cell for $flatten\u_pe_array.\g_pe_row[1].g_pe_col[3].u_pe.$add$/openlane/designs/dnn/src/pe_update.sv:72$149: $auto$alumacc.cc:365:replace_macc$1343
  creating $macc cell for $flatten\u_pe_array.\g_pe_row[1].g_pe_col[1].u_pe.$add$/openlane/designs/dnn/src/pe_update.sv:72$149: $auto$alumacc.cc:365:replace_macc$1344
  creating $macc cell for $flatten\u_pe_array.\g_pe_row[1].g_pe_col[2].u_pe.$add$/openlane/designs/dnn/src/pe_update.sv:72$149: $auto$alumacc.cc:365:replace_macc$1345
  creating $macc cell for $flatten\u_pe_array.\g_pe_row[1].g_pe_col[0].u_pe.$add$/openlane/designs/dnn/src/pe_update.sv:72$149: $auto$alumacc.cc:365:replace_macc$1346
  creating $macc cell for $flatten\u_pe_array.\g_pe_row[2].g_pe_col[0].u_pe.$add$/openlane/designs/dnn/src/pe_update.sv:72$149: $auto$alumacc.cc:365:replace_macc$1347
  creating $macc cell for $flatten\u_pe_array.\g_pe_row[0].g_pe_col[3].u_pe.$add$/openlane/designs/dnn/src/pe_update.sv:72$149: $auto$alumacc.cc:365:replace_macc$1348
  creating $macc cell for $flatten\u_pe_array.\g_pe_row[3].g_pe_col[0].u_pe.$add$/openlane/designs/dnn/src/pe_update.sv:72$149: $auto$alumacc.cc:365:replace_macc$1349
  creating $macc cell for $flatten\u_pe_array.\g_pe_row[0].g_pe_col[2].u_pe.$add$/openlane/designs/dnn/src/pe_update.sv:72$149: $auto$alumacc.cc:365:replace_macc$1350
  creating $macc cell for $flatten\u_pe_array.\g_pe_row[2].g_pe_col[1].u_pe.$add$/openlane/designs/dnn/src/pe_update.sv:72$149: $auto$alumacc.cc:365:replace_macc$1351
  creating $macc cell for $flatten\u_pe_array.\g_pe_row[0].g_pe_col[1].u_pe.$add$/openlane/designs/dnn/src/pe_update.sv:72$149: $auto$alumacc.cc:365:replace_macc$1352
  creating $macc cell for $flatten\u_pe_array.\g_pe_row[3].g_pe_col[3].u_pe.$add$/openlane/designs/dnn/src/pe_update.sv:72$149: $auto$alumacc.cc:365:replace_macc$1353
  creating $macc cell for $flatten\u_pe_array.\g_pe_row[0].g_pe_col[0].u_pe.$add$/openlane/designs/dnn/src/pe_update.sv:72$149: $auto$alumacc.cc:365:replace_macc$1354
  creating $macc cell for $flatten\u_pe_array.\g_pe_row[2].g_pe_col[2].u_pe.$add$/openlane/designs/dnn/src/pe_update.sv:72$149: $auto$alumacc.cc:365:replace_macc$1355
  creating $macc cell for $flatten\u_pe_array.\g_pe_row[3].g_pe_col[1].u_pe.$add$/openlane/designs/dnn/src/pe_update.sv:72$149: $auto$alumacc.cc:365:replace_macc$1356
  creating $macc cell for $flatten\u_pe_array.\g_pe_row[2].g_pe_col[3].u_pe.$add$/openlane/designs/dnn/src/pe_update.sv:72$149: $auto$alumacc.cc:365:replace_macc$1357
  creating $macc cell for $flatten\u_pe_array.\g_pe_row[3].g_pe_col[2].u_pe.$add$/openlane/designs/dnn/src/pe_update.sv:72$149: $auto$alumacc.cc:365:replace_macc$1358
  creating $alu model for $flatten\u_fsm.$lt$/openlane/designs/dnn/src/control.sv:163$31 ($lt): new $alu
  creating $alu cell for $flatten\u_fsm.$lt$/openlane/designs/dnn/src/control.sv:163$31: $auto$alumacc.cc:485:replace_alu$1360
  creating $alu cell for $flatten\u_fsm.$add$/openlane/designs/dnn/src/control.sv:104$20: $auto$alumacc.cc:485:replace_alu$1371
  creating $alu cell for $flatten\u_fsm.$add$/openlane/designs/dnn/src/control.sv:125$24: $auto$alumacc.cc:485:replace_alu$1374
  creating $alu cell for $flatten\u_fsm.$add$/openlane/designs/dnn/src/control.sv:59$6: $auto$alumacc.cc:485:replace_alu$1377
  creating $alu cell for $flatten\u_fsm.$add$/openlane/designs/dnn/src/control.sv:82$16: $auto$alumacc.cc:485:replace_alu$1380
  creating $alu cell for $flatten\u_pe_array.\u_fifo2.$sub$/openlane/designs/dnn/src/fifo9.sv:43$188: $auto$alumacc.cc:485:replace_alu$1383
  creating $alu cell for $flatten\u_pe_array.\u_fifo2.$add$/openlane/designs/dnn/src/fifo9.sv:42$187: $auto$alumacc.cc:485:replace_alu$1386
  creating $alu cell for $flatten\u_pe_array.\u_fifo2.$add$/openlane/designs/dnn/src/fifo9.sv:39$180: $auto$alumacc.cc:485:replace_alu$1389
  creating $alu cell for $flatten\u_pe_array.\u_fifo2.$add$/openlane/designs/dnn/src/fifo9.sv:36$174: $auto$alumacc.cc:485:replace_alu$1392
  creating $alu cell for $flatten\u_pe_array.\u_fifo1.$sub$/openlane/designs/dnn/src/fifo9.sv:43$188: $auto$alumacc.cc:485:replace_alu$1395
  creating $alu cell for $flatten\u_pe_array.\u_fifo1.$add$/openlane/designs/dnn/src/fifo9.sv:42$187: $auto$alumacc.cc:485:replace_alu$1398
  creating $alu cell for $flatten\u_pe_array.\u_fifo1.$add$/openlane/designs/dnn/src/fifo9.sv:39$180: $auto$alumacc.cc:485:replace_alu$1401
  creating $alu cell for $flatten\u_pe_array.\u_fifo1.$add$/openlane/designs/dnn/src/fifo9.sv:36$174: $auto$alumacc.cc:485:replace_alu$1404
  created 13 $alu and 16 $macc cells.

33. Executing SHARE pass (SAT-based resource sharing).
Found 16 cells in module top that may be considered for resource sharing.
  Analyzing resource sharing options for $flatten\u_pe_array.\g_pe_row[3].g_pe_col[3].u_pe.$mul$/openlane/designs/dnn/src/pe_update.sv:62$146 ($mul):
    Found cell that is never activated: $flatten\u_pe_array.\g_pe_row[3].g_pe_col[3].u_pe.$mul$/openlane/designs/dnn/src/pe_update.sv:62$146
    Cell is never active. Sharing is pointless, we simply remove it.
  Analyzing resource sharing options for $flatten\u_pe_array.\g_pe_row[3].g_pe_col[2].u_pe.$mul$/openlane/designs/dnn/src/pe_update.sv:62$146 ($mul):
    Found cell that is never activated: $flatten\u_pe_array.\g_pe_row[3].g_pe_col[2].u_pe.$mul$/openlane/designs/dnn/src/pe_update.sv:62$146
    Cell is never active. Sharing is pointless, we simply remove it.
  Analyzing resource sharing options for $flatten\u_pe_array.\g_pe_row[3].g_pe_col[1].u_pe.$mul$/openlane/designs/dnn/src/pe_update.sv:62$146 ($mul):
    Found cell that is never activated: $flatten\u_pe_array.\g_pe_row[3].g_pe_col[1].u_pe.$mul$/openlane/designs/dnn/src/pe_update.sv:62$146
    Cell is never active. Sharing is pointless, we simply remove it.
  Analyzing resource sharing options for $flatten\u_pe_array.\g_pe_row[3].g_pe_col[0].u_pe.$mul$/openlane/designs/dnn/src/pe_update.sv:62$146 ($mul):
    Found cell that is never activated: $flatten\u_pe_array.\g_pe_row[3].g_pe_col[0].u_pe.$mul$/openlane/designs/dnn/src/pe_update.sv:62$146
    Cell is never active. Sharing is pointless, we simply remove it.
  Analyzing resource sharing options for $flatten\u_pe_array.\g_pe_row[2].g_pe_col[3].u_pe.$mul$/openlane/designs/dnn/src/pe_update.sv:62$146 ($mul):
    Found cell that is never activated: $flatten\u_pe_array.\g_pe_row[2].g_pe_col[3].u_pe.$mul$/openlane/designs/dnn/src/pe_update.sv:62$146
    Cell is never active. Sharing is pointless, we simply remove it.
  Analyzing resource sharing options for $flatten\u_pe_array.\g_pe_row[2].g_pe_col[2].u_pe.$mul$/openlane/designs/dnn/src/pe_update.sv:62$146 ($mul):
    Found cell that is never activated: $flatten\u_pe_array.\g_pe_row[2].g_pe_col[2].u_pe.$mul$/openlane/designs/dnn/src/pe_update.sv:62$146
    Cell is never active. Sharing is pointless, we simply remove it.
  Analyzing resource sharing options for $flatten\u_pe_array.\g_pe_row[2].g_pe_col[1].u_pe.$mul$/openlane/designs/dnn/src/pe_update.sv:62$146 ($mul):
    Found cell that is never activated: $flatten\u_pe_array.\g_pe_row[2].g_pe_col[1].u_pe.$mul$/openlane/designs/dnn/src/pe_update.sv:62$146
    Cell is never active. Sharing is pointless, we simply remove it.
  Analyzing resource sharing options for $flatten\u_pe_array.\g_pe_row[2].g_pe_col[0].u_pe.$mul$/openlane/designs/dnn/src/pe_update.sv:62$146 ($mul):
    Found cell that is never activated: $flatten\u_pe_array.\g_pe_row[2].g_pe_col[0].u_pe.$mul$/openlane/designs/dnn/src/pe_update.sv:62$146
    Cell is never active. Sharing is pointless, we simply remove it.
  Analyzing resource sharing options for $flatten\u_pe_array.\g_pe_row[1].g_pe_col[3].u_pe.$mul$/openlane/designs/dnn/src/pe_update.sv:62$146 ($mul):
    Found cell that is never activated: $flatten\u_pe_array.\g_pe_row[1].g_pe_col[3].u_pe.$mul$/openlane/designs/dnn/src/pe_update.sv:62$146
    Cell is never active. Sharing is pointless, we simply remove it.
  Analyzing resource sharing options for $flatten\u_pe_array.\g_pe_row[1].g_pe_col[2].u_pe.$mul$/openlane/designs/dnn/src/pe_update.sv:62$146 ($mul):
    Found cell that is never activated: $flatten\u_pe_array.\g_pe_row[1].g_pe_col[2].u_pe.$mul$/openlane/designs/dnn/src/pe_update.sv:62$146
    Cell is never active. Sharing is pointless, we simply remove it.
  Analyzing resource sharing options for $flatten\u_pe_array.\g_pe_row[1].g_pe_col[1].u_pe.$mul$/openlane/designs/dnn/src/pe_update.sv:62$146 ($mul):
    Found cell that is never activated: $flatten\u_pe_array.\g_pe_row[1].g_pe_col[1].u_pe.$mul$/openlane/designs/dnn/src/pe_update.sv:62$146
    Cell is never active. Sharing is pointless, we simply remove it.
  Analyzing resource sharing options for $flatten\u_pe_array.\g_pe_row[1].g_pe_col[0].u_pe.$mul$/openlane/designs/dnn/src/pe_update.sv:62$146 ($mul):
    Found cell that is never activated: $flatten\u_pe_array.\g_pe_row[1].g_pe_col[0].u_pe.$mul$/openlane/designs/dnn/src/pe_update.sv:62$146
    Cell is never active. Sharing is pointless, we simply remove it.
  Analyzing resource sharing options for $flatten\u_pe_array.\g_pe_row[0].g_pe_col[3].u_pe.$mul$/openlane/designs/dnn/src/pe_update.sv:62$146 ($mul):
    Found cell that is never activated: $flatten\u_pe_array.\g_pe_row[0].g_pe_col[3].u_pe.$mul$/openlane/designs/dnn/src/pe_update.sv:62$146
    Cell is never active. Sharing is pointless, we simply remove it.
  Analyzing resource sharing options for $flatten\u_pe_array.\g_pe_row[0].g_pe_col[2].u_pe.$mul$/openlane/designs/dnn/src/pe_update.sv:62$146 ($mul):
    Found cell that is never activated: $flatten\u_pe_array.\g_pe_row[0].g_pe_col[2].u_pe.$mul$/openlane/designs/dnn/src/pe_update.sv:62$146
    Cell is never active. Sharing is pointless, we simply remove it.
  Analyzing resource sharing options for $flatten\u_pe_array.\g_pe_row[0].g_pe_col[1].u_pe.$mul$/openlane/designs/dnn/src/pe_update.sv:62$146 ($mul):
    Found cell that is never activated: $flatten\u_pe_array.\g_pe_row[0].g_pe_col[1].u_pe.$mul$/openlane/designs/dnn/src/pe_update.sv:62$146
    Cell is never active. Sharing is pointless, we simply remove it.
  Analyzing resource sharing options for $flatten\u_pe_array.\g_pe_row[0].g_pe_col[0].u_pe.$mul$/openlane/designs/dnn/src/pe_update.sv:62$146 ($mul):
    Found cell that is never activated: $flatten\u_pe_array.\g_pe_row[0].g_pe_col[0].u_pe.$mul$/openlane/designs/dnn/src/pe_update.sv:62$146
    Cell is never active. Sharing is pointless, we simply remove it.
Removing 16 cells in module top:
  Removing cell $flatten\u_pe_array.\g_pe_row[0].g_pe_col[0].u_pe.$mul$/openlane/designs/dnn/src/pe_update.sv:62$146 ($mul).
  Removing cell $flatten\u_pe_array.\g_pe_row[0].g_pe_col[1].u_pe.$mul$/openlane/designs/dnn/src/pe_update.sv:62$146 ($mul).
  Removing cell $flatten\u_pe_array.\g_pe_row[0].g_pe_col[2].u_pe.$mul$/openlane/designs/dnn/src/pe_update.sv:62$146 ($mul).
  Removing cell $flatten\u_pe_array.\g_pe_row[0].g_pe_col[3].u_pe.$mul$/openlane/designs/dnn/src/pe_update.sv:62$146 ($mul).
  Removing cell $flatten\u_pe_array.\g_pe_row[1].g_pe_col[0].u_pe.$mul$/openlane/designs/dnn/src/pe_update.sv:62$146 ($mul).
  Removing cell $flatten\u_pe_array.\g_pe_row[1].g_pe_col[1].u_pe.$mul$/openlane/designs/dnn/src/pe_update.sv:62$146 ($mul).
  Removing cell $flatten\u_pe_array.\g_pe_row[1].g_pe_col[2].u_pe.$mul$/openlane/designs/dnn/src/pe_update.sv:62$146 ($mul).
  Removing cell $flatten\u_pe_array.\g_pe_row[1].g_pe_col[3].u_pe.$mul$/openlane/designs/dnn/src/pe_update.sv:62$146 ($mul).
  Removing cell $flatten\u_pe_array.\g_pe_row[2].g_pe_col[0].u_pe.$mul$/openlane/designs/dnn/src/pe_update.sv:62$146 ($mul).
  Removing cell $flatten\u_pe_array.\g_pe_row[2].g_pe_col[1].u_pe.$mul$/openlane/designs/dnn/src/pe_update.sv:62$146 ($mul).
  Removing cell $flatten\u_pe_array.\g_pe_row[2].g_pe_col[2].u_pe.$mul$/openlane/designs/dnn/src/pe_update.sv:62$146 ($mul).
  Removing cell $flatten\u_pe_array.\g_pe_row[2].g_pe_col[3].u_pe.$mul$/openlane/designs/dnn/src/pe_update.sv:62$146 ($mul).
  Removing cell $flatten\u_pe_array.\g_pe_row[3].g_pe_col[0].u_pe.$mul$/openlane/designs/dnn/src/pe_update.sv:62$146 ($mul).
  Removing cell $flatten\u_pe_array.\g_pe_row[3].g_pe_col[1].u_pe.$mul$/openlane/designs/dnn/src/pe_update.sv:62$146 ($mul).
  Removing cell $flatten\u_pe_array.\g_pe_row[3].g_pe_col[2].u_pe.$mul$/openlane/designs/dnn/src/pe_update.sv:62$146 ($mul).
  Removing cell $flatten\u_pe_array.\g_pe_row[3].g_pe_col[3].u_pe.$mul$/openlane/designs/dnn/src/pe_update.sv:62$146 ($mul).

34. Executing OPT pass (performing simple optimizations).

34.1. Executing OPT_EXPR pass (perform const folding).
Optimizing module top.
<suppressed ~16 debug messages>

34.2. Executing OPT_MERGE pass (detect identical cells).
Finding identical cells in module `\top'.
Removed a total of 0 cells.

34.3. Executing OPT_MUXTREE pass (detect dead branches in mux trees).
Running muxtree optimizer on module \top..
  Creating internal representation of mux trees.
  Evaluating internal representation of mux trees.
  Analyzing evaluation results.
    dead port 1/4 on $pmux $flatten\u_pe_array.\g_pe_row[1].g_pe_col[1].u_pe.$procmux$620.
    dead port 1/4 on $pmux $flatten\u_pe_array.\g_pe_row[1].g_pe_col[3].u_pe.$procmux$620.
    dead port 1/4 on $pmux $flatten\u_pe_array.\g_pe_row[3].g_pe_col[1].u_pe.$procmux$620.
    dead port 1/4 on $pmux $flatten\u_pe_array.\g_pe_row[3].g_pe_col[3].u_pe.$procmux$620.
Removed 4 multiplexer ports.
<suppressed ~81 debug messages>

34.4. Executing OPT_REDUCE pass (consolidate $*mux and $reduce_* inputs).
  Optimizing cells in module \top.
Performed a total of 0 changes.

34.5. Executing OPT_MERGE pass (detect identical cells).
Finding identical cells in module `\top'.
<suppressed ~6 debug messages>
Removed a total of 2 cells.

34.6. Executing OPT_DFF pass (perform DFF optimizations).

34.7. Executing OPT_CLEAN pass (remove unused cells and wires).
Finding unused cells or wires in module \top..
Removed 0 unused cells and 13 unused wires.
<suppressed ~1 debug messages>

34.8. Executing OPT_EXPR pass (perform const folding).
Optimizing module top.

34.9. Rerunning OPT passes. (Maybe there is more to do..)

34.10. Executing OPT_MUXTREE pass (detect dead branches in mux trees).
Running muxtree optimizer on module \top..
  Creating internal representation of mux trees.
  Evaluating internal representation of mux trees.
  Analyzing evaluation results.
Removed 0 multiplexer ports.
<suppressed ~80 debug messages>

34.11. Executing OPT_REDUCE pass (consolidate $*mux and $reduce_* inputs).
  Optimizing cells in module \top.
Performed a total of 0 changes.

34.12. Executing OPT_MERGE pass (detect identical cells).
Finding identical cells in module `\top'.
Removed a total of 0 cells.

34.13. Executing OPT_DFF pass (perform DFF optimizations).

34.14. Executing OPT_CLEAN pass (remove unused cells and wires).
Finding unused cells or wires in module \top..

34.15. Executing OPT_EXPR pass (perform const folding).
Optimizing module top.

34.16. Finished OPT passes. (There is nothing left to do.)

35. Executing MEMORY pass.

35.1. Executing OPT_MEM pass (optimize memories).
Performed a total of 0 transformations.

35.2. Executing OPT_MEM_PRIORITY pass (removing unnecessary memory write priority relations).
Performed a total of 0 transformations.

35.3. Executing OPT_MEM_FEEDBACK pass (finding memory read-to-write feedback paths).

35.4. Executing MEMORY_BMUX2ROM pass (converting muxes to ROMs).

35.5. Executing MEMORY_DFF pass (merging $dff cells to $memrd).

35.6. Executing OPT_CLEAN pass (remove unused cells and wires).
Finding unused cells or wires in module \top..

35.7. Executing MEMORY_SHARE pass (consolidating $memrd/$memwr cells).

35.8. Executing OPT_MEM_WIDEN pass (optimize memories where all ports are wide).
Performed a total of 0 transformations.

35.9. Executing OPT_CLEAN pass (remove unused cells and wires).
Finding unused cells or wires in module \top..

35.10. Executing MEMORY_COLLECT pass (generating $mem cells).

36. Executing OPT_CLEAN pass (remove unused cells and wires).
Finding unused cells or wires in module \top..

37. Executing OPT pass (performing simple optimizations).

37.1. Executing OPT_EXPR pass (perform const folding).
Optimizing module top.
<suppressed ~134 debug messages>

37.2. Executing OPT_MERGE pass (detect identical cells).
Finding identical cells in module `\top'.
<suppressed ~12 debug messages>
Removed a total of 4 cells.

37.3. Executing OPT_DFF pass (perform DFF optimizations).
Setting constant 0-bit at position 0 on $auto$ff.cc:266:slice$1093 ($adffe) from module top.
Setting constant 0-bit at position 1 on $auto$ff.cc:266:slice$1093 ($adffe) from module top.
Setting constant 0-bit at position 2 on $auto$ff.cc:266:slice$1093 ($adffe) from module top.
Setting constant 0-bit at position 3 on $auto$ff.cc:266:slice$1093 ($adffe) from module top.
Setting constant 0-bit at position 4 on $auto$ff.cc:266:slice$1093 ($adffe) from module top.
Setting constant 0-bit at position 5 on $auto$ff.cc:266:slice$1093 ($adffe) from module top.
Setting constant 0-bit at position 6 on $auto$ff.cc:266:slice$1093 ($adffe) from module top.
Setting constant 0-bit at position 7 on $auto$ff.cc:266:slice$1093 ($adffe) from module top.
Setting constant 0-bit at position 8 on $auto$ff.cc:266:slice$1093 ($adffe) from module top.
Setting constant 0-bit at position 9 on $auto$ff.cc:266:slice$1093 ($adffe) from module top.
Setting constant 0-bit at position 10 on $auto$ff.cc:266:slice$1093 ($adffe) from module top.
Setting constant 0-bit at position 11 on $auto$ff.cc:266:slice$1093 ($adffe) from module top.
Setting constant 0-bit at position 12 on $auto$ff.cc:266:slice$1093 ($adffe) from module top.

37.4. Executing OPT_CLEAN pass (remove unused cells and wires).
Finding unused cells or wires in module \top..
Removed 12 unused cells and 89 unused wires.
<suppressed ~32 debug messages>

37.5. Rerunning OPT passes. (Removed registers in this run.)

37.6. Executing OPT_EXPR pass (perform const folding).
Optimizing module top.
<suppressed ~2 debug messages>

37.7. Executing OPT_MERGE pass (detect identical cells).
Finding identical cells in module `\top'.
Removed a total of 0 cells.

37.8. Executing OPT_DFF pass (perform DFF optimizations).

37.9. Executing OPT_CLEAN pass (remove unused cells and wires).
Finding unused cells or wires in module \top..

37.10. Finished fast OPT passes.

38. Executing MEMORY_MAP pass (converting memories to logic and flip-flops).

39. Executing OPT pass (performing simple optimizations).

39.1. Executing OPT_EXPR pass (perform const folding).
Optimizing module top.

39.2. Executing OPT_MERGE pass (detect identical cells).
Finding identical cells in module `\top'.
Removed a total of 0 cells.

39.3. Executing OPT_MUXTREE pass (detect dead branches in mux trees).
Running muxtree optimizer on module \top..
  Creating internal representation of mux trees.
  Evaluating internal representation of mux trees.
  Analyzing evaluation results.
Removed 0 multiplexer ports.
<suppressed ~62 debug messages>

39.4. Executing OPT_REDUCE pass (consolidate $*mux and $reduce_* inputs).
  Optimizing cells in module \top.
    Consolidated identical input bits for $mux cell $flatten\u_fsm.$procmux$870:
      Old ports: A={ 1'1 $auto$wreduce.cc:455:run$1330 [1:0] }, B=3'111, Y=$flatten\u_fsm.$6\next_state[2:0]
      New ports: A=$auto$wreduce.cc:455:run$1330 [1:0], B=2'11, Y=$flatten\u_fsm.$6\next_state[2:0] [1:0]
      New connections: $flatten\u_fsm.$6\next_state[2:0] [2] = 1'1
    Consolidated identical input bits for $mux cell $flatten\u_pe_array.\g_pe_row[0].g_pe_col[0].u_pe.$procmux$569:
      Old ports: A={ 7'0000000 \u_pe_array.g_pe_row[0].g_pe_col[1].u_pe.act_to_left [5:0] }, B=\u_pe_array.g_pe_row[0].g_pe_col[1].u_pe.act_to_left, Y=$flatten\u_pe_array.\g_pe_row[0].g_pe_col[0].u_pe.$procmux$569_Y
      New ports: A=7'0000000, B=\u_pe_array.g_pe_row[0].g_pe_col[1].u_pe.act_to_left [12:6], Y=$flatten\u_pe_array.\g_pe_row[0].g_pe_col[0].u_pe.$procmux$569_Y [12:6]
      New connections: $flatten\u_pe_array.\g_pe_row[0].g_pe_col[0].u_pe.$procmux$569_Y [5:0] = \u_pe_array.g_pe_row[0].g_pe_col[1].u_pe.act_to_left [5:0]
    Consolidated identical input bits for $mux cell $flatten\u_pe_array.\g_pe_row[0].g_pe_col[1].u_pe.$procmux$569:
      Old ports: A={ 7'0000000 \u_pe_array.g_pe_row[1].g_pe_col[1].u_pe.act_to_up [5:0] }, B=\u_pe_array.g_pe_row[1].g_pe_col[1].u_pe.act_to_up, Y=$flatten\u_pe_array.\g_pe_row[0].g_pe_col[1].u_pe.$procmux$569_Y
      New ports: A=7'0000000, B=\u_pe_array.g_pe_row[1].g_pe_col[1].u_pe.act_to_up [12:6], Y=$flatten\u_pe_array.\g_pe_row[0].g_pe_col[1].u_pe.$procmux$569_Y [12:6]
      New connections: $flatten\u_pe_array.\g_pe_row[0].g_pe_col[1].u_pe.$procmux$569_Y [5:0] = \u_pe_array.g_pe_row[1].g_pe_col[1].u_pe.act_to_up [5:0]
    Consolidated identical input bits for $mux cell $flatten\u_pe_array.\g_pe_row[0].g_pe_col[2].u_pe.$procmux$569:
      Old ports: A={ 7'0000000 \u_pe_array.g_pe_row[0].g_pe_col[3].u_pe.act_to_left [5:0] }, B=\u_pe_array.g_pe_row[0].g_pe_col[3].u_pe.act_to_left, Y=$flatten\u_pe_array.\g_pe_row[0].g_pe_col[2].u_pe.$procmux$569_Y
      New ports: A=7'0000000, B=\u_pe_array.g_pe_row[0].g_pe_col[3].u_pe.act_to_left [12:6], Y=$flatten\u_pe_array.\g_pe_row[0].g_pe_col[2].u_pe.$procmux$569_Y [12:6]
      New connections: $flatten\u_pe_array.\g_pe_row[0].g_pe_col[2].u_pe.$procmux$569_Y [5:0] = \u_pe_array.g_pe_row[0].g_pe_col[3].u_pe.act_to_left [5:0]
    Consolidated identical input bits for $mux cell $flatten\u_pe_array.\g_pe_row[0].g_pe_col[3].u_pe.$procmux$569:
      Old ports: A={ 7'0000000 \u_pe_array.g_pe_row[1].g_pe_col[3].u_pe.act_to_up [5:0] }, B=\u_pe_array.g_pe_row[1].g_pe_col[3].u_pe.act_to_up, Y=$flatten\u_pe_array.\g_pe_row[0].g_pe_col[3].u_pe.$procmux$569_Y
      New ports: A=7'0000000, B=\u_pe_array.g_pe_row[1].g_pe_col[3].u_pe.act_to_up [12:6], Y=$flatten\u_pe_array.\g_pe_row[0].g_pe_col[3].u_pe.$procmux$569_Y [12:6]
      New connections: $flatten\u_pe_array.\g_pe_row[0].g_pe_col[3].u_pe.$procmux$569_Y [5:0] = \u_pe_array.g_pe_row[1].g_pe_col[3].u_pe.act_to_up [5:0]
    Consolidated identical input bits for $mux cell $flatten\u_pe_array.\g_pe_row[1].g_pe_col[0].u_pe.$procmux$569:
      Old ports: A={ 7'0000000 \u_pe_array.g_pe_row[1].g_pe_col[0].u_pe.incoming [5:0] }, B=\u_pe_array.g_pe_row[1].g_pe_col[0].u_pe.incoming, Y=$flatten\u_pe_array.\g_pe_row[1].g_pe_col[0].u_pe.$procmux$569_Y
      New ports: A=7'0000000, B=\u_pe_array.g_pe_row[1].g_pe_col[0].u_pe.incoming [12:6], Y=$flatten\u_pe_array.\g_pe_row[1].g_pe_col[0].u_pe.$procmux$569_Y [12:6]
      New connections: $flatten\u_pe_array.\g_pe_row[1].g_pe_col[0].u_pe.$procmux$569_Y [5:0] = \u_pe_array.g_pe_row[1].g_pe_col[0].u_pe.incoming [5:0]
    Consolidated identical input bits for $mux cell $flatten\u_pe_array.\g_pe_row[1].g_pe_col[1].u_pe.$procmux$569:
      Old ports: A={ 7'0000000 \u_pe_array.g_pe_row[1].g_pe_col[1].u_pe.incoming [5:0] }, B=\u_pe_array.g_pe_row[1].g_pe_col[1].u_pe.incoming, Y=$flatten\u_pe_array.\g_pe_row[1].g_pe_col[1].u_pe.$procmux$569_Y
      New ports: A=7'0000000, B=\u_pe_array.g_pe_row[1].g_pe_col[1].u_pe.incoming [12:6], Y=$flatten\u_pe_array.\g_pe_row[1].g_pe_col[1].u_pe.$procmux$569_Y [12:6]
      New connections: $flatten\u_pe_array.\g_pe_row[1].g_pe_col[1].u_pe.$procmux$569_Y [5:0] = \u_pe_array.g_pe_row[1].g_pe_col[1].u_pe.incoming [5:0]
    Consolidated identical input bits for $mux cell $flatten\u_pe_array.\g_pe_row[1].g_pe_col[2].u_pe.$procmux$569:
      Old ports: A={ 7'0000000 \u_pe_array.g_pe_row[1].g_pe_col[2].u_pe.incoming [5:0] }, B=\u_pe_array.g_pe_row[1].g_pe_col[2].u_pe.incoming, Y=$flatten\u_pe_array.\g_pe_row[1].g_pe_col[2].u_pe.$procmux$569_Y
      New ports: A=7'0000000, B=\u_pe_array.g_pe_row[1].g_pe_col[2].u_pe.incoming [12:6], Y=$flatten\u_pe_array.\g_pe_row[1].g_pe_col[2].u_pe.$procmux$569_Y [12:6]
      New connections: $flatten\u_pe_array.\g_pe_row[1].g_pe_col[2].u_pe.$procmux$569_Y [5:0] = \u_pe_array.g_pe_row[1].g_pe_col[2].u_pe.incoming [5:0]
    Consolidated identical input bits for $mux cell $flatten\u_pe_array.\g_pe_row[1].g_pe_col[3].u_pe.$procmux$569:
      Old ports: A={ 7'0000000 \u_pe_array.g_pe_row[1].g_pe_col[3].u_pe.incoming [5:0] }, B=\u_pe_array.g_pe_row[1].g_pe_col[3].u_pe.incoming, Y=$flatten\u_pe_array.\g_pe_row[1].g_pe_col[3].u_pe.$procmux$569_Y
      New ports: A=7'0000000, B=\u_pe_array.g_pe_row[1].g_pe_col[3].u_pe.incoming [12:6], Y=$flatten\u_pe_array.\g_pe_row[1].g_pe_col[3].u_pe.$procmux$569_Y [12:6]
      New connections: $flatten\u_pe_array.\g_pe_row[1].g_pe_col[3].u_pe.$procmux$569_Y [5:0] = \u_pe_array.g_pe_row[1].g_pe_col[3].u_pe.incoming [5:0]
    Consolidated identical input bits for $mux cell $flatten\u_pe_array.\g_pe_row[2].g_pe_col[0].u_pe.$procmux$569:
      Old ports: A={ 7'0000000 \u_pe_array.g_pe_row[2].g_pe_col[1].u_pe.act_to_left [5:0] }, B=\u_pe_array.g_pe_row[2].g_pe_col[1].u_pe.act_to_left, Y=$flatten\u_pe_array.\g_pe_row[2].g_pe_col[0].u_pe.$procmux$569_Y
      New ports: A=7'0000000, B=\u_pe_array.g_pe_row[2].g_pe_col[1].u_pe.act_to_left [12:6], Y=$flatten\u_pe_array.\g_pe_row[2].g_pe_col[0].u_pe.$procmux$569_Y [12:6]
      New connections: $flatten\u_pe_array.\g_pe_row[2].g_pe_col[0].u_pe.$procmux$569_Y [5:0] = \u_pe_array.g_pe_row[2].g_pe_col[1].u_pe.act_to_left [5:0]
    Consolidated identical input bits for $mux cell $flatten\u_pe_array.\g_pe_row[2].g_pe_col[1].u_pe.$procmux$569:
      Old ports: A={ 7'0000000 \u_pe_array.g_pe_row[3].g_pe_col[1].u_pe.act_to_up [5:0] }, B=\u_pe_array.g_pe_row[3].g_pe_col[1].u_pe.act_to_up, Y=$flatten\u_pe_array.\g_pe_row[2].g_pe_col[1].u_pe.$procmux$569_Y
      New ports: A=7'0000000, B=\u_pe_array.g_pe_row[3].g_pe_col[1].u_pe.act_to_up [12:6], Y=$flatten\u_pe_array.\g_pe_row[2].g_pe_col[1].u_pe.$procmux$569_Y [12:6]
      New connections: $flatten\u_pe_array.\g_pe_row[2].g_pe_col[1].u_pe.$procmux$569_Y [5:0] = \u_pe_array.g_pe_row[3].g_pe_col[1].u_pe.act_to_up [5:0]
    Consolidated identical input bits for $mux cell $flatten\u_pe_array.\g_pe_row[2].g_pe_col[2].u_pe.$procmux$569:
      Old ports: A={ 7'0000000 \u_pe_array.g_pe_row[2].g_pe_col[3].u_pe.act_to_left [5:0] }, B=\u_pe_array.g_pe_row[2].g_pe_col[3].u_pe.act_to_left, Y=$flatten\u_pe_array.\g_pe_row[2].g_pe_col[2].u_pe.$procmux$569_Y
      New ports: A=7'0000000, B=\u_pe_array.g_pe_row[2].g_pe_col[3].u_pe.act_to_left [12:6], Y=$flatten\u_pe_array.\g_pe_row[2].g_pe_col[2].u_pe.$procmux$569_Y [12:6]
      New connections: $flatten\u_pe_array.\g_pe_row[2].g_pe_col[2].u_pe.$procmux$569_Y [5:0] = \u_pe_array.g_pe_row[2].g_pe_col[3].u_pe.act_to_left [5:0]
    Consolidated identical input bits for $mux cell $flatten\u_pe_array.\g_pe_row[2].g_pe_col[3].u_pe.$procmux$569:
      Old ports: A={ 7'0000000 \u_pe_array.g_pe_row[3].g_pe_col[3].u_pe.act_to_up [5:0] }, B=\u_pe_array.g_pe_row[3].g_pe_col[3].u_pe.act_to_up, Y=$flatten\u_pe_array.\g_pe_row[2].g_pe_col[3].u_pe.$procmux$569_Y
      New ports: A=7'0000000, B=\u_pe_array.g_pe_row[3].g_pe_col[3].u_pe.act_to_up [12:6], Y=$flatten\u_pe_array.\g_pe_row[2].g_pe_col[3].u_pe.$procmux$569_Y [12:6]
      New connections: $flatten\u_pe_array.\g_pe_row[2].g_pe_col[3].u_pe.$procmux$569_Y [5:0] = \u_pe_array.g_pe_row[3].g_pe_col[3].u_pe.act_to_up [5:0]
    Consolidated identical input bits for $mux cell $flatten\u_pe_array.\g_pe_row[3].g_pe_col[0].u_pe.$procmux$569:
      Old ports: A={ 7'0000000 \u_pe_array.g_pe_row[3].g_pe_col[0].u_pe.incoming [5:0] }, B=\u_pe_array.g_pe_row[3].g_pe_col[0].u_pe.incoming, Y=$flatten\u_pe_array.\g_pe_row[3].g_pe_col[0].u_pe.$procmux$569_Y
      New ports: A=7'0000000, B=\u_pe_array.g_pe_row[3].g_pe_col[0].u_pe.incoming [12:6], Y=$flatten\u_pe_array.\g_pe_row[3].g_pe_col[0].u_pe.$procmux$569_Y [12:6]
      New connections: $flatten\u_pe_array.\g_pe_row[3].g_pe_col[0].u_pe.$procmux$569_Y [5:0] = \u_pe_array.g_pe_row[3].g_pe_col[0].u_pe.incoming [5:0]
    Consolidated identical input bits for $mux cell $flatten\u_pe_array.\g_pe_row[3].g_pe_col[1].u_pe.$procmux$569:
      Old ports: A={ 7'0000000 \u_pe_array.g_pe_row[3].g_pe_col[1].u_pe.incoming [5:0] }, B=\u_pe_array.g_pe_row[3].g_pe_col[1].u_pe.incoming, Y=$flatten\u_pe_array.\g_pe_row[3].g_pe_col[1].u_pe.$procmux$569_Y
      New ports: A=7'0000000, B=\u_pe_array.g_pe_row[3].g_pe_col[1].u_pe.incoming [12:6], Y=$flatten\u_pe_array.\g_pe_row[3].g_pe_col[1].u_pe.$procmux$569_Y [12:6]
      New connections: $flatten\u_pe_array.\g_pe_row[3].g_pe_col[1].u_pe.$procmux$569_Y [5:0] = \u_pe_array.g_pe_row[3].g_pe_col[1].u_pe.incoming [5:0]
    Consolidated identical input bits for $mux cell $flatten\u_pe_array.\g_pe_row[3].g_pe_col[2].u_pe.$procmux$569:
      Old ports: A={ 7'0000000 \u_pe_array.g_pe_row[3].g_pe_col[2].u_pe.incoming [5:0] }, B=\u_pe_array.g_pe_row[3].g_pe_col[2].u_pe.incoming, Y=$flatten\u_pe_array.\g_pe_row[3].g_pe_col[2].u_pe.$procmux$569_Y
      New ports: A=7'0000000, B=\u_pe_array.g_pe_row[3].g_pe_col[2].u_pe.incoming [12:6], Y=$flatten\u_pe_array.\g_pe_row[3].g_pe_col[2].u_pe.$procmux$569_Y [12:6]
      New connections: $flatten\u_pe_array.\g_pe_row[3].g_pe_col[2].u_pe.$procmux$569_Y [5:0] = \u_pe_array.g_pe_row[3].g_pe_col[2].u_pe.incoming [5:0]
    Consolidated identical input bits for $mux cell $flatten\u_pe_array.\g_pe_row[3].g_pe_col[3].u_pe.$procmux$569:
      Old ports: A={ 7'0000000 \u_pe_array.g_pe_row[3].g_pe_col[3].u_pe.incoming [5:0] }, B=\u_pe_array.g_pe_row[3].g_pe_col[3].u_pe.incoming, Y=$flatten\u_pe_array.\g_pe_row[3].g_pe_col[3].u_pe.$procmux$569_Y
      New ports: A=7'0000000, B=\u_pe_array.g_pe_row[3].g_pe_col[3].u_pe.incoming [12:6], Y=$flatten\u_pe_array.\g_pe_row[3].g_pe_col[3].u_pe.$procmux$569_Y [12:6]
      New connections: $flatten\u_pe_array.\g_pe_row[3].g_pe_col[3].u_pe.$procmux$569_Y [5:0] = \u_pe_array.g_pe_row[3].g_pe_col[3].u_pe.incoming [5:0]
  Optimizing cells in module \top.
Performed a total of 17 changes.

39.5. Executing OPT_MERGE pass (detect identical cells).
Finding identical cells in module `\top'.
Removed a total of 0 cells.

39.6. Executing OPT_SHARE pass.
    Found cells that share an operand and can be merged by moving the $mux $flatten\u_pe_array.\u_fifo1.$procmux$723 in front of them:
        $auto$alumacc.cc:485:replace_alu$1395
        $auto$alumacc.cc:485:replace_alu$1398

    Found cells that share an operand and can be merged by moving the $mux $flatten\u_pe_array.\u_fifo2.$procmux$723 in front of them:
        $auto$alumacc.cc:485:replace_alu$1383
        $auto$alumacc.cc:485:replace_alu$1386

39.7. Executing OPT_DFF pass (perform DFF optimizations).

39.8. Executing OPT_CLEAN pass (remove unused cells and wires).
Finding unused cells or wires in module \top..
Removed 0 unused cells and 12 unused wires.
<suppressed ~1 debug messages>

39.9. Executing OPT_EXPR pass (perform const folding).
Optimizing module top.
<suppressed ~4 debug messages>

39.10. Rerunning OPT passes. (Maybe there is more to do..)

39.11. Executing OPT_MUXTREE pass (detect dead branches in mux trees).
Running muxtree optimizer on module \top..
  Creating internal representation of mux trees.
  Evaluating internal representation of mux trees.
  Analyzing evaluation results.
Removed 0 multiplexer ports.
<suppressed ~70 debug messages>

39.12. Executing OPT_REDUCE pass (consolidate $*mux and $reduce_* inputs).
  Optimizing cells in module \top.
    Consolidated identical input bits for $mux cell $auto$opt_share.cc:241:merge_operators$1410:
      Old ports: A=4'1111, B=4'0001, Y=$auto$rtlil.cc:2496:Mux$1411
      New ports: A=1'1, B=1'0, Y=$auto$rtlil.cc:2496:Mux$1411 [1]
      New connections: { $auto$rtlil.cc:2496:Mux$1411 [3:2] $auto$rtlil.cc:2496:Mux$1411 [0] } = { $auto$rtlil.cc:2496:Mux$1411 [1] $auto$rtlil.cc:2496:Mux$1411 [1] 1'1 }
    Consolidated identical input bits for $mux cell $auto$opt_share.cc:241:merge_operators$1417:
      Old ports: A=4'1111, B=4'0001, Y=$auto$rtlil.cc:2496:Mux$1418
      New ports: A=1'1, B=1'0, Y=$auto$rtlil.cc:2496:Mux$1418 [1]
      New connections: { $auto$rtlil.cc:2496:Mux$1418 [3:2] $auto$rtlil.cc:2496:Mux$1418 [0] } = { $auto$rtlil.cc:2496:Mux$1418 [1] $auto$rtlil.cc:2496:Mux$1418 [1] 1'1 }
  Optimizing cells in module \top.
Performed a total of 2 changes.

39.13. Executing OPT_MERGE pass (detect identical cells).
Finding identical cells in module `\top'.
Removed a total of 0 cells.

39.14. Executing OPT_SHARE pass.

39.15. Executing OPT_DFF pass (perform DFF optimizations).

39.16. Executing OPT_CLEAN pass (remove unused cells and wires).
Finding unused cells or wires in module \top..
Removed 0 unused cells and 4 unused wires.
<suppressed ~1 debug messages>

39.17. Executing OPT_EXPR pass (perform const folding).
Optimizing module top.
<suppressed ~2 debug messages>

39.18. Rerunning OPT passes. (Maybe there is more to do..)

39.19. Executing OPT_MUXTREE pass (detect dead branches in mux trees).
Running muxtree optimizer on module \top..
  Creating internal representation of mux trees.
  Evaluating internal representation of mux trees.
  Analyzing evaluation results.
Removed 0 multiplexer ports.
<suppressed ~68 debug messages>

39.20. Executing OPT_REDUCE pass (consolidate $*mux and $reduce_* inputs).
  Optimizing cells in module \top.
Performed a total of 0 changes.

39.21. Executing OPT_MERGE pass (detect identical cells).
Finding identical cells in module `\top'.
Removed a total of 0 cells.

39.22. Executing OPT_SHARE pass.

39.23. Executing OPT_DFF pass (perform DFF optimizations).

39.24. Executing OPT_CLEAN pass (remove unused cells and wires).
Finding unused cells or wires in module \top..

39.25. Executing OPT_EXPR pass (perform const folding).
Optimizing module top.

39.26. Finished OPT passes. (There is nothing left to do.)

40. Executing TECHMAP pass (map to technology primitives).

40.1. Executing Verilog-2005 frontend: /build/bin/../share/yosys/techmap.v
Parsing Verilog input from `/build/bin/../share/yosys/techmap.v' to AST representation.
Generating RTLIL representation for module `\_90_simplemap_bool_ops'.
Generating RTLIL representation for module `\_90_simplemap_reduce_ops'.
Generating RTLIL representation for module `\_90_simplemap_logic_ops'.
Generating RTLIL representation for module `\_90_simplemap_compare_ops'.
Generating RTLIL representation for module `\_90_simplemap_various'.
Generating RTLIL representation for module `\_90_simplemap_registers'.
Generating RTLIL representation for module `\_90_shift_ops_shr_shl_sshl_sshr'.
Generating RTLIL representation for module `\_90_shift_shiftx'.
Generating RTLIL representation for module `\_90_fa'.
Generating RTLIL representation for module `\_90_lcu'.
Generating RTLIL representation for module `\_90_alu'.
Generating RTLIL representation for module `\_90_macc'.
Generating RTLIL representation for module `\_90_alumacc'.
Generating RTLIL representation for module `\$__div_mod_u'.
Generating RTLIL representation for module `\$__div_mod_trunc'.
Generating RTLIL representation for module `\_90_div'.
Generating RTLIL representation for module `\_90_mod'.
Generating RTLIL representation for module `\$__div_mod_floor'.
Generating RTLIL representation for module `\_90_divfloor'.
Generating RTLIL representation for module `\_90_modfloor'.
Generating RTLIL representation for module `\_90_pow'.
Generating RTLIL representation for module `\_90_pmux'.
Generating RTLIL representation for module `\_90_demux'.
Generating RTLIL representation for module `\_90_lut'.
Successfully finished Verilog frontend.

40.2. Continuing TECHMAP pass.
Using extmapper simplemap for cells of type $reduce_and.
Using extmapper simplemap for cells of type $ne.
Using template $paramod$7e708ae28ab761f11d0fb59d3ffc72f6a4baf5d9\_90_alu for cells of type $alu.
Using extmapper simplemap for cells of type $adff.
Using extmapper simplemap for cells of type $adffe.
Using extmapper simplemap for cells of type $mux.
Using extmapper simplemap for cells of type $reduce_or.
Using template $paramod$57f63e8a3282e053be0430389b09fa050ac7dca0\_90_pmux for cells of type $pmux.
Using extmapper simplemap for cells of type $and.
Using extmapper simplemap for cells of type $not.
Using extmapper simplemap for cells of type $logic_not.
Using extmapper simplemap for cells of type $eq.
Using template $paramod$521ce43182eecb9f60c72393a788160d2c356bf5\_90_pmux for cells of type $pmux.
Using extmapper simplemap for cells of type $logic_and.
Using template $paramod$175e67c02b86e96b1288b9dc100122520d7240d8\_90_alu for cells of type $alu.
Using template $paramod$32a7b7b86c07519b7537abc18e96f0331f97914d\_90_alu for cells of type $alu.
Using template $paramod$3ef7d3dd227da7627a99c5e5a6a4deb817573e39\_90_alu for cells of type $alu.
Using template $paramod$740b056ede97228d3eae64ea2fdc81f0a33e0fe7\_90_alu for cells of type $alu.
Using extmapper simplemap for cells of type $logic_or.
Using extmapper simplemap for cells of type $reduce_bool.
Using extmapper maccmap for cells of type $macc.
  add \u_pe_array.g_pe_row[1].g_pe_col[3].u_pe.psum_out (13 bits, signed)
  add { 1'0 \u_pe_array.g_pe_row[1].g_pe_col[3].u_pe.move_reg [5:0] } * \u_pe_array.g_pe_row[1].g_pe_col[3].u_pe.w_reg (7x2 bits, signed)
  packed 2 (1) bits / 1 words into adder tree
Using extmapper simplemap for cells of type $or.
Using extmapper simplemap for cells of type $dffe.
  add \u_pe_array.g_pe_row[0].g_pe_col[0].u_pe.psum_out (13 bits, signed)
  add { 1'0 \u_pe_array.g_pe_row[0].g_pe_col[0].u_pe.move_reg [5:0] } * \u_pe_array.g_pe_row[0].g_pe_col[0].u_pe.w_reg (7x2 bits, signed)
  packed 2 (1) bits / 1 words into adder tree
Using template $paramod$0c16c00f0f574905a99617e9ad4871dd8ff9dbb0\_90_pmux for cells of type $pmux.
  add \u_pe_array.g_pe_row[2].g_pe_col[3].u_pe.psum_out (13 bits, signed)
  add { 1'0 \u_pe_array.g_pe_row[2].g_pe_col[3].u_pe.move_reg [5:0] } * \u_pe_array.g_pe_row[2].g_pe_col[3].u_pe.w_reg (7x2 bits, signed)
  packed 2 (1) bits / 1 words into adder tree
  add \u_pe_array.g_pe_row[0].g_pe_col[2].u_pe.psum_out (13 bits, signed)
  add { 1'0 \u_pe_array.g_pe_row[0].g_pe_col[2].u_pe.move_reg [5:0] } * \u_pe_array.g_pe_row[0].g_pe_col[2].u_pe.w_reg (7x2 bits, signed)
  packed 2 (1) bits / 1 words into adder tree
  add \u_pe_array.g_pe_row[3].g_pe_col[2].u_pe.psum_out (13 bits, signed)
  add { 1'0 \u_pe_array.g_pe_row[3].g_pe_col[2].u_pe.move_reg [5:0] } * \u_pe_array.g_pe_row[3].g_pe_col[2].u_pe.w_reg (7x2 bits, signed)
  packed 2 (1) bits / 1 words into adder tree
  add \u_pe_array.g_pe_row[3].g_pe_col[1].u_pe.psum_out (13 bits, signed)
  add { 1'0 \u_pe_array.g_pe_row[3].g_pe_col[1].u_pe.move_reg [5:0] } * \u_pe_array.g_pe_row[3].g_pe_col[1].u_pe.w_reg (7x2 bits, signed)
  packed 2 (1) bits / 1 words into adder tree
  add \u_pe_array.g_pe_row[0].g_pe_col[1].u_pe.psum_out (13 bits, signed)
  add { 1'0 \u_pe_array.g_pe_row[0].g_pe_col[1].u_pe.move_reg [5:0] } * \u_pe_array.g_pe_row[0].g_pe_col[1].u_pe.w_reg (7x2 bits, signed)
  packed 2 (1) bits / 1 words into adder tree
  add \u_pe_array.g_pe_row[0].g_pe_col[3].u_pe.psum_out (13 bits, signed)
  add { 1'0 \u_pe_array.g_pe_row[0].g_pe_col[3].u_pe.move_reg [5:0] } * \u_pe_array.g_pe_row[0].g_pe_col[3].u_pe.w_reg (7x2 bits, signed)
  packed 2 (1) bits / 1 words into adder tree
  add \u_pe_array.g_pe_row[1].g_pe_col[1].u_pe.psum_out (13 bits, signed)
  add { 1'0 \u_pe_array.g_pe_row[1].g_pe_col[1].u_pe.move_reg [5:0] } * \u_pe_array.g_pe_row[1].g_pe_col[1].u_pe.w_reg (7x2 bits, signed)
  packed 2 (1) bits / 1 words into adder tree
  add \u_pe_array.g_pe_row[1].g_pe_col[0].u_pe.psum_out (13 bits, signed)
  add { 1'0 \u_pe_array.g_pe_row[1].g_pe_col[0].u_pe.move_reg [5:0] } * \u_pe_array.g_pe_row[1].g_pe_col[0].u_pe.w_reg (7x2 bits, signed)
  packed 2 (1) bits / 1 words into adder tree
Using template $paramod$fa434944709abf0227f2a39735486c5bc5909dee\_90_pmux for cells of type $pmux.
  add \u_pe_array.g_pe_row[1].g_pe_col[2].u_pe.psum_out (13 bits, signed)
  add { 1'0 \u_pe_array.g_pe_row[1].g_pe_col[2].u_pe.move_reg [5:0] } * \u_pe_array.g_pe_row[1].g_pe_col[2].u_pe.w_reg (7x2 bits, signed)
  packed 2 (1) bits / 1 words into adder tree
  add \u_pe_array.g_pe_row[2].g_pe_col[0].u_pe.psum_out (13 bits, signed)
  add { 1'0 \u_pe_array.g_pe_row[2].g_pe_col[0].u_pe.move_reg [5:0] } * \u_pe_array.g_pe_row[2].g_pe_col[0].u_pe.w_reg (7x2 bits, signed)
  packed 2 (1) bits / 1 words into adder tree
  add \u_pe_array.g_pe_row[3].g_pe_col[0].u_pe.psum_out (13 bits, signed)
  add { 1'0 \u_pe_array.g_pe_row[3].g_pe_col[0].u_pe.move_reg [5:0] } * \u_pe_array.g_pe_row[3].g_pe_col[0].u_pe.w_reg (7x2 bits, signed)
  packed 2 (1) bits / 1 words into adder tree
  add \u_pe_array.g_pe_row[2].g_pe_col[1].u_pe.psum_out (13 bits, signed)
  add { 1'0 \u_pe_array.g_pe_row[2].g_pe_col[1].u_pe.move_reg [5:0] } * \u_pe_array.g_pe_row[2].g_pe_col[1].u_pe.w_reg (7x2 bits, signed)
  packed 2 (1) bits / 1 words into adder tree
  add \u_pe_array.g_pe_row[3].g_pe_col[3].u_pe.psum_out (13 bits, signed)
  add { 1'0 \u_pe_array.g_pe_row[3].g_pe_col[3].u_pe.move_reg [5:0] } * \u_pe_array.g_pe_row[3].g_pe_col[3].u_pe.w_reg (7x2 bits, signed)
  packed 2 (1) bits / 1 words into adder tree
  add \u_pe_array.g_pe_row[2].g_pe_col[2].u_pe.psum_out (13 bits, signed)
  add { 1'0 \u_pe_array.g_pe_row[2].g_pe_col[2].u_pe.move_reg [5:0] } * \u_pe_array.g_pe_row[2].g_pe_col[2].u_pe.w_reg (7x2 bits, signed)
  packed 2 (1) bits / 1 words into adder tree
Using template $paramod\_90_fa\WIDTH=32'00000000000000000000000000001101 for cells of type $fa.
Using template $paramod$2780480d52179e2db572a6e5133edf36e733d32e\_90_alu for cells of type $alu.
Using extmapper simplemap for cells of type $pos.
Using template $paramod\_90_lcu\WIDTH=32'00000000000000000000000000000100 for cells of type $lcu.
Using extmapper simplemap for cells of type $xor.
Using template $paramod\_90_lcu\WIDTH=32'00000000000000000000000000000010 for cells of type $lcu.
Using template $paramod\_90_lcu\WIDTH=32'00000000000000000000000000000011 for cells of type $lcu.
Using template $paramod\_90_lcu\WIDTH=32'00000000000000000000000000001101 for cells of type $lcu.
No more expansions possible.
<suppressed ~2421 debug messages>

41. Executing OPT pass (performing simple optimizations).

41.1. Executing OPT_EXPR pass (perform const folding).
Optimizing module top.
<suppressed ~1651 debug messages>

41.2. Executing OPT_MERGE pass (detect identical cells).
Finding identical cells in module `\top'.
<suppressed ~522 debug messages>
Removed a total of 174 cells.

41.3. Executing OPT_DFF pass (perform DFF optimizations).

41.4. Executing OPT_CLEAN pass (remove unused cells and wires).
Finding unused cells or wires in module \top..
Removed 305 unused cells and 1564 unused wires.
<suppressed ~314 debug messages>

41.5. Finished fast OPT passes.

42. Executing ABC pass (technology mapping using ABC).

42.1. Extracting gate netlist of module `\top' to `<abc-temp-dir>/input.blif'..
Extracted 4274 gates and 5257 wires to a netlist network with 981 inputs and 723 outputs.

42.1.1. Executing ABC.
Running ABC command: "<yosys-exe-dir>/yosys-abc" -s -f <abc-temp-dir>/abc.script 2>&1
ABC: ABC command line: "source <abc-temp-dir>/abc.script".
ABC: 
ABC: + read_blif <abc-temp-dir>/input.blif 
ABC: + read_library <abc-temp-dir>/stdcells.genlib 
ABC: Entered genlib library with 13 gates from file "<abc-temp-dir>/stdcells.genlib".
ABC: + strash 
ABC: + dretime 
ABC: + map 
ABC: + write_blif <abc-temp-dir>/output.blif 

42.1.2. Re-integrating ABC results.
ABC RESULTS:               MUX cells:      299
ABC RESULTS:               NOT cells:       88
ABC RESULTS:             ORNOT cells:      282
ABC RESULTS:                OR cells:      318
ABC RESULTS:               NOR cells:      154
ABC RESULTS:               AND cells:      246
ABC RESULTS:              XNOR cells:      189
ABC RESULTS:              NAND cells:      160
ABC RESULTS:            ANDNOT cells:     1506
ABC RESULTS:               XOR cells:      551
ABC RESULTS:        internal signals:     3553
ABC RESULTS:           input signals:      981
ABC RESULTS:          output signals:      723
Removing temp directory.

43. Executing OPT pass (performing simple optimizations).

43.1. Executing OPT_EXPR pass (perform const folding).
Optimizing module top.
<suppressed ~5 debug messages>

43.2. Executing OPT_MERGE pass (detect identical cells).
Finding identical cells in module `\top'.
Removed a total of 0 cells.

43.3. Executing OPT_DFF pass (perform DFF optimizations).

43.4. Executing OPT_CLEAN pass (remove unused cells and wires).
Finding unused cells or wires in module \top..
Removed 140 unused cells and 2241 unused wires.
<suppressed ~209 debug messages>

43.5. Finished fast OPT passes.

44. Executing HIERARCHY pass (managing design hierarchy).

44.1. Analyzing design hierarchy..
Top module:  \top

44.2. Analyzing design hierarchy..
Top module:  \top
Removed 0 unused modules.

45. Printing statistics.

=== top ===

   Number of wires:               4322
   Number of wire bits:           7518
   Number of public wires:         566
   Number of public wire bits:    3756
   Number of memories:               0
   Number of memory bits:            0
   Number of processes:              0
   Number of cells:               4634
     $_ANDNOT_                    1492
     $_AND_                        246
     $_DFFE_PN0N_                  240
     $_DFFE_PN0P_                  499
     $_DFFE_PP_                    108
     $_DFF_PN0_                      8
     $_MUX_                        299
     $_NAND_                       160
     $_NOR_                        154
     $_NOT_                         88
     $_ORNOT_                      282
     $_OR_                         318
     $_XNOR_                       189
     $_XOR_                        551

46. Executing CHECK pass (checking for obvious problems).
Checking module top...
Found and reported 0 problems.

47. Generating Graphviz representation of design.
Writing dot description to `/openlane/designs/dnn/runs/MS2/tmp/synthesis/post_techmap.dot'.
Dumping module top to page 1.

48. Executing SHARE pass (SAT-based resource sharing).

49. Executing OPT pass (performing simple optimizations).

49.1. Executing OPT_EXPR pass (perform const folding).
Optimizing module top.

49.2. Executing OPT_MERGE pass (detect identical cells).
Finding identical cells in module `\top'.
Removed a total of 0 cells.

49.3. Executing OPT_MUXTREE pass (detect dead branches in mux trees).
Running muxtree optimizer on module \top..
  Creating internal representation of mux trees.
  No muxes found in this module.
Removed 0 multiplexer ports.

49.4. Executing OPT_REDUCE pass (consolidate $*mux and $reduce_* inputs).
  Optimizing cells in module \top.
Performed a total of 0 changes.

49.5. Executing OPT_MERGE pass (detect identical cells).
Finding identical cells in module `\top'.
Removed a total of 0 cells.

49.6. Executing OPT_DFF pass (perform DFF optimizations).

49.7. Executing OPT_CLEAN pass (remove unused cells and wires).
Finding unused cells or wires in module \top..

49.8. Executing OPT_EXPR pass (perform const folding).
Optimizing module top.

49.9. Finished OPT passes. (There is nothing left to do.)

50. Executing OPT_CLEAN pass (remove unused cells and wires).
Finding unused cells or wires in module \top..
Removed 0 unused cells and 439 unused wires.
<suppressed ~439 debug messages>

51. Printing statistics.

=== top ===

   Number of wires:               3883
   Number of wire bits:           4905
   Number of public wires:         127
   Number of public wire bits:    1143
   Number of memories:               0
   Number of memory bits:            0
   Number of processes:              0
   Number of cells:               4634
     $_ANDNOT_                    1492
     $_AND_                        246
     $_DFFE_PN0N_                  240
     $_DFFE_PN0P_                  499
     $_DFFE_PP_                    108
     $_DFF_PN0_                      8
     $_MUX_                        299
     $_NAND_                       160
     $_NOR_                        154
     $_NOT_                         88
     $_ORNOT_                      282
     $_OR_                         318
     $_XNOR_                       189
     $_XOR_                        551

mapping tbuf

52. Executing TECHMAP pass (map to technology primitives).

52.1. Executing Verilog-2005 frontend: /home/vidhya/.ciel/sky130A/libs.tech/openlane/sky130_fd_sc_hd/tribuff_map.v
Parsing Verilog input from `/home/vidhya/.ciel/sky130A/libs.tech/openlane/sky130_fd_sc_hd/tribuff_map.v' to AST representation.
Generating RTLIL representation for module `\$_TBUF_'.
Successfully finished Verilog frontend.

52.2. Continuing TECHMAP pass.
No more expansions possible.
<suppressed ~3 debug messages>

53. Executing SIMPLEMAP pass (map simple cells to gate primitives).

54. Executing TECHMAP pass (map to technology primitives).

54.1. Executing Verilog-2005 frontend: /home/vidhya/.ciel/sky130A/libs.tech/openlane/sky130_fd_sc_hd/latch_map.v
Parsing Verilog input from `/home/vidhya/.ciel/sky130A/libs.tech/openlane/sky130_fd_sc_hd/latch_map.v' to AST representation.
Generating RTLIL representation for module `\$_DLATCH_P_'.
Generating RTLIL representation for module `\$_DLATCH_N_'.
Successfully finished Verilog frontend.

54.2. Continuing TECHMAP pass.
No more expansions possible.
<suppressed ~4 debug messages>

55. Executing SIMPLEMAP pass (map simple cells to gate primitives).

56. Executing DFFLIBMAP pass (mapping DFF cells to sequential cells from liberty file).
  cell sky130_fd_sc_hd__dfxtp_2 (noninv, pins=3, area=21.27) is a direct match for cell type $_DFF_P_.
  cell sky130_fd_sc_hd__dfrtp_2 (noninv, pins=4, area=26.28) is a direct match for cell type $_DFF_PN0_.
  cell sky130_fd_sc_hd__dfstp_2 (noninv, pins=4, area=26.28) is a direct match for cell type $_DFF_PN1_.
  cell sky130_fd_sc_hd__dfbbn_2 (noninv, pins=6, area=35.03) is a direct match for cell type $_DFFSR_NNN_.
  final dff cell mappings:
    unmapped dff cell: $_DFF_N_
    \sky130_fd_sc_hd__dfxtp_2 _DFF_P_ (.CLK( C), .D( D), .Q( Q));
    unmapped dff cell: $_DFF_NN0_
    unmapped dff cell: $_DFF_NN1_
    unmapped dff cell: $_DFF_NP0_
    unmapped dff cell: $_DFF_NP1_
    \sky130_fd_sc_hd__dfrtp_2 _DFF_PN0_ (.CLK( C), .D( D), .Q( Q), .RESET_B( R));
    \sky130_fd_sc_hd__dfstp_2 _DFF_PN1_ (.CLK( C), .D( D), .Q( Q), .SET_B( R));
    unmapped dff cell: $_DFF_PP0_
    unmapped dff cell: $_DFF_PP1_
    \sky130_fd_sc_hd__dfbbn_2 _DFFSR_NNN_ (.CLK_N( C), .D( D), .Q( Q), .Q_N(~Q), .RESET_B( R), .SET_B( S));
    unmapped dff cell: $_DFFSR_NNP_
    unmapped dff cell: $_DFFSR_NPN_
    unmapped dff cell: $_DFFSR_NPP_
    unmapped dff cell: $_DFFSR_PNN_
    unmapped dff cell: $_DFFSR_PNP_
    unmapped dff cell: $_DFFSR_PPN_
    unmapped dff cell: $_DFFSR_PPP_

56.1. Executing DFFLEGALIZE pass (convert FFs to types supported by the target).
Mapping DFF cells in module `\top':
  mapped 747 $_DFF_PN0_ cells to \sky130_fd_sc_hd__dfrtp_2 cells.
  mapped 108 $_DFF_P_ cells to \sky130_fd_sc_hd__dfxtp_2 cells.

57. Printing statistics.

=== top ===

   Number of wires:               4730
   Number of wire bits:           5752
   Number of public wires:         127
   Number of public wire bits:    1143
   Number of memories:               0
   Number of memory bits:            0
   Number of processes:              0
   Number of cells:               5481
     $_ANDNOT_                    1492
     $_AND_                        246
     $_MUX_                       1146
     $_NAND_                       160
     $_NOR_                        154
     $_NOT_                         88
     $_ORNOT_                      282
     $_OR_                         318
     $_XNOR_                       189
     $_XOR_                        551
     sky130_fd_sc_hd__dfrtp_2      747
     sky130_fd_sc_hd__dfxtp_2      108

[INFO]: USING STRATEGY AREA 0

58. Executing ABC pass (technology mapping using ABC).

58.1. Extracting gate netlist of module `\top' to `/tmp/yosys-abc-5TVW3Q/input.blif'..
Extracted 4626 gates and 5515 wires to a netlist network with 889 inputs and 856 outputs.

58.1.1. Executing ABC.
Running ABC command: "/build/bin/yosys-abc" -s -f /tmp/yosys-abc-5TVW3Q/abc.script 2>&1
ABC: ABC command line: "source /tmp/yosys-abc-5TVW3Q/abc.script".
ABC: 
ABC: + read_blif /tmp/yosys-abc-5TVW3Q/input.blif 
ABC: + read_lib -w /openlane/designs/dnn/runs/MS2/tmp/synthesis/trimmed.lib 
ABC: Parsing finished successfully.  Parsing time =     0.06 sec
ABC: Scl_LibertyReadGenlib() skipped sequential cell "sky130_fd_sc_hd__dfbbn_2".
ABC: Scl_LibertyReadGenlib() skipped sequential cell "sky130_fd_sc_hd__dfrbp_2".
ABC: Scl_LibertyReadGenlib() skipped sequential cell "sky130_fd_sc_hd__dfrtp_2".
ABC: Scl_LibertyReadGenlib() skipped sequential cell "sky130_fd_sc_hd__dfrtp_4".
ABC: Scl_LibertyReadGenlib() skipped sequential cell "sky130_fd_sc_hd__dfsbp_2".
ABC: Scl_LibertyReadGenlib() skipped sequential cell "sky130_fd_sc_hd__dfstp_2".
ABC: Scl_LibertyReadGenlib() skipped sequential cell "sky130_fd_sc_hd__dfstp_4".
ABC: Scl_LibertyReadGenlib() skipped sequential cell "sky130_fd_sc_hd__dfxbp_2".
ABC: Scl_LibertyReadGenlib() skipped sequential cell "sky130_fd_sc_hd__dfxtp_2".
ABC: Scl_LibertyReadGenlib() skipped sequential cell "sky130_fd_sc_hd__dfxtp_4".
ABC: Scl_LibertyReadGenlib() skipped sequential cell "sky130_fd_sc_hd__dlxtn_1".
ABC: Scl_LibertyReadGenlib() skipped sequential cell "sky130_fd_sc_hd__dlxtn_2".
ABC: Scl_LibertyReadGenlib() skipped sequential cell "sky130_fd_sc_hd__dlxtn_4".
ABC: Scl_LibertyReadGenlib() skipped sequential cell "sky130_fd_sc_hd__dlxtp_1".
ABC: Scl_LibertyReadGenlib() skipped three-state cell "sky130_fd_sc_hd__ebufn_2".
ABC: Scl_LibertyReadGenlib() skipped three-state cell "sky130_fd_sc_hd__ebufn_4".
ABC: Scl_LibertyReadGenlib() skipped three-state cell "sky130_fd_sc_hd__ebufn_8".
ABC: Library "sky130A_merged" from "/openlane/designs/dnn/runs/MS2/tmp/synthesis/trimmed.lib" has 175 cells (17 skipped: 14 seq; 3 tri-state; 0 no func; 0 dont_use).  Time =     0.11 sec
ABC: Memory =    9.54 MB. Time =     0.11 sec
ABC: Warning: Detected 2 multi-output gates (for example, "sky130_fd_sc_hd__fa_1").
ABC: + read_constr -v /openlane/designs/dnn/runs/MS2/tmp/synthesis/synthesis.sdc 
ABC: Setting driving cell to be "sky130_fd_sc_hd__inv_2".
ABC: Setting output load to be 33.442001.
ABC: + read_constr /openlane/designs/dnn/runs/MS2/tmp/synthesis/synthesis.sdc 
ABC: + fx 
ABC: + mfs 
ABC: + strash 
ABC: + refactor 
ABC: + balance 
ABC: + rewrite 
ABC: + refactor 
ABC: + balance 
ABC: + rewrite 
ABC: + rewrite -z 
ABC: + balance 
ABC: + refactor -z 
ABC: + rewrite -z 
ABC: + balance 
ABC: + retime -D -D 16000.0 -M 5 
ABC: + scleanup 
ABC: Error: The network is combinational.
ABC: + fraig_store 
ABC: + balance 
ABC: + fraig_store 
ABC: + balance 
ABC: + rewrite 
ABC: + refactor 
ABC: + balance 
ABC: + rewrite 
ABC: + rewrite -z 
ABC: + balance 
ABC: + refactor -z 
ABC: + rewrite -z 
ABC: + balance 
ABC: + fraig_store 
ABC: + balance 
ABC: + rewrite 
ABC: + refactor 
ABC: + balance 
ABC: + rewrite 
ABC: + rewrite -z 
ABC: + balance 
ABC: + refactor -z 
ABC: + rewrite -z 
ABC: + balance 
ABC: + fraig_store 
ABC: + balance 
ABC: + rewrite 
ABC: + refactor 
ABC: + balance 
ABC: + rewrite 
ABC: + rewrite -z 
ABC: + balance 
ABC: + refactor -z 
ABC: + rewrite -z 
ABC: + balance 
ABC: + fraig_store 
ABC: + fraig_restore 
ABC: + amap -m -Q 0.1 -F 20 -A 20 -C 5000 
ABC: + retime -D -D 16000.0 
ABC: + &get -n 
ABC: + &st 
ABC: + &dch 
ABC: + &nf 
ABC: + &put 
ABC: + buffer -N 128 -S 750.0 
ABC: + upsize -D 16000.0 
ABC: Current delay (3259.06 ps) does not exceed the target delay (16000.00 ps). Upsizing is not performed.
ABC: + dnsize -D 16000.0 
ABC: + stime -p 
ABC: WireLoad = "none"  Gates =   3548 ( 12.8 %)   Cap = 12.7 ff (  2.9 %)   Area =    31247.47 ( 87.1 %)   Delay =  3700.87 ps  (  3.8 %)               
ABC: Path  0 --     252 : 0    1 pi                       A =   0.00  Df =   8.2   -5.1 ps  S =  17.7 ps  Cin =  0.0 ff  Cout =   2.2 ff  Cmax =   0.0 ff  G =    0  
ABC: Path  1 --    2479 : 1   28 sky130_fd_sc_hd__buf_1   A =   3.75  Df = 664.4 -305.3 ps  S = 892.9 ps  Cin =  2.1 ff  Cout =  77.0 ff  Cmax = 130.0 ff  G = 3502  
ABC: Path  2 --    2800 : 2    1 sky130_fd_sc_hd__and2b_2 A =   8.76  Df = 954.3 -226.9 ps  S =  74.8 ps  Cin =  1.6 ff  Cout =   8.4 ff  Cmax = 310.4 ff  G =  521  
ABC: Path  3 --    2801 : 2    2 sky130_fd_sc_hd__xnor2_2 A =  16.27  Df =1117.4 -193.6 ps  S = 217.0 ps  Cin =  8.5 ff  Cout =  12.9 ff  Cmax = 121.8 ff  G =  147  
ABC: Path  4 --    2813 : 4    2 sky130_fd_sc_hd__o22ai_2 A =  12.51  Df =1241.6 -206.0 ps  S = 125.9 ps  Cin =  4.3 ff  Cout =   4.2 ff  Cmax = 137.3 ff  G =   90  
ABC: Path  5 --    2815 : 3    2 sky130_fd_sc_hd__a21o_2  A =   8.76  Df =1359.2 -122.9 ps  S =  45.8 ps  Cin =  2.4 ff  Cout =   6.1 ff  Cmax = 309.5 ff  G =  249  
ABC: Path  6 --    2816 : 2    3 sky130_fd_sc_hd__or2b_2  A =   8.76  Df =1684.6  -91.3 ps  S =  80.3 ps  Cin =  1.6 ff  Cout =  13.1 ff  Cmax = 312.2 ff  G =  802  
ABC: Path  7 --    2831 : 4    1 sky130_fd_sc_hd__or4_2   A =   8.76  Df =2278.1 -578.8 ps  S =  90.1 ps  Cin =  1.5 ff  Cout =   1.5 ff  Cmax = 310.4 ff  G =   91  
ABC: Path  8 --    2832 : 3    2 sky130_fd_sc_hd__or3_2   A =   7.51  Df =2717.8 -616.1 ps  S =  91.5 ps  Cin =  1.5 ff  Cout =   7.1 ff  Cmax = 310.4 ff  G =  448  
ABC: Path  9 --    2841 : 3    4 sky130_fd_sc_hd__a21oi_2 A =   8.76  Df =2909.0 -746.3 ps  S = 165.4 ps  Cin =  4.6 ff  Cout =  10.8 ff  Cmax = 128.2 ff  G =  222  
ABC: Path 10 --    2852 : 5    4 sky130_fd_sc_hd__a32o_2  A =  11.26  Df =3088.6 -673.5 ps  S =  84.2 ps  Cin =  2.3 ff  Cout =  10.3 ff  Cmax = 264.6 ff  G =  425  
ABC: Path 11 --    2868 : 5    1 sky130_fd_sc_hd__a32o_2  A =  11.26  Df =3277.3 -603.9 ps  S =  77.8 ps  Cin =  2.3 ff  Cout =   9.0 ff  Cmax = 264.6 ff  G =  371  
ABC: Path 12 --    2870 : 2    1 sky130_fd_sc_hd__xnor2_2 A =  16.27  Df =3412.5 -604.5 ps  S =  97.1 ps  Cin =  8.5 ff  Cout =   2.5 ff  Cmax = 121.8 ff  G =   27  
ABC: Path 13 --    2872 : 4    1 sky130_fd_sc_hd__a22o_2  A =  10.01  Df =3700.9 -643.8 ps  S = 181.5 ps  Cin =  2.3 ff  Cout =  33.4 ff  Cmax = 301.2 ff  G = 1424  
ABC: Start-point = pi251 (\u_pe_array.g_pe_row[2].g_pe_col[3].u_pe.w_out [1]).  End-point = po250 ($auto$rtlil.cc:2607:MuxGate$14081).
ABC: + print_stats -m 
ABC: netlist                       : i/o =  889/  856  lat =    0  nd =  3548  edge =   9796  area =31250.58  delay =14.00  lev = 14
ABC: + write_blif /tmp/yosys-abc-5TVW3Q/output.blif 

58.1.2. Re-integrating ABC results.
ABC RESULTS:   sky130_fd_sc_hd__a311o_2 cells:        1
ABC RESULTS:   sky130_fd_sc_hd__or4b_2 cells:        1
ABC RESULTS:   sky130_fd_sc_hd__nor3b_2 cells:        4
ABC RESULTS:   sky130_fd_sc_hd__a221o_2 cells:       36
ABC RESULTS:   sky130_fd_sc_hd__nor3_2 cells:       14
ABC RESULTS:   sky130_fd_sc_hd__a21bo_2 cells:       16
ABC RESULTS:   sky130_fd_sc_hd__nand4_2 cells:       14
ABC RESULTS:   sky130_fd_sc_hd__a21boi_2 cells:        9
ABC RESULTS:   sky130_fd_sc_hd__or3_2 cells:       58
ABC RESULTS:   sky130_fd_sc_hd__nand3_2 cells:       15
ABC RESULTS:   sky130_fd_sc_hd__nor4_2 cells:        4
ABC RESULTS:   sky130_fd_sc_hd__o22a_2 cells:       12
ABC RESULTS:   sky130_fd_sc_hd__and2b_2 cells:       77
ABC RESULTS:   sky130_fd_sc_hd__or4_2 cells:       12
ABC RESULTS:   sky130_fd_sc_hd__o22ai_2 cells:       10
ABC RESULTS:   sky130_fd_sc_hd__o21ba_2 cells:       12
ABC RESULTS:   sky130_fd_sc_hd__a211oi_2 cells:        8
ABC RESULTS:   sky130_fd_sc_hd__o211a_2 cells:       61
ABC RESULTS:   sky130_fd_sc_hd__o32a_2 cells:        2
ABC RESULTS:   sky130_fd_sc_hd__o21bai_2 cells:       18
ABC RESULTS:   sky130_fd_sc_hd__or2b_2 cells:       22
ABC RESULTS:   sky130_fd_sc_hd__o2bb2a_2 cells:       10
ABC RESULTS:   sky130_fd_sc_hd__o2111a_2 cells:        2
ABC RESULTS:   sky130_fd_sc_hd__a31o_2 cells:       44
ABC RESULTS:   sky130_fd_sc_hd__a2bb2o_2 cells:       43
ABC RESULTS:   sky130_fd_sc_hd__xor2_2 cells:       54
ABC RESULTS:   sky130_fd_sc_hd__a22o_2 cells:      462
ABC RESULTS:   sky130_fd_sc_hd__o31a_2 cells:        9
ABC RESULTS:   sky130_fd_sc_hd__nand4b_2 cells:        1
ABC RESULTS:   sky130_fd_sc_hd__nor2b_2 cells:        1
ABC RESULTS:   sky130_fd_sc_hd__or4bb_2 cells:        1
ABC RESULTS:   sky130_fd_sc_hd__or3b_2 cells:        7
ABC RESULTS:   sky130_fd_sc_hd__o41a_2 cells:        2
ABC RESULTS:   sky130_fd_sc_hd__nor2_2 cells:      137
ABC RESULTS:   sky130_fd_sc_hd__o21ai_2 cells:       70
ABC RESULTS:   sky130_fd_sc_hd__nand2b_2 cells:        2
ABC RESULTS:   sky130_fd_sc_hd__inv_2 cells:      103
ABC RESULTS:   sky130_fd_sc_hd__o21a_2 cells:       63
ABC RESULTS:   sky130_fd_sc_hd__a41o_2 cells:        2
ABC RESULTS:   sky130_fd_sc_hd__xnor2_2 cells:      159
ABC RESULTS:   sky130_fd_sc_hd__o211ai_2 cells:        4
ABC RESULTS:   sky130_fd_sc_hd__a21o_2 cells:       77
ABC RESULTS:   sky130_fd_sc_hd__a32o_2 cells:      159
ABC RESULTS:   sky130_fd_sc_hd__nand2_2 cells:      278
ABC RESULTS:   sky130_fd_sc_hd__or2_2 cells:      248
ABC RESULTS:   sky130_fd_sc_hd__a21oi_2 cells:      136
ABC RESULTS:   sky130_fd_sc_hd__a211o_2 cells:       16
ABC RESULTS:   sky130_fd_sc_hd__and4bb_2 cells:        8
ABC RESULTS:   sky130_fd_sc_hd__and4b_2 cells:        3
ABC RESULTS:   sky130_fd_sc_hd__and2_2 cells:       95
ABC RESULTS:   sky130_fd_sc_hd__and3b_2 cells:       17
ABC RESULTS:   sky130_fd_sc_hd__and3_2 cells:      128
ABC RESULTS:   sky130_fd_sc_hd__mux2_2 cells:      451
ABC RESULTS:   sky130_fd_sc_hd__buf_1 cells:      350
ABC RESULTS:        internal signals:     3770
ABC RESULTS:           input signals:      889
ABC RESULTS:          output signals:      856
Removing temp directory.

59. Executing SETUNDEF pass (replace undef values with defined constants).

60. Executing HILOMAP pass (mapping to constant drivers).

61. Executing SPLITNETS pass (splitting up multi-bit signals).

62. Executing OPT_CLEAN pass (remove unused cells and wires).
Finding unused cells or wires in module \top..
Removed 0 unused cells and 5751 unused wires.
<suppressed ~249 debug messages>

63. Executing INSBUF pass (insert buffer cells for connected wires).

64. Executing CHECK pass (checking for obvious problems).
Checking module top...
Warning: Wire top.\psum_out1 [12] is used but has no driver.
Warning: Wire top.\psum_out1 [11] is used but has no driver.
Warning: Wire top.\psum_out1 [10] is used but has no driver.
Warning: Wire top.\psum_out1 [9] is used but has no driver.
Warning: Wire top.\psum_out1 [8] is used but has no driver.
Warning: Wire top.\psum_out1 [7] is used but has no driver.
Warning: Wire top.\psum_out1 [6] is used but has no driver.
Warning: Wire top.\psum_out1 [5] is used but has no driver.
Warning: Wire top.\psum_out1 [4] is used but has no driver.
Warning: Wire top.\psum_out1 [3] is used but has no driver.
Warning: Wire top.\psum_out1 [2] is used but has no driver.
Warning: Wire top.\psum_out1 [1] is used but has no driver.
Warning: Wire top.\psum_out1 [0] is used but has no driver.
Warning: Wire top.\psum_out0 [12] is used but has no driver.
Warning: Wire top.\psum_out0 [11] is used but has no driver.
Warning: Wire top.\psum_out0 [10] is used but has no driver.
Warning: Wire top.\psum_out0 [9] is used but has no driver.
Warning: Wire top.\psum_out0 [8] is used but has no driver.
Warning: Wire top.\psum_out0 [7] is used but has no driver.
Warning: Wire top.\psum_out0 [6] is used but has no driver.
Warning: Wire top.\psum_out0 [5] is used but has no driver.
Warning: Wire top.\psum_out0 [4] is used but has no driver.
Warning: Wire top.\psum_out0 [3] is used but has no driver.
Warning: Wire top.\psum_out0 [2] is used but has no driver.
Warning: Wire top.\psum_out0 [1] is used but has no driver.
Warning: Wire top.\psum_out0 [0] is used but has no driver.
Warning: Wire top.\done is used but has no driver.
Found and reported 27 problems.

65. Printing statistics.

=== top ===

   Number of wires:               4387
   Number of wire bits:           4438
   Number of public wires:         844
   Number of public wire bits:     895
   Number of memories:               0
   Number of memory bits:            0
   Number of processes:              0
   Number of cells:               4403
     sky130_fd_sc_hd__a211o_2       16
     sky130_fd_sc_hd__a211oi_2       8
     sky130_fd_sc_hd__a21bo_2       16
     sky130_fd_sc_hd__a21boi_2       9
     sky130_fd_sc_hd__a21o_2        77
     sky130_fd_sc_hd__a21oi_2      136
     sky130_fd_sc_hd__a221o_2       36
     sky130_fd_sc_hd__a22o_2       462
     sky130_fd_sc_hd__a2bb2o_2      43
     sky130_fd_sc_hd__a311o_2        1
     sky130_fd_sc_hd__a31o_2        44
     sky130_fd_sc_hd__a32o_2       159
     sky130_fd_sc_hd__a41o_2         2
     sky130_fd_sc_hd__and2_2        95
     sky130_fd_sc_hd__and2b_2       77
     sky130_fd_sc_hd__and3_2       128
     sky130_fd_sc_hd__and3b_2       17
     sky130_fd_sc_hd__and4b_2        3
     sky130_fd_sc_hd__and4bb_2       8
     sky130_fd_sc_hd__buf_1        350
     sky130_fd_sc_hd__dfrtp_2      747
     sky130_fd_sc_hd__dfxtp_2      108
     sky130_fd_sc_hd__inv_2        103
     sky130_fd_sc_hd__mux2_2       451
     sky130_fd_sc_hd__nand2_2      278
     sky130_fd_sc_hd__nand2b_2       2
     sky130_fd_sc_hd__nand3_2       15
     sky130_fd_sc_hd__nand4_2       14
     sky130_fd_sc_hd__nand4b_2       1
     sky130_fd_sc_hd__nor2_2       137
     sky130_fd_sc_hd__nor2b_2        1
     sky130_fd_sc_hd__nor3_2        14
     sky130_fd_sc_hd__nor3b_2        4
     sky130_fd_sc_hd__nor4_2         4
     sky130_fd_sc_hd__o2111a_2       2
     sky130_fd_sc_hd__o211a_2       61
     sky130_fd_sc_hd__o211ai_2       4
     sky130_fd_sc_hd__o21a_2        63
     sky130_fd_sc_hd__o21ai_2       70
     sky130_fd_sc_hd__o21ba_2       12
     sky130_fd_sc_hd__o21bai_2      18
     sky130_fd_sc_hd__o22a_2        12
     sky130_fd_sc_hd__o22ai_2       10
     sky130_fd_sc_hd__o2bb2a_2      10
     sky130_fd_sc_hd__o31a_2         9
     sky130_fd_sc_hd__o32a_2         2
     sky130_fd_sc_hd__o41a_2         2
     sky130_fd_sc_hd__or2_2        248
     sky130_fd_sc_hd__or2b_2        22
     sky130_fd_sc_hd__or3_2         58
     sky130_fd_sc_hd__or3b_2         7
     sky130_fd_sc_hd__or4_2         12
     sky130_fd_sc_hd__or4b_2         1
     sky130_fd_sc_hd__or4bb_2        1
     sky130_fd_sc_hd__xnor2_2      159
     sky130_fd_sc_hd__xor2_2        54

   Chip area for module '\top': 53172.246400

66. Executing Verilog backend.
Dumping module `\top'.

Warnings: 28 unique messages, 29 total
End of script. Logfile hash: 24368cd4df, CPU: user 5.92s system 0.07s, MEM: 48.12 MB peak
Yosys 0.30+48 (git sha1 14d50a176d5, gcc 8.3.1 -fPIC -Os)
Time spent: 60% 2x abc (8 sec), 10% 31x opt_expr (1 sec), ...
