
===========================================================================
report_checks -unconstrained
===========================================================================
======================= Typical Corner ===================================

Startpoint: rst_n (input port clocked by clk)
Endpoint: _7203_ (recovery check against rising-edge clock clk)
Path Group: asynchronous
Path Type: max

Fanout     Cap    Slew   Delay    Time   Description
-----------------------------------------------------------------------------
                  0.15    0.00    0.00   clock clk (rise edge)
                          0.00    0.00   clock network delay (ideal)
                          3.20    3.20 ^ input external delay
                 10.19    7.49   10.69 ^ rst_n (in)
   523    2.29                           rst_n (net)
                 10.21    0.00   10.69 ^ _7203_/RESET_B (sky130_fd_sc_hd__dfrtp_2)
                                 10.69   data arrival time

                  0.15   16.00   16.00   clock clk (rise edge)
                          0.00   16.00   clock network delay (ideal)
                         -0.25   15.75   clock uncertainty
                          0.00   15.75   clock reconvergence pessimism
                                 15.75 ^ _7203_/CLK (sky130_fd_sc_hd__dfrtp_2)
                         -3.19   12.56   library recovery time
                                 12.56   data required time
-----------------------------------------------------------------------------
                                 12.56   data required time
                                -10.69   data arrival time
-----------------------------------------------------------------------------
                                  1.87   slack (MET)


Startpoint: rst_n (input port clocked by clk)
Endpoint: _7534_ (rising edge-triggered flip-flop clocked by clk)
Path Group: clk
Path Type: max

Fanout     Cap    Slew   Delay    Time   Description
-----------------------------------------------------------------------------
                  0.15    0.00    0.00   clock clk (rise edge)
                          0.00    0.00   clock network delay (ideal)
                          3.20    3.20 ^ input external delay
                 10.19    7.35   10.55 ^ rst_n (in)
   523    2.29                           rst_n (net)
                 10.20    0.00   10.55 ^ _6514_/B (sky130_fd_sc_hd__and4b_2)
                  0.27    1.50   12.05 ^ _6514_/X (sky130_fd_sc_hd__and4b_2)
     4    0.01                           _3222_ (net)
                  0.27    0.00   12.05 ^ _6599_/C (sky130_fd_sc_hd__and3_2)
                  0.05    0.22   12.27 ^ _6599_/X (sky130_fd_sc_hd__and3_2)
     1    0.00                           _3268_ (net)
                  0.05    0.00   12.27 ^ _6600_/A (sky130_fd_sc_hd__buf_1)
                  0.70    0.56   12.83 ^ _6600_/X (sky130_fd_sc_hd__buf_1)
    13    0.06                           _3269_ (net)
                  0.70    0.00   12.84 ^ _6617_/S (sky130_fd_sc_hd__mux2_2)
                  0.05    0.42   13.26 v _6617_/X (sky130_fd_sc_hd__mux2_2)
     1    0.00                           _3278_ (net)
                  0.05    0.00   13.26 v _6618_/A (sky130_fd_sc_hd__buf_1)
                  0.02    0.09   13.35 v _6618_/X (sky130_fd_sc_hd__buf_1)
     1    0.00                           _0583_ (net)
                  0.02    0.00   13.35 v _7534_/D (sky130_fd_sc_hd__dfxtp_2)
                                 13.35   data arrival time

                  0.15   16.00   16.00   clock clk (rise edge)
                          0.00   16.00   clock network delay (ideal)
                         -0.25   15.75   clock uncertainty
                          0.00   15.75   clock reconvergence pessimism
                                 15.75 ^ _7534_/CLK (sky130_fd_sc_hd__dfxtp_2)
                         -0.08   15.67   library setup time
                                 15.67   data required time
-----------------------------------------------------------------------------
                                 15.67   data required time
                                -13.35   data arrival time
-----------------------------------------------------------------------------
                                  2.33   slack (MET)




===========================================================================
report_checks --slack_max -0.01
============================================================================
======================= Typical Corner ===================================

No paths found.


===========================================================================
 report_check_types -max_slew -max_cap -max_fanout -violators
============================================================================
======================= Typical Corner ===================================

max slew

Pin                                    Limit    Slew   Slack
------------------------------------------------------------
_7203_/RESET_B                          0.75   10.21   -9.46 (VIOLATED)
_7204_/RESET_B                          0.75   10.21   -9.46 (VIOLATED)
_7205_/RESET_B                          0.75   10.21   -9.46 (VIOLATED)
_7202_/RESET_B                          0.75   10.21   -9.46 (VIOLATED)
_7207_/RESET_B                          0.75   10.21   -9.46 (VIOLATED)
_7159_/RESET_B                          0.75   10.21   -9.46 (VIOLATED)
_7162_/RESET_B                          0.75   10.21   -9.46 (VIOLATED)
_7160_/RESET_B                          0.75   10.21   -9.46 (VIOLATED)
_7279_/RESET_B                          0.75   10.21   -9.46 (VIOLATED)
_7323_/RESET_B                          0.75   10.21   -9.46 (VIOLATED)
_7201_/RESET_B                          0.75   10.21   -9.46 (VIOLATED)
_7278_/RESET_B                          0.75   10.21   -9.46 (VIOLATED)
_7158_/RESET_B                          0.75   10.21   -9.46 (VIOLATED)
_7276_/RESET_B                          0.75   10.21   -9.46 (VIOLATED)
_7275_/RESET_B                          0.75   10.21   -9.46 (VIOLATED)
_7274_/RESET_B                          0.75   10.21   -9.46 (VIOLATED)
_6927_/RESET_B                          0.75   10.21   -9.46 (VIOLATED)
_6942_/RESET_B                          0.75   10.21   -9.46 (VIOLATED)
_6946_/RESET_B                          0.75   10.21   -9.46 (VIOLATED)
_7062_/RESET_B                          0.75   10.21   -9.46 (VIOLATED)
_7154_/RESET_B                          0.75   10.21   -9.46 (VIOLATED)
_7155_/RESET_B                          0.75   10.21   -9.46 (VIOLATED)
_7156_/RESET_B                          0.75   10.21   -9.46 (VIOLATED)
_7047_/RESET_B                          0.75   10.21   -9.46 (VIOLATED)
_7199_/RESET_B                          0.75   10.21   -9.46 (VIOLATED)
_7200_/RESET_B                          0.75   10.21   -9.46 (VIOLATED)
_7195_/RESET_B                          0.75   10.21   -9.46 (VIOLATED)
_7180_/RESET_B                          0.75   10.21   -9.46 (VIOLATED)
_7273_/RESET_B                          0.75   10.21   -9.46 (VIOLATED)
_7194_/RESET_B                          0.75   10.21   -9.46 (VIOLATED)
_6947_/RESET_B                          0.75   10.21   -9.46 (VIOLATED)
_6948_/RESET_B                          0.75   10.21   -9.46 (VIOLATED)
_7179_/RESET_B                          0.75   10.21   -9.46 (VIOLATED)
_7152_/RESET_B                          0.75   10.21   -9.46 (VIOLATED)
_7153_/RESET_B                          0.75   10.21   -9.46 (VIOLATED)
_7198_/RESET_B                          0.75   10.21   -9.46 (VIOLATED)
_7272_/RESET_B                          0.75   10.21   -9.46 (VIOLATED)
_7197_/RESET_B                          0.75   10.21   -9.46 (VIOLATED)
_7196_/RESET_B                          0.75   10.21   -9.46 (VIOLATED)
_7271_/RESET_B                          0.75   10.21   -9.46 (VIOLATED)
_6951_/RESET_B                          0.75   10.21   -9.46 (VIOLATED)
_7151_/RESET_B                          0.75   10.21   -9.46 (VIOLATED)
_7314_/RESET_B                          0.75   10.21   -9.46 (VIOLATED)
_6952_/RESET_B                          0.75   10.21   -9.46 (VIOLATED)
_6953_/RESET_B                          0.75   10.21   -9.46 (VIOLATED)
_7316_/RESET_B                          0.75   10.21   -9.46 (VIOLATED)
_7317_/RESET_B                          0.75   10.21   -9.46 (VIOLATED)
_7300_/RESET_B                          0.75   10.21   -9.46 (VIOLATED)
_7302_/RESET_B                          0.75   10.21   -9.46 (VIOLATED)
_7315_/RESET_B                          0.75   10.21   -9.46 (VIOLATED)
_7318_/RESET_B                          0.75   10.21   -9.46 (VIOLATED)
_7301_/RESET_B                          0.75   10.21   -9.46 (VIOLATED)
_7046_/RESET_B                          0.75   10.21   -9.46 (VIOLATED)
_6926_/RESET_B                          0.75   10.21   -9.46 (VIOLATED)
_6941_/RESET_B                          0.75   10.21   -9.46 (VIOLATED)
_6945_/RESET_B                          0.75   10.21   -9.46 (VIOLATED)
_7067_/RESET_B                          0.75   10.21   -9.46 (VIOLATED)
_7020_/RESET_B                          0.75   10.21   -9.46 (VIOLATED)
_7021_/RESET_B                          0.75   10.21   -9.46 (VIOLATED)
_7061_/RESET_B                          0.75   10.21   -9.46 (VIOLATED)
_7344_/RESET_B                          0.75   10.21   -9.46 (VIOLATED)
_7022_/RESET_B                          0.75   10.21   -9.46 (VIOLATED)
_7068_/RESET_B                          0.75   10.21   -9.46 (VIOLATED)
_7023_/RESET_B                          0.75   10.21   -9.46 (VIOLATED)
_6944_/RESET_B                          0.75   10.21   -9.46 (VIOLATED)
_6943_/RESET_B                          0.75   10.21   -9.46 (VIOLATED)
_7024_/RESET_B                          0.75   10.21   -9.46 (VIOLATED)
_7069_/RESET_B                          0.75   10.21   -9.46 (VIOLATED)
_7545_/RESET_B                          0.75   10.21   -9.46 (VIOLATED)
_7025_/RESET_B                          0.75   10.21   -9.46 (VIOLATED)
_7026_/RESET_B                          0.75   10.21   -9.46 (VIOLATED)
_7209_/RESET_B                          0.75   10.21   -9.46 (VIOLATED)
_7539_/RESET_B                          0.75   10.21   -9.46 (VIOLATED)
_6949_/RESET_B                          0.75   10.21   -9.46 (VIOLATED)
_7543_/RESET_B                          0.75   10.21   -9.46 (VIOLATED)
_7546_/RESET_B                          0.75   10.21   -9.46 (VIOLATED)
_7540_/RESET_B                          0.75   10.21   -9.46 (VIOLATED)
_7027_/RESET_B                          0.75   10.21   -9.46 (VIOLATED)
_7542_/RESET_B                          0.75   10.21   -9.46 (VIOLATED)
_7028_/RESET_B                          0.75   10.21   -9.46 (VIOLATED)
_6950_/RESET_B                          0.75   10.21   -9.46 (VIOLATED)
_7029_/RESET_B                          0.75   10.21   -9.46 (VIOLATED)
_7547_/RESET_B                          0.75   10.21   -9.46 (VIOLATED)
_7548_/RESET_B                          0.75   10.21   -9.46 (VIOLATED)
_7549_/RESET_B                          0.75   10.21   -9.46 (VIOLATED)
_6954_/RESET_B                          0.75   10.21   -9.46 (VIOLATED)
_7345_/RESET_B                          0.75   10.21   -9.46 (VIOLATED)
_7550_/RESET_B                          0.75   10.21   -9.46 (VIOLATED)
_7030_/RESET_B                          0.75   10.21   -9.46 (VIOLATED)
_7541_/RESET_B                          0.75   10.21   -9.46 (VIOLATED)
_6955_/RESET_B                          0.75   10.21   -9.46 (VIOLATED)
_7092_/RESET_B                          0.75   10.21   -9.46 (VIOLATED)
_7329_/RESET_B                          0.75   10.21   -9.46 (VIOLATED)
_7551_/RESET_B                          0.75   10.21   -9.46 (VIOLATED)
_7076_/RESET_B                          0.75   10.21   -9.46 (VIOLATED)
_7210_/RESET_B                          0.75   10.21   -9.46 (VIOLATED)
_7330_/RESET_B                          0.75   10.21   -9.46 (VIOLATED)
_6972_/RESET_B                          0.75   10.21   -9.46 (VIOLATED)
_7077_/RESET_B                          0.75   10.21   -9.46 (VIOLATED)
_6957_/RESET_B                          0.75   10.21   -9.46 (VIOLATED)
_6921_/RESET_B                          0.75   10.21   -9.46 (VIOLATED)
_7544_/RESET_B                          0.75   10.21   -9.46 (VIOLATED)
_6970_/RESET_B                          0.75   10.21   -9.46 (VIOLATED)
_6920_/RESET_B                          0.75   10.21   -9.46 (VIOLATED)
_7015_/RESET_B                          0.75   10.21   -9.46 (VIOLATED)
_7050_/RESET_B                          0.75   10.21   -9.46 (VIOLATED)
_7051_/RESET_B                          0.75   10.21   -9.46 (VIOLATED)
_7096_/RESET_B                          0.75   10.21   -9.46 (VIOLATED)
_7065_/RESET_B                          0.75   10.21   -9.46 (VIOLATED)
_7066_/RESET_B                          0.75   10.21   -9.46 (VIOLATED)
_7393_/RESET_B                          0.75   10.21   -9.46 (VIOLATED)
_7049_/RESET_B                          0.75   10.21   -9.46 (VIOLATED)
_7052_/RESET_B                          0.75   10.21   -9.46 (VIOLATED)
_7064_/RESET_B                          0.75   10.21   -9.46 (VIOLATED)
_7053_/RESET_B                          0.75   10.21   -9.46 (VIOLATED)
_7048_/RESET_B                          0.75   10.21   -9.46 (VIOLATED)
_7098_/RESET_B                          0.75   10.21   -9.46 (VIOLATED)
_7391_/RESET_B                          0.75   10.21   -9.46 (VIOLATED)
_7063_/RESET_B                          0.75   10.21   -9.46 (VIOLATED)
_7018_/RESET_B                          0.75   10.21   -9.46 (VIOLATED)
_7019_/RESET_B                          0.75   10.21   -9.46 (VIOLATED)
_7100_/RESET_B                          0.75   10.21   -9.46 (VIOLATED)
_7161_/RESET_B                          0.75   10.21   -9.46 (VIOLATED)
_7206_/RESET_B                          0.75   10.21   -9.46 (VIOLATED)
_7163_/RESET_B                          0.75   10.21   -9.46 (VIOLATED)
_7208_/RESET_B                          0.75   10.21   -9.46 (VIOLATED)
_7281_/RESET_B                          0.75   10.21   -9.46 (VIOLATED)
_7283_/RESET_B                          0.75   10.21   -9.46 (VIOLATED)
_7282_/RESET_B                          0.75   10.21   -9.46 (VIOLATED)
_7326_/RESET_B                          0.75   10.21   -9.46 (VIOLATED)
_7280_/RESET_B                          0.75   10.21   -9.46 (VIOLATED)
_7101_/RESET_B                          0.75   10.21   -9.46 (VIOLATED)
_7325_/RESET_B                          0.75   10.21   -9.46 (VIOLATED)
_7327_/RESET_B                          0.75   10.21   -9.46 (VIOLATED)
_7310_/RESET_B                          0.75   10.21   -9.46 (VIOLATED)
_7311_/RESET_B                          0.75   10.21   -9.46 (VIOLATED)
_7357_/RESET_B                          0.75   10.21   -9.46 (VIOLATED)
_7312_/RESET_B                          0.75   10.21   -9.46 (VIOLATED)
_7328_/RESET_B                          0.75   10.21   -9.46 (VIOLATED)
_6930_/RESET_B                          0.75   10.21   -9.46 (VIOLATED)
_6933_/RESET_B                          0.75   10.21   -9.46 (VIOLATED)
_6974_/RESET_B                          0.75   10.21   -9.46 (VIOLATED)
_7091_/RESET_B                          0.75   10.21   -9.46 (VIOLATED)
_6956_/RESET_B                          0.75   10.21   -9.46 (VIOLATED)
_7102_/RESET_B                          0.75   10.21   -9.46 (VIOLATED)
_6971_/RESET_B                          0.75   10.21   -9.46 (VIOLATED)
_7309_/RESET_B                          0.75   10.21   -9.46 (VIOLATED)
_6975_/RESET_B                          0.75   10.21   -9.46 (VIOLATED)
_7356_/RESET_B                          0.75   10.21   -9.46 (VIOLATED)
_6934_/RESET_B                          0.75   10.21   -9.46 (VIOLATED)
_7354_/RESET_B                          0.75   10.21   -9.46 (VIOLATED)
_7070_/RESET_B                          0.75   10.21   -9.46 (VIOLATED)
_7054_/RESET_B                          0.75   10.21   -9.46 (VIOLATED)
_7071_/RESET_B                          0.75   10.21   -9.46 (VIOLATED)
_7055_/RESET_B                          0.75   10.21   -9.46 (VIOLATED)
_7307_/RESET_B                          0.75   10.21   -9.46 (VIOLATED)
_7056_/RESET_B                          0.75   10.21   -9.46 (VIOLATED)
_6936_/RESET_B                          0.75   10.21   -9.46 (VIOLATED)
_7072_/RESET_B                          0.75   10.21   -9.46 (VIOLATED)
_7089_/RESET_B                          0.75   10.21   -9.46 (VIOLATED)
_7073_/RESET_B                          0.75   10.21   -9.46 (VIOLATED)
_7103_/RESET_B                          0.75   10.21   -9.46 (VIOLATED)
_7057_/RESET_B                          0.75   10.21   -9.46 (VIOLATED)
_7191_/RESET_B                          0.75   10.21   -9.46 (VIOLATED)
_7192_/RESET_B                          0.75   10.21   -9.46 (VIOLATED)
_7193_/RESET_B                          0.75   10.21   -9.46 (VIOLATED)
_7190_/RESET_B                          0.75   10.21   -9.46 (VIOLATED)
_7237_/RESET_B                          0.75   10.21   -9.46 (VIOLATED)
_7189_/RESET_B                          0.75   10.21   -9.46 (VIOLATED)
_6979_/RESET_B                          0.75   10.21   -9.46 (VIOLATED)
_7313_/RESET_B                          0.75   10.21   -9.46 (VIOLATED)
_7358_/RESET_B                          0.75   10.21   -9.46 (VIOLATED)
_7104_/RESET_B                          0.75   10.21   -9.46 (VIOLATED)
_7355_/RESET_B                          0.75   10.21   -9.46 (VIOLATED)
_6937_/RESET_B                          0.75   10.21   -9.46 (VIOLATED)
_7058_/RESET_B                          0.75   10.21   -9.46 (VIOLATED)
_7059_/RESET_B                          0.75   10.21   -9.46 (VIOLATED)
_7074_/RESET_B                          0.75   10.21   -9.46 (VIOLATED)
_7105_/RESET_B                          0.75   10.21   -9.46 (VIOLATED)
_6939_/RESET_B                          0.75   10.21   -9.46 (VIOLATED)
_7353_/RESET_B                          0.75   10.21   -9.46 (VIOLATED)
_6938_/RESET_B                          0.75   10.21   -9.46 (VIOLATED)
_7188_/RESET_B                          0.75   10.21   -9.46 (VIOLATED)
_7234_/RESET_B                          0.75   10.21   -9.46 (VIOLATED)
_7236_/RESET_B                          0.75   10.21   -9.46 (VIOLATED)
_6982_/RESET_B                          0.75   10.21   -9.46 (VIOLATED)
_7352_/RESET_B                          0.75   10.21   -9.46 (VIOLATED)
_7187_/RESET_B                          0.75   10.21   -9.46 (VIOLATED)
_7088_/RESET_B                          0.75   10.21   -9.46 (VIOLATED)
_7351_/RESET_B                          0.75   10.21   -9.46 (VIOLATED)
_7231_/RESET_B                          0.75   10.21   -9.46 (VIOLATED)
_6935_/RESET_B                          0.75   10.21   -9.46 (VIOLATED)
_6925_/RESET_B                          0.75   10.21   -9.46 (VIOLATED)
_6983_/RESET_B                          0.75   10.21   -9.46 (VIOLATED)
_7090_/RESET_B                          0.75   10.21   -9.46 (VIOLATED)
_7392_/RESET_B                          0.75   10.21   -9.46 (VIOLATED)
_6940_/RESET_B                          0.75   10.21   -9.46 (VIOLATED)
_7060_/RESET_B                          0.75   10.21   -9.46 (VIOLATED)
_7075_/RESET_B                          0.75   10.21   -9.46 (VIOLATED)
_7117_/RESET_B                          0.75   10.21   -9.46 (VIOLATED)
_7118_/RESET_B                          0.75   10.21   -9.46 (VIOLATED)
_6984_/RESET_B                          0.75   10.21   -9.46 (VIOLATED)
_7132_/RESET_B                          0.75   10.21   -9.46 (VIOLATED)
_6985_/RESET_B                          0.75   10.21   -9.46 (VIOLATED)
_6969_/RESET_B                          0.75   10.21   -9.46 (VIOLATED)
_6968_/RESET_B                          0.75   10.21   -9.46 (VIOLATED)
_6967_/RESET_B                          0.75   10.21   -9.46 (VIOLATED)
_7013_/RESET_B                          0.75   10.21   -9.46 (VIOLATED)
_7014_/RESET_B                          0.75   10.21   -9.46 (VIOLATED)
_7087_/RESET_B                          0.75   10.21   -9.46 (VIOLATED)
_7277_/RESET_B                          0.75   10.21   -9.46 (VIOLATED)
_7308_/RESET_B                          0.75   10.21   -9.46 (VIOLATED)
_7322_/RESET_B                          0.75   10.21   -9.46 (VIOLATED)
_7324_/RESET_B                          0.75   10.21   -9.46 (VIOLATED)
_7157_/RESET_B                          0.75   10.21   -9.46 (VIOLATED)
_7321_/RESET_B                          0.75   10.21   -9.46 (VIOLATED)
_7306_/RESET_B                          0.75   10.21   -9.46 (VIOLATED)
_7305_/RESET_B                          0.75   10.21   -9.46 (VIOLATED)
_7304_/RESET_B                          0.75   10.21   -9.46 (VIOLATED)
_7319_/RESET_B                          0.75   10.21   -9.46 (VIOLATED)
_7320_/RESET_B                          0.75   10.21   -9.46 (VIOLATED)
_7131_/RESET_B                          0.75   10.21   -9.46 (VIOLATED)
_7303_/RESET_B                          0.75   10.21   -9.46 (VIOLATED)
_7230_/RESET_B                          0.75   10.21   -9.46 (VIOLATED)
_7349_/RESET_B                          0.75   10.21   -9.46 (VIOLATED)
_7348_/RESET_B                          0.75   10.21   -9.46 (VIOLATED)
_7229_/RESET_B                          0.75   10.21   -9.46 (VIOLATED)
_7012_/RESET_B                          0.75   10.21   -9.46 (VIOLATED)
_7184_/RESET_B                          0.75   10.21   -9.46 (VIOLATED)
_7186_/RESET_B                          0.75   10.21   -9.46 (VIOLATED)
_7350_/RESET_B                          0.75   10.21   -9.46 (VIOLATED)
_7185_/RESET_B                          0.75   10.21   -9.46 (VIOLATED)
_7183_/RESET_B                          0.75   10.21   -9.46 (VIOLATED)
_7227_/RESET_B                          0.75   10.21   -9.46 (VIOLATED)
_7347_/RESET_B                          0.75   10.21   -9.46 (VIOLATED)
_7086_/RESET_B                          0.75   10.21   -9.46 (VIOLATED)
_7182_/RESET_B                          0.75   10.21   -9.46 (VIOLATED)
_7291_/RESET_B                          0.75   10.21   -9.46 (VIOLATED)
_7116_/RESET_B                          0.75   10.21   -9.46 (VIOLATED)
_7181_/RESET_B                          0.75   10.21   -9.46 (VIOLATED)
_7225_/RESET_B                          0.75   10.21   -9.46 (VIOLATED)
_7346_/RESET_B                          0.75   10.21   -9.46 (VIOLATED)
_7224_/RESET_B                          0.75   10.21   -9.46 (VIOLATED)
_7226_/RESET_B                          0.75   10.21   -9.46 (VIOLATED)
_6919_/RESET_B                          0.75   10.21   -9.46 (VIOLATED)
_6922_/RESET_B                          0.75   10.21   -9.46 (VIOLATED)
_6918_/RESET_B                          0.75   10.21   -9.46 (VIOLATED)
_7290_/RESET_B                          0.75   10.21   -9.46 (VIOLATED)
_7228_/RESET_B                          0.75   10.21   -9.46 (VIOLATED)
_7409_/RESET_B                          0.75   10.21   -9.46 (VIOLATED)
_6924_/RESET_B                          0.75   10.21   -9.46 (VIOLATED)
_7286_/RESET_B                          0.75   10.21   -9.46 (VIOLATED)
_6923_/RESET_B                          0.75   10.21   -9.46 (VIOLATED)
_7238_/RESET_B                          0.75   10.21   -9.46 (VIOLATED)
_7222_/RESET_B                          0.75   10.21   -9.46 (VIOLATED)
_7223_/RESET_B                          0.75   10.21   -9.46 (VIOLATED)
_7268_/RESET_B                          0.75   10.21   -9.46 (VIOLATED)
_7221_/RESET_B                          0.75   10.21   -9.46 (VIOLATED)
_7219_/RESET_B                          0.75   10.21   -9.46 (VIOLATED)
_7218_/RESET_B                          0.75   10.21   -9.46 (VIOLATED)
_7235_/RESET_B                          0.75   10.21   -9.46 (VIOLATED)
_7287_/RESET_B                          0.75   10.21   -9.46 (VIOLATED)
_7217_/RESET_B                          0.75   10.21   -9.46 (VIOLATED)
_7257_/RESET_B                          0.75   10.21   -9.46 (VIOLATED)
_7258_/RESET_B                          0.75   10.21   -9.46 (VIOLATED)
_7343_/RESET_B                          0.75   10.21   -9.46 (VIOLATED)
_7216_/RESET_B                          0.75   10.21   -9.46 (VIOLATED)
_7233_/RESET_B                          0.75   10.21   -9.46 (VIOLATED)
_6916_/RESET_B                          0.75   10.21   -9.46 (VIOLATED)
_7211_/RESET_B                          0.75   10.21   -9.46 (VIOLATED)
_7256_/RESET_B                          0.75   10.21   -9.46 (VIOLATED)
_7130_/RESET_B                          0.75   10.21   -9.46 (VIOLATED)
_7232_/RESET_B                          0.75   10.21   -9.46 (VIOLATED)
_7215_/RESET_B                          0.75   10.21   -9.46 (VIOLATED)
_7212_/RESET_B                          0.75   10.21   -9.46 (VIOLATED)
_7292_/RESET_B                          0.75   10.21   -9.46 (VIOLATED)
_6917_/RESET_B                          0.75   10.21   -9.46 (VIOLATED)
_7247_/RESET_B                          0.75   10.21   -9.46 (VIOLATED)
_6915_/RESET_B                          0.75   10.21   -9.46 (VIOLATED)
_7293_/RESET_B                          0.75   10.21   -9.46 (VIOLATED)
_6914_/RESET_B                          0.75   10.21   -9.46 (VIOLATED)
_7294_/RESET_B                          0.75   10.21   -9.46 (VIOLATED)
_7265_/RESET_B                          0.75   10.21   -9.46 (VIOLATED)
_7266_/RESET_B                          0.75   10.21   -9.46 (VIOLATED)
_7267_/RESET_B                          0.75   10.21   -9.46 (VIOLATED)
_7289_/RESET_B                          0.75   10.21   -9.46 (VIOLATED)
_7341_/RESET_B                          0.75   10.21   -9.46 (VIOLATED)
_7264_/RESET_B                          0.75   10.21   -9.46 (VIOLATED)
_7388_/RESET_B                          0.75   10.21   -9.46 (VIOLATED)
_7339_/RESET_B                          0.75   10.21   -9.46 (VIOLATED)
_7220_/RESET_B                          0.75   10.21   -9.46 (VIOLATED)
_7338_/RESET_B                          0.75   10.21   -9.46 (VIOLATED)
_7340_/RESET_B                          0.75   10.21   -9.46 (VIOLATED)
_7342_/RESET_B                          0.75   10.21   -9.46 (VIOLATED)
_7372_/RESET_B                          0.75   10.21   -9.46 (VIOLATED)
_7288_/RESET_B                          0.75   10.21   -9.46 (VIOLATED)
_7371_/RESET_B                          0.75   10.21   -9.46 (VIOLATED)
_7373_/RESET_B                          0.75   10.21   -9.46 (VIOLATED)
_7261_/RESET_B                          0.75   10.21   -9.46 (VIOLATED)
_7370_/RESET_B                          0.75   10.21   -9.46 (VIOLATED)
_7135_/RESET_B                          0.75   10.21   -9.46 (VIOLATED)
_7262_/RESET_B                          0.75   10.21   -9.46 (VIOLATED)
_7263_/RESET_B                          0.75   10.21   -9.46 (VIOLATED)
_7337_/RESET_B                          0.75   10.21   -9.46 (VIOLATED)
_7260_/RESET_B                          0.75   10.21   -9.46 (VIOLATED)
_7296_/RESET_B                          0.75   10.21   -9.46 (VIOLATED)
_7368_/RESET_B                          0.75   10.21   -9.46 (VIOLATED)
_7369_/RESET_B                          0.75   10.21   -9.46 (VIOLATED)
_6964_/RESET_B                          0.75   10.21   -9.46 (VIOLATED)
_6965_/RESET_B                          0.75   10.21   -9.46 (VIOLATED)
_6966_/RESET_B                          0.75   10.21   -9.46 (VIOLATED)
_6980_/RESET_B                          0.75   10.21   -9.46 (VIOLATED)
_6981_/RESET_B                          0.75   10.21   -9.46 (VIOLATED)
_7010_/RESET_B                          0.75   10.21   -9.46 (VIOLATED)
_7334_/RESET_B                          0.75   10.21   -9.46 (VIOLATED)
_7367_/RESET_B                          0.75   10.21   -9.46 (VIOLATED)
_7011_/RESET_B                          0.75   10.21   -9.46 (VIOLATED)
_7009_/RESET_B                          0.75   10.21   -9.46 (VIOLATED)
_7083_/RESET_B                          0.75   10.21   -9.46 (VIOLATED)
_7244_/RESET_B                          0.75   10.21   -9.46 (VIOLATED)
_7082_/RESET_B                          0.75   10.21   -9.46 (VIOLATED)
_7333_/RESET_B                          0.75   10.21   -9.46 (VIOLATED)
_7084_/RESET_B                          0.75   10.21   -9.46 (VIOLATED)
_7085_/RESET_B                          0.75   10.21   -9.46 (VIOLATED)
_7115_/RESET_B                          0.75   10.21   -9.46 (VIOLATED)
_7254_/RESET_B                          0.75   10.21   -9.46 (VIOLATED)
_7120_/RESET_B                          0.75   10.21   -9.46 (VIOLATED)
_7178_/RESET_B                          0.75   10.21   -9.46 (VIOLATED)
_7255_/RESET_B                          0.75   10.21   -9.46 (VIOLATED)
_7408_/RESET_B                          0.75   10.21   -9.46 (VIOLATED)
_7213_/RESET_B                          0.75   10.21   -9.46 (VIOLATED)
_7214_/RESET_B                          0.75   10.21   -9.46 (VIOLATED)
_7252_/RESET_B                          0.75   10.21   -9.46 (VIOLATED)
_7243_/RESET_B                          0.75   10.21   -9.46 (VIOLATED)
_7248_/RESET_B                          0.75   10.21   -9.46 (VIOLATED)
_7253_/RESET_B                          0.75   10.21   -9.46 (VIOLATED)
_7259_/RESET_B                          0.75   10.21   -9.46 (VIOLATED)
_7249_/RESET_B                          0.75   10.21   -9.46 (VIOLATED)
_7295_/RESET_B                          0.75   10.21   -9.46 (VIOLATED)
_7297_/RESET_B                          0.75   10.21   -9.46 (VIOLATED)
_7114_/RESET_B                          0.75   10.21   -9.46 (VIOLATED)
_7250_/RESET_B                          0.75   10.21   -9.46 (VIOLATED)
_7386_/RESET_B                          0.75   10.21   -9.46 (VIOLATED)
_7383_/RESET_B                          0.75   10.21   -9.46 (VIOLATED)
_7385_/RESET_B                          0.75   10.21   -9.46 (VIOLATED)
_7387_/RESET_B                          0.75   10.21   -9.46 (VIOLATED)
_7382_/RESET_B                          0.75   10.21   -9.46 (VIOLATED)
_7336_/RESET_B                          0.75   10.21   -9.46 (VIOLATED)
_7335_/RESET_B                          0.75   10.21   -9.46 (VIOLATED)
_7106_/RESET_B                          0.75   10.21   -9.46 (VIOLATED)
_7331_/RESET_B                          0.75   10.21   -9.46 (VIOLATED)
_7332_/RESET_B                          0.75   10.21   -9.46 (VIOLATED)
_7081_/RESET_B                          0.75   10.21   -9.46 (VIOLATED)
_7407_/RESET_B                          0.75   10.21   -9.46 (VIOLATED)
_7377_/RESET_B                          0.75   10.21   -9.46 (VIOLATED)
_7246_/RESET_B                          0.75   10.21   -9.46 (VIOLATED)
_7366_/RESET_B                          0.75   10.21   -9.46 (VIOLATED)
_7376_/RESET_B                          0.75   10.21   -9.46 (VIOLATED)
_7404_/RESET_B                          0.75   10.21   -9.46 (VIOLATED)
_7405_/RESET_B                          0.75   10.21   -9.46 (VIOLATED)
_7363_/RESET_B                          0.75   10.21   -9.46 (VIOLATED)
_7364_/RESET_B                          0.75   10.21   -9.46 (VIOLATED)
_7406_/RESET_B                          0.75   10.21   -9.46 (VIOLATED)
_7361_/RESET_B                          0.75   10.21   -9.46 (VIOLATED)
_7362_/RESET_B                          0.75   10.21   -9.46 (VIOLATED)
_7245_/RESET_B                          0.75   10.21   -9.46 (VIOLATED)
_7107_/RESET_B                          0.75   10.21   -9.46 (VIOLATED)
_7129_/RESET_B                          0.75   10.21   -9.46 (VIOLATED)
_7396_/RESET_B                          0.75   10.21   -9.46 (VIOLATED)
_7007_/RESET_B                          0.75   10.21   -9.46 (VIOLATED)
_6987_/RESET_B                          0.75   10.21   -9.46 (VIOLATED)
_7002_/RESET_B                          0.75   10.21   -9.46 (VIOLATED)
_7005_/RESET_B                          0.75   10.21   -9.46 (VIOLATED)
_7006_/RESET_B                          0.75   10.21   -9.46 (VIOLATED)
_7122_/RESET_B                          0.75   10.21   -9.46 (VIOLATED)
_7298_/RESET_B                          0.75   10.21   -9.46 (VIOLATED)
_7119_/RESET_B                          0.75   10.21   -9.46 (VIOLATED)
_7241_/RESET_B                          0.75   10.21   -9.46 (VIOLATED)
_7251_/RESET_B                          0.75   10.21   -9.46 (VIOLATED)
_7175_/RESET_B                          0.75   10.21   -9.46 (VIOLATED)
_7242_/RESET_B                          0.75   10.21   -9.46 (VIOLATED)
_7397_/RESET_B                          0.75   10.21   -9.46 (VIOLATED)
_7176_/RESET_B                          0.75   10.21   -9.46 (VIOLATED)
_7080_/RESET_B                          0.75   10.21   -9.46 (VIOLATED)
_7000_/RESET_B                          0.75   10.20   -9.45 (VIOLATED)
_7128_/RESET_B                          0.75   10.20   -9.45 (VIOLATED)
_7133_/RESET_B                          0.75   10.20   -9.45 (VIOLATED)
_7134_/RESET_B                          0.75   10.20   -9.45 (VIOLATED)
_7110_/RESET_B                          0.75   10.20   -9.45 (VIOLATED)
_7112_/RESET_B                          0.75   10.20   -9.45 (VIOLATED)
_7126_/RESET_B                          0.75   10.20   -9.45 (VIOLATED)
_7127_/RESET_B                          0.75   10.20   -9.45 (VIOLATED)
_7111_/RESET_B                          0.75   10.20   -9.45 (VIOLATED)
_7113_/RESET_B                          0.75   10.20   -9.45 (VIOLATED)
_7170_/RESET_B                          0.75   10.20   -9.45 (VIOLATED)
_7177_/RESET_B                          0.75   10.20   -9.45 (VIOLATED)
_7045_/RESET_B                          0.75   10.20   -9.45 (VIOLATED)
_6998_/RESET_B                          0.75   10.20   -9.45 (VIOLATED)
_7079_/RESET_B                          0.75   10.20   -9.45 (VIOLATED)
_7169_/RESET_B                          0.75   10.20   -9.45 (VIOLATED)
_7078_/RESET_B                          0.75   10.20   -9.45 (VIOLATED)
_6986_/RESET_B                          0.75   10.20   -9.45 (VIOLATED)
_7001_/RESET_B                          0.75   10.20   -9.45 (VIOLATED)
_7003_/RESET_B                          0.75   10.20   -9.45 (VIOLATED)
_7121_/RESET_B                          0.75   10.20   -9.45 (VIOLATED)
_7043_/RESET_B                          0.75   10.20   -9.45 (VIOLATED)
_7123_/RESET_B                          0.75   10.20   -9.45 (VIOLATED)
_6990_/RESET_B                          0.75   10.20   -9.45 (VIOLATED)
_6997_/RESET_B                          0.75   10.20   -9.45 (VIOLATED)
_6929_/RESET_B                          0.75   10.20   -9.45 (VIOLATED)
_7093_/RESET_B                          0.75   10.20   -9.45 (VIOLATED)
_7094_/RESET_B                          0.75   10.20   -9.45 (VIOLATED)
_7095_/RESET_B                          0.75   10.20   -9.45 (VIOLATED)
_7097_/RESET_B                          0.75   10.20   -9.45 (VIOLATED)
_7099_/RESET_B                          0.75   10.20   -9.45 (VIOLATED)
_6932_/RESET_B                          0.75   10.20   -9.45 (VIOLATED)
_6973_/RESET_B                          0.75   10.20   -9.45 (VIOLATED)
_6928_/RESET_B                          0.75   10.20   -9.45 (VIOLATED)
_6976_/RESET_B                          0.75   10.20   -9.45 (VIOLATED)
_6978_/RESET_B                          0.75   10.20   -9.45 (VIOLATED)
_7384_/RESET_B                          0.75   10.20   -9.45 (VIOLATED)
_7379_/RESET_B                          0.75   10.20   -9.45 (VIOLATED)
_7380_/RESET_B                          0.75   10.20   -9.45 (VIOLATED)
_7381_/RESET_B                          0.75   10.20   -9.45 (VIOLATED)
_6931_/RESET_B                          0.75   10.20   -9.45 (VIOLATED)
_7378_/RESET_B                          0.75   10.20   -9.45 (VIOLATED)
_6977_/RESET_B                          0.75   10.20   -9.45 (VIOLATED)
_7365_/RESET_B                          0.75   10.20   -9.45 (VIOLATED)
_7402_/RESET_B                          0.75   10.20   -9.45 (VIOLATED)
_7403_/RESET_B                          0.75   10.20   -9.45 (VIOLATED)
_6963_/RESET_B                          0.75   10.20   -9.45 (VIOLATED)
_7374_/RESET_B                          0.75   10.20   -9.45 (VIOLATED)
_7401_/RESET_B                          0.75   10.20   -9.45 (VIOLATED)
_6999_/RESET_B                          0.75   10.20   -9.45 (VIOLATED)
_7008_/RESET_B                          0.75   10.20   -9.45 (VIOLATED)
_7108_/RESET_B                          0.75   10.20   -9.45 (VIOLATED)
_7109_/RESET_B                          0.75   10.20   -9.45 (VIOLATED)
_7125_/RESET_B                          0.75   10.20   -9.45 (VIOLATED)
_6991_/RESET_B                          0.75   10.20   -9.45 (VIOLATED)
_7044_/RESET_B                          0.75   10.20   -9.45 (VIOLATED)
_7124_/RESET_B                          0.75   10.20   -9.45 (VIOLATED)
_7427_/RESET_B                          0.75   10.20   -9.45 (VIOLATED)
_7428_/RESET_B                          0.75   10.20   -9.45 (VIOLATED)
_7429_/RESET_B                          0.75   10.20   -9.45 (VIOLATED)
_7430_/RESET_B                          0.75   10.20   -9.45 (VIOLATED)
_6992_/RESET_B                          0.75   10.20   -9.45 (VIOLATED)
_7042_/RESET_B                          0.75   10.20   -9.45 (VIOLATED)
_7431_/RESET_B                          0.75   10.20   -9.45 (VIOLATED)
_7395_/RESET_B                          0.75   10.20   -9.45 (VIOLATED)
_6989_/RESET_B                          0.75   10.20   -9.45 (VIOLATED)
_7038_/RESET_B                          0.75   10.20   -9.45 (VIOLATED)
_7390_/RESET_B                          0.75   10.20   -9.45 (VIOLATED)
_7432_/RESET_B                          0.75   10.20   -9.45 (VIOLATED)
_7375_/RESET_B                          0.75   10.20   -9.45 (VIOLATED)
_7394_/RESET_B                          0.75   10.20   -9.45 (VIOLATED)
_7400_/RESET_B                          0.75   10.20   -9.45 (VIOLATED)
_6514_/B                                0.75   10.20   -9.45 (VIOLATED)
_4750_/A                                0.75   10.20   -9.45 (VIOLATED)
_6962_/RESET_B                          0.75   10.20   -9.45 (VIOLATED)
_7270_/RESET_B                          0.75   10.20   -9.45 (VIOLATED)
_7389_/RESET_B                          0.75   10.20   -9.45 (VIOLATED)
_7424_/RESET_B                          0.75   10.20   -9.45 (VIOLATED)
_7425_/RESET_B                          0.75   10.20   -9.45 (VIOLATED)
_7423_/RESET_B                          0.75   10.20   -9.45 (VIOLATED)
_7426_/RESET_B                          0.75   10.20   -9.45 (VIOLATED)
_7284_/RESET_B                          0.75   10.20   -9.45 (VIOLATED)
_7285_/RESET_B                          0.75   10.20   -9.45 (VIOLATED)
_7398_/RESET_B                          0.75   10.20   -9.45 (VIOLATED)
_7434_/RESET_B                          0.75   10.20   -9.45 (VIOLATED)
_7399_/RESET_B                          0.75   10.20   -9.45 (VIOLATED)
_7433_/RESET_B                          0.75   10.20   -9.45 (VIOLATED)
_7560_/RESET_B                          0.75   10.20   -9.45 (VIOLATED)
_7561_/RESET_B                          0.75   10.20   -9.45 (VIOLATED)
_6961_/RESET_B                          0.75   10.20   -9.45 (VIOLATED)
_7557_/RESET_B                          0.75   10.20   -9.45 (VIOLATED)
_7559_/RESET_B                          0.75   10.20   -9.45 (VIOLATED)
_7562_/RESET_B                          0.75   10.20   -9.45 (VIOLATED)
_7555_/RESET_B                          0.75   10.20   -9.45 (VIOLATED)
_7556_/RESET_B                          0.75   10.20   -9.45 (VIOLATED)
_7558_/RESET_B                          0.75   10.20   -9.45 (VIOLATED)
_7171_/RESET_B                          0.75   10.20   -9.45 (VIOLATED)
_7174_/RESET_B                          0.75   10.20   -9.45 (VIOLATED)
_7269_/RESET_B                          0.75   10.20   -9.45 (VIOLATED)
_7173_/RESET_B                          0.75   10.20   -9.45 (VIOLATED)
_7554_/RESET_B                          0.75   10.20   -9.45 (VIOLATED)
_7239_/RESET_B                          0.75   10.20   -9.45 (VIOLATED)
_7240_/RESET_B                          0.75   10.20   -9.45 (VIOLATED)
_7359_/RESET_B                          0.75   10.20   -9.45 (VIOLATED)
_7360_/RESET_B                          0.75   10.20   -9.45 (VIOLATED)
_7563_/RESET_B                          0.75   10.20   -9.45 (VIOLATED)
_6960_/RESET_B                          0.75   10.20   -9.45 (VIOLATED)
_6801_/B                                0.75   10.20   -9.45 (VIOLATED)
_7553_/RESET_B                          0.75   10.20   -9.45 (VIOLATED)
_7552_/RESET_B                          0.75   10.20   -9.45 (VIOLATED)
_7149_/RESET_B                          0.75   10.20   -9.45 (VIOLATED)
_7299_/RESET_B                          0.75   10.20   -9.45 (VIOLATED)
_6959_/RESET_B                          0.75   10.20   -9.45 (VIOLATED)
_7172_/RESET_B                          0.75   10.20   -9.45 (VIOLATED)
_7165_/RESET_B                          0.75   10.20   -9.45 (VIOLATED)
_7150_/RESET_B                          0.75   10.20   -9.45 (VIOLATED)
_6958_/RESET_B                          0.75   10.20   -9.45 (VIOLATED)
_7004_/RESET_B                          0.75   10.20   -9.45 (VIOLATED)
_7036_/RESET_B                          0.75   10.20   -9.45 (VIOLATED)
_7168_/RESET_B                          0.75   10.20   -9.45 (VIOLATED)
_6996_/RESET_B                          0.75   10.20   -9.45 (VIOLATED)
_7041_/RESET_B                          0.75   10.20   -9.45 (VIOLATED)
_7017_/RESET_B                          0.75   10.20   -9.45 (VIOLATED)
_7032_/RESET_B                          0.75   10.20   -9.45 (VIOLATED)
_7167_/RESET_B                          0.75   10.20   -9.45 (VIOLATED)
_7033_/RESET_B                          0.75   10.20   -9.45 (VIOLATED)
_7164_/RESET_B                          0.75   10.20   -9.45 (VIOLATED)
_7034_/RESET_B                          0.75   10.20   -9.45 (VIOLATED)
_7166_/RESET_B                          0.75   10.20   -9.45 (VIOLATED)
_7016_/RESET_B                          0.75   10.20   -9.45 (VIOLATED)
_7031_/RESET_B                          0.75   10.20   -9.45 (VIOLATED)
_7035_/RESET_B                          0.75   10.20   -9.45 (VIOLATED)
_6994_/RESET_B                          0.75   10.20   -9.45 (VIOLATED)
_6995_/RESET_B                          0.75   10.20   -9.45 (VIOLATED)
_7039_/RESET_B                          0.75   10.20   -9.45 (VIOLATED)
_6993_/RESET_B                          0.75   10.20   -9.45 (VIOLATED)
_6988_/RESET_B                          0.75   10.20   -9.45 (VIOLATED)
_7037_/RESET_B                          0.75   10.20   -9.45 (VIOLATED)
_7040_/RESET_B                          0.75   10.20   -9.45 (VIOLATED)
rst_n                                   0.75   10.19   -9.44 (VIOLATED)
_3670_/A                                0.75    1.98   -1.23 (VIOLATED)
_5757_/B1                               0.75    1.98   -1.23 (VIOLATED)
_5796_/B1                               0.75    1.98   -1.23 (VIOLATED)
_5435_/B1                               0.75    1.98   -1.23 (VIOLATED)
_5475_/B1                               0.75    1.98   -1.23 (VIOLATED)
_5222_/A                                0.75    1.98   -1.23 (VIOLATED)
_5302_/B1                               0.75    1.98   -1.23 (VIOLATED)
_5312_/B1                               0.75    1.98   -1.23 (VIOLATED)
_6114_/B1                               0.75    1.98   -1.23 (VIOLATED)
_5958_/B1                               0.75    1.98   -1.23 (VIOLATED)
_6075_/B1                               0.75    1.98   -1.23 (VIOLATED)
_6252_/B1                               0.75    1.98   -1.23 (VIOLATED)
_5260_/B1                               0.75    1.98   -1.23 (VIOLATED)
_4853_/B1                               0.75    1.98   -1.23 (VIOLATED)
_4892_/B1                               0.75    1.98   -1.23 (VIOLATED)
_3668_/B1                               0.75    1.98   -1.23 (VIOLATED)
_3711_/B1                               0.75    1.98   -1.23 (VIOLATED)
_3753_/B1                               0.75    1.98   -1.23 (VIOLATED)
_4934_/B1                               0.75    1.98   -1.23 (VIOLATED)
_3763_/B1                               0.75    1.98   -1.23 (VIOLATED)
_4944_/B1                               0.75    1.98   -1.23 (VIOLATED)
_5637_/B1                               0.75    1.98   -1.23 (VIOLATED)
_5220_/B1                               0.75    1.98   -1.23 (VIOLATED)
_4156_/B1                               0.75    1.98   -1.23 (VIOLATED)
_4195_/B1                               0.75    1.98   -1.23 (VIOLATED)
_4637_/B1                               0.75    1.98   -1.23 (VIOLATED)
_4473_/B1                               0.75    1.98   -1.23 (VIOLATED)
_4512_/B1                               0.75    1.98   -1.23 (VIOLATED)
_4677_/B1                               0.75    1.98   -1.23 (VIOLATED)
_3667_/X                                0.75    1.98   -1.23 (VIOLATED)
_3875_/B1                               0.75    1.98   -1.23 (VIOLATED)
_6170_/A1                               0.75    1.82   -1.07 (VIOLATED)
_5531_/A1                               0.75    1.82   -1.07 (VIOLATED)
_5296_/A1                               0.75    1.82   -1.07 (VIOLATED)
_4928_/A1                               0.75    1.82   -1.07 (VIOLATED)
_5852_/A1                               0.75    1.82   -1.07 (VIOLATED)
_4184_/B1                               0.75    1.82   -1.07 (VIOLATED)
_4881_/B1                               0.75    1.82   -1.07 (VIOLATED)
_4251_/A1                               0.75    1.82   -1.07 (VIOLATED)
_5104_/B1                               0.75    1.82   -1.07 (VIOLATED)
_5116_/A                                0.75    1.82   -1.07 (VIOLATED)
_4665_/B1                               0.75    1.82   -1.07 (VIOLATED)
_4734_/A1                               0.75    1.82   -1.07 (VIOLATED)
_4039_/B1                               0.75    1.82   -1.07 (VIOLATED)
_4051_/A                                0.75    1.82   -1.07 (VIOLATED)
_4088_/B1                               0.75    1.82   -1.07 (VIOLATED)
_3747_/A1                               0.75    1.82   -1.07 (VIOLATED)
_4405_/B1                               0.75    1.82   -1.07 (VIOLATED)
_4568_/A1                               0.75    1.82   -1.07 (VIOLATED)
_3698_/X                                0.75    1.82   -1.07 (VIOLATED)
_3699_/B1                               0.75    1.82   -1.07 (VIOLATED)
_4356_/B1                               0.75    1.82   -1.07 (VIOLATED)
_4368_/A                                0.75    1.82   -1.07 (VIOLATED)
_4501_/B1                               0.75    1.82   -1.07 (VIOLATED)
_5361_/A                                0.75    1.66   -0.91 (VIOLATED)
_5388_/A                                0.75    1.66   -0.91 (VIOLATED)
_5397_/A                                0.75    1.66   -0.91 (VIOLATED)
_5352_/A                                0.75    1.66   -0.91 (VIOLATED)
_5370_/A                                0.75    1.66   -0.91 (VIOLATED)
_5379_/A                                0.75    1.66   -0.91 (VIOLATED)
_6361_/A1                               0.75    1.66   -0.91 (VIOLATED)
_6355_/A1                               0.75    1.66   -0.91 (VIOLATED)
_6358_/A1                               0.75    1.66   -0.91 (VIOLATED)
_6349_/A1                               0.75    1.66   -0.91 (VIOLATED)
_6352_/A1                               0.75    1.66   -0.91 (VIOLATED)
_6340_/A1                               0.75    1.66   -0.91 (VIOLATED)
_6343_/A1                               0.75    1.66   -0.91 (VIOLATED)
_6346_/A1                               0.75    1.66   -0.91 (VIOLATED)
_5010_/A                                0.75    1.66   -0.91 (VIOLATED)
_5019_/A                                0.75    1.66   -0.91 (VIOLATED)
_5028_/A                                0.75    1.66   -0.91 (VIOLATED)
_6328_/A1                               0.75    1.66   -0.91 (VIOLATED)
_4983_/A                                0.75    1.66   -0.91 (VIOLATED)
_4992_/A                                0.75    1.66   -0.91 (VIOLATED)
_5001_/A                                0.75    1.66   -0.91 (VIOLATED)
_6337_/A1                               0.75    1.66   -0.91 (VIOLATED)
_6318_/A1                               0.75    1.66   -0.91 (VIOLATED)
_4775_/A1                               0.75    1.66   -0.91 (VIOLATED)
_4781_/A1                               0.75    1.66   -0.91 (VIOLATED)
_4784_/A1                               0.75    1.66   -0.91 (VIOLATED)
_4787_/A1                               0.75    1.66   -0.91 (VIOLATED)
_4772_/A1                               0.75    1.66   -0.91 (VIOLATED)
_4760_/A1                               0.75    1.66   -0.91 (VIOLATED)
_4763_/A1                               0.75    1.66   -0.91 (VIOLATED)
_4769_/A1                               0.75    1.66   -0.91 (VIOLATED)
_6334_/A1                               0.75    1.66   -0.91 (VIOLATED)
_4749_/A1                               0.75    1.66   -0.91 (VIOLATED)
_4778_/A1                               0.75    1.66   -0.91 (VIOLATED)
_4766_/A1                               0.75    1.66   -0.91 (VIOLATED)
_6331_/A1                               0.75    1.66   -0.91 (VIOLATED)
_4748_/X                                0.75    1.66   -0.91 (VIOLATED)
_6378_/B1                               0.75    1.66   -0.91 (VIOLATED)
_6394_/A4                               0.75    1.66   -0.91 (VIOLATED)
_6684_/A4                               0.75    1.66   -0.91 (VIOLATED)
_4269_/S                                0.75    1.64   -0.89 (VIOLATED)
_4271_/S                                0.75    1.64   -0.89 (VIOLATED)
_4424_/S                                0.75    1.64   -0.89 (VIOLATED)
_4426_/S                                0.75    1.64   -0.89 (VIOLATED)
_4586_/S                                0.75    1.64   -0.89 (VIOLATED)
_4590_/S                                0.75    1.64   -0.89 (VIOLATED)
_4597_/S                                0.75    1.64   -0.89 (VIOLATED)
_4592_/S                                0.75    1.64   -0.89 (VIOLATED)
_4595_/S                                0.75    1.64   -0.89 (VIOLATED)
_5549_/S                                0.75    1.64   -0.89 (VIOLATED)
_5551_/S                                0.75    1.64   -0.89 (VIOLATED)
_5709_/S                                0.75    1.64   -0.89 (VIOLATED)
_5713_/S                                0.75    1.64   -0.89 (VIOLATED)
_5715_/S                                0.75    1.64   -0.89 (VIOLATED)
_5717_/S                                0.75    1.64   -0.89 (VIOLATED)
_3527_/B                                0.75    1.64   -0.89 (VIOLATED)
_5719_/S                                0.75    1.64   -0.89 (VIOLATED)
_6028_/S                                0.75    1.64   -0.89 (VIOLATED)
_6032_/S                                0.75    1.64   -0.89 (VIOLATED)
_3517_/B                                0.75    1.64   -0.89 (VIOLATED)
_3519_/B                                0.75    1.64   -0.89 (VIOLATED)
_3521_/B                                0.75    1.64   -0.89 (VIOLATED)
_3523_/B                                0.75    1.64   -0.89 (VIOLATED)
_5876_/S                                0.75    1.64   -0.89 (VIOLATED)
_5878_/S                                0.75    1.64   -0.89 (VIOLATED)
_3525_/B                                0.75    1.64   -0.89 (VIOLATED)
_5874_/S                                0.75    1.64   -0.89 (VIOLATED)
_5880_/S                                0.75    1.64   -0.89 (VIOLATED)
_3515_/B                                0.75    1.64   -0.89 (VIOLATED)
_3514_/X                                0.75    1.64   -0.89 (VIOLATED)
_5870_/S                                0.75    1.64   -0.89 (VIOLATED)
_3594_/S                                0.75    1.57   -0.82 (VIOLATED)
_4265_/S                                0.75    1.57   -0.82 (VIOLATED)
_3596_/S                                0.75    1.57   -0.82 (VIOLATED)
_4267_/S                                0.75    1.57   -0.82 (VIOLATED)
_4960_/S                                0.75    1.57   -0.82 (VIOLATED)
_4958_/S                                0.75    1.57   -0.82 (VIOLATED)
_5706_/S                                0.75    1.57   -0.82 (VIOLATED)
_5168_/S                                0.75    1.57   -0.82 (VIOLATED)
_4420_/S                                0.75    1.57   -0.82 (VIOLATED)
_5170_/S                                0.75    1.57   -0.82 (VIOLATED)
_4422_/S                                0.75    1.57   -0.82 (VIOLATED)
_3777_/S                                0.75    1.57   -0.82 (VIOLATED)
_3779_/S                                0.75    1.57   -0.82 (VIOLATED)
_3941_/S                                0.75    1.57   -0.82 (VIOLATED)
_3943_/S                                0.75    1.57   -0.82 (VIOLATED)
_4582_/S                                0.75    1.57   -0.82 (VIOLATED)
_4584_/S                                0.75    1.57   -0.82 (VIOLATED)
_3593_/X                                0.75    1.57   -0.82 (VIOLATED)
_4103_/S                                0.75    1.57   -0.82 (VIOLATED)
_4105_/S                                0.75    1.57   -0.82 (VIOLATED)
_4796_/S                                0.75    1.57   -0.82 (VIOLATED)
_4798_/S                                0.75    1.57   -0.82 (VIOLATED)
_5327_/S                                0.75    1.57   -0.82 (VIOLATED)
_5329_/S                                0.75    1.57   -0.82 (VIOLATED)
_5545_/S                                0.75    1.57   -0.82 (VIOLATED)
_5547_/S                                0.75    1.57   -0.82 (VIOLATED)
_5704_/S                                0.75    1.57   -0.82 (VIOLATED)
_4787_/B2                               0.75    1.52   -0.77 (VIOLATED)
_4790_/S                                0.75    1.52   -0.77 (VIOLATED)
_4781_/B2                               0.75    1.52   -0.77 (VIOLATED)
_4784_/B2                               0.75    1.52   -0.77 (VIOLATED)
_4775_/B2                               0.75    1.52   -0.77 (VIOLATED)
_4772_/B2                               0.75    1.52   -0.77 (VIOLATED)
_4760_/B2                               0.75    1.52   -0.77 (VIOLATED)
_4769_/B2                               0.75    1.52   -0.77 (VIOLATED)
_6627_/S                                0.75    1.52   -0.77 (VIOLATED)
_6629_/S                                0.75    1.52   -0.77 (VIOLATED)
_6635_/S                                0.75    1.52   -0.77 (VIOLATED)
_6631_/S                                0.75    1.52   -0.77 (VIOLATED)
_6633_/S                                0.75    1.52   -0.77 (VIOLATED)
_4763_/B2                               0.75    1.52   -0.77 (VIOLATED)
_4793_/S                                0.75    1.52   -0.77 (VIOLATED)
_4749_/B2                               0.75    1.52   -0.77 (VIOLATED)
_4778_/B2                               0.75    1.52   -0.77 (VIOLATED)
_6637_/S                                0.75    1.52   -0.77 (VIOLATED)
_4766_/B2                               0.75    1.52   -0.77 (VIOLATED)
_5181_/S                                0.75    1.52   -0.77 (VIOLATED)
_5183_/S                                0.75    1.52   -0.77 (VIOLATED)
_5176_/S                                0.75    1.52   -0.77 (VIOLATED)
_5178_/S                                0.75    1.52   -0.77 (VIOLATED)
_3492_/A                                0.75    1.52   -0.77 (VIOLATED)
_3483_/C1                               0.75    1.52   -0.77 (VIOLATED)
_3479_/C1                               0.75    1.52   -0.77 (VIOLATED)
_3478_/X                                0.75    1.52   -0.77 (VIOLATED)
_3481_/C1                               0.75    1.52   -0.77 (VIOLATED)
_3949_/S                                0.75    1.49   -0.74 (VIOLATED)
_3961_/S                                0.75    1.49   -0.74 (VIOLATED)
_3946_/S                                0.75    1.49   -0.74 (VIOLATED)
_5359_/C1                               0.75    1.49   -0.74 (VIOLATED)
_5386_/C1                               0.75    1.49   -0.74 (VIOLATED)
_3955_/S                                0.75    1.49   -0.74 (VIOLATED)
_3958_/S                                0.75    1.49   -0.74 (VIOLATED)
_5395_/C1                               0.75    1.49   -0.74 (VIOLATED)
_3952_/S                                0.75    1.49   -0.74 (VIOLATED)
_5350_/C1                               0.75    1.49   -0.74 (VIOLATED)
_5377_/C1                               0.75    1.49   -0.74 (VIOLATED)
_5368_/C1                               0.75    1.49   -0.74 (VIOLATED)
_6679_/A                                0.75    1.49   -0.74 (VIOLATED)
_3621_/S                                0.75    1.49   -0.74 (VIOLATED)
_3612_/S                                0.75    1.49   -0.74 (VIOLATED)
_3609_/S                                0.75    1.49   -0.74 (VIOLATED)
_3618_/S                                0.75    1.49   -0.74 (VIOLATED)
_4990_/C1                               0.75    1.49   -0.74 (VIOLATED)
_5017_/C1                               0.75    1.49   -0.74 (VIOLATED)
_4999_/C1                               0.75    1.49   -0.74 (VIOLATED)
_3606_/S                                0.75    1.49   -0.74 (VIOLATED)
_5026_/C1                               0.75    1.49   -0.74 (VIOLATED)
_6389_/A                                0.75    1.49   -0.74 (VIOLATED)
_4981_/C1                               0.75    1.49   -0.74 (VIOLATED)
_5008_/C1                               0.75    1.49   -0.74 (VIOLATED)
_3615_/S                                0.75    1.49   -0.74 (VIOLATED)
_3582_/A1                               0.75    1.49   -0.74 (VIOLATED)
_3584_/A1                               0.75    1.49   -0.74 (VIOLATED)
_3581_/X                                0.75    1.49   -0.74 (VIOLATED)
_5558_/S                                0.75    1.46   -0.71 (VIOLATED)
_5560_/S                                0.75    1.46   -0.71 (VIOLATED)
_5711_/S                                0.75    1.46   -0.71 (VIOLATED)
_3513_/A                                0.75    1.46   -0.71 (VIOLATED)
_5872_/S                                0.75    1.46   -0.71 (VIOLATED)
_6030_/S                                0.75    1.46   -0.71 (VIOLATED)
_3804_/S                                0.75    1.46   -0.71 (VIOLATED)
_3800_/S                                0.75    1.46   -0.71 (VIOLATED)
_3797_/S                                0.75    1.46   -0.71 (VIOLATED)
_3787_/S                                0.75    1.46   -0.71 (VIOLATED)
_3487_/A2                               0.75    1.46   -0.71 (VIOLATED)
_3491_/A2                               0.75    1.46   -0.71 (VIOLATED)
_3781_/S                                0.75    1.46   -0.71 (VIOLATED)
_3784_/S                                0.75    1.46   -0.71 (VIOLATED)
_3489_/A2                               0.75    1.46   -0.71 (VIOLATED)
_3485_/A2                               0.75    1.46   -0.71 (VIOLATED)
_3483_/A2                               0.75    1.46   -0.71 (VIOLATED)
_3790_/S                                0.75    1.46   -0.71 (VIOLATED)
_3793_/S                                0.75    1.46   -0.71 (VIOLATED)
_3802_/S                                0.75    1.46   -0.71 (VIOLATED)
_3479_/A2                               0.75    1.46   -0.71 (VIOLATED)
_3481_/A2                               0.75    1.46   -0.71 (VIOLATED)
_3476_/X                                0.75    1.46   -0.71 (VIOLATED)
_5387_/S                                0.75    1.45   -0.70 (VIOLATED)
_5396_/S                                0.75    1.45   -0.70 (VIOLATED)
_5378_/S                                0.75    1.45   -0.70 (VIOLATED)
_3945_/S                                0.75    1.45   -0.70 (VIOLATED)
_3963_/S                                0.75    1.45   -0.70 (VIOLATED)
_3965_/S                                0.75    1.45   -0.70 (VIOLATED)
_5369_/S                                0.75    1.45   -0.70 (VIOLATED)
_3948_/S                                0.75    1.45   -0.70 (VIOLATED)
_3967_/S                                0.75    1.45   -0.70 (VIOLATED)
_3951_/S                                0.75    1.45   -0.70 (VIOLATED)
_3960_/S                                0.75    1.45   -0.70 (VIOLATED)
_3494_/A                                0.75    1.45   -0.70 (VIOLATED)
_3957_/S                                0.75    1.45   -0.70 (VIOLATED)
_3976_/S                                0.75    1.45   -0.70 (VIOLATED)
_3969_/S                                0.75    1.45   -0.70 (VIOLATED)
_3974_/S                                0.75    1.45   -0.70 (VIOLATED)
_3972_/S                                0.75    1.45   -0.70 (VIOLATED)
_3954_/S                                0.75    1.45   -0.70 (VIOLATED)
_3611_/S                                0.75    1.45   -0.70 (VIOLATED)
_3614_/S                                0.75    1.45   -0.70 (VIOLATED)
_3617_/S                                0.75    1.45   -0.70 (VIOLATED)
_3620_/S                                0.75    1.45   -0.70 (VIOLATED)
_3605_/S                                0.75    1.45   -0.70 (VIOLATED)
_3623_/S                                0.75    1.45   -0.70 (VIOLATED)
_3493_/X                                0.75    1.45   -0.70 (VIOLATED)
_4274_/S                                0.75    1.39   -0.64 (VIOLATED)
_4276_/S                                0.75    1.39   -0.64 (VIOLATED)
_4278_/S                                0.75    1.39   -0.64 (VIOLATED)
_4280_/S                                0.75    1.39   -0.64 (VIOLATED)
_4107_/S                                0.75    1.39   -0.64 (VIOLATED)
_4112_/S                                0.75    1.39   -0.64 (VIOLATED)
_4114_/S                                0.75    1.39   -0.64 (VIOLATED)
_4109_/S                                0.75    1.39   -0.64 (VIOLATED)
_4116_/S                                0.75    1.39   -0.64 (VIOLATED)
_4118_/S                                0.75    1.39   -0.64 (VIOLATED)
_5554_/S                                0.75    1.39   -0.64 (VIOLATED)
_5556_/S                                0.75    1.39   -0.64 (VIOLATED)
_4432_/S                                0.75    1.39   -0.64 (VIOLATED)
_4434_/S                                0.75    1.39   -0.64 (VIOLATED)
_4430_/S                                0.75    1.39   -0.64 (VIOLATED)
_4428_/S                                0.75    1.39   -0.64 (VIOLATED)
_4588_/S                                0.75    1.39   -0.64 (VIOLATED)
_3528_/A2                               0.75    1.39   -0.64 (VIOLATED)
_3524_/A2                               0.75    1.39   -0.64 (VIOLATED)
_3522_/A2                               0.75    1.39   -0.64 (VIOLATED)
_3520_/A2                               0.75    1.39   -0.64 (VIOLATED)
_3513_/X                                0.75    1.39   -0.64 (VIOLATED)
_3516_/A2                               0.75    1.39   -0.64 (VIOLATED)
_3518_/A2                               0.75    1.39   -0.64 (VIOLATED)
_3526_/A2                               0.75    1.39   -0.64 (VIOLATED)
_4606_/S                                0.75    1.38   -0.63 (VIOLATED)
_4608_/S                                0.75    1.38   -0.63 (VIOLATED)
_4610_/S                                0.75    1.38   -0.63 (VIOLATED)
_5038_/S                                0.75    1.38   -0.63 (VIOLATED)
_5040_/S                                0.75    1.38   -0.63 (VIOLATED)
_4614_/S                                0.75    1.38   -0.63 (VIOLATED)
_5030_/S                                0.75    1.38   -0.63 (VIOLATED)
_5034_/S                                0.75    1.38   -0.63 (VIOLATED)
_5562_/S                                0.75    1.38   -0.63 (VIOLATED)
_5403_/S                                0.75    1.38   -0.63 (VIOLATED)
_5406_/S                                0.75    1.38   -0.63 (VIOLATED)
_5408_/S                                0.75    1.38   -0.63 (VIOLATED)
_5399_/S                                0.75    1.38   -0.63 (VIOLATED)
_5032_/S                                0.75    1.38   -0.63 (VIOLATED)
_5401_/S                                0.75    1.38   -0.63 (VIOLATED)
_5036_/S                                0.75    1.38   -0.63 (VIOLATED)
_5412_/S                                0.75    1.38   -0.63 (VIOLATED)
_5042_/S                                0.75    1.38   -0.63 (VIOLATED)
_5189_/S                                0.75    1.38   -0.63 (VIOLATED)
_5193_/S                                0.75    1.38   -0.63 (VIOLATED)
_5195_/S                                0.75    1.38   -0.63 (VIOLATED)
_5197_/S                                0.75    1.38   -0.63 (VIOLATED)
_5191_/S                                0.75    1.38   -0.63 (VIOLATED)
_5410_/S                                0.75    1.38   -0.63 (VIOLATED)
_4605_/X                                0.75    1.38   -0.63 (VIOLATED)
_5185_/S                                0.75    1.38   -0.63 (VIOLATED)
_5187_/S                                0.75    1.38   -0.63 (VIOLATED)
_5571_/S                                0.75    1.37   -0.62 (VIOLATED)
_5575_/S                                0.75    1.37   -0.62 (VIOLATED)
_5569_/S                                0.75    1.37   -0.62 (VIOLATED)
_5730_/S                                0.75    1.37   -0.62 (VIOLATED)
_5728_/S                                0.75    1.37   -0.62 (VIOLATED)
_5565_/S                                0.75    1.37   -0.62 (VIOLATED)
_5567_/S                                0.75    1.37   -0.62 (VIOLATED)
_5573_/S                                0.75    1.37   -0.62 (VIOLATED)
_5732_/S                                0.75    1.37   -0.62 (VIOLATED)
_5734_/S                                0.75    1.37   -0.62 (VIOLATED)
_5724_/S                                0.75    1.37   -0.62 (VIOLATED)
_5726_/S                                0.75    1.37   -0.62 (VIOLATED)
_5721_/S                                0.75    1.37   -0.62 (VIOLATED)
_5886_/S                                0.75    1.37   -0.62 (VIOLATED)
_6042_/S                                0.75    1.37   -0.62 (VIOLATED)
_6044_/S                                0.75    1.37   -0.62 (VIOLATED)
_6046_/S                                0.75    1.37   -0.62 (VIOLATED)
_6048_/S                                0.75    1.37   -0.62 (VIOLATED)
_5564_/X                                0.75    1.37   -0.62 (VIOLATED)
_5882_/S                                0.75    1.37   -0.62 (VIOLATED)
_5884_/S                                0.75    1.37   -0.62 (VIOLATED)
_5888_/S                                0.75    1.37   -0.62 (VIOLATED)
_5890_/S                                0.75    1.37   -0.62 (VIOLATED)
_5892_/S                                0.75    1.37   -0.62 (VIOLATED)
_5895_/S                                0.75    1.37   -0.62 (VIOLATED)
_6040_/S                                0.75    1.37   -0.62 (VIOLATED)
_6050_/S                                0.75    1.37   -0.62 (VIOLATED)
_4120_/S                                0.75    1.32   -0.57 (VIOLATED)
_4122_/S                                0.75    1.32   -0.57 (VIOLATED)
_4124_/S                                0.75    1.32   -0.57 (VIOLATED)
_4126_/S                                0.75    1.32   -0.57 (VIOLATED)
_4128_/S                                0.75    1.32   -0.57 (VIOLATED)
_4130_/S                                0.75    1.32   -0.57 (VIOLATED)
_4284_/S                                0.75    1.32   -0.57 (VIOLATED)
_4287_/S                                0.75    1.32   -0.57 (VIOLATED)
_4132_/S                                0.75    1.32   -0.57 (VIOLATED)
_4289_/S                                0.75    1.32   -0.57 (VIOLATED)
_4282_/S                                0.75    1.32   -0.57 (VIOLATED)
_4291_/S                                0.75    1.32   -0.57 (VIOLATED)
_4293_/S                                0.75    1.32   -0.57 (VIOLATED)
_3634_/S                                0.75    1.32   -0.57 (VIOLATED)
_4295_/S                                0.75    1.32   -0.57 (VIOLATED)
_3636_/S                                0.75    1.32   -0.57 (VIOLATED)
_4436_/S                                0.75    1.32   -0.57 (VIOLATED)
_4439_/S                                0.75    1.32   -0.57 (VIOLATED)
_4441_/S                                0.75    1.32   -0.57 (VIOLATED)
_4445_/S                                0.75    1.32   -0.57 (VIOLATED)
_4449_/S                                0.75    1.32   -0.57 (VIOLATED)
_4599_/S                                0.75    1.32   -0.57 (VIOLATED)
_4601_/S                                0.75    1.32   -0.57 (VIOLATED)
_4443_/S                                0.75    1.32   -0.57 (VIOLATED)
_4603_/S                                0.75    1.32   -0.57 (VIOLATED)
_3633_/X                                0.75    1.32   -0.57 (VIOLATED)
_4447_/S                                0.75    1.32   -0.57 (VIOLATED)
_4804_/S                                0.75    1.32   -0.57 (VIOLATED)
_4816_/S                                0.75    1.32   -0.57 (VIOLATED)
_4813_/S                                0.75    1.32   -0.57 (VIOLATED)
_4810_/S                                0.75    1.32   -0.57 (VIOLATED)
_3798_/S                                0.75    1.32   -0.57 (VIOLATED)
_3794_/S                                0.75    1.32   -0.57 (VIOLATED)
_3526_/C1                               0.75    1.32   -0.57 (VIOLATED)
_3791_/S                                0.75    1.32   -0.57 (VIOLATED)
_3499_/A                                0.75    1.32   -0.57 (VIOLATED)
_3508_/A                                0.75    1.32   -0.57 (VIOLATED)
_3511_/A                                0.75    1.32   -0.57 (VIOLATED)
_3516_/C1                               0.75    1.32   -0.57 (VIOLATED)
_3788_/S                                0.75    1.32   -0.57 (VIOLATED)
_5174_/S                                0.75    1.32   -0.57 (VIOLATED)
_3785_/S                                0.75    1.32   -0.57 (VIOLATED)
_4807_/S                                0.75    1.32   -0.57 (VIOLATED)
_3782_/S                                0.75    1.32   -0.57 (VIOLATED)
_4801_/S                                0.75    1.32   -0.57 (VIOLATED)
_5172_/S                                0.75    1.32   -0.57 (VIOLATED)
_3496_/A                                0.75    1.32   -0.57 (VIOLATED)
_3492_/X                                0.75    1.32   -0.57 (VIOLATED)
_3502_/A                                0.75    1.32   -0.57 (VIOLATED)
_3505_/A                                0.75    1.32   -0.57 (VIOLATED)
_3518_/C1                               0.75    1.32   -0.57 (VIOLATED)
_3520_/C1                               0.75    1.32   -0.57 (VIOLATED)
_3522_/C1                               0.75    1.32   -0.57 (VIOLATED)
_3524_/C1                               0.75    1.32   -0.57 (VIOLATED)
_3528_/C1                               0.75    1.32   -0.57 (VIOLATED)
_4869_/B1                               0.75    1.30   -0.55 (VIOLATED)
_4264_/B1                               0.75    1.30   -0.55 (VIOLATED)
_4957_/B1                               0.75    1.30   -0.55 (VIOLATED)
_4653_/B1                               0.75    1.30   -0.55 (VIOLATED)
_4747_/B1                               0.75    1.30   -0.55 (VIOLATED)
_4172_/B1                               0.75    1.30   -0.55 (VIOLATED)
_4000_/B1                               0.75    1.30   -0.55 (VIOLATED)
_4102_/B1                               0.75    1.30   -0.55 (VIOLATED)
_3835_/B1                               0.75    1.30   -0.55 (VIOLATED)
_3887_/B1                               0.75    1.30   -0.55 (VIOLATED)
_3940_/B1                               0.75    1.30   -0.55 (VIOLATED)
_3935_/B1                               0.75    1.30   -0.55 (VIOLATED)
_4581_/B1                               0.75    1.30   -0.55 (VIOLATED)
_4419_/B1                               0.75    1.30   -0.55 (VIOLATED)
_3776_/B1                               0.75    1.30   -0.55 (VIOLATED)
_5064_/B1                               0.75    1.30   -0.55 (VIOLATED)
_4489_/B1                               0.75    1.30   -0.55 (VIOLATED)
_4317_/B1                               0.75    1.30   -0.55 (VIOLATED)
_3685_/B1                               0.75    1.30   -0.55 (VIOLATED)
_3670_/X                                0.75    1.30   -0.55 (VIOLATED)
_5167_/B1                               0.75    1.30   -0.55 (VIOLATED)
_6034_/S                                0.75    1.28   -0.53 (VIOLATED)
_6036_/S                                0.75    1.28   -0.53 (VIOLATED)
_6038_/S                                0.75    1.28   -0.53 (VIOLATED)
_5360_/S                                0.75    1.28   -0.53 (VIOLATED)
_5351_/S                                0.75    1.28   -0.53 (VIOLATED)
_3501_/S                                0.75    1.28   -0.53 (VIOLATED)
_3504_/S                                0.75    1.28   -0.53 (VIOLATED)
_3498_/S                                0.75    1.28   -0.53 (VIOLATED)
_3507_/S                                0.75    1.28   -0.53 (VIOLATED)
_3495_/S                                0.75    1.28   -0.53 (VIOLATED)
_3510_/S                                0.75    1.28   -0.53 (VIOLATED)
_3514_/A                                0.75    1.28   -0.53 (VIOLATED)
_4806_/S                                0.75    1.28   -0.53 (VIOLATED)
_4809_/S                                0.75    1.28   -0.53 (VIOLATED)
_4812_/S                                0.75    1.28   -0.53 (VIOLATED)
_3494_/X                                0.75    1.28   -0.53 (VIOLATED)
_4800_/S                                0.75    1.28   -0.53 (VIOLATED)
_4803_/S                                0.75    1.28   -0.53 (VIOLATED)
_4815_/S                                0.75    1.28   -0.53 (VIOLATED)
_4982_/S                                0.75    1.28   -0.53 (VIOLATED)
_4991_/S                                0.75    1.28   -0.53 (VIOLATED)
_5000_/S                                0.75    1.28   -0.53 (VIOLATED)
_5009_/S                                0.75    1.28   -0.53 (VIOLATED)
_5018_/S                                0.75    1.28   -0.53 (VIOLATED)
_5027_/S                                0.75    1.28   -0.53 (VIOLATED)
_4389_/B2                               0.75    1.28   -0.53 (VIOLATED)
_4406_/B2                               0.75    1.28   -0.53 (VIOLATED)
_4502_/B2                               0.75    1.28   -0.53 (VIOLATED)
_4548_/B2                               0.75    1.28   -0.53 (VIOLATED)
_3912_/B2                               0.75    1.28   -0.53 (VIOLATED)
_4072_/B2                               0.75    1.28   -0.53 (VIOLATED)
_4089_/B2                               0.75    1.28   -0.53 (VIOLATED)
_4714_/B2                               0.75    1.28   -0.53 (VIOLATED)
_4666_/B2                               0.75    1.28   -0.53 (VIOLATED)
_4185_/B2                               0.75    1.28   -0.53 (VIOLATED)
_4231_/B2                               0.75    1.28   -0.53 (VIOLATED)
_4882_/B2                               0.75    1.28   -0.53 (VIOLATED)
_4945_/B2                               0.75    1.28   -0.53 (VIOLATED)
_3701_/B2                               0.75    1.28   -0.53 (VIOLATED)
_3764_/B2                               0.75    1.28   -0.53 (VIOLATED)
_5137_/B2                               0.75    1.28   -0.53 (VIOLATED)
_5154_/B2                               0.75    1.28   -0.53 (VIOLATED)
_5250_/B2                               0.75    1.28   -0.53 (VIOLATED)
_5313_/B2                               0.75    1.28   -0.53 (VIOLATED)
_3700_/X                                0.75    1.28   -0.53 (VIOLATED)
_6170_/B1                               0.75    1.20   -0.45 (VIOLATED)
_5531_/B1                               0.75    1.20   -0.45 (VIOLATED)
_5852_/B1                               0.75    1.20   -0.45 (VIOLATED)
_4251_/B1                               0.75    1.20   -0.45 (VIOLATED)
_4928_/B1                               0.75    1.20   -0.45 (VIOLATED)
_5296_/B1                               0.75    1.20   -0.45 (VIOLATED)
_3645_/A                                0.75    1.20   -0.45 (VIOLATED)
_4568_/B1                               0.75    1.20   -0.45 (VIOLATED)
_3747_/B1                               0.75    1.20   -0.45 (VIOLATED)
_3641_/X                                0.75    1.20   -0.45 (VIOLATED)
_3642_/B1                               0.75    1.20   -0.45 (VIOLATED)
_3697_/B1                               0.75    1.20   -0.45 (VIOLATED)
_4734_/B1                               0.75    1.20   -0.45 (VIOLATED)
_3817_/B1                               0.75    1.14   -0.39 (VIOLATED)
_3825_/B1                               0.75    1.14   -0.39 (VIOLATED)
_3851_/B1                               0.75    1.14   -0.39 (VIOLATED)
_3865_/B1                               0.75    1.14   -0.39 (VIOLATED)
_3898_/B1                               0.75    1.14   -0.39 (VIOLATED)
_3928_/B1                               0.75    1.14   -0.39 (VIOLATED)
_3919_/B1                               0.75    1.14   -0.39 (VIOLATED)
_3648_/B1                               0.75    1.14   -0.39 (VIOLATED)
_3656_/B1                               0.75    1.14   -0.39 (VIOLATED)
_3725_/B1                               0.75    1.14   -0.39 (VIOLATED)
_3733_/B1                               0.75    1.14   -0.39 (VIOLATED)
_3771_/B1                               0.75    1.14   -0.39 (VIOLATED)
_6212_/A2                               0.75    1.14   -0.39 (VIOLATED)
_6253_/A2                               0.75    1.14   -0.39 (VIOLATED)
_6264_/A2                               0.75    1.14   -0.39 (VIOLATED)
_6317_/A2                               0.75    1.14   -0.39 (VIOLATED)
_6312_/A2                               0.75    1.14   -0.39 (VIOLATED)
_3647_/X                                0.75    1.14   -0.39 (VIOLATED)
_6115_/A2                               0.75    1.14   -0.39 (VIOLATED)
_6183_/A2                               0.75    1.14   -0.39 (VIOLATED)
_5136_/B1                               0.75    1.14   -0.39 (VIOLATED)
_5153_/B1                               0.75    1.14   -0.39 (VIOLATED)
_6103_/B1                               0.75    1.14   -0.39 (VIOLATED)
_6149_/A                                0.75    1.14   -0.39 (VIOLATED)
_5510_/A                                0.75    1.14   -0.39 (VIOLATED)
_5831_/A                                0.75    1.14   -0.39 (VIOLATED)
_4388_/B1                               0.75    1.14   -0.39 (VIOLATED)
_5785_/B1                               0.75    1.14   -0.39 (VIOLATED)
_3698_/A                                0.75    1.14   -0.39 (VIOLATED)
_5463_/B1                               0.75    1.14   -0.39 (VIOLATED)
_4547_/A                                0.75    1.14   -0.39 (VIOLATED)
_5994_/B1                               0.75    1.14   -0.39 (VIOLATED)
_6288_/B1                               0.75    1.14   -0.39 (VIOLATED)
_3911_/B1                               0.75    1.14   -0.39 (VIOLATED)
_4071_/B1                               0.75    1.14   -0.39 (VIOLATED)
_4230_/A                                0.75    1.14   -0.39 (VIOLATED)
_5673_/B1                               0.75    1.14   -0.39 (VIOLATED)
_5249_/B1                               0.75    1.14   -0.39 (VIOLATED)
_4713_/A                                0.75    1.14   -0.39 (VIOLATED)
_3697_/Y                                0.75    1.14   -0.39 (VIOLATED)
_6091_/B1                               0.75    1.14   -0.39 (VIOLATED)
_6264_/B1                               0.75    1.14   -0.39 (VIOLATED)
_6312_/B1                               0.75    1.14   -0.39 (VIOLATED)
_6317_/B1                               0.75    1.14   -0.39 (VIOLATED)
_5698_/B1                               0.75    1.14   -0.39 (VIOLATED)
_6212_/B1                               0.75    1.14   -0.39 (VIOLATED)
_5703_/B1                               0.75    1.14   -0.39 (VIOLATED)
_5597_/B1                               0.75    1.14   -0.39 (VIOLATED)
_5773_/B1                               0.75    1.14   -0.39 (VIOLATED)
_5918_/B1                               0.75    1.14   -0.39 (VIOLATED)
_5237_/B1                               0.75    1.14   -0.39 (VIOLATED)
_5649_/B1                               0.75    1.14   -0.39 (VIOLATED)
_5451_/B1                               0.75    1.14   -0.39 (VIOLATED)
_5865_/B1                               0.75    1.14   -0.39 (VIOLATED)
_6018_/B1                               0.75    1.14   -0.39 (VIOLATED)
_5544_/B1                               0.75    1.14   -0.39 (VIOLATED)
_6023_/B1                               0.75    1.14   -0.39 (VIOLATED)
_6183_/B1                               0.75    1.14   -0.39 (VIOLATED)
_5222_/X                                0.75    1.14   -0.39 (VIOLATED)
_5326_/B1                               0.75    1.14   -0.39 (VIOLATED)
_5970_/B1                               0.75    1.14   -0.39 (VIOLATED)
_4826_/B                                0.75    1.13   -0.38 (VIOLATED)
_4830_/B                                0.75    1.13   -0.38 (VIOLATED)
_4824_/B                                0.75    1.13   -0.38 (VIOLATED)
_4828_/B                                0.75    1.13   -0.38 (VIOLATED)
_4822_/B                                0.75    1.13   -0.38 (VIOLATED)
_4820_/B                                0.75    1.13   -0.38 (VIOLATED)
_4818_/B                                0.75    1.13   -0.38 (VIOLATED)
_5389_/B1                               0.75    1.13   -0.38 (VIOLATED)
_5398_/B1                               0.75    1.13   -0.38 (VIOLATED)
_5362_/B1                               0.75    1.13   -0.38 (VIOLATED)
_5353_/B1                               0.75    1.13   -0.38 (VIOLATED)
_5380_/B1                               0.75    1.13   -0.38 (VIOLATED)
_5371_/B1                               0.75    1.13   -0.38 (VIOLATED)
_5029_/B1                               0.75    1.13   -0.38 (VIOLATED)
_5011_/B1                               0.75    1.13   -0.38 (VIOLATED)
_3601_/A                                0.75    1.13   -0.38 (VIOLATED)
_5020_/B1                               0.75    1.13   -0.38 (VIOLATED)
_6636_/A2                               0.75    1.13   -0.38 (VIOLATED)
_6639_/B                                0.75    1.13   -0.38 (VIOLATED)
_6641_/B                                0.75    1.13   -0.38 (VIOLATED)
_6643_/B                                0.75    1.13   -0.38 (VIOLATED)
_6645_/B                                0.75    1.13   -0.38 (VIOLATED)
_3600_/X                                0.75    1.13   -0.38 (VIOLATED)
_4984_/B1                               0.75    1.13   -0.38 (VIOLATED)
_4993_/B1                               0.75    1.13   -0.38 (VIOLATED)
_5002_/B1                               0.75    1.13   -0.38 (VIOLATED)
_6638_/A2                               0.75    1.13   -0.38 (VIOLATED)
_6647_/B                                0.75    1.13   -0.38 (VIOLATED)
_6649_/B                                0.75    1.13   -0.38 (VIOLATED)
_6651_/B                                0.75    1.13   -0.38 (VIOLATED)
_3835_/A2                               0.75    1.13   -0.38 (VIOLATED)
_3876_/A2                               0.75    1.13   -0.38 (VIOLATED)
_3887_/A2                               0.75    1.13   -0.38 (VIOLATED)
_3669_/A2                               0.75    1.13   -0.38 (VIOLATED)
_3940_/A2                               0.75    1.13   -0.38 (VIOLATED)
_3935_/A2                               0.75    1.13   -0.38 (VIOLATED)
_3685_/A2                               0.75    1.13   -0.38 (VIOLATED)
_3712_/A2                               0.75    1.13   -0.38 (VIOLATED)
_3754_/A2                               0.75    1.13   -0.38 (VIOLATED)
_3776_/A2                               0.75    1.13   -0.38 (VIOLATED)
_5995_/B2                               0.75    1.13   -0.38 (VIOLATED)
_5832_/B2                               0.75    1.13   -0.38 (VIOLATED)
_5786_/B2                               0.75    1.13   -0.38 (VIOLATED)
_5674_/B2                               0.75    1.13   -0.38 (VIOLATED)
_5464_/B2                               0.75    1.13   -0.38 (VIOLATED)
_5511_/B2                               0.75    1.13   -0.38 (VIOLATED)
_6150_/B2                               0.75    1.13   -0.38 (VIOLATED)
_6104_/B2                               0.75    1.13   -0.38 (VIOLATED)
_6289_/B2                               0.75    1.13   -0.38 (VIOLATED)
_3657_/X                                0.75    1.13   -0.38 (VIOLATED)
_5078_/B1                               0.75    1.12   -0.37 (VIOLATED)
_4463_/B1                               0.75    1.12   -0.37 (VIOLATED)
_4455_/B1                               0.75    1.12   -0.37 (VIOLATED)
_5054_/B1                               0.75    1.12   -0.37 (VIOLATED)
_4528_/B1                               0.75    1.12   -0.37 (VIOLATED)
_5046_/B1                               0.75    1.12   -0.37 (VIOLATED)
_4533_/B1                               0.75    1.12   -0.37 (VIOLATED)
_4555_/B1                               0.75    1.12   -0.37 (VIOLATED)
_4576_/B1                               0.75    1.12   -0.37 (VIOLATED)
_4694_/B1                               0.75    1.12   -0.37 (VIOLATED)
_4699_/B1                               0.75    1.12   -0.37 (VIOLATED)
_4721_/B1                               0.75    1.12   -0.37 (VIOLATED)
_4742_/B1                               0.75    1.12   -0.37 (VIOLATED)
_4619_/B1                               0.75    1.12   -0.37 (VIOLATED)
_4627_/B1                               0.75    1.12   -0.37 (VIOLATED)
_4835_/B1                               0.75    1.12   -0.37 (VIOLATED)
_4843_/B1                               0.75    1.12   -0.37 (VIOLATED)
_4906_/B1                               0.75    1.12   -0.37 (VIOLATED)
_4914_/B1                               0.75    1.12   -0.37 (VIOLATED)
_4952_/B1                               0.75    1.12   -0.37 (VIOLATED)
_4454_/X                                0.75    1.12   -0.37 (VIOLATED)
_5167_/A2                               0.75    1.12   -0.37 (VIOLATED)
_5117_/A2                               0.75    1.12   -0.37 (VIOLATED)
_5105_/A2                               0.75    1.12   -0.37 (VIOLATED)
_5064_/A2                               0.75    1.12   -0.37 (VIOLATED)
_5261_/A2                               0.75    1.12   -0.37 (VIOLATED)
_5237_/A2                               0.75    1.12   -0.37 (VIOLATED)
_5221_/A2                               0.75    1.12   -0.37 (VIOLATED)
_4678_/A2                               0.75    1.12   -0.37 (VIOLATED)
_4747_/A2                               0.75    1.12   -0.37 (VIOLATED)
_5326_/A2                               0.75    1.12   -0.37 (VIOLATED)
_5303_/A2                               0.75    1.12   -0.37 (VIOLATED)
_5436_/A2                               0.75    1.12   -0.37 (VIOLATED)
_4957_/A2                               0.75    1.12   -0.37 (VIOLATED)
_4854_/A2                               0.75    1.12   -0.37 (VIOLATED)
_5451_/A2                               0.75    1.12   -0.37 (VIOLATED)
_4667_/X                                0.75    1.12   -0.37 (VIOLATED)
_4869_/A2                               0.75    1.12   -0.37 (VIOLATED)
_4893_/A2                               0.75    1.12   -0.37 (VIOLATED)
_4935_/A2                               0.75    1.12   -0.37 (VIOLATED)
_4489_/A2                               0.75    1.08   -0.33 (VIOLATED)
_4474_/A2                               0.75    1.08   -0.33 (VIOLATED)
_4513_/A2                               0.75    1.08   -0.33 (VIOLATED)
_4317_/A2                               0.75    1.08   -0.33 (VIOLATED)
_4357_/A2                               0.75    1.08   -0.33 (VIOLATED)
_4369_/A2                               0.75    1.08   -0.33 (VIOLATED)
_4581_/A2                               0.75    1.08   -0.33 (VIOLATED)
_4419_/A2                               0.75    1.08   -0.33 (VIOLATED)
_4102_/A2                               0.75    1.08   -0.33 (VIOLATED)
_4040_/A2                               0.75    1.08   -0.33 (VIOLATED)
_4052_/A2                               0.75    1.08   -0.33 (VIOLATED)
_4000_/A2                               0.75    1.08   -0.33 (VIOLATED)
_4196_/A2                               0.75    1.08   -0.33 (VIOLATED)
_4172_/A2                               0.75    1.08   -0.33 (VIOLATED)
_4157_/A2                               0.75    1.08   -0.33 (VIOLATED)
_4638_/A2                               0.75    1.08   -0.33 (VIOLATED)
_4653_/A2                               0.75    1.08   -0.33 (VIOLATED)
_4264_/A2                               0.75    1.08   -0.33 (VIOLATED)
_3990_/X                                0.75    1.08   -0.33 (VIOLATED)
_4750_/Y                                0.75    1.07   -0.32 (VIOLATED)
_4756_/A                                0.75    1.07   -0.32 (VIOLATED)
_6324_/A                                0.75    1.07   -0.32 (VIOLATED)
_6404_/C                                0.75    1.07   -0.32 (VIOLATED)
_6691_/C                                0.75    1.07   -0.32 (VIOLATED)
_5797_/A2                               0.75    1.05   -0.30 (VIOLATED)
_5773_/A2                               0.75    1.05   -0.30 (VIOLATED)
_5758_/A2                               0.75    1.05   -0.30 (VIOLATED)
_5865_/A2                               0.75    1.05   -0.30 (VIOLATED)
_6018_/A2                               0.75    1.05   -0.30 (VIOLATED)
_6023_/A2                               0.75    1.05   -0.30 (VIOLATED)
_5918_/A2                               0.75    1.05   -0.30 (VIOLATED)
_5544_/A2                               0.75    1.05   -0.30 (VIOLATED)
_5970_/A2                               0.75    1.05   -0.30 (VIOLATED)
_5959_/A2                               0.75    1.05   -0.30 (VIOLATED)
_5638_/A2                               0.75    1.05   -0.30 (VIOLATED)
_5476_/A2                               0.75    1.05   -0.30 (VIOLATED)
_5649_/A2                               0.75    1.05   -0.30 (VIOLATED)
_5597_/A2                               0.75    1.05   -0.30 (VIOLATED)
_5698_/A2                               0.75    1.05   -0.30 (VIOLATED)
_5703_/A2                               0.75    1.05   -0.30 (VIOLATED)
_5465_/X                                0.75    1.05   -0.30 (VIOLATED)
_6076_/A2                               0.75    1.05   -0.30 (VIOLATED)
_6091_/A2                               0.75    1.05   -0.30 (VIOLATED)
_3983_/A2                               0.75    1.04   -0.29 (VIOLATED)
_3984_/B                                0.75    1.04   -0.29 (VIOLATED)
_3996_/B1                               0.75    1.04   -0.29 (VIOLATED)
_4003_/B                                0.75    1.04   -0.29 (VIOLATED)
_3992_/B_N                              0.75    1.04   -0.29 (VIOLATED)
_4006_/B_N                              0.75    1.04   -0.29 (VIOLATED)
_4021_/C                                0.75    1.04   -0.29 (VIOLATED)
_4016_/A1                               0.75    1.04   -0.29 (VIOLATED)
_4017_/A                                0.75    1.04   -0.29 (VIOLATED)
_4030_/B                                0.75    1.04   -0.29 (VIOLATED)
_4054_/A                                0.75    1.04   -0.29 (VIOLATED)
_4043_/A                                0.75    1.04   -0.29 (VIOLATED)
_4044_/A1                               0.75    1.04   -0.29 (VIOLATED)
_4066_/A                                0.75    1.04   -0.29 (VIOLATED)
_4067_/A1                               0.75    1.04   -0.29 (VIOLATED)
_4068_/C                                0.75    1.04   -0.29 (VIOLATED)
_4065_/A                                0.75    1.04   -0.29 (VIOLATED)
_4080_/B1                               0.75    1.04   -0.29 (VIOLATED)
_4074_/A                                0.75    1.04   -0.29 (VIOLATED)
_4073_/A                                0.75    1.04   -0.29 (VIOLATED)
_4083_/A                                0.75    1.04   -0.29 (VIOLATED)
_4082_/A                                0.75    1.04   -0.29 (VIOLATED)
_4098_/B1                               0.75    1.04   -0.29 (VIOLATED)
_4091_/A_N                              0.75    1.04   -0.29 (VIOLATED)
_4090_/B                                0.75    1.04   -0.29 (VIOLATED)
_3982_/X                                0.75    1.04   -0.29 (VIOLATED)
_5162_/A1                               0.75    1.04   -0.29 (VIOLATED)
_5144_/A1                               0.75    1.04   -0.29 (VIOLATED)
_5123_/A1                               0.75    1.04   -0.29 (VIOLATED)
_5093_/A1                               0.75    1.04   -0.29 (VIOLATED)
_5078_/A1                               0.75    1.04   -0.29 (VIOLATED)
_5054_/A1                               0.75    1.04   -0.29 (VIOLATED)
_5046_/A1                               0.75    1.04   -0.29 (VIOLATED)
_5274_/A1                               0.75    1.04   -0.29 (VIOLATED)
_5282_/A1                               0.75    1.04   -0.29 (VIOLATED)
_4835_/A1                               0.75    1.04   -0.29 (VIOLATED)
_4843_/A1                               0.75    1.04   -0.29 (VIOLATED)
_5210_/A1                               0.75    1.04   -0.29 (VIOLATED)
_4906_/A1                               0.75    1.04   -0.29 (VIOLATED)
_4914_/A1                               0.75    1.04   -0.29 (VIOLATED)
_4952_/A1                               0.75    1.04   -0.29 (VIOLATED)
_5202_/A1                               0.75    1.04   -0.29 (VIOLATED)
_4742_/A1                               0.75    1.04   -0.29 (VIOLATED)
_4679_/X                                0.75    1.04   -0.29 (VIOLATED)
_4694_/A1                               0.75    1.04   -0.29 (VIOLATED)
_4699_/A1                               0.75    1.04   -0.29 (VIOLATED)
_4721_/A1                               0.75    1.04   -0.29 (VIOLATED)
_5629_/B                                0.75    1.03   -0.28 (VIOLATED)
_5640_/C                                0.75    1.03   -0.28 (VIOLATED)
_5641_/A2                               0.75    1.03   -0.28 (VIOLATED)
_5642_/B                                0.75    1.03   -0.28 (VIOLATED)
_5615_/A2                               0.75    1.03   -0.28 (VIOLATED)
_5616_/C                                0.75    1.03   -0.28 (VIOLATED)
_5581_/A2                               0.75    1.03   -0.28 (VIOLATED)
_5582_/C                                0.75    1.03   -0.28 (VIOLATED)
_5604_/A2                               0.75    1.03   -0.28 (VIOLATED)
_5605_/C                                0.75    1.03   -0.28 (VIOLATED)
_5593_/B1                               0.75    1.03   -0.28 (VIOLATED)
_5653_/B                                0.75    1.03   -0.28 (VIOLATED)
_5654_/B                                0.75    1.03   -0.28 (VIOLATED)
_5600_/C                                0.75    1.03   -0.28 (VIOLATED)
_5666_/B                                0.75    1.03   -0.28 (VIOLATED)
_5667_/B                                0.75    1.03   -0.28 (VIOLATED)
_5683_/B1                               0.75    1.03   -0.28 (VIOLATED)
_5676_/B                                0.75    1.03   -0.28 (VIOLATED)
_5677_/C                                0.75    1.03   -0.28 (VIOLATED)
_5675_/B                                0.75    1.03   -0.28 (VIOLATED)
_5685_/B                                0.75    1.03   -0.28 (VIOLATED)
_5686_/B                                0.75    1.03   -0.28 (VIOLATED)
_5589_/B_N                              0.75    1.03   -0.28 (VIOLATED)
_5699_/B1                               0.75    1.03   -0.28 (VIOLATED)
_5580_/X                                0.75    1.03   -0.28 (VIOLATED)
_5693_/B                                0.75    1.03   -0.28 (VIOLATED)
_5694_/A_N                              0.75    1.03   -0.28 (VIOLATED)
_5162_/B1                               0.75    1.03   -0.28 (VIOLATED)
_5144_/B1                               0.75    1.03   -0.28 (VIOLATED)
_5123_/B1                               0.75    1.03   -0.28 (VIOLATED)
_5093_/B1                               0.75    1.03   -0.28 (VIOLATED)
_5539_/B1                               0.75    1.03   -0.28 (VIOLATED)
_5518_/B1                               0.75    1.03   -0.28 (VIOLATED)
_5496_/B1                               0.75    1.03   -0.28 (VIOLATED)
_5321_/B1                               0.75    1.03   -0.28 (VIOLATED)
_5491_/B1                               0.75    1.03   -0.28 (VIOLATED)
_5274_/B1                               0.75    1.03   -0.28 (VIOLATED)
_5282_/B1                               0.75    1.03   -0.28 (VIOLATED)
_5425_/B1                               0.75    1.03   -0.28 (VIOLATED)
_5417_/B1                               0.75    1.03   -0.28 (VIOLATED)
_5660_/B1                               0.75    1.03   -0.28 (VIOLATED)
_5210_/B1                               0.75    1.03   -0.28 (VIOLATED)
_5202_/B1                               0.75    1.03   -0.28 (VIOLATED)
_5579_/B1                               0.75    1.03   -0.28 (VIOLATED)
_5587_/B1                               0.75    1.03   -0.28 (VIOLATED)
_5627_/B1                               0.75    1.03   -0.28 (VIOLATED)
_5613_/B1                               0.75    1.03   -0.28 (VIOLATED)
_5092_/X                                0.75    1.03   -0.28 (VIOLATED)
_4463_/A1                               0.75    1.03   -0.28 (VIOLATED)
_4455_/A1                               0.75    1.03   -0.28 (VIOLATED)
_4528_/A1                               0.75    1.03   -0.28 (VIOLATED)
_4345_/A1                               0.75    1.03   -0.28 (VIOLATED)
_4307_/A1                               0.75    1.03   -0.28 (VIOLATED)
_4331_/A1                               0.75    1.03   -0.28 (VIOLATED)
_4299_/A1                               0.75    1.03   -0.28 (VIOLATED)
_4533_/A1                               0.75    1.03   -0.28 (VIOLATED)
_4375_/A1                               0.75    1.03   -0.28 (VIOLATED)
_4396_/A1                               0.75    1.03   -0.28 (VIOLATED)
_4555_/A1                               0.75    1.03   -0.28 (VIOLATED)
_4576_/A1                               0.75    1.03   -0.28 (VIOLATED)
_4146_/A1                               0.75    1.03   -0.28 (VIOLATED)
_4216_/A1                               0.75    1.03   -0.28 (VIOLATED)
_4211_/A1                               0.75    1.03   -0.28 (VIOLATED)
_4414_/A1                               0.75    1.03   -0.28 (VIOLATED)
_4619_/A1                               0.75    1.03   -0.28 (VIOLATED)
_4238_/A1                               0.75    1.03   -0.28 (VIOLATED)
_4627_/A1                               0.75    1.03   -0.28 (VIOLATED)
_4259_/A1                               0.75    1.03   -0.28 (VIOLATED)
_4138_/X                                0.75    1.03   -0.28 (VIOLATED)
_4345_/B1                               0.75    1.02   -0.27 (VIOLATED)
_4331_/B1                               0.75    1.02   -0.27 (VIOLATED)
_4307_/B1                               0.75    1.02   -0.27 (VIOLATED)
_4299_/B1                               0.75    1.02   -0.27 (VIOLATED)
_4375_/B1                               0.75    1.02   -0.27 (VIOLATED)
_4396_/B1                               0.75    1.02   -0.27 (VIOLATED)
_4414_/B1                               0.75    1.02   -0.27 (VIOLATED)
_4097_/B1                               0.75    1.02   -0.27 (VIOLATED)
_4079_/B1                               0.75    1.02   -0.27 (VIOLATED)
_4058_/B1                               0.75    1.02   -0.27 (VIOLATED)
_4028_/B1                               0.75    1.02   -0.27 (VIOLATED)
_4014_/B1                               0.75    1.02   -0.27 (VIOLATED)
_3989_/B1                               0.75    1.02   -0.27 (VIOLATED)
_4146_/B1                               0.75    1.02   -0.27 (VIOLATED)
_4137_/B1                               0.75    1.02   -0.27 (VIOLATED)
_3981_/B1                               0.75    1.02   -0.27 (VIOLATED)
_4216_/B1                               0.75    1.02   -0.27 (VIOLATED)
_4211_/B1                               0.75    1.02   -0.27 (VIOLATED)
_4238_/B1                               0.75    1.02   -0.27 (VIOLATED)
_4259_/B1                               0.75    1.02   -0.27 (VIOLATED)
_3980_/X                                0.75    1.02   -0.27 (VIOLATED)
_3819_/A2                               0.75    1.02   -0.27 (VIOLATED)
_3820_/C                                0.75    1.02   -0.27 (VIOLATED)
_3827_/B_N                              0.75    1.02   -0.27 (VIOLATED)
_3838_/C                                0.75    1.02   -0.27 (VIOLATED)
_3831_/B1                               0.75    1.02   -0.27 (VIOLATED)
_3867_/B                                0.75    1.02   -0.27 (VIOLATED)
_3880_/B                                0.75    1.02   -0.27 (VIOLATED)
_3842_/A2                               0.75    1.02   -0.27 (VIOLATED)
_3843_/C                                0.75    1.02   -0.27 (VIOLATED)
_3853_/A2                               0.75    1.02   -0.27 (VIOLATED)
_3854_/C                                0.75    1.02   -0.27 (VIOLATED)
_3879_/A2                               0.75    1.02   -0.27 (VIOLATED)
_3878_/C                                0.75    1.02   -0.27 (VIOLATED)
_3892_/B                                0.75    1.02   -0.27 (VIOLATED)
_3891_/B                                0.75    1.02   -0.27 (VIOLATED)
_3905_/B                                0.75    1.02   -0.27 (VIOLATED)
_3904_/B                                0.75    1.02   -0.27 (VIOLATED)
_3915_/C                                0.75    1.02   -0.27 (VIOLATED)
_3920_/B1                               0.75    1.02   -0.27 (VIOLATED)
_3914_/B                                0.75    1.02   -0.27 (VIOLATED)
_3913_/B                                0.75    1.02   -0.27 (VIOLATED)
_3936_/B1                               0.75    1.02   -0.27 (VIOLATED)
_3922_/B                                0.75    1.02   -0.27 (VIOLATED)
_3923_/B                                0.75    1.02   -0.27 (VIOLATED)
_3931_/A_N                              0.75    1.02   -0.27 (VIOLATED)
_3930_/B                                0.75    1.02   -0.27 (VIOLATED)
_3818_/X                                0.75    1.02   -0.27 (VIOLATED)
_5147_/A                                0.75    1.01   -0.26 (VIOLATED)
_5148_/A                                0.75    1.01   -0.26 (VIOLATED)
_5155_/B                                0.75    1.01   -0.26 (VIOLATED)
_5156_/A_N                              0.75    1.01   -0.26 (VIOLATED)
_5163_/B1                               0.75    1.01   -0.26 (VIOLATED)
_5138_/A                                0.75    1.01   -0.26 (VIOLATED)
_5139_/A                                0.75    1.01   -0.26 (VIOLATED)
_5130_/A                                0.75    1.01   -0.26 (VIOLATED)
_5131_/A                                0.75    1.01   -0.26 (VIOLATED)
_5132_/A1                               0.75    1.01   -0.26 (VIOLATED)
_5145_/B1                               0.75    1.01   -0.26 (VIOLATED)
_5133_/C                                0.75    1.01   -0.26 (VIOLATED)
_5119_/A                                0.75    1.01   -0.26 (VIOLATED)
_5108_/A                                0.75    1.01   -0.26 (VIOLATED)
_5109_/A1                               0.75    1.01   -0.26 (VIOLATED)
_5095_/B                                0.75    1.01   -0.26 (VIOLATED)
_5047_/X                                0.75    1.01   -0.26 (VIOLATED)
_5048_/A2                               0.75    1.01   -0.26 (VIOLATED)
_5049_/B                                0.75    1.01   -0.26 (VIOLATED)
_5056_/B_N                              0.75    1.01   -0.26 (VIOLATED)
_5060_/B1                               0.75    1.01   -0.26 (VIOLATED)
_5067_/B                                0.75    1.01   -0.26 (VIOLATED)
_5070_/B_N                              0.75    1.01   -0.26 (VIOLATED)
_5080_/A1                               0.75    1.01   -0.26 (VIOLATED)
_5081_/A                                0.75    1.01   -0.26 (VIOLATED)
_5085_/C                                0.75    1.01   -0.26 (VIOLATED)
_4399_/A                                0.75    1.00   -0.25 (VIOLATED)
_4407_/B                                0.75    1.00   -0.25 (VIOLATED)
_4408_/A_N                              0.75    1.00   -0.25 (VIOLATED)
_4400_/A                                0.75    1.00   -0.25 (VIOLATED)
_4415_/B1                               0.75    1.00   -0.25 (VIOLATED)
_4390_/A                                0.75    1.00   -0.25 (VIOLATED)
_4391_/A                                0.75    1.00   -0.25 (VIOLATED)
_4397_/B1                               0.75    1.00   -0.25 (VIOLATED)
_4382_/A                                0.75    1.00   -0.25 (VIOLATED)
_4384_/A1                               0.75    1.00   -0.25 (VIOLATED)
_4385_/C                                0.75    1.00   -0.25 (VIOLATED)
_4383_/A                                0.75    1.00   -0.25 (VIOLATED)
_4371_/A                                0.75    1.00   -0.25 (VIOLATED)
_4360_/A                                0.75    1.00   -0.25 (VIOLATED)
_4361_/A1                               0.75    1.00   -0.25 (VIOLATED)
_4301_/A2                               0.75    1.00   -0.25 (VIOLATED)
_4302_/B                                0.75    1.00   -0.25 (VIOLATED)
_4313_/B1                               0.75    1.00   -0.25 (VIOLATED)
_4309_/B_N                              0.75    1.00   -0.25 (VIOLATED)
_4320_/B                                0.75    1.00   -0.25 (VIOLATED)
_4323_/B_N                              0.75    1.00   -0.25 (VIOLATED)
_4338_/C                                0.75    1.00   -0.25 (VIOLATED)
_4300_/X                                0.75    1.00   -0.25 (VIOLATED)
_4333_/A1                               0.75    1.00   -0.25 (VIOLATED)
_4334_/A                                0.75    1.00   -0.25 (VIOLATED)
_4347_/B                                0.75    1.00   -0.25 (VIOLATED)
_5817_/B1                               0.75    1.00   -0.25 (VIOLATED)
_5812_/B1                               0.75    1.00   -0.25 (VIOLATED)
_5839_/B1                               0.75    1.00   -0.25 (VIOLATED)
_5860_/B1                               0.75    1.00   -0.25 (VIOLATED)
_6011_/B1                               0.75    1.00   -0.25 (VIOLATED)
_6002_/B1                               0.75    1.00   -0.25 (VIOLATED)
_5981_/B1                               0.75    1.00   -0.25 (VIOLATED)
_5948_/B1                               0.75    1.00   -0.25 (VIOLATED)
_5934_/B1                               0.75    1.00   -0.25 (VIOLATED)
_5739_/B1                               0.75    1.00   -0.25 (VIOLATED)
_5747_/B1                               0.75    1.00   -0.25 (VIOLATED)
_5908_/B1                               0.75    1.00   -0.25 (VIOLATED)
_5900_/B1                               0.75    1.00   -0.25 (VIOLATED)
_6157_/B1                               0.75    1.00   -0.25 (VIOLATED)
_6135_/B1                               0.75    1.00   -0.25 (VIOLATED)
_6130_/B1                               0.75    1.00   -0.25 (VIOLATED)
_6065_/B1                               0.75    1.00   -0.25 (VIOLATED)
_6057_/B1                               0.75    1.00   -0.25 (VIOLATED)
_5682_/B1                               0.75    1.00   -0.25 (VIOLATED)
_5691_/B1                               0.75    1.00   -0.25 (VIOLATED)
_5681_/X                                0.75    1.00   -0.25 (VIOLATED)
_6299_/B                                0.75    1.00   -0.25 (VIOLATED)
_6300_/B                                0.75    1.00   -0.25 (VIOLATED)
_6307_/B                                0.75    1.00   -0.25 (VIOLATED)
_6308_/A_N                              0.75    1.00   -0.25 (VIOLATED)
_6313_/B1                               0.75    1.00   -0.25 (VIOLATED)
_6290_/B                                0.75    1.00   -0.25 (VIOLATED)
_6291_/B                                0.75    1.00   -0.25 (VIOLATED)
_6292_/C                                0.75    1.00   -0.25 (VIOLATED)
_6297_/B1                               0.75    1.00   -0.25 (VIOLATED)
_6281_/B                                0.75    1.00   -0.25 (VIOLATED)
_6282_/B                                0.75    1.00   -0.25 (VIOLATED)
_6268_/B                                0.75    1.00   -0.25 (VIOLATED)
_6269_/B                                0.75    1.00   -0.25 (VIOLATED)
_6255_/C                                0.75    1.00   -0.25 (VIOLATED)
_6256_/A2                               0.75    1.00   -0.25 (VIOLATED)
_6196_/A2                               0.75    1.00   -0.25 (VIOLATED)
_6197_/C                                0.75    1.00   -0.25 (VIOLATED)
_6208_/B1                               0.75    1.00   -0.25 (VIOLATED)
_6204_/B_N                              0.75    1.00   -0.25 (VIOLATED)
_6215_/C                                0.75    1.00   -0.25 (VIOLATED)
_6257_/B                                0.75    1.00   -0.25 (VIOLATED)
_6195_/X                                0.75    1.00   -0.25 (VIOLATED)
_6219_/A2                               0.75    1.00   -0.25 (VIOLATED)
_6220_/C                                0.75    1.00   -0.25 (VIOLATED)
_6230_/A2                               0.75    1.00   -0.25 (VIOLATED)
_6231_/C                                0.75    1.00   -0.25 (VIOLATED)
_6244_/B                                0.75    1.00   -0.25 (VIOLATED)
_6013_/B                                0.75    1.00   -0.25 (VIOLATED)
_6014_/A_N                              0.75    1.00   -0.25 (VIOLATED)
_6005_/B                                0.75    1.00   -0.25 (VIOLATED)
_6006_/B                                0.75    1.00   -0.25 (VIOLATED)
_6019_/B1                               0.75    1.00   -0.25 (VIOLATED)
_5996_/B                                0.75    1.00   -0.25 (VIOLATED)
_5997_/B                                0.75    1.00   -0.25 (VIOLATED)
_5998_/C                                0.75    1.00   -0.25 (VIOLATED)
_5987_/B                                0.75    1.00   -0.25 (VIOLATED)
_5988_/B                                0.75    1.00   -0.25 (VIOLATED)
_6003_/B1                               0.75    1.00   -0.25 (VIOLATED)
_5974_/B                                0.75    1.00   -0.25 (VIOLATED)
_5975_/B                                0.75    1.00   -0.25 (VIOLATED)
_5961_/C                                0.75    1.00   -0.25 (VIOLATED)
_5962_/A2                               0.75    1.00   -0.25 (VIOLATED)
_5963_/B                                0.75    1.00   -0.25 (VIOLATED)
_5950_/B                                0.75    1.00   -0.25 (VIOLATED)
_5926_/C                                0.75    1.00   -0.25 (VIOLATED)
_5936_/A2                               0.75    1.00   -0.25 (VIOLATED)
_5937_/C                                0.75    1.00   -0.25 (VIOLATED)
_5925_/A2                               0.75    1.00   -0.25 (VIOLATED)
_5921_/C                                0.75    1.00   -0.25 (VIOLATED)
_5910_/B_N                              0.75    1.00   -0.25 (VIOLATED)
_5914_/B1                               0.75    1.00   -0.25 (VIOLATED)
_5903_/C                                0.75    1.00   -0.25 (VIOLATED)
_5902_/A2                               0.75    1.00   -0.25 (VIOLATED)
_5901_/X                                0.75    1.00   -0.25 (VIOLATED)
_4141_/B                                0.75    0.99   -0.24 (VIOLATED)
_4149_/B1_N                             0.75    0.99   -0.24 (VIOLATED)
_4151_/B                                0.75    0.99   -0.24 (VIOLATED)
_4161_/A1                               0.75    0.99   -0.24 (VIOLATED)
_4162_/D                                0.75    0.99   -0.24 (VIOLATED)
_4175_/A1                               0.75    0.99   -0.24 (VIOLATED)
_4176_/B                                0.75    0.99   -0.24 (VIOLATED)
_4187_/B                                0.75    0.99   -0.24 (VIOLATED)
_4212_/A                                0.75    0.99   -0.24 (VIOLATED)
_4252_/B                                0.75    0.99   -0.24 (VIOLATED)
_4253_/A_N                              0.75    0.99   -0.24 (VIOLATED)
_4243_/A                                0.75    0.99   -0.24 (VIOLATED)
_4260_/B1                               0.75    0.99   -0.24 (VIOLATED)
_4244_/A                                0.75    0.99   -0.24 (VIOLATED)
_4247_/A                                0.75    0.99   -0.24 (VIOLATED)
_4200_/A                                0.75    0.99   -0.24 (VIOLATED)
_4201_/A1                               0.75    0.99   -0.24 (VIOLATED)
_4232_/A                                0.75    0.99   -0.24 (VIOLATED)
_4226_/C                                0.75    0.99   -0.24 (VIOLATED)
_4233_/A                                0.75    0.99   -0.24 (VIOLATED)
_4239_/C1                               0.75    0.99   -0.24 (VIOLATED)
_4223_/A                                0.75    0.99   -0.24 (VIOLATED)
_4224_/A                                0.75    0.99   -0.24 (VIOLATED)
_4225_/A1                               0.75    0.99   -0.24 (VIOLATED)
_4140_/X                                0.75    0.99   -0.24 (VIOLATED)
_5539_/A1                               0.75    0.98   -0.23 (VIOLATED)
_5518_/A1                               0.75    0.98   -0.23 (VIOLATED)
_5496_/A1                               0.75    0.98   -0.23 (VIOLATED)
_5491_/A1                               0.75    0.98   -0.23 (VIOLATED)
_5321_/A1                               0.75    0.98   -0.23 (VIOLATED)
_5425_/A1                               0.75    0.98   -0.23 (VIOLATED)
_5417_/A1                               0.75    0.98   -0.23 (VIOLATED)
_5660_/A1                               0.75    0.98   -0.23 (VIOLATED)
_5839_/A1                               0.75    0.98   -0.23 (VIOLATED)
_5860_/A1                               0.75    0.98   -0.23 (VIOLATED)
_5812_/A1                               0.75    0.98   -0.23 (VIOLATED)
_5817_/A1                               0.75    0.98   -0.23 (VIOLATED)
_5682_/A1                               0.75    0.98   -0.23 (VIOLATED)
_5691_/A1                               0.75    0.98   -0.23 (VIOLATED)
_5627_/A1                               0.75    0.98   -0.23 (VIOLATED)
_5613_/A1                               0.75    0.98   -0.23 (VIOLATED)
_5747_/A1                               0.75    0.98   -0.23 (VIOLATED)
_5739_/A1                               0.75    0.98   -0.23 (VIOLATED)
_5587_/A1                               0.75    0.98   -0.23 (VIOLATED)
_5579_/A1                               0.75    0.98   -0.23 (VIOLATED)
_5314_/X                                0.75    0.98   -0.23 (VIOLATED)
_5503_/A                                0.75    0.97   -0.22 (VIOLATED)
_5504_/A                                0.75    0.97   -0.22 (VIOLATED)
_5505_/A1                               0.75    0.97   -0.22 (VIOLATED)
_5506_/C                                0.75    0.97   -0.22 (VIOLATED)
_5512_/A                                0.75    0.97   -0.22 (VIOLATED)
_5513_/A                                0.75    0.97   -0.22 (VIOLATED)
_5519_/C1                               0.75    0.97   -0.22 (VIOLATED)
_5523_/A                                0.75    0.97   -0.22 (VIOLATED)
_5540_/B1                               0.75    0.97   -0.22 (VIOLATED)
_5524_/A                                0.75    0.97   -0.22 (VIOLATED)
_5532_/B                                0.75    0.97   -0.22 (VIOLATED)
_5533_/A_N                              0.75    0.97   -0.22 (VIOLATED)
_5527_/A                                0.75    0.97   -0.22 (VIOLATED)
_5492_/A                                0.75    0.97   -0.22 (VIOLATED)
_5480_/A                                0.75    0.97   -0.22 (VIOLATED)
_5481_/A1                               0.75    0.97   -0.22 (VIOLATED)
_5466_/B                                0.75    0.97   -0.22 (VIOLATED)
_5455_/B                                0.75    0.97   -0.22 (VIOLATED)
_5419_/X                                0.75    0.97   -0.22 (VIOLATED)
_5420_/B                                0.75    0.97   -0.22 (VIOLATED)
_5428_/B1_N                             0.75    0.97   -0.22 (VIOLATED)
_5429_/B                                0.75    0.97   -0.22 (VIOLATED)
_5440_/A1                               0.75    0.97   -0.22 (VIOLATED)
_5441_/D                                0.75    0.97   -0.22 (VIOLATED)
_5454_/A1                               0.75    0.97   -0.22 (VIOLATED)
_4683_/A                                0.75    0.97   -0.22 (VIOLATED)
_4684_/A1                               0.75    0.97   -0.22 (VIOLATED)
_4695_/A                                0.75    0.97   -0.22 (VIOLATED)
_4709_/C                                0.75    0.97   -0.22 (VIOLATED)
_4707_/A                                0.75    0.97   -0.22 (VIOLATED)
_4708_/A1                               0.75    0.97   -0.22 (VIOLATED)
_4706_/A                                0.75    0.97   -0.22 (VIOLATED)
_4722_/C1                               0.75    0.97   -0.22 (VIOLATED)
_4716_/A                                0.75    0.97   -0.22 (VIOLATED)
_4622_/B                                0.75    0.97   -0.22 (VIOLATED)
_4630_/B1_N                             0.75    0.97   -0.22 (VIOLATED)
_4631_/B                                0.75    0.97   -0.22 (VIOLATED)
_4668_/B                                0.75    0.97   -0.22 (VIOLATED)
_4642_/A1                               0.75    0.97   -0.22 (VIOLATED)
_4656_/A1                               0.75    0.97   -0.22 (VIOLATED)
_4643_/D                                0.75    0.97   -0.22 (VIOLATED)
_4657_/B                                0.75    0.97   -0.22 (VIOLATED)
_4730_/A                                0.75    0.97   -0.22 (VIOLATED)
_4715_/A                                0.75    0.97   -0.22 (VIOLATED)
_4726_/A                                0.75    0.97   -0.22 (VIOLATED)
_4727_/A                                0.75    0.97   -0.22 (VIOLATED)
_4743_/B1                               0.75    0.97   -0.22 (VIOLATED)
_4736_/A_N                              0.75    0.97   -0.22 (VIOLATED)
_4735_/B                                0.75    0.97   -0.22 (VIOLATED)
_4621_/X                                0.75    0.97   -0.22 (VIOLATED)
_5877_/B1                               0.75    0.97   -0.22 (VIOLATED)
_5875_/B1                               0.75    0.97   -0.22 (VIOLATED)
_5881_/B1                               0.75    0.97   -0.22 (VIOLATED)
_5879_/B1                               0.75    0.97   -0.22 (VIOLATED)
_5871_/B1                               0.75    0.97   -0.22 (VIOLATED)
_5873_/B1                               0.75    0.97   -0.22 (VIOLATED)
_6037_/B1                               0.75    0.97   -0.22 (VIOLATED)
_6039_/B1                               0.75    0.97   -0.22 (VIOLATED)
_6035_/B1                               0.75    0.97   -0.22 (VIOLATED)
_6033_/B1                               0.75    0.97   -0.22 (VIOLATED)
_6031_/B1                               0.75    0.97   -0.22 (VIOLATED)
_6029_/B1                               0.75    0.97   -0.22 (VIOLATED)
_5718_/B1                               0.75    0.97   -0.22 (VIOLATED)
_5720_/B1                               0.75    0.97   -0.22 (VIOLATED)
_5716_/B1                               0.75    0.97   -0.22 (VIOLATED)
_5714_/B1                               0.75    0.97   -0.22 (VIOLATED)
_5712_/B1                               0.75    0.97   -0.22 (VIOLATED)
_5710_/B1                               0.75    0.97   -0.22 (VIOLATED)
_6628_/B1                               0.75    0.97   -0.22 (VIOLATED)
_6630_/B1                               0.75    0.97   -0.22 (VIOLATED)
_5708_/X                                0.75    0.97   -0.22 (VIOLATED)
_4458_/B                                0.75    0.96   -0.21 (VIOLATED)
_4466_/B1_N                             0.75    0.96   -0.21 (VIOLATED)
_4467_/B                                0.75    0.96   -0.21 (VIOLATED)
_4492_/A1                               0.75    0.96   -0.21 (VIOLATED)
_4493_/B                                0.75    0.96   -0.21 (VIOLATED)
_4479_/D                                0.75    0.96   -0.21 (VIOLATED)
_4478_/A1                               0.75    0.96   -0.21 (VIOLATED)
_4503_/B                                0.75    0.96   -0.21 (VIOLATED)
_4517_/A                                0.75    0.96   -0.21 (VIOLATED)
_4518_/A1                               0.75    0.96   -0.21 (VIOLATED)
_4529_/A                                0.75    0.96   -0.21 (VIOLATED)
_4543_/C                                0.75    0.96   -0.21 (VIOLATED)
_4541_/A                                0.75    0.96   -0.21 (VIOLATED)
_4540_/A                                0.75    0.96   -0.21 (VIOLATED)
_4542_/A1                               0.75    0.96   -0.21 (VIOLATED)
_4556_/C1                               0.75    0.96   -0.21 (VIOLATED)
_4549_/A                                0.75    0.96   -0.21 (VIOLATED)
_4550_/A                                0.75    0.96   -0.21 (VIOLATED)
_4561_/A                                0.75    0.96   -0.21 (VIOLATED)
_4564_/A                                0.75    0.96   -0.21 (VIOLATED)
_4560_/A                                0.75    0.96   -0.21 (VIOLATED)
_4577_/B1                               0.75    0.96   -0.21 (VIOLATED)
_4570_/A_N                              0.75    0.96   -0.21 (VIOLATED)
_4569_/B                                0.75    0.96   -0.21 (VIOLATED)
_4457_/X                                0.75    0.96   -0.21 (VIOLATED)
_6178_/A1                               0.75    0.96   -0.21 (VIOLATED)
_6157_/A1                               0.75    0.96   -0.21 (VIOLATED)
_6135_/A1                               0.75    0.96   -0.21 (VIOLATED)
_6130_/A1                               0.75    0.96   -0.21 (VIOLATED)
_6065_/A1                               0.75    0.96   -0.21 (VIOLATED)
_6057_/A1                               0.75    0.96   -0.21 (VIOLATED)
_6275_/A1                               0.75    0.96   -0.21 (VIOLATED)
_6296_/A1                               0.75    0.96   -0.21 (VIOLATED)
_6305_/A1                               0.75    0.96   -0.21 (VIOLATED)
_6228_/A1                               0.75    0.96   -0.21 (VIOLATED)
_6242_/A1                               0.75    0.96   -0.21 (VIOLATED)
_6202_/A1                               0.75    0.96   -0.21 (VIOLATED)
_6194_/A1                               0.75    0.96   -0.21 (VIOLATED)
_6011_/A1                               0.75    0.96   -0.21 (VIOLATED)
_6002_/A1                               0.75    0.96   -0.21 (VIOLATED)
_5981_/A1                               0.75    0.96   -0.21 (VIOLATED)
_5948_/A1                               0.75    0.96   -0.21 (VIOLATED)
_5934_/A1                               0.75    0.96   -0.21 (VIOLATED)
_5908_/A1                               0.75    0.96   -0.21 (VIOLATED)
_5900_/A1                               0.75    0.96   -0.21 (VIOLATED)
_5897_/X                                0.75    0.96   -0.21 (VIOLATED)
_5853_/B                                0.75    0.95   -0.20 (VIOLATED)
_5854_/A_N                              0.75    0.95   -0.20 (VIOLATED)
_5861_/B1                               0.75    0.95   -0.20 (VIOLATED)
_5844_/A                                0.75    0.95   -0.20 (VIOLATED)
_5845_/A                                0.75    0.95   -0.20 (VIOLATED)
_5848_/A                                0.75    0.95   -0.20 (VIOLATED)
_5833_/A                                0.75    0.95   -0.20 (VIOLATED)
_5834_/A                                0.75    0.95   -0.20 (VIOLATED)
_5840_/C1                               0.75    0.95   -0.20 (VIOLATED)
_5826_/A1                               0.75    0.95   -0.20 (VIOLATED)
_5824_/A                                0.75    0.95   -0.20 (VIOLATED)
_5827_/C                                0.75    0.95   -0.20 (VIOLATED)
_5825_/A                                0.75    0.95   -0.20 (VIOLATED)
_5801_/A                                0.75    0.95   -0.20 (VIOLATED)
_5802_/A1                               0.75    0.95   -0.20 (VIOLATED)
_5813_/A                                0.75    0.95   -0.20 (VIOLATED)
_5787_/B                                0.75    0.95   -0.20 (VIOLATED)
_5777_/B                                0.75    0.95   -0.20 (VIOLATED)
_5776_/A1                               0.75    0.95   -0.20 (VIOLATED)
_5762_/A1                               0.75    0.95   -0.20 (VIOLATED)
_5763_/D                                0.75    0.95   -0.20 (VIOLATED)
_5751_/B                                0.75    0.95   -0.20 (VIOLATED)
_5742_/B                                0.75    0.95   -0.20 (VIOLATED)
_5750_/B1_N                             0.75    0.95   -0.20 (VIOLATED)
_5741_/X                                0.75    0.95   -0.20 (VIOLATED)
_3817_/A1                               0.75    0.95   -0.20 (VIOLATED)
_3825_/A1                               0.75    0.95   -0.20 (VIOLATED)
_3851_/A1                               0.75    0.95   -0.20 (VIOLATED)
_3865_/A1                               0.75    0.95   -0.20 (VIOLATED)
_4058_/A1                               0.75    0.95   -0.20 (VIOLATED)
_3898_/A1                               0.75    0.95   -0.20 (VIOLATED)
_3648_/A3                               0.75    0.95   -0.20 (VIOLATED)
_3656_/A1                               0.75    0.95   -0.20 (VIOLATED)
_4137_/A1                               0.75    0.95   -0.20 (VIOLATED)
_3981_/A1                               0.75    0.95   -0.20 (VIOLATED)
_3989_/A1                               0.75    0.95   -0.20 (VIOLATED)
_3725_/A1                               0.75    0.95   -0.20 (VIOLATED)
_3733_/A1                               0.75    0.95   -0.20 (VIOLATED)
_4014_/A1                               0.75    0.95   -0.20 (VIOLATED)
_3919_/A1                               0.75    0.95   -0.20 (VIOLATED)
_4028_/A1                               0.75    0.95   -0.20 (VIOLATED)
_3928_/A1                               0.75    0.95   -0.20 (VIOLATED)
_3771_/A1                               0.75    0.95   -0.20 (VIOLATED)
_4079_/A1                               0.75    0.95   -0.20 (VIOLATED)
_4097_/A1                               0.75    0.95   -0.20 (VIOLATED)
_3644_/X                                0.75    0.95   -0.20 (VIOLATED)
_3956_/B1                               0.75    0.94   -0.19 (VIOLATED)
_3962_/B1                               0.75    0.94   -0.19 (VIOLATED)
_3959_/B1                               0.75    0.94   -0.19 (VIOLATED)
_3950_/B1                               0.75    0.94   -0.19 (VIOLATED)
_3953_/B1                               0.75    0.94   -0.19 (VIOLATED)
_3947_/B1                               0.75    0.94   -0.19 (VIOLATED)
_3783_/B1                               0.75    0.94   -0.19 (VIOLATED)
_3786_/B1                               0.75    0.94   -0.19 (VIOLATED)
_3789_/B1                               0.75    0.94   -0.19 (VIOLATED)
_3792_/B1                               0.75    0.94   -0.19 (VIOLATED)
_3795_/B1                               0.75    0.94   -0.19 (VIOLATED)
_3799_/B1                               0.75    0.94   -0.19 (VIOLATED)
_3616_/B1                               0.75    0.94   -0.19 (VIOLATED)
_3607_/B1                               0.75    0.94   -0.19 (VIOLATED)
_3619_/B1                               0.75    0.94   -0.19 (VIOLATED)
_3610_/B1                               0.75    0.94   -0.19 (VIOLATED)
_3613_/B1                               0.75    0.94   -0.19 (VIOLATED)
_3622_/B1                               0.75    0.94   -0.19 (VIOLATED)
_4108_/B1                               0.75    0.94   -0.19 (VIOLATED)
_4110_/B1                               0.75    0.94   -0.19 (VIOLATED)
_3604_/X                                0.75    0.94   -0.19 (VIOLATED)
_5561_/B1                               0.75    0.93   -0.18 (VIOLATED)
_5559_/B1                               0.75    0.93   -0.18 (VIOLATED)
_4811_/B1                               0.75    0.93   -0.18 (VIOLATED)
_4817_/B1                               0.75    0.93   -0.18 (VIOLATED)
_5557_/B1                               0.75    0.93   -0.18 (VIOLATED)
_4814_/B1                               0.75    0.93   -0.18 (VIOLATED)
_5555_/B1                               0.75    0.93   -0.18 (VIOLATED)
_4805_/B1                               0.75    0.93   -0.18 (VIOLATED)
_4808_/B1                               0.75    0.93   -0.18 (VIOLATED)
_5552_/B1                               0.75    0.93   -0.18 (VIOLATED)
_4802_/B1                               0.75    0.93   -0.18 (VIOLATED)
_5550_/B1                               0.75    0.93   -0.18 (VIOLATED)
_5177_/B1                               0.75    0.93   -0.18 (VIOLATED)
_5179_/B1                               0.75    0.93   -0.18 (VIOLATED)
_5184_/B1                               0.75    0.93   -0.18 (VIOLATED)
_5173_/B1                               0.75    0.93   -0.18 (VIOLATED)
_5182_/B1                               0.75    0.93   -0.18 (VIOLATED)
_5175_/B1                               0.75    0.93   -0.18 (VIOLATED)
_4594_/X                                0.75    0.93   -0.18 (VIOLATED)
_4596_/B1                               0.75    0.93   -0.18 (VIOLATED)
_4598_/B1                               0.75    0.93   -0.18 (VIOLATED)
_6171_/B                                0.75    0.93   -0.18 (VIOLATED)
_6172_/A_N                              0.75    0.93   -0.18 (VIOLATED)
_6179_/B1                               0.75    0.93   -0.18 (VIOLATED)
_6162_/A                                0.75    0.93   -0.18 (VIOLATED)
_6166_/A                                0.75    0.93   -0.18 (VIOLATED)
_6163_/A                                0.75    0.93   -0.18 (VIOLATED)
_6151_/A                                0.75    0.93   -0.18 (VIOLATED)
_6152_/A                                0.75    0.93   -0.18 (VIOLATED)
_6142_/A                                0.75    0.93   -0.18 (VIOLATED)
_6143_/A                                0.75    0.93   -0.18 (VIOLATED)
_6144_/A1                               0.75    0.93   -0.18 (VIOLATED)
_6158_/C1                               0.75    0.93   -0.18 (VIOLATED)
_6145_/C                                0.75    0.93   -0.18 (VIOLATED)
_6131_/A                                0.75    0.93   -0.18 (VIOLATED)
_6119_/A                                0.75    0.93   -0.18 (VIOLATED)
_6120_/A1                               0.75    0.93   -0.18 (VIOLATED)
_6105_/B                                0.75    0.93   -0.18 (VIOLATED)
_6094_/A1                               0.75    0.93   -0.18 (VIOLATED)
_6095_/B                                0.75    0.93   -0.18 (VIOLATED)
_6080_/A1                               0.75    0.93   -0.18 (VIOLATED)
_6081_/D                                0.75    0.93   -0.18 (VIOLATED)
_6059_/X                                0.75    0.93   -0.18 (VIOLATED)
_6060_/B                                0.75    0.93   -0.18 (VIOLATED)
_6068_/B1_N                             0.75    0.93   -0.18 (VIOLATED)
_6069_/B                                0.75    0.93   -0.18 (VIOLATED)
_4593_/B1                               0.75    0.92   -0.17 (VIOLATED)
_4591_/B1                               0.75    0.92   -0.17 (VIOLATED)
_4589_/B1                               0.75    0.92   -0.17 (VIOLATED)
_4587_/B1                               0.75    0.92   -0.17 (VIOLATED)
_4425_/B1                               0.75    0.92   -0.17 (VIOLATED)
_4427_/B1                               0.75    0.92   -0.17 (VIOLATED)
_4429_/B1                               0.75    0.92   -0.17 (VIOLATED)
_4431_/B1                               0.75    0.92   -0.17 (VIOLATED)
_4433_/B1                               0.75    0.92   -0.17 (VIOLATED)
_4435_/B1                               0.75    0.92   -0.17 (VIOLATED)
_4275_/B1                               0.75    0.92   -0.17 (VIOLATED)
_4277_/B1                               0.75    0.92   -0.17 (VIOLATED)
_4279_/B1                               0.75    0.92   -0.17 (VIOLATED)
_4272_/B1                               0.75    0.92   -0.17 (VIOLATED)
_4281_/B1                               0.75    0.92   -0.17 (VIOLATED)
_4113_/B1                               0.75    0.92   -0.17 (VIOLATED)
_4115_/B1                               0.75    0.92   -0.17 (VIOLATED)
_4270_/B1                               0.75    0.92   -0.17 (VIOLATED)
_4117_/B1                               0.75    0.92   -0.17 (VIOLATED)
_4119_/B1                               0.75    0.92   -0.17 (VIOLATED)
_4111_/X                                0.75    0.92   -0.17 (VIOLATED)
_6029_/A2                               0.75    0.91   -0.16 (VIOLATED)
_6031_/A2                               0.75    0.91   -0.16 (VIOLATED)
_6035_/A2                               0.75    0.91   -0.16 (VIOLATED)
_6033_/A2                               0.75    0.91   -0.16 (VIOLATED)
_6039_/A2                               0.75    0.91   -0.16 (VIOLATED)
_6037_/A2                               0.75    0.91   -0.16 (VIOLATED)
_6041_/A2                               0.75    0.91   -0.16 (VIOLATED)
_6045_/A2                               0.75    0.91   -0.16 (VIOLATED)
_6043_/A2                               0.75    0.91   -0.16 (VIOLATED)
_6047_/A2                               0.75    0.91   -0.16 (VIOLATED)
_6049_/A2                               0.75    0.91   -0.16 (VIOLATED)
_6053_/A2                               0.75    0.91   -0.16 (VIOLATED)
_6051_/A2                               0.75    0.91   -0.16 (VIOLATED)
_5896_/A2                               0.75    0.91   -0.16 (VIOLATED)
_6628_/A2                               0.75    0.91   -0.16 (VIOLATED)
_6630_/A2                               0.75    0.91   -0.16 (VIOLATED)
_5894_/X                                0.75    0.91   -0.16 (VIOLATED)
_6632_/A2                               0.75    0.91   -0.16 (VIOLATED)
_6634_/A2                               0.75    0.91   -0.16 (VIOLATED)
_6772_/S                                0.75    0.91   -0.16 (VIOLATED)
_6760_/S                                0.75    0.91   -0.16 (VIOLATED)
_6764_/S                                0.75    0.91   -0.16 (VIOLATED)
_6768_/S                                0.75    0.91   -0.16 (VIOLATED)
_6766_/S                                0.75    0.91   -0.16 (VIOLATED)
_6770_/S                                0.75    0.91   -0.16 (VIOLATED)
_6762_/S                                0.75    0.91   -0.16 (VIOLATED)
_6750_/S                                0.75    0.91   -0.16 (VIOLATED)
_6756_/S                                0.75    0.91   -0.16 (VIOLATED)
_6758_/S                                0.75    0.91   -0.16 (VIOLATED)
_6748_/S                                0.75    0.91   -0.16 (VIOLATED)
_6754_/S                                0.75    0.91   -0.16 (VIOLATED)
_6752_/S                                0.75    0.91   -0.16 (VIOLATED)
_6747_/Y                                0.75    0.91   -0.16 (VIOLATED)
_6446_/S                                0.75    0.91   -0.16 (VIOLATED)
_6452_/S                                0.75    0.91   -0.16 (VIOLATED)
_6456_/S                                0.75    0.91   -0.16 (VIOLATED)
_6450_/S                                0.75    0.91   -0.16 (VIOLATED)
_6454_/S                                0.75    0.91   -0.16 (VIOLATED)
_6436_/S                                0.75    0.91   -0.16 (VIOLATED)
_6442_/S                                0.75    0.91   -0.16 (VIOLATED)
_6438_/S                                0.75    0.91   -0.16 (VIOLATED)
_6444_/S                                0.75    0.91   -0.16 (VIOLATED)
_6434_/S                                0.75    0.91   -0.16 (VIOLATED)
_6440_/S                                0.75    0.91   -0.16 (VIOLATED)
_6458_/S                                0.75    0.91   -0.16 (VIOLATED)
_6433_/Y                                0.75    0.91   -0.16 (VIOLATED)
_6448_/S                                0.75    0.91   -0.16 (VIOLATED)
_6473_/S                                0.75    0.88   -0.13 (VIOLATED)
_6479_/S                                0.75    0.88   -0.13 (VIOLATED)
_6477_/S                                0.75    0.88   -0.13 (VIOLATED)
_6481_/S                                0.75    0.88   -0.13 (VIOLATED)
_6483_/S                                0.75    0.88   -0.13 (VIOLATED)
_6469_/S                                0.75    0.88   -0.13 (VIOLATED)
_6463_/S                                0.75    0.88   -0.13 (VIOLATED)
_6465_/S                                0.75    0.88   -0.13 (VIOLATED)
_6471_/S                                0.75    0.88   -0.13 (VIOLATED)
_6461_/S                                0.75    0.88   -0.13 (VIOLATED)
_6467_/S                                0.75    0.88   -0.13 (VIOLATED)
_6460_/Y                                0.75    0.88   -0.13 (VIOLATED)
_6475_/S                                0.75    0.88   -0.13 (VIOLATED)
_6485_/S                                0.75    0.88   -0.13 (VIOLATED)
_6710_/S                                0.75    0.88   -0.13 (VIOLATED)
_6706_/S                                0.75    0.88   -0.13 (VIOLATED)
_6714_/S                                0.75    0.88   -0.13 (VIOLATED)
_6712_/S                                0.75    0.88   -0.13 (VIOLATED)
_6708_/S                                0.75    0.88   -0.13 (VIOLATED)
_6718_/S                                0.75    0.88   -0.13 (VIOLATED)
_6716_/S                                0.75    0.88   -0.13 (VIOLATED)
_6696_/S                                0.75    0.88   -0.13 (VIOLATED)
_6702_/S                                0.75    0.88   -0.13 (VIOLATED)
_6704_/S                                0.75    0.88   -0.13 (VIOLATED)
_6694_/S                                0.75    0.88   -0.13 (VIOLATED)
_6693_/Y                                0.75    0.88   -0.13 (VIOLATED)
_6698_/S                                0.75    0.88   -0.13 (VIOLATED)
_6700_/S                                0.75    0.88   -0.13 (VIOLATED)
_6419_/S                                0.75    0.87   -0.12 (VIOLATED)
_6427_/S                                0.75    0.87   -0.12 (VIOLATED)
_6429_/S                                0.75    0.87   -0.12 (VIOLATED)
_6423_/S                                0.75    0.87   -0.12 (VIOLATED)
_6425_/S                                0.75    0.87   -0.12 (VIOLATED)
_6409_/S                                0.75    0.87   -0.12 (VIOLATED)
_6415_/S                                0.75    0.87   -0.12 (VIOLATED)
_6411_/S                                0.75    0.87   -0.12 (VIOLATED)
_6417_/S                                0.75    0.87   -0.12 (VIOLATED)
_6407_/S                                0.75    0.87   -0.12 (VIOLATED)
_6413_/S                                0.75    0.87   -0.12 (VIOLATED)
_6421_/S                                0.75    0.87   -0.12 (VIOLATED)
_6431_/S                                0.75    0.87   -0.12 (VIOLATED)
_6406_/Y                                0.75    0.87   -0.12 (VIOLATED)
_6739_/S                                0.75    0.87   -0.12 (VIOLATED)
_6737_/S                                0.75    0.87   -0.12 (VIOLATED)
_6733_/S                                0.75    0.87   -0.12 (VIOLATED)
_6735_/S                                0.75    0.87   -0.12 (VIOLATED)
_6745_/S                                0.75    0.87   -0.12 (VIOLATED)
_6741_/S                                0.75    0.87   -0.12 (VIOLATED)
_6743_/S                                0.75    0.87   -0.12 (VIOLATED)
_6723_/S                                0.75    0.87   -0.12 (VIOLATED)
_6729_/S                                0.75    0.87   -0.12 (VIOLATED)
_6731_/S                                0.75    0.87   -0.12 (VIOLATED)
_6721_/S                                0.75    0.87   -0.12 (VIOLATED)
_6720_/Y                                0.75    0.87   -0.12 (VIOLATED)
_6725_/S                                0.75    0.87   -0.12 (VIOLATED)
_6727_/S                                0.75    0.87   -0.12 (VIOLATED)
_4283_/B2                               0.75    0.84   -0.09 (VIOLATED)
_4121_/B2                               0.75    0.84   -0.09 (VIOLATED)
_4123_/B2                               0.75    0.84   -0.09 (VIOLATED)
_4125_/B2                               0.75    0.84   -0.09 (VIOLATED)
_3966_/B2                               0.75    0.84   -0.09 (VIOLATED)
_3964_/B2                               0.75    0.84   -0.09 (VIOLATED)
_4127_/B2                               0.75    0.84   -0.09 (VIOLATED)
_3968_/B2                               0.75    0.84   -0.09 (VIOLATED)
_4129_/B2                               0.75    0.84   -0.09 (VIOLATED)
_3970_/B2                               0.75    0.84   -0.09 (VIOLATED)
_4131_/B2                               0.75    0.84   -0.09 (VIOLATED)
_4133_/B2                               0.75    0.84   -0.09 (VIOLATED)
_3975_/B2                               0.75    0.84   -0.09 (VIOLATED)
_3973_/B2                               0.75    0.84   -0.09 (VIOLATED)
_3810_/B2                               0.75    0.84   -0.09 (VIOLATED)
_3977_/B2                               0.75    0.84   -0.09 (VIOLATED)
_3812_/B2                               0.75    0.84   -0.09 (VIOLATED)
_3814_/B2                               0.75    0.84   -0.09 (VIOLATED)
_3809_/X                                0.75    0.84   -0.09 (VIOLATED)
_4946_/B                                0.75    0.84   -0.09 (VIOLATED)
_4947_/A_N                              0.75    0.84   -0.09 (VIOLATED)
_4938_/B                                0.75    0.84   -0.09 (VIOLATED)
_4939_/B                                0.75    0.84   -0.09 (VIOLATED)
_4953_/B1                               0.75    0.84   -0.09 (VIOLATED)
_4929_/B                                0.75    0.84   -0.09 (VIOLATED)
_4930_/B                                0.75    0.84   -0.09 (VIOLATED)
_4872_/B1                               0.75    0.84   -0.09 (VIOLATED)
_4858_/B1                               0.75    0.84   -0.09 (VIOLATED)
_4859_/D                                0.75    0.84   -0.09 (VIOLATED)
_4873_/D                                0.75    0.84   -0.09 (VIOLATED)
_4883_/B                                0.75    0.84   -0.09 (VIOLATED)
_4920_/B                                0.75    0.84   -0.09 (VIOLATED)
_4921_/B                                0.75    0.84   -0.09 (VIOLATED)
_4936_/B1                               0.75    0.84   -0.09 (VIOLATED)
_4838_/B                                0.75    0.84   -0.09 (VIOLATED)
_4847_/B                                0.75    0.84   -0.09 (VIOLATED)
_4908_/B                                0.75    0.84   -0.09 (VIOLATED)
_4846_/B1_N                             0.75    0.84   -0.09 (VIOLATED)
_4909_/B                                0.75    0.84   -0.09 (VIOLATED)
_4837_/X                                0.75    0.84   -0.09 (VIOLATED)
_4895_/C                                0.75    0.84   -0.09 (VIOLATED)
_4896_/A2                               0.75    0.84   -0.09 (VIOLATED)
_3604_/A                                0.75    0.83   -0.08 (VIOLATED)
_4111_/A                                0.75    0.83   -0.08 (VIOLATED)
_5398_/A1                               0.75    0.83   -0.08 (VIOLATED)
_5389_/A1                               0.75    0.83   -0.08 (VIOLATED)
_5362_/A1                               0.75    0.83   -0.08 (VIOLATED)
_6636_/B1                               0.75    0.83   -0.08 (VIOLATED)
_5353_/A1                               0.75    0.83   -0.08 (VIOLATED)
_6632_/B1                               0.75    0.83   -0.08 (VIOLATED)
_5380_/A1                               0.75    0.83   -0.08 (VIOLATED)
_5011_/A1                               0.75    0.83   -0.08 (VIOLATED)
_5020_/A1                               0.75    0.83   -0.08 (VIOLATED)
_5029_/A1                               0.75    0.83   -0.08 (VIOLATED)
_5002_/A1                               0.75    0.83   -0.08 (VIOLATED)
_4993_/A1                               0.75    0.83   -0.08 (VIOLATED)
_5371_/A1                               0.75    0.83   -0.08 (VIOLATED)
_6634_/B1                               0.75    0.83   -0.08 (VIOLATED)
_4984_/A1                               0.75    0.83   -0.08 (VIOLATED)
_6638_/B1                               0.75    0.83   -0.08 (VIOLATED)
_3603_/X                                0.75    0.83   -0.08 (VIOLATED)
_5315_/B                                0.75    0.83   -0.08 (VIOLATED)
_5306_/B                                0.75    0.83   -0.08 (VIOLATED)
_5316_/A_N                              0.75    0.83   -0.08 (VIOLATED)
_5307_/B                                0.75    0.83   -0.08 (VIOLATED)
_5322_/B1                               0.75    0.83   -0.08 (VIOLATED)
_5297_/B                                0.75    0.83   -0.08 (VIOLATED)
_5298_/B                                0.75    0.83   -0.08 (VIOLATED)
_5304_/B1                               0.75    0.83   -0.08 (VIOLATED)
_5288_/B                                0.75    0.83   -0.08 (VIOLATED)
_5289_/B                                0.75    0.83   -0.08 (VIOLATED)
_5276_/B                                0.75    0.83   -0.08 (VIOLATED)
_5277_/B                                0.75    0.83   -0.08 (VIOLATED)
_5263_/C                                0.75    0.83   -0.08 (VIOLATED)
_5264_/A2                               0.75    0.83   -0.08 (VIOLATED)
_5251_/B                                0.75    0.83   -0.08 (VIOLATED)
_5240_/B1                               0.75    0.83   -0.08 (VIOLATED)
_5241_/D                                0.75    0.83   -0.08 (VIOLATED)
_5226_/B1                               0.75    0.83   -0.08 (VIOLATED)
_5227_/D                                0.75    0.83   -0.08 (VIOLATED)
_5214_/B                                0.75    0.83   -0.08 (VIOLATED)
_5213_/B1_N                             0.75    0.83   -0.08 (VIOLATED)
_5204_/X                                0.75    0.83   -0.08 (VIOLATED)
_5205_/B                                0.75    0.83   -0.08 (VIOLATED)
_3765_/B                                0.75    0.82   -0.07 (VIOLATED)
_3766_/A_N                              0.75    0.82   -0.07 (VIOLATED)
_3757_/B                                0.75    0.82   -0.07 (VIOLATED)
_3758_/B                                0.75    0.82   -0.07 (VIOLATED)
_3772_/B1                               0.75    0.82   -0.07 (VIOLATED)
_3748_/B                                0.75    0.82   -0.07 (VIOLATED)
_3749_/B                                0.75    0.82   -0.07 (VIOLATED)
_3740_/B                                0.75    0.82   -0.07 (VIOLATED)
_3739_/B                                0.75    0.82   -0.07 (VIOLATED)
_3755_/B1                               0.75    0.82   -0.07 (VIOLATED)
_3727_/B                                0.75    0.82   -0.07 (VIOLATED)
_3728_/B                                0.75    0.82   -0.07 (VIOLATED)
_3714_/C                                0.75    0.82   -0.07 (VIOLATED)
_3715_/A2                               0.75    0.82   -0.07 (VIOLATED)
_3703_/B                                0.75    0.82   -0.07 (VIOLATED)
_3651_/B                                0.75    0.82   -0.07 (VIOLATED)
_3660_/B1_N                             0.75    0.82   -0.07 (VIOLATED)
_3662_/B                                0.75    0.82   -0.07 (VIOLATED)
_3689_/D                                0.75    0.82   -0.07 (VIOLATED)
_3688_/B1                               0.75    0.82   -0.07 (VIOLATED)
_3675_/D                                0.75    0.82   -0.07 (VIOLATED)
_3674_/B1                               0.75    0.82   -0.07 (VIOLATED)
_3650_/X                                0.75    0.82   -0.07 (VIOLATED)
_4615_/A2                               0.75    0.82   -0.07 (VIOLATED)
_5041_/A2                               0.75    0.82   -0.07 (VIOLATED)
_5043_/A2                               0.75    0.82   -0.07 (VIOLATED)
_5039_/A2                               0.75    0.82   -0.07 (VIOLATED)
_5037_/A2                               0.75    0.82   -0.07 (VIOLATED)
_5179_/A2                               0.75    0.82   -0.07 (VIOLATED)
_5035_/A2                               0.75    0.82   -0.07 (VIOLATED)
_5177_/A2                               0.75    0.82   -0.07 (VIOLATED)
_5033_/A2                               0.75    0.82   -0.07 (VIOLATED)
_4802_/A2                               0.75    0.82   -0.07 (VIOLATED)
_5031_/A2                               0.75    0.82   -0.07 (VIOLATED)
_4805_/A2                               0.75    0.82   -0.07 (VIOLATED)
_4808_/A2                               0.75    0.82   -0.07 (VIOLATED)
_5175_/A2                               0.75    0.82   -0.07 (VIOLATED)
_4811_/A2                               0.75    0.82   -0.07 (VIOLATED)
_4817_/A2                               0.75    0.82   -0.07 (VIOLATED)
_5173_/A2                               0.75    0.82   -0.07 (VIOLATED)
_4814_/A2                               0.75    0.82   -0.07 (VIOLATED)
_4613_/X                                0.75    0.82   -0.07 (VIOLATED)
_3970_/A2                               0.75    0.82   -0.07 (VIOLATED)
_3968_/A2                               0.75    0.82   -0.07 (VIOLATED)
_3966_/A2                               0.75    0.82   -0.07 (VIOLATED)
_3964_/A2                               0.75    0.82   -0.07 (VIOLATED)
_3962_/A2                               0.75    0.82   -0.07 (VIOLATED)
_3956_/A2                               0.75    0.82   -0.07 (VIOLATED)
_3959_/A2                               0.75    0.82   -0.07 (VIOLATED)
_3950_/A2                               0.75    0.82   -0.07 (VIOLATED)
_3947_/A2                               0.75    0.82   -0.07 (VIOLATED)
_3953_/A2                               0.75    0.82   -0.07 (VIOLATED)
_3799_/A2                               0.75    0.82   -0.07 (VIOLATED)
_3801_/A2                               0.75    0.82   -0.07 (VIOLATED)
_3805_/A2                               0.75    0.82   -0.07 (VIOLATED)
_3803_/A2                               0.75    0.82   -0.07 (VIOLATED)
_3807_/A2                               0.75    0.82   -0.07 (VIOLATED)
_3810_/A2                               0.75    0.82   -0.07 (VIOLATED)
_3796_/X                                0.75    0.82   -0.07 (VIOLATED)
_3812_/A2                               0.75    0.82   -0.07 (VIOLATED)
_3814_/A2                               0.75    0.82   -0.07 (VIOLATED)
_4272_/A2                               0.75    0.82   -0.07 (VIOLATED)
_4270_/A2                               0.75    0.82   -0.07 (VIOLATED)
_4110_/A2                               0.75    0.82   -0.07 (VIOLATED)
_4108_/A2                               0.75    0.82   -0.07 (VIOLATED)
_4113_/A2                               0.75    0.82   -0.07 (VIOLATED)
_4115_/A2                               0.75    0.82   -0.07 (VIOLATED)
_4117_/A2                               0.75    0.82   -0.07 (VIOLATED)
_4119_/A2                               0.75    0.82   -0.07 (VIOLATED)
_4121_/A2                               0.75    0.82   -0.07 (VIOLATED)
_4123_/A2                               0.75    0.82   -0.07 (VIOLATED)
_4125_/A2                               0.75    0.82   -0.07 (VIOLATED)
_4127_/A2                               0.75    0.82   -0.07 (VIOLATED)
_4129_/A2                               0.75    0.82   -0.07 (VIOLATED)
_4131_/A2                               0.75    0.82   -0.07 (VIOLATED)
_4133_/A2                               0.75    0.82   -0.07 (VIOLATED)
_3975_/A2                               0.75    0.82   -0.07 (VIOLATED)
_3973_/A2                               0.75    0.82   -0.07 (VIOLATED)
_3977_/A2                               0.75    0.82   -0.07 (VIOLATED)
_3971_/X                                0.75    0.82   -0.07 (VIOLATED)
_3783_/A2                               0.75    0.82   -0.07 (VIOLATED)
_3786_/A2                               0.75    0.82   -0.07 (VIOLATED)
_3789_/A2                               0.75    0.82   -0.07 (VIOLATED)
_3792_/A2                               0.75    0.82   -0.07 (VIOLATED)
_3795_/A2                               0.75    0.82   -0.07 (VIOLATED)
_3616_/A2                               0.75    0.82   -0.07 (VIOLATED)
_3607_/A2                               0.75    0.82   -0.07 (VIOLATED)
_3619_/A2                               0.75    0.82   -0.07 (VIOLATED)
_3610_/A2                               0.75    0.82   -0.07 (VIOLATED)
_3613_/A2                               0.75    0.82   -0.07 (VIOLATED)
_3622_/A2                               0.75    0.82   -0.07 (VIOLATED)
_3624_/A2                               0.75    0.82   -0.07 (VIOLATED)
_3628_/A2                               0.75    0.82   -0.07 (VIOLATED)
_3630_/A2                               0.75    0.82   -0.07 (VIOLATED)
_3626_/A2                               0.75    0.82   -0.07 (VIOLATED)
_3632_/A2                               0.75    0.82   -0.07 (VIOLATED)
_3635_/A2                               0.75    0.82   -0.07 (VIOLATED)
_3637_/A2                               0.75    0.82   -0.07 (VIOLATED)
_3601_/X                                0.75    0.82   -0.07 (VIOLATED)
_5039_/B2                               0.75    0.81   -0.06 (VIOLATED)
_5041_/B2                               0.75    0.81   -0.06 (VIOLATED)
_5043_/B2                               0.75    0.81   -0.06 (VIOLATED)
_5198_/B2                               0.75    0.81   -0.06 (VIOLATED)
_5196_/B2                               0.75    0.81   -0.06 (VIOLATED)
_5194_/B2                               0.75    0.81   -0.06 (VIOLATED)
_5192_/B2                               0.75    0.81   -0.06 (VIOLATED)
_5037_/B2                               0.75    0.81   -0.06 (VIOLATED)
_5190_/B2                               0.75    0.81   -0.06 (VIOLATED)
_5035_/B2                               0.75    0.81   -0.06 (VIOLATED)
_5033_/B2                               0.75    0.81   -0.06 (VIOLATED)
_5031_/B2                               0.75    0.81   -0.06 (VIOLATED)
_5188_/B2                               0.75    0.81   -0.06 (VIOLATED)
_5186_/B2                               0.75    0.81   -0.06 (VIOLATED)
_5400_/B2                               0.75    0.81   -0.06 (VIOLATED)
_5402_/B2                               0.75    0.81   -0.06 (VIOLATED)
_4612_/B2                               0.75    0.81   -0.06 (VIOLATED)
_4615_/B2                               0.75    0.81   -0.06 (VIOLATED)
_4611_/X                                0.75    0.81   -0.06 (VIOLATED)
psum_out1[0]                            0.75    0.81   -0.06 (VIOLATED)
_5572_/B2                               0.75    0.81   -0.06 (VIOLATED)
_5576_/B2                               0.75    0.81   -0.06 (VIOLATED)
_5570_/B2                               0.75    0.81   -0.06 (VIOLATED)
_5574_/B2                               0.75    0.81   -0.06 (VIOLATED)
_5568_/B2                               0.75    0.81   -0.06 (VIOLATED)
_5566_/B2                               0.75    0.81   -0.06 (VIOLATED)
_5731_/B2                               0.75    0.81   -0.06 (VIOLATED)
_5733_/B2                               0.75    0.81   -0.06 (VIOLATED)
_5729_/B2                               0.75    0.81   -0.06 (VIOLATED)
_5727_/B2                               0.75    0.81   -0.06 (VIOLATED)
_5725_/B2                               0.75    0.81   -0.06 (VIOLATED)
_5563_/B2                               0.75    0.81   -0.06 (VIOLATED)
_5722_/B2                               0.75    0.81   -0.06 (VIOLATED)
_5409_/B2                               0.75    0.81   -0.06 (VIOLATED)
_5407_/B2                               0.75    0.81   -0.06 (VIOLATED)
_5413_/B2                               0.75    0.81   -0.06 (VIOLATED)
_5405_/B2                               0.75    0.81   -0.06 (VIOLATED)
_5411_/B2                               0.75    0.81   -0.06 (VIOLATED)
_5404_/X                                0.75    0.81   -0.06 (VIOLATED)
_3458_/X                                0.75    0.81   -0.06 (VIOLATED)
_6318_/B1                               0.75    0.81   -0.06 (VIOLATED)
_6041_/B2                               0.75    0.80   -0.05 (VIOLATED)
_6045_/B2                               0.75    0.80   -0.05 (VIOLATED)
_6043_/B2                               0.75    0.80   -0.05 (VIOLATED)
_5883_/B2                               0.75    0.80   -0.05 (VIOLATED)
_6047_/B2                               0.75    0.80   -0.05 (VIOLATED)
_6049_/B2                               0.75    0.80   -0.05 (VIOLATED)
_5887_/B2                               0.75    0.80   -0.05 (VIOLATED)
_5885_/B2                               0.75    0.80   -0.05 (VIOLATED)
_5891_/B2                               0.75    0.80   -0.05 (VIOLATED)
_5889_/B2                               0.75    0.80   -0.05 (VIOLATED)
_5735_/B2                               0.75    0.80   -0.05 (VIOLATED)
_6053_/B2                               0.75    0.80   -0.05 (VIOLATED)
_6051_/B2                               0.75    0.80   -0.05 (VIOLATED)
_5893_/B2                               0.75    0.80   -0.05 (VIOLATED)
_5896_/B2                               0.75    0.80   -0.05 (VIOLATED)
_3446_/X                                0.75    0.80   -0.05 (VIOLATED)
_3447_/A                                0.75    0.80   -0.05 (VIOLATED)
_3543_/A1                               0.75    0.80   -0.05 (VIOLATED)
_5875_/A2                               0.75    0.80   -0.05 (VIOLATED)
_5871_/A2                               0.75    0.80   -0.05 (VIOLATED)
_5873_/A2                               0.75    0.80   -0.05 (VIOLATED)
_5879_/A2                               0.75    0.80   -0.05 (VIOLATED)
_5881_/A2                               0.75    0.80   -0.05 (VIOLATED)
_5883_/A2                               0.75    0.80   -0.05 (VIOLATED)
_5877_/A2                               0.75    0.80   -0.05 (VIOLATED)
_5885_/A2                               0.75    0.80   -0.05 (VIOLATED)
_5887_/A2                               0.75    0.80   -0.05 (VIOLATED)
_5891_/A2                               0.75    0.80   -0.05 (VIOLATED)
_5889_/A2                               0.75    0.80   -0.05 (VIOLATED)
_5893_/A2                               0.75    0.80   -0.05 (VIOLATED)
_5735_/A2                               0.75    0.80   -0.05 (VIOLATED)
_5731_/A2                               0.75    0.80   -0.05 (VIOLATED)
_5733_/A2                               0.75    0.80   -0.05 (VIOLATED)
_5729_/A2                               0.75    0.80   -0.05 (VIOLATED)
_5727_/A2                               0.75    0.80   -0.05 (VIOLATED)
_5725_/A2                               0.75    0.80   -0.05 (VIOLATED)
_5723_/X                                0.75    0.80   -0.05 (VIOLATED)
_4275_/A2                               0.75    0.80   -0.05 (VIOLATED)
_4277_/A2                               0.75    0.80   -0.05 (VIOLATED)
_4279_/A2                               0.75    0.80   -0.05 (VIOLATED)
_4281_/A2                               0.75    0.80   -0.05 (VIOLATED)
_4283_/A2                               0.75    0.80   -0.05 (VIOLATED)
_4286_/A2                               0.75    0.80   -0.05 (VIOLATED)
_4288_/A2                               0.75    0.80   -0.05 (VIOLATED)
_4425_/A2                               0.75    0.80   -0.05 (VIOLATED)
_4427_/A2                               0.75    0.80   -0.05 (VIOLATED)
_4429_/A2                               0.75    0.80   -0.05 (VIOLATED)
_4290_/A2                               0.75    0.80   -0.05 (VIOLATED)
_4431_/A2                               0.75    0.80   -0.05 (VIOLATED)
_4433_/A2                               0.75    0.80   -0.05 (VIOLATED)
_4435_/A2                               0.75    0.80   -0.05 (VIOLATED)
_4292_/A2                               0.75    0.80   -0.05 (VIOLATED)
_4437_/A2                               0.75    0.80   -0.05 (VIOLATED)
_4294_/A2                               0.75    0.80   -0.05 (VIOLATED)
_4296_/A2                               0.75    0.80   -0.05 (VIOLATED)
_4273_/X                                0.75    0.80   -0.05 (VIOLATED)
_5198_/A2                               0.75    0.79   -0.04 (VIOLATED)
_5196_/A2                               0.75    0.79   -0.04 (VIOLATED)
_5409_/A2                               0.75    0.79   -0.04 (VIOLATED)
_5407_/A2                               0.75    0.79   -0.04 (VIOLATED)
_5194_/A2                               0.75    0.79   -0.04 (VIOLATED)
_5192_/A2                               0.75    0.79   -0.04 (VIOLATED)
_5190_/A2                               0.75    0.79   -0.04 (VIOLATED)
_5413_/A2                               0.75    0.79   -0.04 (VIOLATED)
_5405_/A2                               0.75    0.79   -0.04 (VIOLATED)
_5402_/A2                               0.75    0.79   -0.04 (VIOLATED)
_5188_/A2                               0.75    0.79   -0.04 (VIOLATED)
_5186_/A2                               0.75    0.79   -0.04 (VIOLATED)
_5411_/A2                               0.75    0.79   -0.04 (VIOLATED)
_5184_/A2                               0.75    0.79   -0.04 (VIOLATED)
_5400_/A2                               0.75    0.79   -0.04 (VIOLATED)
_5182_/A2                               0.75    0.79   -0.04 (VIOLATED)
_5180_/X                                0.75    0.79   -0.04 (VIOLATED)
_5550_/A2                               0.75    0.79   -0.04 (VIOLATED)
_5552_/A2                               0.75    0.79   -0.04 (VIOLATED)

max fanout

Pin                                   Limit Fanout  Slack
---------------------------------------------------------
rst_n                                   128    523   -395 (VIOLATED)

max capacitance

Pin                                    Limit     Cap   Slack
------------------------------------------------------------
rst_n                                   0.33    2.29   -1.96 (VIOLATED)
_3667_/X                                0.13    0.17   -0.04 (VIOLATED)
_3698_/X                                0.13    0.16   -0.03 (VIOLATED)
_4748_/X                                0.13    0.15   -0.02 (VIOLATED)
_3514_/X                                0.13    0.14   -0.01 (VIOLATED)
_3593_/X                                0.13    0.14   -0.01 (VIOLATED)
_3478_/X                                0.13    0.13   -0.00 (VIOLATED)



===========================================================================
report_parasitic_annotation -report_unannotated
============================================================================
Found 4262 unannotated drivers.
 clk
 h_in0[0]
 h_in0[1]
 h_in0[2]
 h_in0[3]
 h_in0[4]
 h_in0[5]
 h_in1[0]
 h_in1[1]
 h_in1[2]
 h_in1[3]
 h_in1[4]
 h_in1[5]
 rst_n
 start
 v_in0[0]
 v_in0[1]
 v_in0[2]
 v_in0[3]
 v_in0[4]
 v_in0[5]
 v_in1[0]
 v_in1[1]
 v_in1[2]
 v_in1[3]
 v_in1[4]
 v_in1[5]
 w_in_flat[0]
 w_in_flat[1]
 w_in_flat[2]
 w_in_flat[3]
 w_in_flat[4]
 w_in_flat[5]
 w_in_flat[6]
 w_in_flat[7]
 _3441_/X
 _3442_/X
 _3443_/X
 _3444_/Y
 _3445_/Y
 _3446_/X
 _3447_/X
 _3448_/Y
 _3449_/X
 _3450_/X
 _3451_/Y
 _3452_/X
 _3453_/X
 _3454_/X
 _3455_/Y
 _3456_/X
 _3457_/X
 _3458_/X
 _3459_/X
 _3460_/X
 _3461_/X
 _3462_/X
 _3463_/X
 _3464_/X
 _3465_/X
 _3466_/X
 _3467_/X
 _3468_/X
 _3469_/X
 _3470_/X
 _3471_/X
 _3472_/X
 _3473_/X
 _3474_/X
 _3475_/X
 _3476_/X
 _3477_/X
 _3478_/X
 _3479_/X
 _3480_/X
 _3481_/X
 _3482_/X
 _3483_/X
 _3484_/X
 _3485_/X
 _3486_/X
 _3487_/X
 _3488_/X
 _3489_/X
 _3490_/X
 _3491_/X
 _3492_/X
 _3493_/X
 _3494_/X
 _3495_/X
 _3496_/X
 _3497_/X
 _3498_/X
 _3499_/X
 _3500_/X
 _3501_/X
 _3502_/X
 _3503_/X
 _3504_/X
 _3505_/X
 _3506_/X
 _3507_/X
 _3508_/X
 _3509_/X
 _3510_/X
 _3511_/X
 _3512_/X
 _3513_/X
 _3514_/X
 _3515_/X
 _3516_/X
 _3517_/X
 _3518_/X
 _3519_/X
 _3520_/X
 _3521_/X
 _3522_/X
 _3523_/X
 _3524_/X
 _3525_/X
 _3526_/X
 _3527_/X
 _3528_/X
 _3529_/Y
 _3530_/Y
 _3531_/Y
 _3532_/X
 _3533_/Y
 _3534_/Y
 _3535_/X
 _3536_/Y
 _3537_/Y
 _3538_/X
 _3539_/Y
 _3540_/X
 _3541_/X
 _3542_/X
 _3543_/X
 _3544_/X
 _3545_/Y
 _3546_/Y
 _3547_/X
 _3548_/Y
 _3549_/Y
 _3550_/Y
 _3551_/X
 _3552_/X
 _3553_/X
 _3554_/X
 _3555_/X
 _3556_/X
 _3557_/Y
 _3558_/X
 _3559_/X
 _3560_/X
 _3561_/X
 _3562_/X
 _3563_/X
 _3564_/Y
 _3565_/Y
 _3566_/Y
 _3567_/Y
 _3568_/Y
 _3569_/X
 _3570_/X
 _3571_/X
 _3572_/Y
 _3573_/Y
 _3574_/X
 _3575_/Y
 _3576_/X
 _3577_/X
 _3578_/Y
 _3579_/X
 _3580_/Y
 _3581_/X
 _3582_/Y
 _3583_/X
 _3584_/X
 _3585_/Y
 _3586_/Y
 _3587_/X
 _3588_/Y
 _3589_/X
 _3590_/X
 _3591_/X
 _3592_/X
 _3593_/X
 _3594_/X
 _3595_/X
 _3596_/X
 _3597_/X
 _3598_/Y
 _3599_/X
 _3600_/X
 _3601_/X
 _3602_/X
 _3603_/X
 _3604_/X
 _3605_/X
 _3606_/X
 _3607_/X
 _3608_/X
 _3609_/X
 _3610_/X
 _3611_/X
 _3612_/X
 _3613_/X
 _3614_/X
 _3615_/X
 _3616_/X
 _3617_/X
 _3618_/X
 _3619_/X
 _3620_/X
 _3621_/X
 _3622_/X
 _3623_/X
 _3624_/X
 _3625_/X
 _3626_/X
 _3627_/X
 _3628_/X
 _3629_/X
 _3630_/X
 _3631_/X
 _3632_/X
 _3633_/X
 _3634_/X
 _3635_/X
 _3636_/X
 _3637_/X
 _3638_/X
 _3639_/X
 _3640_/Y
 _3641_/X
 _3642_/X
 _3643_/X
 _3644_/X
 _3645_/Y
 _3646_/X
 _3647_/X
 _3648_/X
 _3649_/Y
 _3650_/X
 _3651_/Y
 _3652_/X
 _3653_/Y
 _3654_/X
 _3655_/Y
 _3656_/X
 _3657_/X
 _3658_/X
 _3659_/X
 _3660_/X
 _3661_/Y
 _3662_/X
 _3663_/Y
 _3664_/Y
 _3665_/X
 _3666_/Y
 _3667_/X
 _3668_/X
 _3669_/X
 _3670_/X
 _3671_/Y
 _3672_/X
 _3673_/Y
 _3674_/X
 _3675_/X
 _3676_/Y
 _3677_/Y
 _3678_/X
 _3679_/X
 _3680_/Y
 _3681_/Y
 _3682_/Y
 _3683_/X
 _3684_/Y
 _3685_/X
 _3686_/Y
 _3687_/Y
 _3688_/X
 _3689_/Y
 _3690_/Y
 _3691_/X
 _3692_/X
 _3693_/X
 _3694_/Y
 _3695_/X
 _3696_/Y
 _3697_/Y
 _3698_/X
 _3699_/X
 _3700_/X
 _3701_/X
 _3702_/Y
 _3703_/X
 _3704_/Y
 _3705_/Y
 _3706_/Y
 _3707_/Y
 _3708_/Y
 _3709_/X
 _3710_/Y
 _3711_/X
 _3712_/X
 _3713_/Y
 _3714_/X
 _3715_/Y
 _3716_/X
 _3717_/X
 _3718_/X
 _3719_/Y
 _3720_/X
 _3721_/X
 _3722_/X
 _3723_/X
 _3724_/Y
 _3725_/X
 _3726_/X
 _3727_/Y
 _3728_/X
 _3729_/X
 _3730_/X
 _3731_/Y
 _3732_/X
 _3733_/X
 _3734_/X
 _3735_/X
 _3736_/Y
 _3737_/X
 _3738_/Y
 _3739_/Y
 _3740_/X
 _3741_/Y
 _3742_/Y
 _3743_/X
 _3744_/Y
 _3745_/X
 _3746_/Y
 _3747_/Y
 _3748_/Y
 _3749_/X
 _3750_/Y
 _3751_/X
 _3752_/Y
 _3753_/X
 _3754_/X
 _3755_/X
 _3756_/X
 _3757_/Y
 _3758_/X
 _3759_/Y
 _3760_/Y
 _3761_/Y
 _3762_/X
 _3763_/Y
 _3764_/X
 _3765_/X
 _3766_/X
 _3767_/X
 _3768_/X
 _3769_/Y
 _3770_/X
 _3771_/X
 _3772_/X
 _3773_/X
 _3774_/Y
 _3775_/Y
 _3776_/X
 _3777_/X
 _3778_/X
 _3779_/X
 _3780_/X
 _3781_/X
 _3782_/X
 _3783_/X
 _3784_/X
 _3785_/X
 _3786_/X
 _3787_/X
 _3788_/X
 _3789_/X
 _3790_/X
 _3791_/X
 _3792_/X
 _3793_/X
 _3794_/X
 _3795_/X
 _3796_/X
 _3797_/X
 _3798_/X
 _3799_/X
 _3800_/X
 _3801_/X
 _3802_/X
 _3803_/X
 _3804_/X
 _3805_/X
 _3806_/X
 _3807_/X
 _3808_/X
 _3809_/X
 _3810_/X
 _3811_/X
 _3812_/X
 _3813_/X
 _3814_/X
 _3815_/X
 _3816_/Y
 _3817_/X
 _3818_/X
 _3819_/Y
 _3820_/X
 _3821_/X
 _3822_/Y
 _3823_/X
 _3824_/Y
 _3825_/X
 _3826_/Y
 _3827_/X
 _3828_/Y
 _3829_/Y
 _3830_/Y
 _3831_/X
 _3832_/Y
 _3833_/X
 _3834_/X
 _3835_/X
 _3836_/Y
 _3837_/X
 _3838_/X
 _3839_/X
 _3840_/Y
 _3841_/Y
 _3842_/Y
 _3843_/X
 _3844_/Y
 _3845_/Y
 _3846_/Y
 _3847_/Y
 _3848_/Y
 _3849_/X
 _3850_/Y
 _3851_/X
 _3852_/Y
 _3853_/Y
 _3854_/X
 _3855_/X
 _3856_/X
 _3857_/Y
 _3858_/X
 _3859_/Y
 _3860_/X
 _3861_/Y
 _3862_/X
 _3863_/Y
 _3864_/X
 _3865_/X
 _3866_/Y
 _3867_/X
 _3868_/Y
 _3869_/X
 _3870_/X
 _3871_/Y
 _3872_/Y
 _3873_/Y
 _3874_/Y
 _3875_/X
 _3876_/X
 _3877_/Y
 _3878_/Y
 _3879_/X
 _3880_/Y
 _3881_/Y
 _3882_/X
 _3883_/Y
 _3884_/X
 _3885_/X
 _3886_/Y
 _3887_/X
 _3888_/Y
 _3889_/Y
 _3890_/Y
 _3891_/Y
 _3892_/X
 _3893_/X
 _3894_/Y
 _3895_/X
 _3896_/Y
 _3897_/X
 _3898_/X
 _3899_/X
 _3900_/X
 _3901_/Y
 _3902_/X
 _3903_/X
 _3904_/Y
 _3905_/X
 _3906_/Y
 _3907_/Y
 _3908_/Y
 _3909_/Y
 _3910_/Y
 _3911_/X
 _3912_/X
 _3913_/Y
 _3914_/X
 _3915_/X
 _3916_/X
 _3917_/Y
 _3918_/X
 _3919_/X
 _3920_/X
 _3921_/X
 _3922_/Y
 _3923_/X
 _3924_/X
 _3925_/X
 _3926_/X
 _3927_/Y
 _3928_/X
 _3929_/X
 _3930_/X
 _3931_/X
 _3932_/X
 _3933_/X
 _3934_/X
 _3935_/X
 _3936_/X
 _3937_/X
 _3938_/Y
 _3939_/Y
 _3940_/X
 _3941_/X
 _3942_/X
 _3943_/X
 _3944_/X
 _3945_/X
 _3946_/X
 _3947_/X
 _3948_/X
 _3949_/X
 _3950_/X
 _3951_/X
 _3952_/X
 _3953_/X
 _3954_/X
 _3955_/X
 _3956_/X
 _3957_/X
 _3958_/X
 _3959_/X
 _3960_/X
 _3961_/X
 _3962_/X
 _3963_/X
 _3964_/X
 _3965_/X
 _3966_/X
 _3967_/X
 _3968_/X
 _3969_/X
 _3970_/X
 _3971_/X
 _3972_/X
 _3973_/X
 _3974_/X
 _3975_/X
 _3976_/X
 _3977_/X
 _3978_/X
 _3979_/Y
 _3980_/X
 _3981_/X
 _3982_/X
 _3983_/Y
 _3984_/X
 _3985_/X
 _3986_/Y
 _3987_/X
 _3988_/Y
 _3989_/X
 _3990_/X
 _3991_/Y
 _3992_/X
 _3993_/Y
 _3994_/Y
 _3995_/Y
 _3996_/X
 _3997_/Y
 _3998_/X
 _3999_/X
 _4000_/X
 _4001_/Y
 _4002_/X
 _4003_/X
 _4004_/X
 _4005_/Y
 _4006_/X
 _4007_/Y
 _4008_/Y
 _4009_/Y
 _4010_/Y
 _4011_/Y
 _4012_/X
 _4013_/Y
 _4014_/X
 _4015_/Y
 _4016_/Y
 _4017_/X
 _4018_/X
 _4019_/X
 _4020_/Y
 _4021_/X
 _4022_/X
 _4023_/Y
 _4024_/X
 _4025_/X
 _4026_/Y
 _4027_/X
 _4028_/X
 _4029_/Y
 _4030_/X
 _4031_/Y
 _4032_/X
 _4033_/X
 _4034_/Y
 _4035_/Y
 _4036_/Y
 _4037_/Y
 _4038_/X
 _4039_/Y
 _4040_/X
 _4041_/Y
 _4042_/Y
 _4043_/Y
 _4044_/X
 _4045_/Y
 _4046_/Y
 _4047_/Y
 _4048_/X
 _4049_/Y
 _4050_/Y
 _4051_/Y
 _4052_/X
 _4053_/X
 _4054_/X
 _4055_/X
 _4056_/X
 _4057_/Y
 _4058_/X
 _4059_/X
 _4060_/X
 _4061_/X
 _4062_/Y
 _4063_/X
 _4064_/X
 _4065_/Y
 _4066_/X
 _4067_/Y
 _4068_/X
 _4069_/X
 _4070_/Y
 _4071_/X
 _4072_/X
 _4073_/X
 _4074_/Y
 _4075_/Y
 _4076_/X
 _4077_/Y
 _4078_/X
 _4079_/X
 _4080_/X
 _4081_/Y
 _4082_/Y
 _4083_/X
 _4084_/Y
 _4085_/X
 _4086_/X
 _4087_/Y
 _4088_/X
 _4089_/X
 _4090_/X
 _4091_/X
 _4092_/X
 _4093_/X
 _4094_/Y
 _4095_/Y
 _4096_/X
 _4097_/X
 _4098_/X
 _4099_/Y
 _4100_/X
 _4101_/Y
 _4102_/X
 _4103_/X
 _4104_/X
 _4105_/X
 _4106_/X
 _4107_/X
 _4108_/X
 _4109_/X
 _4110_/X
 _4111_/X
 _4112_/X
 _4113_/X
 _4114_/X
 _4115_/X
 _4116_/X
 _4117_/X
 _4118_/X
 _4119_/X
 _4120_/X
 _4121_/X
 _4122_/X
 _4123_/X
 _4124_/X
 _4125_/X
 _4126_/X
 _4127_/X
 _4128_/X
 _4129_/X
 _4130_/X
 _4131_/X
 _4132_/X
 _4133_/X
 _4134_/X
 _4135_/X
 _4136_/Y
 _4137_/X
 _4138_/X
 _4139_/Y
 _4140_/X
 _4141_/Y
 _4142_/X
 _4143_/Y
 _4144_/X
 _4145_/Y
 _4146_/X
 _4147_/X
 _4148_/X
 _4149_/X
 _4150_/Y
 _4151_/X
 _4152_/Y
 _4153_/Y
 _4154_/X
 _4155_/Y
 _4156_/X
 _4157_/X
 _4158_/Y
 _4159_/X
 _4160_/Y
 _4161_/X
 _4162_/X
 _4163_/Y
 _4164_/Y
 _4165_/X
 _4166_/X
 _4167_/Y
 _4168_/Y
 _4169_/Y
 _4170_/X
 _4171_/Y
 _4172_/X
 _4173_/Y
 _4174_/Y
 _4175_/X
 _4176_/Y
 _4177_/Y
 _4178_/X
 _4179_/X
 _4180_/X
 _4181_/Y
 _4182_/X
 _4183_/Y
 _4184_/X
 _4185_/X
 _4186_/Y
 _4187_/X
 _4188_/Y
 _4189_/Y
 _4190_/Y
 _4191_/Y
 _4192_/Y
 _4193_/X
 _4194_/Y
 _4195_/X
 _4196_/X
 _4197_/X
 _4198_/X
 _4199_/Y
 _4200_/X
 _4201_/Y
 _4202_/X
 _4203_/X
 _4204_/Y
 _4205_/Y
 _4206_/X
 _4207_/X
 _4208_/X
 _4209_/X
 _4210_/Y
 _4211_/X
 _4212_/X
 _4213_/X
 _4214_/Y
 _4215_/X
 _4216_/X
 _4217_/Y
 _4218_/Y
 _4219_/X
 _4220_/Y
 _4221_/X
 _4222_/Y
 _4223_/Y
 _4224_/X
 _4225_/Y
 _4226_/X
 _4227_/X
 _4228_/X
 _4229_/Y
 _4230_/X
 _4231_/X
 _4232_/X
 _4233_/Y
 _4234_/Y
 _4235_/X
 _4236_/Y
 _4237_/X
 _4238_/X
 _4239_/X
 _4240_/Y
 _4241_/Y
 _4242_/X
 _4243_/Y
 _4244_/X
 _4245_/Y
 _4246_/Y
 _4247_/X
 _4248_/X
 _4249_/X
 _4250_/Y
 _4251_/Y
 _4252_/X
 _4253_/X
 _4254_/X
 _4255_/X
 _4256_/Y
 _4257_/Y
 _4258_/X
 _4259_/X
 _4260_/X
 _4261_/Y
 _4262_/X
 _4263_/Y
 _4264_/X
 _4265_/X
 _4266_/X
 _4267_/X
 _4268_/X
 _4269_/X
 _4270_/X
 _4271_/X
 _4272_/X
 _4273_/X
 _4274_/X
 _4275_/X
 _4276_/X
 _4277_/X
 _4278_/X
 _4279_/X
 _4280_/X
 _4281_/X
 _4282_/X
 _4283_/X
 _4284_/X
 _4285_/X
 _4286_/X
 _4287_/X
 _4288_/X
 _4289_/X
 _4290_/X
 _4291_/X
 _4292_/X
 _4293_/X
 _4294_/X
 _4295_/X
 _4296_/X
 _4297_/X
 _4298_/Y
 _4299_/X
 _4300_/X
 _4301_/Y
 _4302_/X
 _4303_/X
 _4304_/Y
 _4305_/X
 _4306_/Y
 _4307_/X
 _4308_/Y
 _4309_/X
 _4310_/Y
 _4311_/Y
 _4312_/Y
 _4313_/X
 _4314_/Y
 _4315_/X
 _4316_/X
 _4317_/X
 _4318_/Y
 _4319_/X
 _4320_/X
 _4321_/X
 _4322_/Y
 _4323_/X
 _4324_/Y
 _4325_/Y
 _4326_/Y
 _4327_/Y
 _4328_/Y
 _4329_/X
 _4330_/Y
 _4331_/X
 _4332_/Y
 _4333_/Y
 _4334_/X
 _4335_/X
 _4336_/X
 _4337_/Y
 _4338_/X
 _4339_/X
 _4340_/Y
 _4341_/X
 _4342_/X
 _4343_/Y
 _4344_/X
 _4345_/X
 _4346_/Y
 _4347_/X
 _4348_/Y
 _4349_/X
 _4350_/X
 _4351_/Y
 _4352_/Y
 _4353_/Y
 _4354_/Y
 _4355_/X
 _4356_/Y
 _4357_/X
 _4358_/Y
 _4359_/Y
 _4360_/Y
 _4361_/X
 _4362_/Y
 _4363_/Y
 _4364_/Y
 _4365_/X
 _4366_/Y
 _4367_/Y
 _4368_/Y
 _4369_/X
 _4370_/X
 _4371_/X
 _4372_/X
 _4373_/X
 _4374_/Y
 _4375_/X
 _4376_/X
 _4377_/X
 _4378_/X
 _4379_/Y
 _4380_/X
 _4381_/X
 _4382_/Y
 _4383_/X
 _4384_/Y
 _4385_/X
 _4386_/X
 _4387_/Y
 _4388_/X
 _4389_/X
 _4390_/X
 _4391_/Y
 _4392_/Y
 _4393_/X
 _4394_/Y
 _4395_/X
 _4396_/X
 _4397_/X
 _4398_/Y
 _4399_/Y
 _4400_/X
 _4401_/Y
 _4402_/X
 _4403_/X
 _4404_/Y
 _4405_/X
 _4406_/X
 _4407_/X
 _4408_/X
 _4409_/X
 _4410_/X
 _4411_/Y
 _4412_/Y
 _4413_/X
 _4414_/X
 _4415_/X
 _4416_/Y
 _4417_/X
 _4418_/Y
 _4419_/X
 _4420_/X
 _4421_/X
 _4422_/X
 _4423_/X
 _4424_/X
 _4425_/X
 _4426_/X
 _4427_/X
 _4428_/X
 _4429_/X
 _4430_/X
 _4431_/X
 _4432_/X
 _4433_/X
 _4434_/X
 _4435_/X
 _4436_/X
 _4437_/X
 _4438_/X
 _4439_/X
 _4440_/X
 _4441_/X
 _4442_/X
 _4443_/X
 _4444_/X
 _4445_/X
 _4446_/X
 _4447_/X
 _4448_/X
 _4449_/X
 _4450_/X
 _4451_/X
 _4452_/X
 _4453_/Y
 _4454_/X
 _4455_/X
 _4456_/Y
 _4457_/X
 _4458_/Y
 _4459_/X
 _4460_/Y
 _4461_/X
 _4462_/Y
 _4463_/X
 _4464_/X
 _4465_/X
 _4466_/X
 _4467_/X
 _4468_/Y
 _4469_/Y
 _4470_/Y
 _4471_/X
 _4472_/Y
 _4473_/X
 _4474_/X
 _4475_/Y
 _4476_/X
 _4477_/Y
 _4478_/X
 _4479_/X
 _4480_/Y
 _4481_/Y
 _4482_/X
 _4483_/X
 _4484_/Y
 _4485_/Y
 _4486_/Y
 _4487_/X
 _4488_/X
 _4489_/X
 _4490_/Y
 _4491_/Y
 _4492_/X
 _4493_/Y
 _4494_/Y
 _4495_/X
 _4496_/X
 _4497_/X
 _4498_/Y
 _4499_/X
 _4500_/Y
 _4501_/X
 _4502_/X
 _4503_/X
 _4504_/Y
 _4505_/Y
 _4506_/Y
 _4507_/Y
 _4508_/Y
 _4509_/Y
 _4510_/X
 _4511_/Y
 _4512_/X
 _4513_/X
 _4514_/X
 _4515_/X
 _4516_/Y
 _4517_/X
 _4518_/Y
 _4519_/X
 _4520_/X
 _4521_/X
 _4522_/Y
 _4523_/X
 _4524_/X
 _4525_/X
 _4526_/X
 _4527_/Y
 _4528_/X
 _4529_/X
 _4530_/X
 _4531_/Y
 _4532_/X
 _4533_/X
 _4534_/Y
 _4535_/Y
 _4536_/X
 _4537_/Y
 _4538_/X
 _4539_/Y
 _4540_/Y
 _4541_/X
 _4542_/Y
 _4543_/X
 _4544_/X
 _4545_/X
 _4546_/Y
 _4547_/X
 _4548_/X
 _4549_/X
 _4550_/Y
 _4551_/Y
 _4552_/X
 _4553_/Y
 _4554_/X
 _4555_/X
 _4556_/X
 _4557_/Y
 _4558_/Y
 _4559_/X
 _4560_/Y
 _4561_/X
 _4562_/Y
 _4563_/Y
 _4564_/X
 _4565_/X
 _4566_/X
 _4567_/Y
 _4568_/Y
 _4569_/X
 _4570_/X
 _4571_/X
 _4572_/X
 _4573_/Y
 _4574_/Y
 _4575_/X
 _4576_/X
 _4577_/X
 _4578_/Y
 _4579_/X
 _4580_/Y
 _4581_/X
 _4582_/X
 _4583_/X
 _4584_/X
 _4585_/X
 _4586_/X
 _4587_/X
 _4588_/X
 _4589_/X
 _4590_/X
 _4591_/X
 _4592_/X
 _4593_/X
 _4594_/X
 _4595_/X
 _4596_/X
 _4597_/X
 _4598_/X
 _4599_/X
 _4600_/X
 _4601_/X
 _4602_/X
 _4603_/X
 _4604_/X
 _4605_/X
 _4606_/X
 _4607_/X
 _4608_/X
 _4609_/X
 _4610_/X
 _4611_/X
 _4612_/X
 _4613_/X
 _4614_/X
 _4615_/X
 _4616_/X
 _4617_/X
 _4618_/Y
 _4619_/X
 _4620_/Y
 _4621_/X
 _4622_/Y
 _4623_/X
 _4624_/Y
 _4625_/X
 _4626_/Y
 _4627_/X
 _4628_/X
 _4629_/X
 _4630_/X
 _4631_/X
 _4632_/Y
 _4633_/Y
 _4634_/Y
 _4635_/X
 _4636_/Y
 _4637_/X
 _4638_/X
 _4639_/Y
 _4640_/X
 _4641_/Y
 _4642_/X
 _4643_/X
 _4644_/Y
 _4645_/Y
 _4646_/X
 _4647_/X
 _4648_/Y
 _4649_/Y
 _4650_/Y
 _4651_/X
 _4652_/X
 _4653_/X
 _4654_/Y
 _4655_/Y
 _4656_/X
 _4657_/Y
 _4658_/Y
 _4659_/X
 _4660_/X
 _4661_/X
 _4662_/Y
 _4663_/X
 _4664_/Y
 _4665_/X
 _4666_/X
 _4667_/X
 _4668_/X
 _4669_/Y
 _4670_/Y
 _4671_/Y
 _4672_/Y
 _4673_/Y
 _4674_/Y
 _4675_/X
 _4676_/Y
 _4677_/X
 _4678_/X
 _4679_/X
 _4680_/X
 _4681_/X
 _4682_/Y
 _4683_/X
 _4684_/Y
 _4685_/X
 _4686_/X
 _4687_/X
 _4688_/Y
 _4689_/X
 _4690_/X
 _4691_/X
 _4692_/X
 _4693_/Y
 _4694_/X
 _4695_/X
 _4696_/X
 _4697_/Y
 _4698_/X
 _4699_/X
 _4700_/Y
 _4701_/Y
 _4702_/X
 _4703_/Y
 _4704_/X
 _4705_/Y
 _4706_/Y
 _4707_/X
 _4708_/Y
 _4709_/X
 _4710_/X
 _4711_/X
 _4712_/Y
 _4713_/X
 _4714_/X
 _4715_/X
 _4716_/Y
 _4717_/Y
 _4718_/X
 _4719_/Y
 _4720_/X
 _4721_/X
 _4722_/X
 _4723_/Y
 _4724_/Y
 _4725_/X
 _4726_/Y
 _4727_/X
 _4728_/Y
 _4729_/Y
 _4730_/X
 _4731_/X
 _4732_/X
 _4733_/Y
 _4734_/Y
 _4735_/X
 _4736_/X
 _4737_/X
 _4738_/X
 _4739_/Y
 _4740_/Y
 _4741_/X
 _4742_/X
 _4743_/X
 _4744_/Y
 _4745_/X
 _4746_/Y
 _4747_/X
 _4748_/X
 _4749_/X
 _4750_/Y
 _4751_/X
 _4752_/Y
 _4753_/X
 _4754_/Y
 _4755_/X
 _4756_/X
 _4757_/X
 _4758_/X
 _4759_/X
 _4760_/X
 _4761_/X
 _4762_/X
 _4763_/X
 _4764_/X
 _4765_/X
 _4766_/X
 _4767_/X
 _4768_/X
 _4769_/X
 _4770_/X
 _4771_/X
 _4772_/X
 _4773_/X
 _4774_/X
 _4775_/X
 _4776_/X
 _4777_/X
 _4778_/X
 _4779_/X
 _4780_/X
 _4781_/X
 _4782_/X
 _4783_/X
 _4784_/X
 _4785_/X
 _4786_/X
 _4787_/X
 _4788_/X
 _4789_/X
 _4790_/X
 _4791_/X
 _4792_/X
 _4793_/X
 _4794_/X
 _4795_/X
 _4796_/X
 _4797_/X
 _4798_/X
 _4799_/X
 _4800_/X
 _4801_/X
 _4802_/X
 _4803_/X
 _4804_/X
 _4805_/X
 _4806_/X
 _4807_/X
 _4808_/X
 _4809_/X
 _4810_/X
 _4811_/X
 _4812_/X
 _4813_/X
 _4814_/X
 _4815_/X
 _4816_/X
 _4817_/X
 _4818_/X
 _4819_/X
 _4820_/X
 _4821_/X
 _4822_/X
 _4823_/X
 _4824_/X
 _4825_/X
 _4826_/X
 _4827_/X
 _4828_/X
 _4829_/X
 _4830_/X
 _4831_/X
 _4832_/X
 _4833_/X
 _4834_/Y
 _4835_/X
 _4836_/Y
 _4837_/X
 _4838_/Y
 _4839_/X
 _4840_/Y
 _4841_/X
 _4842_/Y
 _4843_/X
 _4844_/X
 _4845_/X
 _4846_/X
 _4847_/X
 _4848_/Y
 _4849_/Y
 _4850_/Y
 _4851_/X
 _4852_/Y
 _4853_/X
 _4854_/X
 _4855_/Y
 _4856_/X
 _4857_/Y
 _4858_/X
 _4859_/X
 _4860_/Y
 _4861_/Y
 _4862_/X
 _4863_/X
 _4864_/Y
 _4865_/Y
 _4866_/Y
 _4867_/X
 _4868_/X
 _4869_/X
 _4870_/Y
 _4871_/Y
 _4872_/X
 _4873_/Y
 _4874_/Y
 _4875_/X
 _4876_/X
 _4877_/X
 _4878_/Y
 _4879_/X
 _4880_/Y
 _4881_/X
 _4882_/X
 _4883_/X
 _4884_/Y
 _4885_/Y
 _4886_/Y
 _4887_/Y
 _4888_/Y
 _4889_/Y
 _4890_/X
 _4891_/Y
 _4892_/X
 _4893_/X
 _4894_/Y
 _4895_/X
 _4896_/Y
 _4897_/X
 _4898_/X
 _4899_/X
 _4900_/Y
 _4901_/X
 _4902_/X
 _4903_/X
 _4904_/X
 _4905_/Y
 _4906_/X
 _4907_/X
 _4908_/Y
 _4909_/X
 _4910_/X
 _4911_/X
 _4912_/Y
 _4913_/X
 _4914_/X
 _4915_/X
 _4916_/X
 _4917_/Y
 _4918_/X
 _4919_/Y
 _4920_/Y
 _4921_/X
 _4922_/Y
 _4923_/Y
 _4924_/X
 _4925_/Y
 _4926_/X
 _4927_/Y
 _4928_/Y
 _4929_/Y
 _4930_/X
 _4931_/Y
 _4932_/X
 _4933_/Y
 _4934_/X
 _4935_/X
 _4936_/X
 _4937_/X
 _4938_/Y
 _4939_/X
 _4940_/Y
 _4941_/Y
 _4942_/Y
 _4943_/X
 _4944_/Y
 _4945_/X
 _4946_/X
 _4947_/X
 _4948_/X
 _4949_/X
 _4950_/Y
 _4951_/X
 _4952_/X
 _4953_/X
 _4954_/X
 _4955_/Y
 _4956_/Y
 _4957_/X
 _4958_/X
 _4959_/X
 _4960_/X
 _4961_/X
 _4962_/Y
 _4963_/X
 _4964_/Y
 _4965_/X
 _4966_/X
 _4967_/X
 _4968_/X
 _4969_/X
 _4970_/X
 _4971_/X
 _4972_/Y
 _4973_/X
 _4974_/X
 _4975_/X
 _4976_/X
 _4977_/Y
 _4978_/X
 _4979_/X
 _4980_/X
 _4981_/X
 _4982_/X
 _4983_/X
 _4984_/X
 _4985_/X
 _4986_/X
 _4987_/X
 _4988_/X
 _4989_/X
 _4990_/X
 _4991_/X
 _4992_/X
 _4993_/X
 _4994_/X
 _4995_/X
 _4996_/X
 _4997_/X
 _4998_/X
 _4999_/X
 _5000_/X
 _5001_/X
 _5002_/X
 _5003_/X
 _5004_/X
 _5005_/X
 _5006_/X
 _5007_/X
 _5008_/X
 _5009_/X
 _5010_/X
 _5011_/X
 _5012_/X
 _5013_/X
 _5014_/X
 _5015_/X
 _5016_/X
 _5017_/X
 _5018_/X
 _5019_/X
 _5020_/X
 _5021_/X
 _5022_/X
 _5023_/X
 _5024_/X
 _5025_/X
 _5026_/X
 _5027_/X
 _5028_/X
 _5029_/X
 _5030_/X
 _5031_/X
 _5032_/X
 _5033_/X
 _5034_/X
 _5035_/X
 _5036_/X
 _5037_/X
 _5038_/X
 _5039_/X
 _5040_/X
 _5041_/X
 _5042_/X
 _5043_/X
 _5044_/X
 _5045_/Y
 _5046_/X
 _5047_/X
 _5048_/Y
 _5049_/X
 _5050_/X
 _5051_/Y
 _5052_/X
 _5053_/Y
 _5054_/X
 _5055_/Y
 _5056_/X
 _5057_/Y
 _5058_/Y
 _5059_/Y
 _5060_/X
 _5061_/Y
 _5062_/X
 _5063_/X
 _5064_/X
 _5065_/Y
 _5066_/X
 _5067_/X
 _5068_/X
 _5069_/Y
 _5070_/X
 _5071_/Y
 _5072_/Y
 _5073_/Y
 _5074_/Y
 _5075_/Y
 _5076_/X
 _5077_/Y
 _5078_/X
 _5079_/Y
 _5080_/Y
 _5081_/X
 _5082_/X
 _5083_/X
 _5084_/Y
 _5085_/X
 _5086_/X
 _5087_/Y
 _5088_/X
 _5089_/X
 _5090_/Y
 _5091_/X
 _5092_/X
 _5093_/X
 _5094_/Y
 _5095_/X
 _5096_/Y
 _5097_/X
 _5098_/X
 _5099_/Y
 _5100_/Y
 _5101_/Y
 _5102_/Y
 _5103_/X
 _5104_/Y
 _5105_/X
 _5106_/Y
 _5107_/Y
 _5108_/Y
 _5109_/X
 _5110_/Y
 _5111_/Y
 _5112_/Y
 _5113_/X
 _5114_/Y
 _5115_/Y
 _5116_/Y
 _5117_/X
 _5118_/X
 _5119_/X
 _5120_/X
 _5121_/X
 _5122_/Y
 _5123_/X
 _5124_/X
 _5125_/X
 _5126_/X
 _5127_/Y
 _5128_/X
 _5129_/X
 _5130_/Y
 _5131_/X
 _5132_/Y
 _5133_/X
 _5134_/X
 _5135_/Y
 _5136_/X
 _5137_/X
 _5138_/X
 _5139_/Y
 _5140_/Y
 _5141_/X
 _5142_/Y
 _5143_/X
 _5144_/X
 _5145_/X
 _5146_/Y
 _5147_/Y
 _5148_/X
 _5149_/Y
 _5150_/X
 _5151_/X
 _5152_/Y
 _5153_/X
 _5154_/X
 _5155_/X
 _5156_/X
 _5157_/X
 _5158_/X
 _5159_/Y
 _5160_/Y
 _5161_/X
 _5162_/X
 _5163_/X
 _5164_/Y
 _5165_/X
 _5166_/Y
 _5167_/X
 _5168_/X
 _5169_/X
 _5170_/X
 _5171_/X
 _5172_/X
 _5173_/X
 _5174_/X
 _5175_/X
 _5176_/X
 _5177_/X
 _5178_/X
 _5179_/X
 _5180_/X
 _5181_/X
 _5182_/X
 _5183_/X
 _5184_/X
 _5185_/X
 _5186_/X
 _5187_/X
 _5188_/X
 _5189_/X
 _5190_/X
 _5191_/X
 _5192_/X
 _5193_/X
 _5194_/X
 _5195_/X
 _5196_/X
 _5197_/X
 _5198_/X
 _5199_/X
 _5200_/X
 _5201_/Y
 _5202_/X
 _5203_/Y
 _5204_/X
 _5205_/Y
 _5206_/X
 _5207_/Y
 _5208_/X
 _5209_/Y
 _5210_/X
 _5211_/X
 _5212_/X
 _5213_/X
 _5214_/X
 _5215_/Y
 _5216_/Y
 _5217_/Y
 _5218_/X
 _5219_/Y
 _5220_/X
 _5221_/X
 _5222_/X
 _5223_/Y
 _5224_/X
 _5225_/Y
 _5226_/X
 _5227_/X
 _5228_/Y
 _5229_/Y
 _5230_/X
 _5231_/X
 _5232_/Y
 _5233_/Y
 _5234_/Y
 _5235_/X
 _5236_/X
 _5237_/X
 _5238_/Y
 _5239_/Y
 _5240_/X
 _5241_/Y
 _5242_/Y
 _5243_/X
 _5244_/X
 _5245_/X
 _5246_/Y
 _5247_/X
 _5248_/Y
 _5249_/X
 _5250_/X
 _5251_/X
 _5252_/Y
 _5253_/Y
 _5254_/Y
 _5255_/Y
 _5256_/Y
 _5257_/Y
 _5258_/X
 _5259_/Y
 _5260_/X
 _5261_/X
 _5262_/Y
 _5263_/X
 _5264_/Y
 _5265_/X
 _5266_/X
 _5267_/X
 _5268_/Y
 _5269_/X
 _5270_/X
 _5271_/X
 _5272_/X
 _5273_/Y
 _5274_/X
 _5275_/X
 _5276_/Y
 _5277_/X
 _5278_/X
 _5279_/X
 _5280_/Y
 _5281_/X
 _5282_/X
 _5283_/X
 _5284_/X
 _5285_/Y
 _5286_/X
 _5287_/Y
 _5288_/Y
 _5289_/X
 _5290_/Y
 _5291_/Y
 _5292_/X
 _5293_/Y
 _5294_/X
 _5295_/Y
 _5296_/Y
 _5297_/Y
 _5298_/X
 _5299_/Y
 _5300_/X
 _5301_/Y
 _5302_/X
 _5303_/X
 _5304_/X
 _5305_/X
 _5306_/Y
 _5307_/X
 _5308_/Y
 _5309_/Y
 _5310_/Y
 _5311_/X
 _5312_/Y
 _5313_/X
 _5314_/X
 _5315_/X
 _5316_/X
 _5317_/X
 _5318_/X
 _5319_/Y
 _5320_/X
 _5321_/X
 _5322_/X
 _5323_/X
 _5324_/Y
 _5325_/Y
 _5326_/X
 _5327_/X
 _5328_/X
 _5329_/X
 _5330_/X
 _5331_/Y
 _5332_/X
 _5333_/Y
 _5334_/X
 _5335_/X
 _5336_/X
 _5337_/Y
 _5338_/X
 _5339_/X
 _5340_/X
 _5341_/X
 _5342_/X
 _5343_/X
 _5344_/X
 _5345_/X
 _5346_/Y
 _5347_/X
 _5348_/X
 _5349_/X
 _5350_/X
 _5351_/X
 _5352_/X
 _5353_/X
 _5354_/X
 _5355_/X
 _5356_/X
 _5357_/X
 _5358_/X
 _5359_/X
 _5360_/X
 _5361_/X
 _5362_/X
 _5363_/X
 _5364_/X
 _5365_/X
 _5366_/X
 _5367_/X
 _5368_/X
 _5369_/X
 _5370_/X
 _5371_/X
 _5372_/X
 _5373_/X
 _5374_/X
 _5375_/X
 _5376_/X
 _5377_/X
 _5378_/X
 _5379_/X
 _5380_/X
 _5381_/X
 _5382_/X
 _5383_/X
 _5384_/X
 _5385_/X
 _5386_/X
 _5387_/X
 _5388_/X
 _5389_/X
 _5390_/X
 _5391_/X
 _5392_/X
 _5393_/X
 _5394_/X
 _5395_/X
 _5396_/X
 _5397_/X
 _5398_/X
 _5399_/X
 _5400_/X
 _5401_/X
 _5402_/X
 _5403_/X
 _5404_/X
 _5405_/X
 _5406_/X
 _5407_/X
 _5408_/X
 _5409_/X
 _5410_/X
 _5411_/X
 _5412_/X
 _5413_/X
 _5414_/X
 _5415_/X
 _5416_/Y
 _5417_/X
 _5418_/Y
 _5419_/X
 _5420_/Y
 _5421_/X
 _5422_/Y
 _5423_/X
 _5424_/Y
 _5425_/X
 _5426_/X
 _5427_/X
 _5428_/X
 _5429_/X
 _5430_/Y
 _5431_/Y
 _5432_/Y
 _5433_/X
 _5434_/Y
 _5435_/X
 _5436_/X
 _5437_/Y
 _5438_/X
 _5439_/Y
 _5440_/X
 _5441_/X
 _5442_/Y
 _5443_/Y
 _5444_/X
 _5445_/X
 _5446_/Y
 _5447_/Y
 _5448_/Y
 _5449_/X
 _5450_/X
 _5451_/X
 _5452_/Y
 _5453_/Y
 _5454_/X
 _5455_/Y
 _5456_/Y
 _5457_/X
 _5458_/X
 _5459_/X
 _5460_/Y
 _5461_/X
 _5462_/Y
 _5463_/X
 _5464_/X
 _5465_/X
 _5466_/X
 _5467_/Y
 _5468_/Y
 _5469_/Y
 _5470_/Y
 _5471_/Y
 _5472_/Y
 _5473_/X
 _5474_/Y
 _5475_/X
 _5476_/X
 _5477_/X
 _5478_/X
 _5479_/Y
 _5480_/X
 _5481_/Y
 _5482_/X
 _5483_/X
 _5484_/X
 _5485_/Y
 _5486_/X
 _5487_/X
 _5488_/X
 _5489_/X
 _5490_/Y
 _5491_/X
 _5492_/X
 _5493_/X
 _5494_/Y
 _5495_/X
 _5496_/X
 _5497_/Y
 _5498_/Y
 _5499_/X
 _5500_/Y
 _5501_/X
 _5502_/Y
 _5503_/Y
 _5504_/X
 _5505_/Y
 _5506_/X
 _5507_/X
 _5508_/X
 _5509_/Y
 _5510_/X
 _5511_/X
 _5512_/X
 _5513_/Y
 _5514_/Y
 _5515_/X
 _5516_/Y
 _5517_/X
 _5518_/X
 _5519_/X
 _5520_/Y
 _5521_/Y
 _5522_/X
 _5523_/Y
 _5524_/X
 _5525_/Y
 _5526_/Y
 _5527_/X
 _5528_/X
 _5529_/X
 _5530_/Y
 _5531_/Y
 _5532_/X
 _5533_/X
 _5534_/X
 _5535_/X
 _5536_/Y
 _5537_/Y
 _5538_/X
 _5539_/X
 _5540_/X
 _5541_/Y
 _5542_/X
 _5543_/Y
 _5544_/X
 _5545_/X
 _5546_/X
 _5547_/X
 _5548_/X
 _5549_/X
 _5550_/X
 _5551_/X
 _5552_/X
 _5553_/X
 _5554_/X
 _5555_/X
 _5556_/X
 _5557_/X
 _5558_/X
 _5559_/X
 _5560_/X
 _5561_/X
 _5562_/X
 _5563_/X
 _5564_/X
 _5565_/X
 _5566_/X
 _5567_/X
 _5568_/X
 _5569_/X
 _5570_/X
 _5571_/X
 _5572_/X
 _5573_/X
 _5574_/X
 _5575_/X
 _5576_/X
 _5577_/X
 _5578_/Y
 _5579_/X
 _5580_/X
 _5581_/Y
 _5582_/X
 _5583_/X
 _5584_/Y
 _5585_/X
 _5586_/Y
 _5587_/X
 _5588_/Y
 _5589_/X
 _5590_/Y
 _5591_/Y
 _5592_/Y
 _5593_/X
 _5594_/Y
 _5595_/X
 _5596_/X
 _5597_/X
 _5598_/Y
 _5599_/X
 _5600_/X
 _5601_/X
 _5602_/Y
 _5603_/Y
 _5604_/Y
 _5605_/X
 _5606_/Y
 _5607_/Y
 _5608_/Y
 _5609_/Y
 _5610_/Y
 _5611_/X
 _5612_/Y
 _5613_/X
 _5614_/Y
 _5615_/Y
 _5616_/X
 _5617_/X
 _5618_/X
 _5619_/Y
 _5620_/X
 _5621_/Y
 _5622_/X
 _5623_/Y
 _5624_/X
 _5625_/Y
 _5626_/X
 _5627_/X
 _5628_/Y
 _5629_/X
 _5630_/Y
 _5631_/X
 _5632_/X
 _5633_/Y
 _5634_/Y
 _5635_/Y
 _5636_/Y
 _5637_/X
 _5638_/X
 _5639_/Y
 _5640_/Y
 _5641_/X
 _5642_/Y
 _5643_/Y
 _5644_/X
 _5645_/Y
 _5646_/X
 _5647_/X
 _5648_/Y
 _5649_/X
 _5650_/Y
 _5651_/Y
 _5652_/Y
 _5653_/Y
 _5654_/X
 _5655_/X
 _5656_/Y
 _5657_/X
 _5658_/Y
 _5659_/X
 _5660_/X
 _5661_/X
 _5662_/X
 _5663_/Y
 _5664_/X
 _5665_/X
 _5666_/Y
 _5667_/X
 _5668_/Y
 _5669_/Y
 _5670_/Y
 _5671_/Y
 _5672_/Y
 _5673_/X
 _5674_/X
 _5675_/Y
 _5676_/X
 _5677_/X
 _5678_/X
 _5679_/Y
 _5680_/X
 _5681_/X
 _5682_/X
 _5683_/X
 _5684_/X
 _5685_/Y
 _5686_/X
 _5687_/X
 _5688_/X
 _5689_/X
 _5690_/Y
 _5691_/X
 _5692_/X
 _5693_/X
 _5694_/X
 _5695_/X
 _5696_/X
 _5697_/X
 _5698_/X
 _5699_/X
 _5700_/X
 _5701_/Y
 _5702_/Y
 _5703_/X
 _5704_/X
 _5705_/X
 _5706_/X
 _5707_/X
 _5708_/X
 _5709_/X
 _5710_/X
 _5711_/X
 _5712_/X
 _5713_/X
 _5714_/X
 _5715_/X
 _5716_/X
 _5717_/X
 _5718_/X
 _5719_/X
 _5720_/X
 _5721_/X
 _5722_/X
 _5723_/X
 _5724_/X
 _5725_/X
 _5726_/X
 _5727_/X
 _5728_/X
 _5729_/X
 _5730_/X
 _5731_/X
 _5732_/X
 _5733_/X
 _5734_/X
 _5735_/X
 _5736_/X
 _5737_/X
 _5738_/Y
 _5739_/X
 _5740_/Y
 _5741_/X
 _5742_/Y
 _5743_/X
 _5744_/Y
 _5745_/X
 _5746_/Y
 _5747_/X
 _5748_/X
 _5749_/X
 _5750_/X
 _5751_/X
 _5752_/Y
 _5753_/Y
 _5754_/Y
 _5755_/X
 _5756_/Y
 _5757_/X
 _5758_/X
 _5759_/Y
 _5760_/X
 _5761_/Y
 _5762_/X
 _5763_/X
 _5764_/Y
 _5765_/Y
 _5766_/X
 _5767_/X
 _5768_/Y
 _5769_/Y
 _5770_/Y
 _5771_/X
 _5772_/X
 _5773_/X
 _5774_/Y
 _5775_/Y
 _5776_/X
 _5777_/Y
 _5778_/Y
 _5779_/X
 _5780_/X
 _5781_/X
 _5782_/Y
 _5783_/X
 _5784_/Y
 _5785_/X
 _5786_/X
 _5787_/X
 _5788_/Y
 _5789_/Y
 _5790_/Y
 _5791_/Y
 _5792_/Y
 _5793_/Y
 _5794_/X
 _5795_/Y
 _5796_/X
 _5797_/X
 _5798_/X
 _5799_/X
 _5800_/Y
 _5801_/X
 _5802_/Y
 _5803_/X
 _5804_/X
 _5805_/X
 _5806_/Y
 _5807_/X
 _5808_/X
 _5809_/X
 _5810_/X
 _5811_/Y
 _5812_/X
 _5813_/X
 _5814_/X
 _5815_/Y
 _5816_/X
 _5817_/X
 _5818_/Y
 _5819_/Y
 _5820_/X
 _5821_/Y
 _5822_/X
 _5823_/Y
 _5824_/Y
 _5825_/X
 _5826_/Y
 _5827_/X
 _5828_/X
 _5829_/X
 _5830_/Y
 _5831_/X
 _5832_/X
 _5833_/X
 _5834_/Y
 _5835_/Y
 _5836_/X
 _5837_/Y
 _5838_/X
 _5839_/X
 _5840_/X
 _5841_/Y
 _5842_/Y
 _5843_/X
 _5844_/Y
 _5845_/X
 _5846_/Y
 _5847_/Y
 _5848_/X
 _5849_/X
 _5850_/X
 _5851_/Y
 _5852_/Y
 _5853_/X
 _5854_/X
 _5855_/X
 _5856_/X
 _5857_/Y
 _5858_/Y
 _5859_/X
 _5860_/X
 _5861_/X
 _5862_/Y
 _5863_/X
 _5864_/Y
 _5865_/X
 _5866_/X
 _5867_/X
 _5868_/X
 _5869_/X
 _5870_/X
 _5871_/X
 _5872_/X
 _5873_/X
 _5874_/X
 _5875_/X
 _5876_/X
 _5877_/X
 _5878_/X
 _5879_/X
 _5880_/X
 _5881_/X
 _5882_/X
 _5883_/X
 _5884_/X
 _5885_/X
 _5886_/X
 _5887_/X
 _5888_/X
 _5889_/X
 _5890_/X
 _5891_/X
 _5892_/X
 _5893_/X
 _5894_/X
 _5895_/X
 _5896_/X
 _5897_/X
 _5898_/X
 _5899_/Y
 _5900_/X
 _5901_/X
 _5902_/Y
 _5903_/X
 _5904_/X
 _5905_/Y
 _5906_/X
 _5907_/Y
 _5908_/X
 _5909_/Y
 _5910_/X
 _5911_/Y
 _5912_/Y
 _5913_/Y
 _5914_/X
 _5915_/Y
 _5916_/X
 _5917_/X
 _5918_/X
 _5919_/Y
 _5920_/X
 _5921_/X
 _5922_/X
 _5923_/Y
 _5924_/Y
 _5925_/Y
 _5926_/X
 _5927_/Y
 _5928_/Y
 _5929_/Y
 _5930_/Y
 _5931_/Y
 _5932_/X
 _5933_/Y
 _5934_/X
 _5935_/Y
 _5936_/Y
 _5937_/X
 _5938_/X
 _5939_/X
 _5940_/Y
 _5941_/X
 _5942_/Y
 _5943_/X
 _5944_/Y
 _5945_/X
 _5946_/Y
 _5947_/X
 _5948_/X
 _5949_/Y
 _5950_/X
 _5951_/Y
 _5952_/X
 _5953_/X
 _5954_/Y
 _5955_/Y
 _5956_/Y
 _5957_/Y
 _5958_/X
 _5959_/X
 _5960_/Y
 _5961_/Y
 _5962_/X
 _5963_/Y
 _5964_/Y
 _5965_/X
 _5966_/Y
 _5967_/X
 _5968_/X
 _5969_/Y
 _5970_/X
 _5971_/Y
 _5972_/Y
 _5973_/Y
 _5974_/Y
 _5975_/X
 _5976_/X
 _5977_/Y
 _5978_/X
 _5979_/Y
 _5980_/X
 _5981_/X
 _5982_/X
 _5983_/X
 _5984_/Y
 _5985_/X
 _5986_/X
 _5987_/Y
 _5988_/X
 _5989_/Y
 _5990_/Y
 _5991_/Y
 _5992_/Y
 _5993_/Y
 _5994_/X
 _5995_/X
 _5996_/Y
 _5997_/X
 _5998_/X
 _5999_/X
 _6000_/Y
 _6001_/X
 _6002_/X
 _6003_/X
 _6004_/X
 _6005_/Y
 _6006_/X
 _6007_/X
 _6008_/X
 _6009_/X
 _6010_/Y
 _6011_/X
 _6012_/X
 _6013_/X
 _6014_/X
 _6015_/X
 _6016_/X
 _6017_/X
 _6018_/X
 _6019_/X
 _6020_/X
 _6021_/Y
 _6022_/Y
 _6023_/X
 _6024_/X
 _6025_/X
 _6026_/X
 _6027_/X
 _6028_/X
 _6029_/X
 _6030_/X
 _6031_/X
 _6032_/X
 _6033_/X
 _6034_/X
 _6035_/X
 _6036_/X
 _6037_/X
 _6038_/X
 _6039_/X
 _6040_/X
 _6041_/X
 _6042_/X
 _6043_/X
 _6044_/X
 _6045_/X
 _6046_/X
 _6047_/X
 _6048_/X
 _6049_/X
 _6050_/X
 _6051_/X
 _6052_/X
 _6053_/X
 _6054_/X
 _6055_/X
 _6056_/Y
 _6057_/X
 _6058_/Y
 _6059_/X
 _6060_/Y
 _6061_/X
 _6062_/Y
 _6063_/X
 _6064_/Y
 _6065_/X
 _6066_/X
 _6067_/X
 _6068_/X
 _6069_/X
 _6070_/Y
 _6071_/Y
 _6072_/Y
 _6073_/X
 _6074_/Y
 _6075_/X
 _6076_/X
 _6077_/Y
 _6078_/X
 _6079_/Y
 _6080_/X
 _6081_/X
 _6082_/Y
 _6083_/Y
 _6084_/X
 _6085_/X
 _6086_/Y
 _6087_/Y
 _6088_/Y
 _6089_/X
 _6090_/X
 _6091_/X
 _6092_/Y
 _6093_/Y
 _6094_/X
 _6095_/Y
 _6096_/Y
 _6097_/X
 _6098_/X
 _6099_/X
 _6100_/Y
 _6101_/X
 _6102_/Y
 _6103_/X
 _6104_/X
 _6105_/X
 _6106_/Y
 _6107_/Y
 _6108_/Y
 _6109_/Y
 _6110_/Y
 _6111_/Y
 _6112_/X
 _6113_/Y
 _6114_/X
 _6115_/X
 _6116_/X
 _6117_/X
 _6118_/Y
 _6119_/X
 _6120_/Y
 _6121_/X
 _6122_/X
 _6123_/X
 _6124_/Y
 _6125_/X
 _6126_/X
 _6127_/X
 _6128_/X
 _6129_/Y
 _6130_/X
 _6131_/X
 _6132_/X
 _6133_/Y
 _6134_/X
 _6135_/X
 _6136_/Y
 _6137_/Y
 _6138_/X
 _6139_/Y
 _6140_/X
 _6141_/Y
 _6142_/Y
 _6143_/X
 _6144_/Y
 _6145_/X
 _6146_/X
 _6147_/X
 _6148_/Y
 _6149_/X
 _6150_/X
 _6151_/X
 _6152_/Y
 _6153_/Y
 _6154_/X
 _6155_/Y
 _6156_/X
 _6157_/X
 _6158_/X
 _6159_/Y
 _6160_/Y
 _6161_/X
 _6162_/Y
 _6163_/X
 _6164_/Y
 _6165_/Y
 _6166_/X
 _6167_/X
 _6168_/X
 _6169_/Y
 _6170_/Y
 _6171_/X
 _6172_/X
 _6173_/X
 _6174_/X
 _6175_/Y
 _6176_/Y
 _6177_/X
 _6178_/X
 _6179_/X
 _6180_/Y
 _6181_/X
 _6182_/Y
 _6183_/X
 _6184_/X
 _6185_/X
 _6186_/X
 _6187_/X
 _6188_/X
 _6189_/X
 _6190_/X
 _6191_/X
 _6192_/X
 _6193_/Y
 _6194_/X
 _6195_/X
 _6196_/Y
 _6197_/X
 _6198_/X
 _6199_/Y
 _6200_/X
 _6201_/Y
 _6202_/X
 _6203_/Y
 _6204_/X
 _6205_/Y
 _6206_/Y
 _6207_/Y
 _6208_/X
 _6209_/Y
 _6210_/X
 _6211_/X
 _6212_/X
 _6213_/Y
 _6214_/X
 _6215_/X
 _6216_/X
 _6217_/Y
 _6218_/Y
 _6219_/Y
 _6220_/X
 _6221_/Y
 _6222_/Y
 _6223_/Y
 _6224_/Y
 _6225_/Y
 _6226_/X
 _6227_/Y
 _6228_/X
 _6229_/Y
 _6230_/Y
 _6231_/X
 _6232_/X
 _6233_/X
 _6234_/Y
 _6235_/X
 _6236_/Y
 _6237_/X
 _6238_/Y
 _6239_/X
 _6240_/Y
 _6241_/X
 _6242_/X
 _6243_/Y
 _6244_/X
 _6245_/Y
 _6246_/X
 _6247_/X
 _6248_/Y
 _6249_/Y
 _6250_/Y
 _6251_/Y
 _6252_/X
 _6253_/X
 _6254_/Y
 _6255_/Y
 _6256_/X
 _6257_/Y
 _6258_/Y
 _6259_/X
 _6260_/Y
 _6261_/X
 _6262_/X
 _6263_/Y
 _6264_/X
 _6265_/Y
 _6266_/Y
 _6267_/Y
 _6268_/Y
 _6269_/X
 _6270_/X
 _6271_/Y
 _6272_/X
 _6273_/Y
 _6274_/X
 _6275_/X
 _6276_/X
 _6277_/X
 _6278_/Y
 _6279_/X
 _6280_/X
 _6281_/Y
 _6282_/X
 _6283_/Y
 _6284_/Y
 _6285_/Y
 _6286_/Y
 _6287_/Y
 _6288_/X
 _6289_/X
 _6290_/Y
 _6291_/X
 _6292_/X
 _6293_/X
 _6294_/Y
 _6295_/X
 _6296_/X
 _6297_/X
 _6298_/X
 _6299_/Y
 _6300_/X
 _6301_/X
 _6302_/X
 _6303_/X
 _6304_/Y
 _6305_/X
 _6306_/X
 _6307_/X
 _6308_/X
 _6309_/X
 _6310_/X
 _6311_/X
 _6312_/X
 _6313_/X
 _6314_/X
 _6315_/Y
 _6316_/Y
 _6317_/X
 _6318_/X
 _6319_/X
 _6320_/Y
 _6321_/X
 _6322_/Y
 _6323_/X
 _6324_/X
 _6325_/X
 _6326_/X
 _6327_/X
 _6328_/X
 _6329_/X
 _6330_/X
 _6331_/X
 _6332_/X
 _6333_/X
 _6334_/X
 _6335_/X
 _6336_/X
 _6337_/X
 _6338_/X
 _6339_/X
 _6340_/X
 _6341_/X
 _6342_/X
 _6343_/X
 _6344_/X
 _6345_/X
 _6346_/X
 _6347_/X
 _6348_/X
 _6349_/X
 _6350_/X
 _6351_/X
 _6352_/X
 _6353_/X
 _6354_/X
 _6355_/X
 _6356_/X
 _6357_/X
 _6358_/X
 _6359_/X
 _6360_/X
 _6361_/X
 _6362_/X
 _6363_/X
 _6364_/X
 _6365_/X
 _6366_/Y
 _6367_/X
 _6368_/X
 _6369_/Y
 _6370_/Y
 _6371_/X
 _6372_/X
 _6373_/X
 _6374_/X
 _6375_/X
 _6376_/Y
 _6377_/Y
 _6378_/X
 _6379_/Y
 _6380_/X
 _6381_/X
 _6382_/Y
 _6383_/Y
 _6384_/X
 _6385_/X
 _6386_/X
 _6387_/Y
 _6388_/Y
 _6389_/Y
 _6390_/X
 _6391_/Y
 _6392_/X
 _6393_/Y
 _6394_/X
 _6395_/Y
 _6396_/Y
 _6397_/X
 _6398_/X
 _6399_/X
 _6400_/Y
 _6401_/X
 _6402_/Y
 _6403_/X
 _6404_/X
 _6405_/X
 _6406_/Y
 _6407_/X
 _6408_/X
 _6409_/X
 _6410_/X
 _6411_/X
 _6412_/X
 _6413_/X
 _6414_/X
 _6415_/X
 _6416_/X
 _6417_/X
 _6418_/X
 _6419_/X
 _6420_/X
 _6421_/X
 _6422_/X
 _6423_/X
 _6424_/X
 _6425_/X
 _6426_/X
 _6427_/X
 _6428_/X
 _6429_/X
 _6430_/X
 _6431_/X
 _6432_/X
 _6433_/Y
 _6434_/X
 _6435_/X
 _6436_/X
 _6437_/X
 _6438_/X
 _6439_/X
 _6440_/X
 _6441_/X
 _6442_/X
 _6443_/X
 _6444_/X
 _6445_/X
 _6446_/X
 _6447_/X
 _6448_/X
 _6449_/X
 _6450_/X
 _6451_/X
 _6452_/X
 _6453_/X
 _6454_/X
 _6455_/X
 _6456_/X
 _6457_/X
 _6458_/X
 _6459_/X
 _6460_/Y
 _6461_/X
 _6462_/X
 _6463_/X
 _6464_/X
 _6465_/X
 _6466_/X
 _6467_/X
 _6468_/X
 _6469_/X
 _6470_/X
 _6471_/X
 _6472_/X
 _6473_/X
 _6474_/X
 _6475_/X
 _6476_/X
 _6477_/X
 _6478_/X
 _6479_/X
 _6480_/X
 _6481_/X
 _6482_/X
 _6483_/X
 _6484_/X
 _6485_/X
 _6486_/X
 _6487_/Y
 _6488_/X
 _6489_/X
 _6490_/X
 _6491_/X
 _6492_/X
 _6493_/X
 _6494_/X
 _6495_/X
 _6496_/X
 _6497_/X
 _6498_/X
 _6499_/X
 _6500_/X
 _6501_/X
 _6502_/X
 _6503_/X
 _6504_/X
 _6505_/X
 _6506_/X
 _6507_/X
 _6508_/X
 _6509_/X
 _6510_/X
 _6511_/X
 _6512_/X
 _6513_/X
 _6514_/X
 _6515_/X
 _6516_/X
 _6517_/X
 _6518_/X
 _6519_/X
 _6520_/X
 _6521_/X
 _6522_/X
 _6523_/X
 _6524_/X
 _6525_/X
 _6526_/X
 _6527_/X
 _6528_/X
 _6529_/X
 _6530_/X
 _6531_/X
 _6532_/X
 _6533_/X
 _6534_/X
 _6535_/X
 _6536_/X
 _6537_/X
 _6538_/X
 _6539_/X
 _6540_/X
 _6541_/X
 _6542_/X
 _6543_/X
 _6544_/X
 _6545_/X
 _6546_/X
 _6547_/X
 _6548_/X
 _6549_/X
 _6550_/X
 _6551_/X
 _6552_/X
 _6553_/X
 _6554_/X
 _6555_/X
 _6556_/X
 _6557_/X
 _6558_/X
 _6559_/X
 _6560_/X
 _6561_/X
 _6562_/X
 _6563_/X
 _6564_/X
 _6565_/X
 _6566_/X
 _6567_/X
 _6568_/X
 _6569_/X
 _6570_/X
 _6571_/X
 _6572_/X
 _6573_/X
 _6574_/X
 _6575_/X
 _6576_/X
 _6577_/X
 _6578_/X
 _6579_/X
 _6580_/X
 _6581_/X
 _6582_/X
 _6583_/X
 _6584_/X
 _6585_/X
 _6586_/X
 _6587_/X
 _6588_/X
 _6589_/X
 _6590_/X
 _6591_/X
 _6592_/X
 _6593_/X
 _6594_/X
 _6595_/X
 _6596_/X
 _6597_/X
 _6598_/X
 _6599_/X
 _6600_/X
 _6601_/X
 _6602_/X
 _6603_/X
 _6604_/X
 _6605_/X
 _6606_/X
 _6607_/X
 _6608_/X
 _6609_/X
 _6610_/X
 _6611_/X
 _6612_/X
 _6613_/X
 _6614_/X
 _6615_/X
 _6616_/X
 _6617_/X
 _6618_/X
 _6619_/X
 _6620_/X
 _6621_/X
 _6622_/X
 _6623_/X
 _6624_/X
 _6625_/X
 _6626_/X
 _6627_/X
 _6628_/X
 _6629_/X
 _6630_/X
 _6631_/X
 _6632_/X
 _6633_/X
 _6634_/X
 _6635_/X
 _6636_/X
 _6637_/X
 _6638_/X
 _6639_/X
 _6640_/X
 _6641_/X
 _6642_/X
 _6643_/X
 _6644_/X
 _6645_/X
 _6646_/X
 _6647_/X
 _6648_/X
 _6649_/X
 _6650_/X
 _6651_/X
 _6652_/X
 _6653_/X
 _6654_/X
 _6655_/Y
 _6656_/X
 _6657_/X
 _6658_/Y
 _6659_/Y
 _6660_/X
 _6661_/X
 _6662_/X
 _6663_/X
 _6664_/X
 _6665_/Y
 _6666_/Y
 _6667_/X
 _6668_/Y
 _6669_/X
 _6670_/X
 _6671_/Y
 _6672_/Y
 _6673_/X
 _6674_/X
 _6675_/X
 _6676_/Y
 _6677_/X
 _6678_/Y
 _6679_/Y
 _6680_/X
 _6681_/Y
 _6682_/X
 _6683_/Y
 _6684_/X
 _6685_/Y
 _6686_/Y
 _6687_/X
 _6688_/X
 _6689_/X
 _6690_/Y
 _6691_/X
 _6692_/X
 _6693_/Y
 _6694_/X
 _6695_/X
 _6696_/X
 _6697_/X
 _6698_/X
 _6699_/X
 _6700_/X
 _6701_/X
 _6702_/X
 _6703_/X
 _6704_/X
 _6705_/X
 _6706_/X
 _6707_/X
 _6708_/X
 _6709_/X
 _6710_/X
 _6711_/X
 _6712_/X
 _6713_/X
 _6714_/X
 _6715_/X
 _6716_/X
 _6717_/X
 _6718_/X
 _6719_/X
 _6720_/Y
 _6721_/X
 _6722_/X
 _6723_/X
 _6724_/X
 _6725_/X
 _6726_/X
 _6727_/X
 _6728_/X
 _6729_/X
 _6730_/X
 _6731_/X
 _6732_/X
 _6733_/X
 _6734_/X
 _6735_/X
 _6736_/X
 _6737_/X
 _6738_/X
 _6739_/X
 _6740_/X
 _6741_/X
 _6742_/X
 _6743_/X
 _6744_/X
 _6745_/X
 _6746_/X
 _6747_/Y
 _6748_/X
 _6749_/X
 _6750_/X
 _6751_/X
 _6752_/X
 _6753_/X
 _6754_/X
 _6755_/X
 _6756_/X
 _6757_/X
 _6758_/X
 _6759_/X
 _6760_/X
 _6761_/X
 _6762_/X
 _6763_/X
 _6764_/X
 _6765_/X
 _6766_/X
 _6767_/X
 _6768_/X
 _6769_/X
 _6770_/X
 _6771_/X
 _6772_/X
 _6773_/X
 _6774_/Y
 _6775_/X
 _6776_/X
 _6777_/X
 _6778_/X
 _6779_/X
 _6780_/X
 _6781_/X
 _6782_/X
 _6783_/X
 _6784_/X
 _6785_/X
 _6786_/X
 _6787_/X
 _6788_/X
 _6789_/X
 _6790_/X
 _6791_/X
 _6792_/X
 _6793_/X
 _6794_/X
 _6795_/X
 _6796_/X
 _6797_/X
 _6798_/X
 _6799_/X
 _6800_/X
 _6801_/X
 _6802_/X
 _6803_/X
 _6804_/X
 _6805_/X
 _6806_/X
 _6807_/X
 _6808_/X
 _6809_/X
 _6810_/X
 _6811_/X
 _6812_/X
 _6813_/X
 _6814_/X
 _6815_/X
 _6816_/X
 _6817_/X
 _6818_/X
 _6819_/X
 _6820_/X
 _6821_/X
 _6822_/X
 _6823_/X
 _6824_/X
 _6825_/X
 _6826_/X
 _6827_/X
 _6828_/X
 _6829_/X
 _6830_/X
 _6831_/X
 _6832_/X
 _6833_/X
 _6834_/X
 _6835_/X
 _6836_/X
 _6837_/X
 _6838_/X
 _6839_/X
 _6840_/X
 _6841_/X
 _6842_/X
 _6843_/X
 _6844_/X
 _6845_/X
 _6846_/X
 _6847_/X
 _6848_/X
 _6849_/X
 _6850_/X
 _6851_/X
 _6852_/X
 _6853_/X
 _6854_/X
 _6855_/X
 _6856_/X
 _6857_/X
 _6858_/X
 _6859_/X
 _6860_/X
 _6861_/X
 _6862_/X
 _6863_/X
 _6864_/X
 _6865_/X
 _6866_/X
 _6867_/X
 _6868_/X
 _6869_/X
 _6870_/X
 _6871_/X
 _6872_/X
 _6873_/X
 _6874_/X
 _6875_/X
 _6876_/X
 _6877_/X
 _6878_/X
 _6879_/X
 _6880_/X
 _6881_/X
 _6882_/X
 _6883_/X
 _6884_/X
 _6885_/X
 _6886_/X
 _6887_/X
 _6888_/X
 _6889_/X
 _6890_/X
 _6891_/X
 _6892_/X
 _6893_/X
 _6894_/X
 _6895_/X
 _6896_/X
 _6897_/X
 _6898_/X
 _6899_/X
 _6900_/X
 _6901_/X
 _6902_/X
 _6903_/X
 _6904_/X
 _6905_/X
 _6906_/X
 _6907_/X
 _6908_/X
 _6909_/X
 _6910_/X
 _6911_/X
 _6912_/X
 _6913_/X
 _6914_/Q
 _6915_/Q
 _6916_/Q
 _6917_/Q
 _6918_/Q
 _6919_/Q
 _6920_/Q
 _6921_/Q
 _6922_/Q
 _6923_/Q
 _6924_/Q
 _6925_/Q
 _6926_/Q
 _6927_/Q
 _6928_/Q
 _6929_/Q
 _6930_/Q
 _6931_/Q
 _6932_/Q
 _6933_/Q
 _6934_/Q
 _6935_/Q
 _6936_/Q
 _6937_/Q
 _6938_/Q
 _6939_/Q
 _6940_/Q
 _6941_/Q
 _6942_/Q
 _6943_/Q
 _6944_/Q
 _6945_/Q
 _6946_/Q
 _6947_/Q
 _6948_/Q
 _6949_/Q
 _6950_/Q
 _6951_/Q
 _6952_/Q
 _6953_/Q
 _6954_/Q
 _6955_/Q
 _6956_/Q
 _6957_/Q
 _6958_/Q
 _6959_/Q
 _6960_/Q
 _6961_/Q
 _6962_/Q
 _6963_/Q
 _6964_/Q
 _6965_/Q
 _6966_/Q
 _6967_/Q
 _6968_/Q
 _6969_/Q
 _6970_/Q
 _6971_/Q
 _6972_/Q
 _6973_/Q
 _6974_/Q
 _6975_/Q
 _6976_/Q
 _6977_/Q
 _6978_/Q
 _6979_/Q
 _6980_/Q
 _6981_/Q
 _6982_/Q
 _6983_/Q
 _6984_/Q
 _6985_/Q
 _6986_/Q
 _6987_/Q
 _6988_/Q
 _6989_/Q
 _6990_/Q
 _6991_/Q
 _6992_/Q
 _6993_/Q
 _6994_/Q
 _6995_/Q
 _6996_/Q
 _6997_/Q
 _6998_/Q
 _6999_/Q
 _7000_/Q
 _7001_/Q
 _7002_/Q
 _7003_/Q
 _7004_/Q
 _7005_/Q
 _7006_/Q
 _7007_/Q
 _7008_/Q
 _7009_/Q
 _7010_/Q
 _7011_/Q
 _7012_/Q
 _7013_/Q
 _7014_/Q
 _7015_/Q
 _7016_/Q
 _7017_/Q
 _7018_/Q
 _7019_/Q
 _7020_/Q
 _7021_/Q
 _7022_/Q
 _7023_/Q
 _7024_/Q
 _7025_/Q
 _7026_/Q
 _7027_/Q
 _7028_/Q
 _7029_/Q
 _7030_/Q
 _7031_/Q
 _7032_/Q
 _7033_/Q
 _7034_/Q
 _7035_/Q
 _7036_/Q
 _7037_/Q
 _7038_/Q
 _7039_/Q
 _7040_/Q
 _7041_/Q
 _7042_/Q
 _7043_/Q
 _7044_/Q
 _7045_/Q
 _7046_/Q
 _7047_/Q
 _7048_/Q
 _7049_/Q
 _7050_/Q
 _7051_/Q
 _7052_/Q
 _7053_/Q
 _7054_/Q
 _7055_/Q
 _7056_/Q
 _7057_/Q
 _7058_/Q
 _7059_/Q
 _7060_/Q
 _7061_/Q
 _7062_/Q
 _7063_/Q
 _7064_/Q
 _7065_/Q
 _7066_/Q
 _7067_/Q
 _7068_/Q
 _7069_/Q
 _7070_/Q
 _7071_/Q
 _7072_/Q
 _7073_/Q
 _7074_/Q
 _7075_/Q
 _7076_/Q
 _7077_/Q
 _7078_/Q
 _7079_/Q
 _7080_/Q
 _7081_/Q
 _7082_/Q
 _7083_/Q
 _7084_/Q
 _7085_/Q
 _7086_/Q
 _7087_/Q
 _7088_/Q
 _7089_/Q
 _7090_/Q
 _7091_/Q
 _7092_/Q
 _7093_/Q
 _7094_/Q
 _7095_/Q
 _7096_/Q
 _7097_/Q
 _7098_/Q
 _7099_/Q
 _7100_/Q
 _7101_/Q
 _7102_/Q
 _7103_/Q
 _7104_/Q
 _7105_/Q
 _7106_/Q
 _7107_/Q
 _7108_/Q
 _7109_/Q
 _7110_/Q
 _7111_/Q
 _7112_/Q
 _7113_/Q
 _7114_/Q
 _7115_/Q
 _7116_/Q
 _7117_/Q
 _7118_/Q
 _7119_/Q
 _7120_/Q
 _7121_/Q
 _7122_/Q
 _7123_/Q
 _7124_/Q
 _7125_/Q
 _7126_/Q
 _7127_/Q
 _7128_/Q
 _7129_/Q
 _7130_/Q
 _7131_/Q
 _7132_/Q
 _7133_/Q
 _7134_/Q
 _7135_/Q
 _7136_/Q
 _7137_/Q
 _7138_/Q
 _7139_/Q
 _7140_/Q
 _7141_/Q
 _7142_/Q
 _7143_/Q
 _7144_/Q
 _7145_/Q
 _7146_/Q
 _7147_/Q
 _7148_/Q
 _7149_/Q
 _7150_/Q
 _7151_/Q
 _7152_/Q
 _7153_/Q
 _7154_/Q
 _7155_/Q
 _7156_/Q
 _7157_/Q
 _7158_/Q
 _7159_/Q
 _7160_/Q
 _7161_/Q
 _7162_/Q
 _7163_/Q
 _7164_/Q
 _7165_/Q
 _7166_/Q
 _7167_/Q
 _7168_/Q
 _7169_/Q
 _7170_/Q
 _7171_/Q
 _7172_/Q
 _7173_/Q
 _7174_/Q
 _7175_/Q
 _7176_/Q
 _7177_/Q
 _7178_/Q
 _7179_/Q
 _7180_/Q
 _7181_/Q
 _7182_/Q
 _7183_/Q
 _7184_/Q
 _7185_/Q
 _7186_/Q
 _7187_/Q
 _7188_/Q
 _7189_/Q
 _7190_/Q
 _7191_/Q
 _7192_/Q
 _7193_/Q
 _7194_/Q
 _7195_/Q
 _7196_/Q
 _7197_/Q
 _7198_/Q
 _7199_/Q
 _7200_/Q
 _7201_/Q
 _7202_/Q
 _7203_/Q
 _7204_/Q
 _7205_/Q
 _7206_/Q
 _7207_/Q
 _7208_/Q
 _7209_/Q
 _7210_/Q
 _7211_/Q
 _7212_/Q
 _7213_/Q
 _7214_/Q
 _7215_/Q
 _7216_/Q
 _7217_/Q
 _7218_/Q
 _7219_/Q
 _7220_/Q
 _7221_/Q
 _7222_/Q
 _7223_/Q
 _7224_/Q
 _7225_/Q
 _7226_/Q
 _7227_/Q
 _7228_/Q
 _7229_/Q
 _7230_/Q
 _7231_/Q
 _7232_/Q
 _7233_/Q
 _7234_/Q
 _7235_/Q
 _7236_/Q
 _7237_/Q
 _7238_/Q
 _7239_/Q
 _7240_/Q
 _7241_/Q
 _7242_/Q
 _7243_/Q
 _7244_/Q
 _7245_/Q
 _7246_/Q
 _7247_/Q
 _7248_/Q
 _7249_/Q
 _7250_/Q
 _7251_/Q
 _7252_/Q
 _7253_/Q
 _7254_/Q
 _7255_/Q
 _7256_/Q
 _7257_/Q
 _7258_/Q
 _7259_/Q
 _7260_/Q
 _7261_/Q
 _7262_/Q
 _7263_/Q
 _7264_/Q
 _7265_/Q
 _7266_/Q
 _7267_/Q
 _7268_/Q
 _7269_/Q
 _7270_/Q
 _7271_/Q
 _7272_/Q
 _7273_/Q
 _7274_/Q
 _7275_/Q
 _7276_/Q
 _7277_/Q
 _7278_/Q
 _7279_/Q
 _7280_/Q
 _7281_/Q
 _7282_/Q
 _7283_/Q
 _7284_/Q
 _7285_/Q
 _7286_/Q
 _7287_/Q
 _7288_/Q
 _7289_/Q
 _7290_/Q
 _7291_/Q
 _7292_/Q
 _7293_/Q
 _7294_/Q
 _7295_/Q
 _7296_/Q
 _7297_/Q
 _7298_/Q
 _7299_/Q
 _7300_/Q
 _7301_/Q
 _7302_/Q
 _7303_/Q
 _7304_/Q
 _7305_/Q
 _7306_/Q
 _7307_/Q
 _7308_/Q
 _7309_/Q
 _7310_/Q
 _7311_/Q
 _7312_/Q
 _7313_/Q
 _7314_/Q
 _7315_/Q
 _7316_/Q
 _7317_/Q
 _7318_/Q
 _7319_/Q
 _7320_/Q
 _7321_/Q
 _7322_/Q
 _7323_/Q
 _7324_/Q
 _7325_/Q
 _7326_/Q
 _7327_/Q
 _7328_/Q
 _7329_/Q
 _7330_/Q
 _7331_/Q
 _7332_/Q
 _7333_/Q
 _7334_/Q
 _7335_/Q
 _7336_/Q
 _7337_/Q
 _7338_/Q
 _7339_/Q
 _7340_/Q
 _7341_/Q
 _7342_/Q
 _7343_/Q
 _7344_/Q
 _7345_/Q
 _7346_/Q
 _7347_/Q
 _7348_/Q
 _7349_/Q
 _7350_/Q
 _7351_/Q
 _7352_/Q
 _7353_/Q
 _7354_/Q
 _7355_/Q
 _7356_/Q
 _7357_/Q
 _7358_/Q
 _7359_/Q
 _7360_/Q
 _7361_/Q
 _7362_/Q
 _7363_/Q
 _7364_/Q
 _7365_/Q
 _7366_/Q
 _7367_/Q
 _7368_/Q
 _7369_/Q
 _7370_/Q
 _7371_/Q
 _7372_/Q
 _7373_/Q
 _7374_/Q
 _7375_/Q
 _7376_/Q
 _7377_/Q
 _7378_/Q
 _7379_/Q
 _7380_/Q
 _7381_/Q
 _7382_/Q
 _7383_/Q
 _7384_/Q
 _7385_/Q
 _7386_/Q
 _7387_/Q
 _7388_/Q
 _7389_/Q
 _7390_/Q
 _7391_/Q
 _7392_/Q
 _7393_/Q
 _7394_/Q
 _7395_/Q
 _7396_/Q
 _7397_/Q
 _7398_/Q
 _7399_/Q
 _7400_/Q
 _7401_/Q
 _7402_/Q
 _7403_/Q
 _7404_/Q
 _7405_/Q
 _7406_/Q
 _7407_/Q
 _7408_/Q
 _7409_/Q
 _7410_/Q
 _7411_/Q
 _7412_/Q
 _7413_/Q
 _7414_/Q
 _7415_/Q
 _7416_/Q
 _7417_/Q
 _7418_/Q
 _7419_/Q
 _7420_/Q
 _7421_/Q
 _7422_/Q
 _7423_/Q
 _7424_/Q
 _7425_/Q
 _7426_/Q
 _7427_/Q
 _7428_/Q
 _7429_/Q
 _7430_/Q
 _7431_/Q
 _7432_/Q
 _7433_/Q
 _7434_/Q
 _7435_/Q
 _7436_/Q
 _7437_/Q
 _7438_/Q
 _7439_/Q
 _7440_/Q
 _7441_/Q
 _7442_/Q
 _7443_/Q
 _7444_/Q
 _7445_/Q
 _7446_/Q
 _7447_/Q
 _7448_/Q
 _7449_/Q
 _7450_/Q
 _7451_/Q
 _7452_/Q
 _7453_/Q
 _7454_/Q
 _7455_/Q
 _7456_/Q
 _7457_/Q
 _7458_/Q
 _7459_/Q
 _7460_/Q
 _7461_/Q
 _7462_/Q
 _7463_/Q
 _7464_/Q
 _7465_/Q
 _7466_/Q
 _7467_/Q
 _7468_/Q
 _7469_/Q
 _7470_/Q
 _7471_/Q
 _7472_/Q
 _7473_/Q
 _7474_/Q
 _7475_/Q
 _7476_/Q
 _7477_/Q
 _7478_/Q
 _7479_/Q
 _7480_/Q
 _7481_/Q
 _7482_/Q
 _7483_/Q
 _7484_/Q
 _7485_/Q
 _7486_/Q
 _7487_/Q
 _7488_/Q
 _7489_/Q
 _7490_/Q
 _7491_/Q
 _7492_/Q
 _7493_/Q
 _7494_/Q
 _7495_/Q
 _7496_/Q
 _7497_/Q
 _7498_/Q
 _7499_/Q
 _7500_/Q
 _7501_/Q
 _7502_/Q
 _7503_/Q
 _7504_/Q
 _7505_/Q
 _7506_/Q
 _7507_/Q
 _7508_/Q
 _7509_/Q
 _7510_/Q
 _7511_/Q
 _7512_/Q
 _7513_/Q
 _7514_/Q
 _7515_/Q
 _7516_/Q
 _7517_/Q
 _7518_/Q
 _7519_/Q
 _7520_/Q
 _7521_/Q
 _7522_/Q
 _7523_/Q
 _7524_/Q
 _7525_/Q
 _7526_/Q
 _7527_/Q
 _7528_/Q
 _7529_/Q
 _7530_/Q
 _7531_/Q
 _7532_/Q
 _7533_/Q
 _7534_/Q
 _7535_/Q
 _7536_/Q
 _7537_/Q
 _7538_/Q
 _7539_/Q
 _7540_/Q
 _7541_/Q
 _7542_/Q
 _7543_/Q
 _7544_/Q
 _7545_/Q
 _7546_/Q
 _7547_/Q
 _7548_/Q
 _7549_/Q
 _7550_/Q
 _7551_/Q
 _7552_/Q
 _7553_/Q
 _7554_/Q
 _7555_/Q
 _7556_/Q
 _7557_/Q
 _7558_/Q
 _7559_/Q
 _7560_/Q
 _7561_/Q
 _7562_/Q
 _7563_/Q
 _7564_/Q
 _7565_/Q
 _7566_/Q
 _7567_/Q
 _7568_/Q
 _7569_/Q
 _7570_/Q
 _7571_/Q
 _7572_/Q
 _7573_/Q
 _7574_/Q
 _7575_/Q
 _7576_/Q
 _7577_/Q
 _7578_/Q
 _7579_/Q
 _7580_/Q
 _7581_/Q
 _7582_/Q
 _7583_/Q
 _7584_/Q
 _7585_/Q
 _7586_/Q
 _7587_/Q
 _7588_/Q
 _7589_/Q
 _7590_/Q
 _7591_/Q
 _7592_/Q
 _7593_/Q
 _7594_/Q
 _7595_/Q
 _7596_/Q
 _7597_/Q
 _7598_/Q
 _7599_/Q
 _7600_/Q
 _7601_/Q
 _7602_/Q
 _7603_/Q
 _7604_/Q
 _7605_/Q
 _7606_/Q
 _7607_/Q
 _7608_/Q
 _7609_/Q
 _7610_/Q
 _7611_/Q
 _7612_/Q
 _7613_/Q
 _7614_/Q
 _7615_/Q
 _7616_/Q
 _7617_/Q
 _7618_/Q
 _7619_/Q
 _7620_/Q
 _7621_/Q
 _7622_/Q
 _7623_/Q
 _7624_/Q
 _7625_/Q
 _7626_/Q
 _7627_/Q
 _7628_/Q
 _7629_/Q
 _7630_/Q
 _7631_/Q
 _7632_/Q
 _7633_/Q
 _7634_/Q
 _7635_/Q
 _7636_/Q
 _7637_/Q
 _7638_/Q
 _7639_/Q
 _7640_/Q
 _7641_/Q
 _7642_/Q
 _7643_/Q
 _7644_/Q
 _7645_/Q
 _7646_/Q
 _7647_/Q
 _7648_/Q
 _7649_/Q
 _7650_/Q
 _7651_/Q
 _7652_/Q
 _7653_/Q
 _7654_/Q
 _7655_/Q
 _7656_/Q
 _7657_/Q
 _7658_/Q
 _7659_/Q
 _7660_/Q
 _7661_/Q
 _7662_/Q
 _7663_/Q
 _7664_/Q
 _7665_/Q
 _7666_/Q
 _7667_/Q
Found 0 partially unannotated drivers.

===========================================================================
max slew violation count 2178
max fanout violation count 1
max cap violation count 7
============================================================================

===========================================================================
check_setup -verbose -unconstrained_endpoints -multiple_clock -no_clock -no_input_delay -loops -generated_clocks
===========================================================================
