Instance name,  X location,  Y location,  Voltage 
hold639, 178.74, 331.84, 0.0379612
FILLER_0_118_365, 178.74, 331.84, 0.0379612
FILLER_0_118_373, 178.74, 331.84, 0.0379612
FILLER_0_118_384, 178.74, 331.84, 0.0379612
_4319_, 178.74, 326.4, 0.0380225
_5745_, 178.74, 326.4, 0.0380225
_5756_, 178.74, 326.4, 0.0380225
_5757_, 178.74, 326.4, 0.0380225
_5758_, 178.74, 326.4, 0.0380225
_7256_, 178.74, 326.4, 0.0380225
FILLER_0_116_379, 178.74, 326.4, 0.0380225
_5741_, 178.74, 320.96, 0.0381103
_5743_, 178.74, 320.96, 0.0381103
_5744_, 178.74, 320.96, 0.0381103
_5754_, 178.74, 320.96, 0.0381103
_5755_, 178.74, 320.96, 0.0381103
_5767_, 178.74, 320.96, 0.0381103
_5768_, 178.74, 320.96, 0.0381103
FILLER_0_115_382, 178.74, 320.96, 0.0381103
_5769_, 178.74, 315.52, 0.0380751
FILLER_0_111_372, 178.74, 315.52, 0.0380751
FILLER_0_112_389, 178.74, 315.52, 0.0380751
FILLER_0_113_386, 178.74, 315.52, 0.0380751
_5664_, 178.74, 310.08, 0.0380914
_5750_, 178.74, 310.08, 0.0380914
_5751_, 178.74, 310.08, 0.0380914
_5752_, 178.74, 310.08, 0.0380914
_5764_, 178.74, 310.08, 0.0380914
FILLER_0_110_365, 178.74, 310.08, 0.0380914
_5749_, 178.74, 304.64, 0.0379484
_5763_, 178.74, 304.64, 0.0379484
load_slew8, 178.74, 304.64, 0.0379484
FILLER_0_108_365, 178.74, 304.64, 0.0379484
FILLER_0_108_377, 178.74, 304.64, 0.0379484
FILLER_0_109_388, 178.74, 304.64, 0.0379484
_5759_, 178.74, 299.2, 0.0378053
_5760_, 178.74, 299.2, 0.0378053
_7561_, 178.74, 299.2, 0.0378053
_7562_, 178.74, 299.2, 0.0378053
FILLER_0_107_380, 178.74, 299.2, 0.0378053
_5656_, 178.74, 293.76, 0.0376976
_5657_, 178.74, 293.76, 0.0376976
_5709_, 178.74, 293.76, 0.0376976
_5711_, 178.74, 293.76, 0.0376976
FILLER_0_103_369, 178.74, 293.76, 0.0376976
FILLER_0_104_377, 178.74, 293.76, 0.0376976
FILLER_0_105_389, 178.74, 293.76, 0.0376976
_5701_, 178.74, 288.32, 0.0376278
_5703_, 178.74, 288.32, 0.0376278
_5710_, 178.74, 288.32, 0.0376278
_5712_, 178.74, 288.32, 0.0376278
_7587_, 178.74, 288.32, 0.0376278
hold471, 178.74, 288.32, 0.0376278
FILLER_0_102_390, 178.74, 288.32, 0.0376278
_5654_, 178.74, 282.88, 0.0374532
_7560_, 178.74, 282.88, 0.0374532
hold442, 178.74, 282.88, 0.0374532
FILLER_0_99_368, 178.74, 282.88, 0.0374532
FILLER_0_101_386, 178.74, 282.88, 0.0374532
_4668_, 178.74, 277.44, 0.0373715
_7595_, 178.74, 277.44, 0.0373715
hold846, 178.74, 277.44, 0.0373715
FILLER_0_98_373, 178.74, 277.44, 0.0373715
_5690_, 178.74, 272, 0.0374237
_7596_, 178.74, 272, 0.0374237
clkbuf_leaf_45_clk, 178.74, 272, 0.0374237
FILLER_0_96_365, 178.74, 272, 0.0374237
FILLER_0_96_388, 178.74, 272, 0.0374237
FILLER_0_97_387, 178.74, 272, 0.0374237
_5692_, 178.74, 266.56, 0.0371303
_7578_, 178.74, 266.56, 0.0371303
FILLER_0_94_386, 178.74, 266.56, 0.0371303
_7574_, 178.74, 261.12, 0.0368475
hold796, 178.74, 261.12, 0.0368475
FILLER_0_91_368, 178.74, 261.12, 0.0368475
FILLER_0_92_365, 178.74, 261.12, 0.0368475
FILLER_0_93_384, 178.74, 261.12, 0.0368475
_5345_, 178.74, 255.68, 0.0367002
_5684_, 178.74, 255.68, 0.0367002
_7499_, 178.74, 255.68, 0.0367002
hold647, 178.74, 255.68, 0.0367002
_5343_, 178.74, 250.24, 0.0365345
_5344_, 178.74, 250.24, 0.0365345
_5351_, 178.74, 250.24, 0.0365345
_5352_, 178.74, 250.24, 0.0365345
hold622, 178.74, 250.24, 0.0365345
FILLER_0_88_365, 178.74, 250.24, 0.0365345
FILLER_0_88_378, 178.74, 250.24, 0.0365345
FILLER_0_89_382, 178.74, 250.24, 0.0365345
_5340_, 178.74, 244.8, 0.0363949
_5342_, 178.74, 244.8, 0.0363949
_5346_, 178.74, 244.8, 0.0363949
_5350_, 178.74, 244.8, 0.0363949
_5353_, 178.74, 244.8, 0.0363949
_5354_, 178.74, 244.8, 0.0363949
FILLER_0_86_365, 178.74, 244.8, 0.0363949
_5246_, 178.74, 239.36, 0.0360715
_5328_, 178.74, 239.36, 0.0360715
_5337_, 178.74, 239.36, 0.0360715
_5338_, 178.74, 239.36, 0.0360715
_5339_, 178.74, 239.36, 0.0360715
_5341_, 178.74, 239.36, 0.0360715
FILLER_0_84_384, 178.74, 239.36, 0.0360715
FILLER_0_85_386, 178.74, 239.36, 0.0360715
_5201_, 178.74, 233.92, 0.0362077
_5327_, 178.74, 233.92, 0.0362077
_5329_, 178.74, 233.92, 0.0362077
_7495_, 178.74, 233.92, 0.0362077
FILLER_0_82_377, 178.74, 233.92, 0.0362077
FILLER_0_83_388, 178.74, 233.92, 0.0362077
_5300_, 178.74, 228.48, 0.0355607
_5301_, 178.74, 228.48, 0.0355607
_5302_, 178.74, 228.48, 0.0355607
_5321_, 178.74, 228.48, 0.0355607
hold495, 178.74, 228.48, 0.0355607
_5297_, 178.74, 223.04, 0.0351405
_5299_, 178.74, 223.04, 0.0351405
_5310_, 178.74, 223.04, 0.0351405
max_cap66, 178.74, 223.04, 0.0351405
FILLER_0_79_384, 178.74, 223.04, 0.0351405
_5210_, 178.74, 217.6, 0.0347059
_5291_, 178.74, 217.6, 0.0347059
_5293_, 178.74, 217.6, 0.0347059
_5294_, 178.74, 217.6, 0.0347059
_5295_, 178.74, 217.6, 0.0347059
_5296_, 178.74, 217.6, 0.0347059
FILLER_0_75_365, 178.74, 217.6, 0.0347059
FILLER_0_76_365, 178.74, 217.6, 0.0347059
FILLER_0_76_389, 178.74, 217.6, 0.0347059
_7493_, 178.74, 212.16, 0.0345743
hold467, 178.74, 212.16, 0.0345743
_5202_, 178.74, 206.72, 0.0342585
_5256_, 178.74, 206.72, 0.0342585
_5266_, 178.74, 206.72, 0.0342585
_5269_, 178.74, 206.72, 0.0342585
FILLER_0_71_369, 178.74, 206.72, 0.0342585
_5265_, 178.74, 201.28, 0.0337225
_5267_, 178.74, 201.28, 0.0337225
_7492_, 178.74, 201.28, 0.0337225
hold702, 178.74, 201.28, 0.0337225
FILLER_0_69_368, 178.74, 201.28, 0.0337225
_5230_, 178.74, 195.84, 0.0331437
_5392_, 178.74, 195.84, 0.0331437
_7478_, 178.74, 195.84, 0.0331437
clkbuf_leaf_39_clk, 178.74, 195.84, 0.0331437
FILLER_0_69_386, 178.74, 195.84, 0.0331437
_5229_, 178.74, 190.4, 0.0327377
_7519_, 178.74, 190.4, 0.0327377
hold758, 178.74, 190.4, 0.0327377
_5436_, 178.74, 184.96, 0.0323161
_5437_, 178.74, 184.96, 0.0323161
_7513_, 178.74, 184.96, 0.0323161
hold766, 178.74, 184.96, 0.0323161
FILLER_0_64_382, 178.74, 184.96, 0.0323161
FILLER_0_65_385, 178.74, 184.96, 0.0323161
_5411_, 178.74, 179.52, 0.0319147
_5415_, 178.74, 179.52, 0.0319147
_5693_, 178.74, 179.52, 0.0319147
_7512_, 178.74, 179.52, 0.0319147
hold9, 178.74, 179.52, 0.0319147
hold69, 178.74, 179.52, 0.0319147
FILLER_0_62_365, 178.74, 179.52, 0.0319147
FILLER_0_63_385, 178.74, 179.52, 0.0319147
_3927_, 178.74, 174.08, 0.0315835
_5410_, 178.74, 174.08, 0.0315835
_5413_, 178.74, 174.08, 0.0315835
_5902_, 178.74, 174.08, 0.0315835
_7539_, 178.74, 168.64, 0.030967
fanout72, 178.74, 168.64, 0.030967
hold112, 178.74, 168.64, 0.030967
_5397_, 178.74, 163.2, 0.0305114
_7538_, 178.74, 163.2, 0.0305114
hold76, 178.74, 163.2, 0.0305114
load_slew10, 178.74, 163.2, 0.0305114
FILLER_0_55_366, 178.74, 163.2, 0.0305114
FILLER_0_56_374, 178.74, 163.2, 0.0305114
FILLER_0_57_389, 178.74, 163.2, 0.0305114
_5409_, 178.74, 157.76, 0.0299462
_5412_, 178.74, 157.76, 0.0299462
_7525_, 178.74, 157.76, 0.0299462
FILLER_0_54_390, 178.74, 157.76, 0.0299462
_5443_, 178.74, 152.32, 0.0295515
_7522_, 178.74, 152.32, 0.0295515
hold678, 178.74, 152.32, 0.0295515
hold753, 178.74, 152.32, 0.0295515
FILLER_0_52_378, 178.74, 152.32, 0.0295515
_5235_, 178.74, 146.88, 0.0292871
_5442_, 178.74, 146.88, 0.0292871
_5691_, 178.74, 146.88, 0.0292871
_7552_, 178.74, 146.88, 0.0292871
_5596_, 178.74, 141.44, 0.0288116
_5604_, 178.74, 141.44, 0.0288116
_5605_, 178.74, 141.44, 0.0288116
hold733, 178.74, 141.44, 0.0288116
FILLER_0_47_367, 178.74, 141.44, 0.0288116
FILLER_0_48_365, 178.74, 141.44, 0.0288116
FILLER_0_48_380, 178.74, 141.44, 0.0288116
_5597_, 178.74, 136, 0.0282073
_5599_, 178.74, 136, 0.0282073
_5602_, 178.74, 136, 0.0282073
_5603_, 178.74, 136, 0.0282073
_5609_, 178.74, 136, 0.0282073
FILLER_0_45_369, 178.74, 136, 0.0282073
FILLER_0_46_365, 178.74, 136, 0.0282073
FILLER_0_47_382, 178.74, 136, 0.0282073
_5582_, 178.74, 130.56, 0.027617
_5601_, 178.74, 130.56, 0.027617
_5606_, 178.74, 130.56, 0.027617
_5610_, 178.74, 130.56, 0.027617
FILLER_0_44_365, 178.74, 130.56, 0.027617
FILLER_0_44_387, 178.74, 130.56, 0.027617
FILLER_0_45_383, 178.74, 130.56, 0.027617
_5607_, 178.74, 125.12, 0.0266061
_7537_, 178.74, 125.12, 0.0266061
FILLER_0_41_375, 178.74, 125.12, 0.0266061
FILLER_0_43_387, 178.74, 125.12, 0.0266061
_5519_, 178.74, 119.68, 0.0258552
_5567_, 178.74, 119.68, 0.0258552
_5568_, 178.74, 119.68, 0.0258552
_5569_, 178.74, 119.68, 0.0258552
_7548_, 178.74, 119.68, 0.0258552
FILLER_0_39_363, 178.74, 119.68, 0.0258552
FILLER_0_40_390, 178.74, 119.68, 0.0258552
_5395_, 178.74, 114.24, 0.0254323
_5396_, 178.74, 114.24, 0.0254323
_5571_, 178.74, 114.24, 0.0254323
clkbuf_leaf_92_clk, 178.74, 114.24, 0.0254323
FILLER_0_38_365, 178.74, 114.24, 0.0254323
FILLER_0_38_380, 178.74, 114.24, 0.0254323
_5394_, 178.74, 108.8, 0.0246424
_5549_, 178.74, 108.8, 0.0246424
_5560_, 178.74, 108.8, 0.0246424
_5566_, 178.74, 108.8, 0.0246424
_5572_, 178.74, 108.8, 0.0246424
FILLER_0_35_363, 178.74, 108.8, 0.0246424
FILLER_0_36_365, 178.74, 108.8, 0.0246424
FILLER_0_36_390, 178.74, 108.8, 0.0246424
FILLER_0_37_380, 178.74, 108.8, 0.0246424
_5389_, 178.74, 103.36, 0.0238167
_5548_, 178.74, 103.36, 0.0238167
_5550_, 178.74, 103.36, 0.0238167
_5551_, 178.74, 103.36, 0.0238167
_5552_, 178.74, 103.36, 0.0238167
FILLER_0_34_365, 178.74, 103.36, 0.0238167
FILLER_0_34_384, 178.74, 103.36, 0.0238167
FILLER_0_35_384, 178.74, 103.36, 0.0238167
_5511_, 178.74, 97.92, 0.0232035
_5894_, 178.74, 97.92, 0.0232035
_7534_, 178.74, 97.92, 0.0232035
hold810, 178.74, 97.92, 0.0232035
_3940_, 178.74, 92.48, 0.0226124
_5495_, 178.74, 92.48, 0.0226124
_7536_, 178.74, 92.48, 0.0226124
hold612, 178.74, 92.48, 0.0226124
FILLER_0_31_386, 178.74, 92.48, 0.0226124
_4350_, 178.74, 87.04, 0.0217619
_6775_, 178.74, 87.04, 0.0217619
_6784_, 178.74, 87.04, 0.0217619
_7270_, 178.74, 87.04, 0.0217619
hold72, 178.74, 87.04, 0.0217619
FILLER_0_28_365, 178.74, 87.04, 0.0217619
FILLER_0_29_381, 178.74, 87.04, 0.0217619
FILLER_0_29_389, 178.74, 87.04, 0.0217619
_5496_, 178.74, 81.6, 0.0209943
_6840_, 178.74, 81.6, 0.0209943
_7840_, 178.74, 81.6, 0.0209943
hold629, 178.74, 81.6, 0.0209943
FILLER_0_26_376, 178.74, 81.6, 0.0209943
FILLER_0_26_384, 178.74, 81.6, 0.0209943
_5504_, 178.74, 76.16, 0.0200741
_5509_, 178.74, 76.16, 0.0200741
_6838_, 178.74, 76.16, 0.0200741
_6839_, 178.74, 76.16, 0.0200741
_7839_, 178.74, 76.16, 0.0200741
hold475, 178.74, 76.16, 0.0200741
FILLER_0_23_365, 178.74, 76.16, 0.0200741
FILLER_0_23_373, 178.74, 76.16, 0.0200741
FILLER_0_24_365, 178.74, 76.16, 0.0200741
FILLER_0_25_389, 178.74, 76.16, 0.0200741
_3637_, 178.74, 70.72, 0.0191605
_7107_, 178.74, 70.72, 0.0191605
hold601, 178.74, 70.72, 0.0191605
FILLER_0_22_389, 178.74, 70.72, 0.0191605
FILLER_0_23_384, 178.74, 70.72, 0.0191605
_7836_, 178.74, 65.28, 0.0183329
FILLER_0_20_377, 178.74, 65.28, 0.0183329
FILLER_0_21_388, 178.74, 65.28, 0.0183329
_3640_, 178.74, 59.84, 0.0175018
_5512_, 178.74, 59.84, 0.0175018
_5517_, 178.74, 59.84, 0.0175018
_6832_, 178.74, 59.84, 0.0175018
hold587, 178.74, 59.84, 0.0175018
FILLER_0_18_390, 178.74, 59.84, 0.0175018
FILLER_0_19_389, 178.74, 59.84, 0.0175018
_5480_, 178.74, 54.4, 0.0166649
_6834_, 178.74, 54.4, 0.0166649
_6841_, 178.74, 54.4, 0.0166649
_7105_, 178.74, 54.4, 0.0166649
_7837_, 178.74, 54.4, 0.0166649
hold482, 178.74, 54.4, 0.0166649
FILLER_0_15_363, 178.74, 54.4, 0.0166649
FILLER_0_16_375, 178.74, 54.4, 0.0166649
_3631_, 178.74, 48.96, 0.015827
_3632_, 178.74, 48.96, 0.015827
_5493_, 178.74, 48.96, 0.015827
_7838_, 178.74, 48.96, 0.015827
hold556, 178.74, 48.96, 0.015827
FILLER_0_14_389, 178.74, 48.96, 0.015827
_5488_, 178.74, 43.52, 0.0149535
_6792_, 178.74, 43.52, 0.0149535
_6835_, 178.74, 43.52, 0.0149535
_6871_, 178.74, 43.52, 0.0149535
wire68, 178.74, 43.52, 0.0149535
hold479, 178.74, 43.52, 0.0149535
FILLER_0_11_371, 178.74, 43.52, 0.0149535
FILLER_0_12_385, 178.74, 43.52, 0.0149535
FILLER_0_13_388, 178.74, 43.52, 0.0149535
_5457_, 178.74, 38.08, 0.0143544
_5458_, 178.74, 38.08, 0.0143544
_5470_, 178.74, 38.08, 0.0143544
_6878_, 178.74, 38.08, 0.0143544
clkbuf_leaf_86_clk, 178.74, 38.08, 0.0143544
FILLER_0_10_374, 178.74, 38.08, 0.0143544
FILLER_0_11_387, 178.74, 38.08, 0.0143544
_5456_, 178.74, 32.64, 0.0133391
_5461_, 178.74, 32.64, 0.0133391
_7854_, 178.74, 32.64, 0.0133391
hold525, 178.74, 32.64, 0.0133391
_6810_, 178.74, 27.2, 0.0129819
_6874_, 178.74, 27.2, 0.0129819
_7831_, 178.74, 27.2, 0.0129819
_6812_, 178.74, 21.76, 0.0128684
_6876_, 178.74, 21.76, 0.0128684
_7830_, 178.74, 21.76, 0.0128684
_7859_, 178.74, 21.76, 0.0128684
hold609, 178.74, 21.76, 0.0128684
hold646, 178.74, 21.76, 0.0128684
_6877_, 178.74, 16.32, 0.0126398
_7856_, 178.74, 16.32, 0.0126398
hold550, 178.74, 16.32, 0.0126398
FILLER_0_3_383, 178.74, 16.32, 0.0126398
FILLER_0_0_389, 178.74, 10.88, 0.0126563
FILLER_0_1_388, 178.74, 10.88, 0.0126563
FILLER_0_118_53, 25.14, 331.84, 0.0360637
FILLER_0_117_47, 25.14, 326.4, 0.0360437
FILLER_0_115_45, 25.14, 320.96, 0.0360265
FILLER_0_115_53, 25.14, 320.96, 0.0360265
FILLER_0_113_51, 25.14, 315.52, 0.0360369
FILLER_0_111_51, 25.14, 310.08, 0.0360198
FILLER_0_109_51, 25.14, 304.64, 0.0359275
FILLER_0_107_51, 25.14, 299.2, 0.0358149
FILLER_0_103_51, 25.14, 288.32, 0.0356369
FILLER_0_101_51, 25.14, 282.88, 0.0355352
FILLER_0_99_51, 25.14, 277.44, 0.0354029
FILLER_0_95_47, 25.14, 266.56, 0.0351904
FILLER_0_93_51, 25.14, 261.12, 0.0349628
FILLER_0_90_53, 25.14, 255.68, 0.0347757
FILLER_0_91_49, 25.14, 255.68, 0.0347757
_3831_, 25.14, 250.24, 0.0345089
_3832_, 25.14, 250.24, 0.0345089
_3833_, 25.14, 250.24, 0.0345089
hold715, 25.14, 250.24, 0.0345089
FILLER_0_87_33, 25.14, 250.24, 0.0345089
FILLER_0_88_43, 25.14, 250.24, 0.0345089
FILLER_0_89_50, 25.14, 250.24, 0.0345089
_3818_, 25.14, 244.8, 0.0343849
_3820_, 25.14, 244.8, 0.0343849
_3822_, 25.14, 244.8, 0.0343849
_3828_, 25.14, 244.8, 0.0343849
_3829_, 25.14, 244.8, 0.0343849
_3834_, 25.14, 244.8, 0.0343849
_3835_, 25.14, 244.8, 0.0343849
FILLER_0_86_41, 25.14, 244.8, 0.0343849
FILLER_0_87_45, 25.14, 244.8, 0.0343849
_3821_, 25.14, 239.36, 0.0340959
_3823_, 25.14, 239.36, 0.0340959
_3824_, 25.14, 239.36, 0.0340959
_3825_, 25.14, 239.36, 0.0340959
_3826_, 25.14, 239.36, 0.0340959
FILLER_0_83_34, 25.14, 239.36, 0.0340959
FILLER_0_84_41, 25.14, 239.36, 0.0340959
FILLER_0_85_45, 25.14, 239.36, 0.0340959
FILLER_0_85_53, 25.14, 239.36, 0.0340959
_3810_, 25.14, 233.92, 0.0338522
_3811_, 25.14, 233.92, 0.0338522
_3816_, 25.14, 233.92, 0.0338522
FILLER_0_82_53, 25.14, 233.92, 0.0338522
_3708_, 25.14, 228.48, 0.0335746
_3801_, 25.14, 228.48, 0.0335746
_3813_, 25.14, 228.48, 0.0335746
_3704_, 25.14, 223.04, 0.0331568
_3800_, 25.14, 223.04, 0.0331568
_3802_, 25.14, 223.04, 0.0331568
_3815_, 25.14, 223.04, 0.0331568
_7130_, 25.14, 223.04, 0.0331568
FILLER_0_79_46, 25.14, 223.04, 0.0331568
_3785_, 25.14, 217.6, 0.0328524
_3799_, 25.14, 217.6, 0.0328524
_3814_, 25.14, 217.6, 0.0328524
clkbuf_leaf_20_clk, 25.14, 217.6, 0.0328524
FILLER_0_76_37, 25.14, 217.6, 0.0328524
FILLER_0_77_48, 25.14, 217.6, 0.0328524
_3773_, 25.14, 212.16, 0.0325936
_3774_, 25.14, 212.16, 0.0325936
_3787_, 25.14, 212.16, 0.0325936
_3797_, 25.14, 212.16, 0.0325936
_3798_, 25.14, 212.16, 0.0325936
FILLER_0_73_34, 25.14, 212.16, 0.0325936
FILLER_0_73_42, 25.14, 212.16, 0.0325936
_3770_, 25.14, 206.72, 0.0322158
_3772_, 25.14, 206.72, 0.0322158
_3784_, 25.14, 206.72, 0.0322158
_7141_, 25.14, 206.72, 0.0322158
FILLER_0_72_40, 25.14, 206.72, 0.0322158
FILLER_0_73_48, 25.14, 206.72, 0.0322158
_3756_, 25.14, 201.28, 0.031813
_3783_, 25.14, 201.28, 0.031813
hold492, 25.14, 201.28, 0.031813
FILLER_0_69_36, 25.14, 201.28, 0.031813
FILLER_0_71_47, 25.14, 201.28, 0.031813
_3754_, 25.14, 195.84, 0.0313059
_3755_, 25.14, 195.84, 0.0313059
_3757_, 25.14, 195.84, 0.0313059
_3760_, 25.14, 195.84, 0.0313059
_3771_, 25.14, 195.84, 0.0313059
hold357, 25.14, 195.84, 0.0313059
FILLER_0_69_45, 25.14, 195.84, 0.0313059
_3761_, 25.14, 190.4, 0.0308244
hold736, 25.14, 190.4, 0.0308244
FILLER_0_67_47, 25.14, 190.4, 0.0308244
_3731_, 25.14, 184.96, 0.0303994
_3739_, 25.14, 184.96, 0.0303994
_3740_, 25.14, 184.96, 0.0303994
_3741_, 25.14, 184.96, 0.0303994
_3742_, 25.14, 184.96, 0.0303994
_3753_, 25.14, 184.96, 0.0303994
FILLER_0_64_36, 25.14, 184.96, 0.0303994
FILLER_0_65_48, 25.14, 184.96, 0.0303994
_3721_, 25.14, 179.52, 0.0298647
_3736_, 25.14, 179.52, 0.0298647
_3758_, 25.14, 179.52, 0.0298647
_3732_, 25.14, 174.08, 0.0292601
_3737_, 25.14, 174.08, 0.0292601
_3744_, 25.14, 174.08, 0.0292601
_3749_, 25.14, 174.08, 0.0292601
_3680_, 25.14, 168.64, 0.0286142
_3735_, 25.14, 168.64, 0.0286142
hold540, 25.14, 168.64, 0.0286142
FILLER_0_59_45, 25.14, 168.64, 0.0286142
FILLER_0_59_53, 25.14, 168.64, 0.0286142
_3665_, 25.14, 163.2, 0.0280819
_3733_, 25.14, 163.2, 0.0280819
_3734_, 25.14, 163.2, 0.0280819
clkbuf_leaf_4_clk, 25.14, 163.2, 0.0280819
FILLER_0_55_37, 25.14, 163.2, 0.0280819
FILLER_0_57_53, 25.14, 163.2, 0.0280819
_3668_, 25.14, 157.76, 0.0273973
hold315, 25.14, 157.76, 0.0273973
FILLER_0_55_45, 25.14, 157.76, 0.0273973
FILLER_0_55_53, 25.14, 157.76, 0.0273973
_4533_, 25.14, 152.32, 0.0268003
_7113_, 25.14, 152.32, 0.0268003
hold51, 25.14, 152.32, 0.0268003
load_slew5, 25.14, 152.32, 0.0268003
FILLER_0_53_52, 25.14, 152.32, 0.0268003
_7315_, 25.14, 146.88, 0.0261163
hold248, 25.14, 146.88, 0.0261163
FILLER_0_51_53, 25.14, 146.88, 0.0261163
_4535_, 25.14, 141.44, 0.0253853
_7316_, 25.14, 141.44, 0.0253853
hold52, 25.14, 141.44, 0.0253853
FILLER_0_48_37, 25.14, 141.44, 0.0253853
_4607_, 25.14, 136, 0.0245979
_4616_, 25.14, 136, 0.0245979
clkbuf_leaf_3_clk, 25.14, 136, 0.0245979
FILLER_0_46_54, 25.14, 136, 0.0245979
FILLER_0_47_48, 25.14, 136, 0.0245979
_4606_, 25.14, 130.56, 0.0237971
_4608_, 25.14, 130.56, 0.0237971
_4617_, 25.14, 130.56, 0.0237971
_4618_, 25.14, 130.56, 0.0237971
_7333_, 25.14, 130.56, 0.0237971
FILLER_0_43_41, 25.14, 130.56, 0.0237971
_4619_, 25.14, 125.12, 0.0229572
_4623_, 25.14, 125.12, 0.0229572
_4624_, 25.14, 125.12, 0.0229572
_4627_, 25.14, 125.12, 0.0229572
_4631_, 25.14, 125.12, 0.0229572
FILLER_0_41_41, 25.14, 125.12, 0.0229572
_4602_, 25.14, 119.68, 0.0220705
_4604_, 25.14, 119.68, 0.0220705
_4625_, 25.14, 119.68, 0.0220705
_4628_, 25.14, 119.68, 0.0220705
_4632_, 25.14, 119.68, 0.0220705
FILLER_0_41_48, 25.14, 119.68, 0.0220705
_4592_, 25.14, 114.24, 0.0212679
_4605_, 25.14, 114.24, 0.0212679
_4629_, 25.14, 114.24, 0.0212679
FILLER_0_37_34, 25.14, 114.24, 0.0212679
_4512_, 25.14, 108.8, 0.0204862
_7331_, 25.14, 108.8, 0.0204862
hold265, 25.14, 108.8, 0.0204862
FILLER_0_37_53, 25.14, 108.8, 0.0204862
_4594_, 25.14, 103.36, 0.0194663
_4510_, 25.14, 97.92, 0.0186891
_4574_, 25.14, 97.92, 0.0186891
_4579_, 25.14, 97.92, 0.0186891
_4580_, 25.14, 97.92, 0.0186891
FILLER_0_32_53, 25.14, 97.92, 0.0186891
_4575_, 25.14, 92.48, 0.0176139
_4577_, 25.14, 92.48, 0.0176139
_4578_, 25.14, 92.48, 0.0176139
hold302, 25.14, 92.48, 0.0176139
FILLER_0_30_33, 25.14, 92.48, 0.0176139
FILLER_0_30_52, 25.14, 92.48, 0.0176139
FILLER_0_31_49, 25.14, 92.48, 0.0176139
_4555_, 25.14, 87.04, 0.0167031
_4561_, 25.14, 87.04, 0.0167031
_4563_, 25.14, 87.04, 0.0167031
_4576_, 25.14, 87.04, 0.0167031
clkbuf_leaf_107_clk, 25.14, 87.04, 0.0167031
FILLER_0_28_56, 25.14, 87.04, 0.0167031
FILLER_0_29_50, 25.14, 87.04, 0.0167031
_4511_, 25.14, 81.6, 0.0155816
FILLER_0_26_37, 25.14, 81.6, 0.0155816
FILLER_0_26_54, 25.14, 81.6, 0.0155816
FILLER_0_27_52, 25.14, 81.6, 0.0155816
_3936_, 25.14, 76.16, 0.0146085
_4710_, 25.14, 76.16, 0.0146085
hold183, 25.14, 76.16, 0.0146085
FILLER_0_24_32, 25.14, 76.16, 0.0146085
FILLER_0_24_40, 25.14, 76.16, 0.0146085
FILLER_0_25_51, 25.14, 76.16, 0.0146085
clkbuf_leaf_106_clk, 25.14, 70.72, 0.0134243
hold184, 25.14, 70.72, 0.0134243
hold787, 25.14, 70.72, 0.0134243
FILLER_0_22_49, 25.14, 70.72, 0.0134243
FILLER_0_23_51, 25.14, 70.72, 0.0134243
_7358_, 25.14, 65.28, 0.0122921
FILLER_0_20_41, 25.14, 65.28, 0.0122921
FILLER_0_18_53, 25.14, 59.84, 0.0111097
FILLER_0_19_51, 25.14, 59.84, 0.0111097
FILLER_0_17_51, 25.14, 54.4, 0.00991063
_7372_, 25.14, 48.96, 0.00866156
FILLER_0_14_41, 25.14, 48.96, 0.00866156
FILLER_0_14_49, 25.14, 48.96, 0.00866156
FILLER_0_15_51, 25.14, 48.96, 0.00866156
FILLER_0_13_51, 25.14, 43.52, 0.00743447
FILLER_0_11_51, 25.14, 38.08, 0.0061427
FILLER_0_9_51, 25.14, 32.64, 0.00473539
FILLER_0_7_51, 25.14, 27.2, 0.00435045
FILLER_0_5_51, 25.14, 21.76, 0.00443469
FILLER_0_3_51, 25.14, 16.32, 0.00447183
FILLER_0_0_46, 25.14, 10.88, 0.0045088
FILLER_0_1_51, 25.14, 10.88, 0.0045088
PHY_234, 5.52, 331.84, 0.0360891
PHY_236, 5.52, 331.84, 0.0360891
output56, 5.52, 331.84, 0.0360891
PHY_235, 331.2, 331.84, 0.0388432
PHY_237, 331.2, 331.84, 0.0388432
input16, 331.2, 331.84, 0.0388432
FILLER_0_117_697, 331.2, 331.84, 0.0388432
FILLER_0_118_21, 15.33, 331.84, 0.0360764
input15, 37.94, 331.84, 0.0362869
FILLER_0_118_57, 37.94, 331.84, 0.0362869
input29, 50.74, 331.84, 0.0365087
FILLER_0_118_97, 50.74, 331.84, 0.0365087
FILLER_0_118_105, 50.74, 331.84, 0.0365087
_7694_, 63.54, 331.84, 0.0367304
FILLER_0_118_137, 63.54, 331.84, 0.0367304
_7254_, 76.34, 331.84, 0.0369175
output59, 76.34, 331.84, 0.0369175
FILLER_0_118_153, 76.34, 331.84, 0.0369175
FILLER_0_118_163, 76.34, 331.84, 0.0369175
hold742, 89.14, 331.84, 0.0370821
FILLER_0_118_193, 89.14, 331.84, 0.0370821
_6272_, 101.94, 331.84, 0.0372428
_7695_, 101.94, 331.84, 0.0372428
input30, 101.94, 331.84, 0.0372428
FILLER_0_118_197, 101.94, 331.84, 0.0372428
FILLER_0_118_203, 101.94, 331.84, 0.0372428
FILLER_0_118_221, 101.94, 331.84, 0.0372428
input20, 114.74, 331.84, 0.0373852
FILLER_0_118_237, 114.74, 331.84, 0.0373852
FILLER_0_118_245, 114.74, 331.84, 0.0373852
FILLER_0_118_277, 127.54, 331.84, 0.0375266
_7603_, 140.34, 331.84, 0.0376679
output41, 140.34, 331.84, 0.0376679
FILLER_0_118_293, 140.34, 331.84, 0.0376679
FILLER_0_118_303, 140.34, 331.84, 0.0376679
hold724, 153.14, 331.84, 0.0377786
FILLER_0_118_329, 153.14, 331.84, 0.0377786
_7611_, 165.94, 331.84, 0.0378832
output37, 165.94, 331.84, 0.0378832
hold707, 165.94, 331.84, 0.0378832
FILLER_0_118_337, 165.94, 331.84, 0.0378832
_4320_, 191.445, 331.84, 0.0381527
_7592_, 191.445, 331.84, 0.0381527
output61, 191.445, 331.84, 0.0381527
hold773, 191.445, 331.84, 0.0381527
FILLER_0_117_396, 191.445, 331.84, 0.0381527
_7613_, 204.15, 331.84, 0.0383107
output39, 204.15, 331.84, 0.0383107
FILLER_0_118_433, 204.15, 331.84, 0.0383107
FILLER_0_118_443, 204.15, 331.84, 0.0383107
_7754_, 216.855, 331.84, 0.0384464
FILLER_0_118_473, 216.855, 331.84, 0.0384464
_5872_, 229.56, 331.84, 0.0385647
output48, 229.56, 331.84, 0.0385647
hold735, 229.56, 331.84, 0.0385647
FILLER_0_118_500, 229.56, 331.84, 0.0385647
_6520_, 242.265, 331.84, 0.0386643
_6521_, 242.265, 331.84, 0.0386643
_6534_, 242.265, 331.84, 0.0386643
FILLER_0_118_509, 242.265, 331.84, 0.0386643
_7753_, 254.97, 331.84, 0.0387461
input1, 254.97, 331.84, 0.0387461
hold228, 254.97, 331.84, 0.0387461
_7253_, 267.675, 331.84, 0.0387998
output58, 267.675, 331.84, 0.0387998
hold785, 267.675, 331.84, 0.0387998
FILLER_0_118_561, 267.675, 331.84, 0.0387998
FILLER_0_118_583, 267.675, 331.84, 0.0387998
_6440_, 280.38, 331.84, 0.0388272
_7736_, 280.38, 331.84, 0.0388272
FILLER_0_117_593, 280.38, 331.84, 0.0388272
FILLER_0_118_601, 280.38, 331.84, 0.0388272
FILLER_0_118_609, 280.38, 331.84, 0.0388272
_6439_, 293.085, 331.84, 0.0388363
input28, 293.085, 331.84, 0.0388363
FILLER_0_118_617, 293.085, 331.84, 0.0388363
FILLER_0_118_641, 305.79, 331.84, 0.0388387
input27, 318.495, 331.84, 0.0388411
FILLER_0_117_669, 318.495, 331.84, 0.0388411
FILLER_0_118_669, 318.495, 331.84, 0.0388411
FILLER_0_118_690, 318.495, 331.84, 0.0388411
_7251_, 5.52, 326.4, 0.0360714
PHY_230, 5.52, 326.4, 0.0360714
PHY_232, 5.52, 326.4, 0.0360714
ANTENNA_15, 5.52, 326.4, 0.0360714
FILLER_0_116_3, 5.52, 326.4, 0.0360714
PHY_231, 331.2, 326.4, 0.0394213
PHY_233, 331.2, 326.4, 0.0394213
input3, 331.2, 326.4, 0.0394213
FILLER_0_115_697, 331.2, 326.4, 0.0394213
_4298_, 15.33, 326.4, 0.0360604
FILLER_0_116_20, 15.33, 326.4, 0.0360604
FILLER_0_116_77, 37.94, 326.4, 0.0362509
_6269_, 50.74, 326.4, 0.036458
_6270_, 50.74, 326.4, 0.036458
FILLER_0_117_105, 50.74, 326.4, 0.036458
FILLER_0_116_130, 63.54, 326.4, 0.0366548
_4311_, 76.34, 326.4, 0.0368516
_4312_, 76.34, 326.4, 0.0368516
FILLER_0_116_153, 76.34, 326.4, 0.0368516
FILLER_0_117_189, 89.14, 326.4, 0.037043
_5376_, 101.94, 326.4, 0.0372344
_6271_, 101.94, 326.4, 0.0372344
FILLER_0_116_197, 101.94, 326.4, 0.0372344
FILLER_0_116_211, 101.94, 326.4, 0.0372344
FILLER_0_117_217, 101.94, 326.4, 0.0372344
FILLER_0_116_248, 114.74, 326.4, 0.0373788
FILLER_0_117_273, 127.54, 326.4, 0.0375232
_5843_, 140.34, 326.4, 0.0376676
_5844_, 140.34, 326.4, 0.0376676
FILLER_0_116_305, 140.34, 326.4, 0.0376676
FILLER_0_116_333, 153.14, 326.4, 0.0377995
_5876_, 165.94, 326.4, 0.0379315
_5877_, 165.94, 326.4, 0.0379315
_7590_, 165.94, 326.4, 0.0379315
_7591_, 165.94, 326.4, 0.0379315
FILLER_0_116_344, 165.94, 326.4, 0.0379315
FILLER_0_116_356, 165.94, 326.4, 0.0379315
FILLER_0_117_357, 165.94, 326.4, 0.0379315
_5771_, 191.445, 326.4, 0.0382745
_5773_, 191.445, 326.4, 0.0382745
FILLER_0_115_393, 191.445, 326.4, 0.0382745
FILLER_0_116_410, 191.445, 326.4, 0.0382745
_5884_, 204.15, 326.4, 0.0385217
_5885_, 204.15, 326.4, 0.0385217
_6473_, 204.15, 326.4, 0.0385217
hold508, 204.15, 326.4, 0.0385217
hold726, 204.15, 326.4, 0.0385217
_5873_, 216.855, 326.4, 0.0387469
_6530_, 216.855, 326.4, 0.0387469
_6532_, 216.855, 326.4, 0.0387469
_7610_, 216.855, 326.4, 0.0387469
hold179, 216.855, 326.4, 0.0387469
hold180, 216.855, 326.4, 0.0387469
FILLER_0_116_447, 216.855, 326.4, 0.0387469
FILLER_0_116_464, 216.855, 326.4, 0.0387469
FILLER_0_116_471, 216.855, 326.4, 0.0387469
_6535_, 229.56, 326.4, 0.038918
_6549_, 229.56, 326.4, 0.038918
_7767_, 229.56, 326.4, 0.038918
FILLER_0_115_475, 229.56, 326.4, 0.038918
FILLER_0_116_477, 229.56, 326.4, 0.038918
FILLER_0_116_500, 229.56, 326.4, 0.038918
FILLER_0_117_489, 229.56, 326.4, 0.038918
_6451_, 242.265, 326.4, 0.0390658
_6472_, 242.265, 326.4, 0.0390658
_6508_, 242.265, 326.4, 0.0390658
_6519_, 242.265, 326.4, 0.0390658
hold414, 242.265, 326.4, 0.0390658
FILLER_0_117_518, 242.265, 326.4, 0.0390658
_4307_, 254.97, 326.4, 0.0391859
_4308_, 254.97, 326.4, 0.0391859
_6449_, 254.97, 326.4, 0.0391859
_6506_, 254.97, 326.4, 0.0391859
_6507_, 254.97, 326.4, 0.0391859
FILLER_0_116_551, 254.97, 326.4, 0.0391859
_6450_, 267.675, 326.4, 0.0392847
_6452_, 267.675, 326.4, 0.0392847
_7741_, 267.675, 326.4, 0.0392847
FILLER_0_115_557, 267.675, 326.4, 0.0392847
FILLER_0_115_568, 267.675, 326.4, 0.0392847
_7740_, 280.38, 326.4, 0.0393572
FILLER_0_115_594, 280.38, 326.4, 0.0393572
FILLER_0_116_609, 280.38, 326.4, 0.0393572
_5650_, 293.085, 326.4, 0.0394166
_6437_, 293.085, 326.4, 0.0394166
_6438_, 293.085, 326.4, 0.0394166
_7735_, 293.085, 326.4, 0.0394166
FILLER_0_115_613, 293.085, 326.4, 0.0394166
FILLER_0_116_637, 293.085, 326.4, 0.0394166
FILLER_0_117_661, 305.79, 326.4, 0.0394182
FILLER_0_115_667, 318.495, 326.4, 0.0394198
FILLER_0_116_693, 318.495, 326.4, 0.0394198
_4299_, 5.52, 320.96, 0.0360336
PHY_226, 5.52, 320.96, 0.0360336
PHY_228, 5.52, 320.96, 0.0360336
FILLER_0_115_3, 5.52, 320.96, 0.0360336
PHY_227, 331.2, 320.96, 0.0398469
PHY_229, 331.2, 320.96, 0.0398469
FILLER_0_113_697, 331.2, 320.96, 0.0398469
FILLER_0_114_701, 331.2, 320.96, 0.0398469
FILLER_0_114_77, 37.94, 320.96, 0.0362574
FILLER_0_115_105, 50.74, 320.96, 0.0364884
FILLER_0_114_133, 63.54, 320.96, 0.0367193
FILLER_0_115_161, 76.34, 320.96, 0.0369502
_7415_, 89.14, 320.96, 0.0371812
FILLER_0_113_169, 89.14, 320.96, 0.0371812
FILLER_0_114_189, 89.14, 320.96, 0.0371812
_4979_, 101.94, 320.96, 0.0373947
_7416_, 101.94, 320.96, 0.0373947
FILLER_0_114_197, 101.94, 320.96, 0.0373947
FILLER_0_115_217, 101.94, 320.96, 0.0373947
_7417_, 114.74, 320.96, 0.0375809
hold862, 114.74, 320.96, 0.0375809
FILLER_0_113_225, 114.74, 320.96, 0.0375809
FILLER_0_114_244, 114.74, 320.96, 0.0375809
_5179_, 127.54, 320.96, 0.0377361
_7460_, 127.54, 320.96, 0.0377361
hold681, 127.54, 320.96, 0.0377361
FILLER_0_114_265, 127.54, 320.96, 0.0377361
FILLER_0_115_273, 127.54, 320.96, 0.0377361
_5182_, 140.34, 320.96, 0.0378639
_5187_, 140.34, 320.96, 0.0378639
_5188_, 140.34, 320.96, 0.0378639
_7461_, 140.34, 320.96, 0.0378639
hold721, 153.14, 320.96, 0.0379569
FILLER_0_114_329, 153.14, 320.96, 0.0379569
FILLER_0_115_329, 153.14, 320.96, 0.0379569
_5746_, 165.94, 320.96, 0.038043
_5747_, 165.94, 320.96, 0.038043
_5748_, 165.94, 320.96, 0.038043
_5766_, 165.94, 320.96, 0.038043
hold350, 165.94, 320.96, 0.038043
FILLER_0_114_356, 165.94, 320.96, 0.038043
FILLER_0_115_357, 165.94, 320.96, 0.038043
_5663_, 191.445, 320.96, 0.0384718
_5770_, 191.445, 320.96, 0.0384718
_5772_, 191.445, 320.96, 0.0384718
_5784_, 191.445, 320.96, 0.0384718
_5786_, 191.445, 320.96, 0.0384718
clkbuf_leaf_47_clk, 191.445, 320.96, 0.0384718
FILLER_0_114_405, 191.445, 320.96, 0.0384718
_6531_, 204.15, 320.96, 0.0387589
_7564_, 204.15, 320.96, 0.0387589
_7755_, 204.15, 320.96, 0.0387589
FILLER_0_115_442, 204.15, 320.96, 0.0387589
_6453_, 216.855, 320.96, 0.0390122
_6544_, 216.855, 320.96, 0.0390122
_6545_, 216.855, 320.96, 0.0390122
hold210, 216.855, 320.96, 0.0390122
FILLER_0_113_457, 216.855, 320.96, 0.0390122
_6522_, 229.56, 320.96, 0.0392439
_6529_, 229.56, 320.96, 0.0392439
_6536_, 229.56, 320.96, 0.0392439
_6550_, 229.56, 320.96, 0.0392439
hold227, 229.56, 320.96, 0.0392439
FILLER_0_113_486, 229.56, 320.96, 0.0392439
FILLER_0_114_477, 229.56, 320.96, 0.0392439
FILLER_0_114_489, 229.56, 320.96, 0.0392439
FILLER_0_115_500, 229.56, 320.96, 0.0392439
_6509_, 242.265, 320.96, 0.0394408
_6523_, 242.265, 320.96, 0.0394408
_6524_, 242.265, 320.96, 0.0394408
_6525_, 242.265, 320.96, 0.0394408
_6526_, 242.265, 320.96, 0.0394408
FILLER_0_113_510, 242.265, 320.96, 0.0394408
FILLER_0_114_522, 242.265, 320.96, 0.0394408
FILLER_0_115_517, 242.265, 320.96, 0.0394408
_6497_, 254.97, 320.96, 0.0396087
_6498_, 254.97, 320.96, 0.0396087
_6499_, 254.97, 320.96, 0.0396087
_6512_, 254.97, 320.96, 0.0396087
FILLER_0_114_533, 254.97, 320.96, 0.0396087
_6454_, 267.675, 320.96, 0.0397523
_7765_, 267.675, 320.96, 0.0397523
clkbuf_leaf_53_clk, 267.675, 320.96, 0.0397523
hold719, 267.675, 320.96, 0.0397523
FILLER_0_113_557, 267.675, 320.96, 0.0397523
FILLER_0_114_569, 267.675, 320.96, 0.0397523
_7742_, 280.38, 320.96, 0.0398146
hold202, 280.38, 320.96, 0.0398146
hold245, 280.38, 320.96, 0.0398146
FILLER_0_113_597, 280.38, 320.96, 0.0398146
FILLER_0_115_602, 280.38, 320.96, 0.0398146
_5647_, 293.085, 320.96, 0.0398469
hold169, 293.085, 320.96, 0.0398469
FILLER_0_114_633, 293.085, 320.96, 0.0398469
FILLER_0_114_641, 305.79, 320.96, 0.0398469
FILLER_0_113_669, 318.495, 320.96, 0.0398469
FILLER_0_114_693, 318.495, 320.96, 0.0398469
PHY_222, 5.52, 315.52, 0.0360377
PHY_224, 5.52, 315.52, 0.0360377
input33, 5.52, 315.52, 0.0360377
PHY_223, 331.2, 315.52, 0.0394063
PHY_225, 331.2, 315.52, 0.0394063
FILLER_0_111_697, 331.2, 315.52, 0.0394063
FILLER_0_112_701, 331.2, 315.52, 0.0394063
FILLER_0_112_18, 15.33, 315.52, 0.0360373
FILLER_0_112_77, 37.94, 315.52, 0.0363283
FILLER_0_113_105, 50.74, 315.52, 0.0366198
FILLER_0_112_133, 63.54, 315.52, 0.0369113
clkbuf_leaf_26_clk, 76.34, 315.52, 0.0372027
FILLER_0_113_161, 76.34, 315.52, 0.0372027
_4968_, 89.14, 315.52, 0.03744
_4970_, 89.14, 315.52, 0.03744
_4982_, 89.14, 315.52, 0.03744
hold667, 89.14, 315.52, 0.03744
FILLER_0_111_169, 89.14, 315.52, 0.03744
FILLER_0_112_173, 89.14, 315.52, 0.03744
FILLER_0_112_187, 89.14, 315.52, 0.03744
_4976_, 101.94, 315.52, 0.0376656
_4977_, 101.94, 315.52, 0.0376656
_4978_, 101.94, 315.52, 0.0376656
_4993_, 101.94, 315.52, 0.0376656
FILLER_0_111_199, 101.94, 315.52, 0.0376656
FILLER_0_112_197, 101.94, 315.52, 0.0376656
FILLER_0_113_221, 101.94, 315.52, 0.0376656
_4990_, 114.74, 315.52, 0.0378718
_4991_, 114.74, 315.52, 0.0378718
_4992_, 114.74, 315.52, 0.0378718
clkbuf_leaf_30_clk, 114.74, 315.52, 0.0378718
FILLER_0_112_249, 114.74, 315.52, 0.0378718
_4672_, 127.54, 315.52, 0.0380203
_5178_, 127.54, 315.52, 0.0380203
_5180_, 127.54, 315.52, 0.0380203
_5181_, 127.54, 315.52, 0.0380203
_5190_, 127.54, 315.52, 0.0380203
FILLER_0_112_253, 127.54, 315.52, 0.0380203
_5175_, 140.34, 315.52, 0.0381061
_5186_, 140.34, 315.52, 0.0381061
_5193_, 140.34, 315.52, 0.0381061
_7462_, 140.34, 315.52, 0.0381061
FILLER_0_111_293, 140.34, 315.52, 0.0381061
FILLER_0_113_296, 140.34, 315.52, 0.0381061
_5735_, 153.14, 315.52, 0.0381549
_5737_, 153.14, 315.52, 0.0381549
clkbuf_leaf_32_clk, 153.14, 315.52, 0.0381549
hold685, 153.14, 315.52, 0.0381549
FILLER_0_113_327, 153.14, 315.52, 0.0381549
_5662_, 165.94, 315.52, 0.0381339
_5732_, 165.94, 315.52, 0.0381339
_5733_, 165.94, 315.52, 0.0381339
_5734_, 165.94, 315.52, 0.0381339
_5739_, 165.94, 315.52, 0.0381339
_5740_, 165.94, 315.52, 0.0381339
_5753_, 165.94, 315.52, 0.0381339
FILLER_0_111_346, 165.94, 315.52, 0.0381339
FILLER_0_113_355, 165.94, 315.52, 0.0381339
_5665_, 191.445, 315.52, 0.0383498
_5774_, 191.445, 315.52, 0.0383498
_5785_, 191.445, 315.52, 0.0383498
_7565_, 191.445, 315.52, 0.0383498
FILLER_0_111_393, 191.445, 315.52, 0.0383498
FILLER_0_112_404, 191.445, 315.52, 0.0383498
FILLER_0_113_410, 191.445, 315.52, 0.0383498
_5661_, 204.15, 315.52, 0.0386042
_6474_, 204.15, 315.52, 0.0386042
_7563_, 204.15, 315.52, 0.0386042
hold209, 204.15, 315.52, 0.0386042
FILLER_0_112_445, 204.15, 315.52, 0.0386042
_6533_, 216.855, 315.52, 0.0388238
_6540_, 216.855, 315.52, 0.0388238
_6541_, 216.855, 315.52, 0.0388238
_6542_, 216.855, 315.52, 0.0388238
FILLER_0_112_467, 216.855, 315.52, 0.0388238
_6528_, 229.56, 315.52, 0.0390149
_6538_, 229.56, 315.52, 0.0390149
_6548_, 229.56, 315.52, 0.0390149
clkbuf_leaf_49_clk, 229.56, 315.52, 0.0390149
hold416, 229.56, 315.52, 0.0390149
FILLER_0_111_484, 229.56, 315.52, 0.0390149
_6510_, 242.265, 315.52, 0.0391391
_6513_, 242.265, 315.52, 0.0391391
_6514_, 242.265, 315.52, 0.0391391
_6518_, 242.265, 315.52, 0.0391391
_6527_, 242.265, 315.52, 0.0391391
_6547_, 242.265, 315.52, 0.0391391
FILLER_0_112_517, 242.265, 315.52, 0.0391391
FILLER_0_112_527, 242.265, 315.52, 0.0391391
_6511_, 254.97, 315.52, 0.0392329
hold343, 254.97, 315.52, 0.0392329
FILLER_0_111_540, 254.97, 315.52, 0.0392329
FILLER_0_112_545, 254.97, 315.52, 0.0392329
FILLER_0_112_555, 254.97, 315.52, 0.0392329
_6501_, 267.675, 315.52, 0.0393185
_6502_, 267.675, 315.52, 0.0393185
_6503_, 267.675, 315.52, 0.0393185
_6505_, 267.675, 315.52, 0.0393185
FILLER_0_111_567, 267.675, 315.52, 0.0393185
FILLER_0_113_581, 267.675, 315.52, 0.0393185
_6640_, 280.38, 315.52, 0.0393839
_6641_, 280.38, 315.52, 0.0393839
_7795_, 280.38, 315.52, 0.0393839
hold246, 280.38, 315.52, 0.0393839
FILLER_0_112_589, 280.38, 315.52, 0.0393839
_7796_, 293.085, 315.52, 0.0394063
FILLER_0_112_638, 293.085, 315.52, 0.0394063
FILLER_0_113_661, 305.79, 315.52, 0.0394063
FILLER_0_112_693, 318.495, 315.52, 0.0394063
PHY_218, 5.52, 310.08, 0.0360198
PHY_220, 5.52, 310.08, 0.0360198
PHY_219, 331.2, 310.08, 0.0398753
PHY_221, 331.2, 310.08, 0.0398753
FILLER_0_109_697, 331.2, 310.08, 0.0398753
FILLER_0_110_701, 331.2, 310.08, 0.0398753
FILLER_0_110_77, 37.94, 310.08, 0.036351
_5829_, 50.74, 310.08, 0.0366822
_7599_, 50.74, 310.08, 0.0366822
FILLER_0_110_97, 50.74, 310.08, 0.0366822
FILLER_0_111_105, 50.74, 310.08, 0.0366822
_5374_, 63.54, 310.08, 0.0369677
_5828_, 63.54, 310.08, 0.0369677
_7504_, 63.54, 310.08, 0.0369677
FILLER_0_109_122, 63.54, 310.08, 0.0369677
_4955_, 76.34, 310.08, 0.0372076
_7414_, 76.34, 310.08, 0.0372076
FILLER_0_109_143, 76.34, 310.08, 0.0372076
FILLER_0_110_162, 76.34, 310.08, 0.0372076
FILLER_0_111_162, 76.34, 310.08, 0.0372076
_4964_, 89.14, 310.08, 0.0374231
_4967_, 89.14, 310.08, 0.0374231
_4969_, 89.14, 310.08, 0.0374231
_4972_, 89.14, 310.08, 0.0374231
_4980_, 89.14, 310.08, 0.0374231
_4981_, 89.14, 310.08, 0.0374231
FILLER_0_110_180, 89.14, 310.08, 0.0374231
FILLER_0_110_187, 89.14, 310.08, 0.0374231
_4971_, 101.94, 310.08, 0.0376166
_4975_, 101.94, 310.08, 0.0376166
_4983_, 101.94, 310.08, 0.0376166
_4984_, 101.94, 310.08, 0.0376166
FILLER_0_109_200, 101.94, 310.08, 0.0376166
FILLER_0_110_209, 101.94, 310.08, 0.0376166
FILLER_0_110_217, 101.94, 310.08, 0.0376166
_4985_, 114.74, 310.08, 0.0377986
_4986_, 114.74, 310.08, 0.0377986
_4987_, 114.74, 310.08, 0.0377986
_4988_, 114.74, 310.08, 0.0377986
_4989_, 114.74, 310.08, 0.0377986
_5378_, 114.74, 310.08, 0.0377986
_7505_, 114.74, 310.08, 0.0377986
FILLER_0_109_225, 114.74, 310.08, 0.0377986
FILLER_0_109_235, 114.74, 310.08, 0.0377986
_5377_, 127.54, 310.08, 0.0379459
clkbuf_leaf_31_clk, 127.54, 310.08, 0.0379459
FILLER_0_110_262, 127.54, 310.08, 0.0379459
FILLER_0_111_273, 127.54, 310.08, 0.0379459
_5167_, 140.34, 310.08, 0.0380405
_5176_, 140.34, 310.08, 0.0380405
_5183_, 140.34, 310.08, 0.0380405
_5184_, 140.34, 310.08, 0.0380405
_5189_, 140.34, 310.08, 0.0380405
_5191_, 140.34, 310.08, 0.0380405
_5192_, 140.34, 310.08, 0.0380405
FILLER_0_110_290, 140.34, 310.08, 0.0380405
_5185_, 153.14, 310.08, 0.0380942
_5729_, 153.14, 310.08, 0.0380942
_5736_, 153.14, 310.08, 0.0380942
_7589_, 153.14, 310.08, 0.0380942
FILLER_0_110_314, 153.14, 310.08, 0.0380942
FILLER_0_111_325, 153.14, 310.08, 0.0380942
FILLER_0_111_333, 153.14, 310.08, 0.0380942
_5660_, 165.94, 310.08, 0.0381084
_5726_, 165.94, 310.08, 0.0381084
_5728_, 165.94, 310.08, 0.0381084
_5738_, 165.94, 310.08, 0.0381084
hold485, 165.94, 310.08, 0.0381084
FILLER_0_109_337, 165.94, 310.08, 0.0381084
FILLER_0_110_337, 165.94, 310.08, 0.0381084
FILLER_0_110_361, 165.94, 310.08, 0.0381084
_5761_, 191.445, 310.08, 0.0384451
_5762_, 191.445, 310.08, 0.0384451
_5765_, 191.445, 310.08, 0.0384451
_5775_, 191.445, 310.08, 0.0384451
_5780_, 191.445, 310.08, 0.0384451
FILLER_0_109_393, 191.445, 310.08, 0.0384451
FILLER_0_111_412, 191.445, 310.08, 0.0384451
_5781_, 204.15, 310.08, 0.0387574
clkbuf_leaf_48_clk, 204.15, 310.08, 0.0387574
FILLER_0_110_424, 204.15, 310.08, 0.0387574
_6543_, 216.855, 310.08, 0.0390236
_6546_, 216.855, 310.08, 0.0390236
_6552_, 216.855, 310.08, 0.0390236
_6553_, 216.855, 310.08, 0.0390236
_6555_, 216.855, 310.08, 0.0390236
hold464, 216.855, 310.08, 0.0390236
FILLER_0_109_449, 216.855, 310.08, 0.0390236
FILLER_0_110_453, 216.855, 310.08, 0.0390236
_6537_, 229.56, 310.08, 0.0392554
_6564_, 229.56, 310.08, 0.0392554
_6565_, 229.56, 310.08, 0.0392554
_6566_, 229.56, 310.08, 0.0392554
_7768_, 229.56, 310.08, 0.0392554
FILLER_0_110_477, 229.56, 310.08, 0.0392554
FILLER_0_111_493, 229.56, 310.08, 0.0392554
_6515_, 242.265, 310.08, 0.0394494
_6516_, 242.265, 310.08, 0.0394494
_6517_, 242.265, 310.08, 0.0394494
FILLER_0_110_516, 242.265, 310.08, 0.0394494
_6496_, 254.97, 310.08, 0.0396147
_6500_, 254.97, 310.08, 0.0396147
_6504_, 254.97, 310.08, 0.0396147
_7766_, 254.97, 310.08, 0.0396147
hold303, 254.97, 310.08, 0.0396147
FILLER_0_109_529, 254.97, 310.08, 0.0396147
_6447_, 267.675, 310.08, 0.0397325
_6448_, 267.675, 310.08, 0.0397325
_7739_, 267.675, 310.08, 0.0397325
FILLER_0_110_573, 267.675, 310.08, 0.0397325
_6639_, 280.38, 310.08, 0.039827
_7794_, 280.38, 310.08, 0.039827
hold168, 280.38, 310.08, 0.039827
hold172, 280.38, 310.08, 0.039827
FILLER_0_109_593, 280.38, 310.08, 0.039827
FILLER_0_110_589, 280.38, 310.08, 0.039827
FILLER_0_111_610, 280.38, 310.08, 0.039827
clkbuf_leaf_54_clk, 293.085, 310.08, 0.0398753
FILLER_0_111_664, 305.79, 310.08, 0.0398753
FILLER_0_109_669, 318.495, 310.08, 0.0398753
FILLER_0_110_693, 318.495, 310.08, 0.0398753
PHY_214, 5.52, 304.64, 0.0359275
PHY_216, 5.52, 304.64, 0.0359275
PHY_215, 331.2, 304.64, 0.0395264
PHY_217, 331.2, 304.64, 0.0395264
input10, 331.2, 304.64, 0.0395264
FILLER_0_107_697, 331.2, 304.64, 0.0395264
FILLER_0_108_701, 331.2, 304.64, 0.0395264
FILLER_0_108_77, 37.94, 304.64, 0.0362219
FILLER_0_109_105, 50.74, 304.64, 0.0365164
_4671_, 63.54, 304.64, 0.0368109
_5375_, 63.54, 304.64, 0.0368109
_7340_, 63.54, 304.64, 0.0368109
FILLER_0_107_113, 63.54, 304.64, 0.0368109
FILLER_0_108_121, 63.54, 304.64, 0.0368109
_4940_, 76.34, 304.64, 0.0370689
_4942_, 76.34, 304.64, 0.0370689
_4944_, 76.34, 304.64, 0.0370689
_4953_, 76.34, 304.64, 0.0370689
_4954_, 76.34, 304.64, 0.0370689
FILLER_0_107_145, 76.34, 304.64, 0.0370689
FILLER_0_108_158, 76.34, 304.64, 0.0370689
FILLER_0_109_160, 76.34, 304.64, 0.0370689
_4949_, 89.14, 304.64, 0.0373033
_4952_, 89.14, 304.64, 0.0373033
_4962_, 89.14, 304.64, 0.0373033
_4965_, 89.14, 304.64, 0.0373033
_4966_, 89.14, 304.64, 0.0373033
FILLER_0_108_192, 89.14, 304.64, 0.0373033
FILLER_0_109_187, 89.14, 304.64, 0.0373033
_4957_, 101.94, 304.64, 0.0374926
_4958_, 101.94, 304.64, 0.0374926
_4959_, 101.94, 304.64, 0.0374926
_4973_, 101.94, 304.64, 0.0374926
_4974_, 101.94, 304.64, 0.0374926
FILLER_0_109_218, 101.94, 304.64, 0.0374926
_4674_, 114.74, 304.64, 0.0376622
_4997_, 114.74, 304.64, 0.0376622
_4998_, 114.74, 304.64, 0.0376622
_4999_, 114.74, 304.64, 0.0376622
_5000_, 114.74, 304.64, 0.0376622
_7341_, 114.74, 304.64, 0.0376622
FILLER_0_107_225, 114.74, 304.64, 0.0376622
FILLER_0_107_236, 114.74, 304.64, 0.0376622
FILLER_0_108_225, 114.74, 304.64, 0.0376622
FILLER_0_109_243, 114.74, 304.64, 0.0376622
_3859_, 127.54, 304.64, 0.0377908
_4673_, 127.54, 304.64, 0.0377908
_5177_, 127.54, 304.64, 0.0377908
_7459_, 127.54, 304.64, 0.0377908
hold659, 127.54, 304.64, 0.0377908
FILLER_0_108_262, 127.54, 304.64, 0.0377908
FILLER_0_108_270, 127.54, 304.64, 0.0377908
FILLER_0_109_277, 127.54, 304.64, 0.0377908
_5158_, 140.34, 304.64, 0.0378451
_5166_, 140.34, 304.64, 0.0378451
_5168_, 140.34, 304.64, 0.0378451
_5169_, 140.34, 304.64, 0.0378451
_5174_, 140.34, 304.64, 0.0378451
FILLER_0_108_293, 140.34, 304.64, 0.0378451
FILLER_0_108_301, 140.34, 304.64, 0.0378451
FILLER_0_108_333, 153.14, 304.64, 0.0378814
_5727_, 165.94, 304.64, 0.0379177
_5730_, 165.94, 304.64, 0.0379177
_5742_, 165.94, 304.64, 0.0379177
FILLER_0_107_337, 165.94, 304.64, 0.0379177
FILLER_0_107_345, 165.94, 304.64, 0.0379177
FILLER_0_108_359, 165.94, 304.64, 0.0379177
FILLER_0_109_361, 165.94, 304.64, 0.0379177
_5779_, 191.445, 304.64, 0.0382796
_5782_, 191.445, 304.64, 0.0382796
_5788_, 191.445, 304.64, 0.0382796
_7593_, 191.445, 304.64, 0.0382796
fanout73, 191.445, 304.64, 0.0382796
FILLER_0_109_405, 191.445, 304.64, 0.0382796
_7769_, 204.15, 304.64, 0.0385677
_7770_, 204.15, 304.64, 0.0385677
hold740, 204.15, 304.64, 0.0385677
FILLER_0_107_422, 204.15, 304.64, 0.0385677
_6554_, 216.855, 304.64, 0.0388126
_6556_, 216.855, 304.64, 0.0388126
_6560_, 216.855, 304.64, 0.0388126
_6561_, 216.855, 304.64, 0.0388126
_6562_, 216.855, 304.64, 0.0388126
_6563_, 216.855, 304.64, 0.0388126
hold422, 216.855, 304.64, 0.0388126
hold710, 216.855, 304.64, 0.0388126
FILLER_0_107_452, 216.855, 304.64, 0.0388126
_6539_, 229.56, 304.64, 0.0390132
_6551_, 229.56, 304.64, 0.0390132
_6575_, 229.56, 304.64, 0.0390132
_6577_, 229.56, 304.64, 0.0390132
_6471_, 242.265, 304.64, 0.0391991
_7752_, 242.265, 304.64, 0.0391991
FILLER_0_107_505, 242.265, 304.64, 0.0391991
FILLER_0_108_503, 242.265, 304.64, 0.0391991
FILLER_0_108_525, 242.265, 304.64, 0.0391991
_6486_, 254.97, 304.64, 0.0393591
_6487_, 254.97, 304.64, 0.0393591
_6488_, 254.97, 304.64, 0.0393591
_6495_, 254.97, 304.64, 0.0393591
_7751_, 254.97, 304.64, 0.0393591
hold102, 254.97, 304.64, 0.0393591
FILLER_0_109_543, 254.97, 304.64, 0.0393591
FILLER_0_109_550, 254.97, 304.64, 0.0393591
_6490_, 267.675, 304.64, 0.0394757
_6491_, 267.675, 304.64, 0.0394757
_6493_, 267.675, 304.64, 0.0394757
_6494_, 267.675, 304.64, 0.0394757
_7764_, 267.675, 304.64, 0.0394757
clkbuf_leaf_52_clk, 267.675, 304.64, 0.0394757
_6445_, 280.38, 304.64, 0.0395181
_6642_, 280.38, 304.64, 0.0395181
_7738_, 280.38, 304.64, 0.0395181
hold173, 280.38, 304.64, 0.0395181
hold436, 280.38, 304.64, 0.0395181
FILLER_0_109_606, 280.38, 304.64, 0.0395181
FILLER_0_108_638, 293.085, 304.64, 0.0395202
FILLER_0_109_661, 305.79, 304.64, 0.0395223
FILLER_0_108_693, 318.495, 304.64, 0.0395244
PHY_210, 5.52, 299.2, 0.0358149
PHY_212, 5.52, 299.2, 0.0358149
PHY_211, 331.2, 299.2, 0.0389167
PHY_213, 331.2, 299.2, 0.0389167
FILLER_0_105_697, 331.2, 299.2, 0.0389167
FILLER_0_106_701, 331.2, 299.2, 0.0389167
FILLER_0_106_77, 37.94, 299.2, 0.0360647
FILLER_0_107_105, 50.74, 299.2, 0.0363146
_4670_, 63.54, 299.2, 0.0365645
FILLER_0_106_121, 63.54, 299.2, 0.0365645
FILLER_0_106_136, 63.54, 299.2, 0.0365645
_4941_, 76.34, 299.2, 0.0368082
_4945_, 76.34, 299.2, 0.0368082
_7413_, 76.34, 299.2, 0.0368082
hold812, 76.34, 299.2, 0.0368082
FILLER_0_107_154, 76.34, 299.2, 0.0368082
_4938_, 89.14, 299.2, 0.0370181
_4947_, 89.14, 299.2, 0.0370181
_4961_, 89.14, 299.2, 0.0370181
hold361, 89.14, 299.2, 0.0370181
FILLER_0_106_184, 89.14, 299.2, 0.0370181
FILLER_0_106_193, 89.14, 299.2, 0.0370181
_4956_, 101.94, 299.2, 0.0372037
_4960_, 101.94, 299.2, 0.0372037
_5001_, 101.94, 299.2, 0.0372037
_5002_, 101.94, 299.2, 0.0372037
hold564, 101.94, 299.2, 0.0372037
FILLER_0_105_198, 101.94, 299.2, 0.0372037
FILLER_0_106_217, 101.94, 299.2, 0.0372037
_4995_, 114.74, 299.2, 0.0373731
_4996_, 114.74, 299.2, 0.0373731
_7418_, 114.74, 299.2, 0.0373731
hold648, 114.74, 299.2, 0.0373731
FILLER_0_105_225, 114.74, 299.2, 0.0373731
FILLER_0_107_248, 114.74, 299.2, 0.0373731
_5172_, 127.54, 299.2, 0.0375078
FILLER_0_106_265, 127.54, 299.2, 0.0375078
FILLER_0_107_277, 127.54, 299.2, 0.0375078
_5159_, 140.34, 299.2, 0.0376377
_5160_, 140.34, 299.2, 0.0376377
_5170_, 140.34, 299.2, 0.0376377
_5171_, 140.34, 299.2, 0.0376377
_5173_, 140.34, 299.2, 0.0376377
_7458_, 140.34, 299.2, 0.0376377
hold780, 140.34, 299.2, 0.0376377
FILLER_0_106_291, 140.34, 299.2, 0.0376377
FILLER_0_106_303, 140.34, 299.2, 0.0376377
_5722_, 153.14, 299.2, 0.0377206
_7588_, 153.14, 299.2, 0.0377206
FILLER_0_105_314, 153.14, 299.2, 0.0377206
FILLER_0_106_309, 153.14, 299.2, 0.0377206
FILLER_0_107_333, 153.14, 299.2, 0.0377206
_5658_, 165.94, 299.2, 0.0377809
_5717_, 165.94, 299.2, 0.0377809
_5718_, 165.94, 299.2, 0.0377809
_5725_, 165.94, 299.2, 0.0377809
_5731_, 165.94, 299.2, 0.0377809
hold529, 165.94, 299.2, 0.0377809
FILLER_0_106_335, 165.94, 299.2, 0.0377809
_5666_, 191.445, 299.2, 0.03804
_5777_, 191.445, 299.2, 0.03804
_5787_, 191.445, 299.2, 0.03804
clkbuf_leaf_46_clk, 191.445, 299.2, 0.03804
FILLER_0_105_393, 191.445, 299.2, 0.03804
FILLER_0_107_414, 191.445, 299.2, 0.03804
_5667_, 204.15, 299.2, 0.0382236
_6475_, 204.15, 299.2, 0.0382236
_7566_, 204.15, 299.2, 0.0382236
hold231, 204.15, 299.2, 0.0382236
FILLER_0_105_425, 204.15, 299.2, 0.0382236
_6455_, 216.855, 299.2, 0.0383957
_6567_, 216.855, 299.2, 0.0383957
_6568_, 216.855, 299.2, 0.0383957
_6576_, 216.855, 299.2, 0.0383957
hold101, 216.855, 299.2, 0.0383957
hold128, 216.855, 299.2, 0.0383957
FILLER_0_105_449, 216.855, 299.2, 0.0383957
FILLER_0_106_456, 216.855, 299.2, 0.0383957
FILLER_0_106_463, 216.855, 299.2, 0.0383957
_6570_, 229.56, 299.2, 0.0385544
_6573_, 229.56, 299.2, 0.0385544
_6574_, 229.56, 299.2, 0.0385544
_7771_, 229.56, 299.2, 0.0385544
hold769, 229.56, 299.2, 0.0385544
FILLER_0_105_487, 229.56, 299.2, 0.0385544
FILLER_0_107_489, 229.56, 299.2, 0.0385544
_6470_, 242.265, 299.2, 0.0386707
hold294, 242.265, 299.2, 0.0386707
hold295, 242.265, 299.2, 0.0386707
FILLER_0_106_507, 242.265, 299.2, 0.0386707
FILLER_0_106_521, 242.265, 299.2, 0.0386707
_6482_, 254.97, 299.2, 0.0387783
_7763_, 254.97, 299.2, 0.0387783
fanout74, 254.97, 299.2, 0.0387783
FILLER_0_106_529, 254.97, 299.2, 0.0387783
FILLER_0_107_550, 254.97, 299.2, 0.0387783
_6446_, 267.675, 299.2, 0.0388479
_6483_, 267.675, 299.2, 0.0388479
_6485_, 267.675, 299.2, 0.0388479
_6489_, 267.675, 299.2, 0.0388479
_6492_, 267.675, 299.2, 0.0388479
FILLER_0_107_581, 267.675, 299.2, 0.0388479
_7797_, 280.38, 299.2, 0.0388946
hold451, 280.38, 299.2, 0.0388946
FILLER_0_105_593, 280.38, 299.2, 0.0388946
FILLER_0_107_607, 280.38, 299.2, 0.0388946
_7810_, 293.085, 299.2, 0.0389167
hold444, 293.085, 299.2, 0.0389167
FILLER_0_105_617, 293.085, 299.2, 0.0389167
FILLER_0_107_665, 305.79, 299.2, 0.0389167
FILLER_0_106_693, 318.495, 299.2, 0.0389167
PHY_206, 5.52, 293.76, 0.0357705
PHY_208, 5.52, 293.76, 0.0357705
input13, 5.52, 293.76, 0.0357705
PHY_207, 331.2, 293.76, 0.0389482
PHY_209, 331.2, 293.76, 0.0389482
FILLER_0_103_697, 331.2, 293.76, 0.0389482
FILLER_0_104_701, 331.2, 293.76, 0.0389482
FILLER_0_104_77, 37.94, 293.76, 0.0360304
FILLER_0_104_109, 50.74, 293.76, 0.0363067
FILLER_0_105_105, 50.74, 293.76, 0.0363067
_4916_, 63.54, 293.76, 0.0365829
_4918_, 63.54, 293.76, 0.0365829
_7411_, 63.54, 293.76, 0.0365829
FILLER_0_103_113, 63.54, 293.76, 0.0365829
FILLER_0_104_135, 63.54, 293.76, 0.0365829
FILLER_0_105_137, 63.54, 293.76, 0.0365829
_4937_, 76.34, 293.76, 0.0368325
_4943_, 76.34, 293.76, 0.0368325
_4963_, 76.34, 293.76, 0.0368325
FILLER_0_105_157, 76.34, 293.76, 0.0368325
FILLER_0_105_165, 76.34, 293.76, 0.0368325
_4936_, 89.14, 293.76, 0.0370668
_4946_, 89.14, 293.76, 0.0370668
_4948_, 89.14, 293.76, 0.0370668
_4950_, 89.14, 293.76, 0.0370668
_4951_, 89.14, 293.76, 0.0370668
FILLER_0_104_188, 89.14, 293.76, 0.0370668
_5015_, 101.94, 293.76, 0.0372744
_5016_, 101.94, 293.76, 0.0372744
_5017_, 101.94, 293.76, 0.0372744
_7420_, 101.94, 293.76, 0.0372744
FILLER_0_103_201, 101.94, 293.76, 0.0372744
FILLER_0_105_214, 101.94, 293.76, 0.0372744
_4994_, 114.74, 293.76, 0.0374491
_5006_, 114.74, 293.76, 0.0374491
_5007_, 114.74, 293.76, 0.0374491
_5008_, 114.74, 293.76, 0.0374491
_5009_, 114.74, 293.76, 0.0374491
_7457_, 114.74, 293.76, 0.0374491
clkbuf_leaf_29_clk, 114.74, 293.76, 0.0374491
FILLER_0_104_248, 114.74, 293.76, 0.0374491
FILLER_0_105_245, 114.74, 293.76, 0.0374491
_5152_, 127.54, 293.76, 0.0375425
FILLER_0_103_260, 127.54, 293.76, 0.0375425
FILLER_0_104_253, 127.54, 293.76, 0.0375425
FILLER_0_105_274, 127.54, 293.76, 0.0375425
_5145_, 140.34, 293.76, 0.0376313
_5146_, 140.34, 293.76, 0.0376313
_5147_, 140.34, 293.76, 0.0376313
_5149_, 140.34, 293.76, 0.0376313
_5162_, 140.34, 293.76, 0.0376313
_5163_, 140.34, 293.76, 0.0376313
_5164_, 140.34, 293.76, 0.0376313
hold848, 140.34, 293.76, 0.0376313
FILLER_0_104_281, 140.34, 293.76, 0.0376313
FILLER_0_105_300, 140.34, 293.76, 0.0376313
_5165_, 153.14, 293.76, 0.0376751
_5719_, 153.14, 293.76, 0.0376751
_5720_, 153.14, 293.76, 0.0376751
_5721_, 153.14, 293.76, 0.0376751
FILLER_0_104_317, 153.14, 293.76, 0.0376751
_5659_, 165.94, 293.76, 0.0376984
_5715_, 165.94, 293.76, 0.0376984
_5716_, 165.94, 293.76, 0.0376984
_5723_, 165.94, 293.76, 0.0376984
_5724_, 165.94, 293.76, 0.0376984
FILLER_0_104_344, 165.94, 293.76, 0.0376984
FILLER_0_104_354, 165.94, 293.76, 0.0376984
FILLER_0_105_356, 165.94, 293.76, 0.0376984
_5776_, 191.445, 293.76, 0.0379052
_5778_, 191.445, 293.76, 0.0379052
_5796_, 191.445, 293.76, 0.0379052
hold290, 191.445, 293.76, 0.0379052
FILLER_0_103_401, 191.445, 293.76, 0.0379052
FILLER_0_104_394, 191.445, 293.76, 0.0379052
FILLER_0_104_413, 191.445, 293.76, 0.0379052
_7756_, 204.15, 293.76, 0.0380951
hold129, 204.15, 293.76, 0.0380951
_6557_, 216.855, 293.76, 0.0382762
_6558_, 216.855, 293.76, 0.0382762
_6559_, 216.855, 293.76, 0.0382762
_6572_, 216.855, 293.76, 0.0382762
hold32, 216.855, 293.76, 0.0382762
FILLER_0_103_457, 216.855, 293.76, 0.0382762
FILLER_0_104_455, 216.855, 293.76, 0.0382762
FILLER_0_104_466, 216.855, 293.76, 0.0382762
_6456_, 229.56, 293.76, 0.0384418
_6569_, 229.56, 293.76, 0.0384418
_6571_, 229.56, 293.76, 0.0384418
_6579_, 229.56, 293.76, 0.0384418
_6582_, 229.56, 293.76, 0.0384418
_7743_, 229.56, 293.76, 0.0384418
FILLER_0_103_479, 229.56, 293.76, 0.0384418
FILLER_0_104_477, 229.56, 293.76, 0.0384418
FILLER_0_104_490, 229.56, 293.76, 0.0384418
_6643_, 242.265, 293.76, 0.0385854
_7798_, 242.265, 293.76, 0.0385854
hold137, 242.265, 293.76, 0.0385854
FILLER_0_103_505, 242.265, 293.76, 0.0385854
FILLER_0_104_526, 242.265, 293.76, 0.0385854
FILLER_0_105_528, 242.265, 293.76, 0.0385854
_6443_, 254.97, 293.76, 0.03872
_6623_, 254.97, 293.76, 0.03872
hold136, 254.97, 293.76, 0.03872
hold396, 254.97, 293.76, 0.03872
hold438, 254.97, 293.76, 0.03872
FILLER_0_104_542, 254.97, 293.76, 0.03872
_6484_, 267.675, 293.76, 0.0388332
_6719_, 267.675, 293.76, 0.0388332
_7737_, 267.675, 293.76, 0.0388332
_7811_, 267.675, 293.76, 0.0388332
FILLER_0_104_557, 267.675, 293.76, 0.0388332
_6621_, 280.38, 293.76, 0.038912
_6698_, 280.38, 293.76, 0.038912
_6710_, 280.38, 293.76, 0.038912
_6711_, 280.38, 293.76, 0.038912
_6714_, 280.38, 293.76, 0.038912
_6718_, 280.38, 293.76, 0.038912
FILLER_0_104_589, 280.38, 293.76, 0.038912
FILLER_0_105_611, 280.38, 293.76, 0.038912
_6697_, 293.085, 293.76, 0.0389431
_6699_, 293.085, 293.76, 0.0389431
_6700_, 293.085, 293.76, 0.0389431
_6707_, 293.085, 293.76, 0.0389431
_6708_, 293.085, 293.76, 0.0389431
_6709_, 293.085, 293.76, 0.0389431
_6706_, 305.79, 293.76, 0.0389482
FILLER_0_105_665, 305.79, 293.76, 0.0389482
FILLER_0_104_693, 318.495, 293.76, 0.0389482
PHY_202, 5.52, 288.32, 0.0356369
PHY_204, 5.52, 288.32, 0.0356369
PHY_203, 331.2, 288.32, 0.0389938
PHY_205, 331.2, 288.32, 0.0389938
FILLER_0_101_697, 331.2, 288.32, 0.0389938
FILLER_0_102_701, 331.2, 288.32, 0.0389938
FILLER_0_102_77, 37.94, 288.32, 0.0359064
_7410_, 50.74, 288.32, 0.0361758
FILLER_0_103_105, 50.74, 288.32, 0.0361758
_4909_, 63.54, 288.32, 0.0364286
_4915_, 63.54, 288.32, 0.0364286
_4917_, 63.54, 288.32, 0.0364286
_4920_, 63.54, 288.32, 0.0364286
_4921_, 63.54, 288.32, 0.0364286
FILLER_0_101_121, 63.54, 288.32, 0.0364286
FILLER_0_102_137, 63.54, 288.32, 0.0364286
_4929_, 76.34, 288.32, 0.0366574
_4930_, 76.34, 288.32, 0.0366574
_4931_, 76.34, 288.32, 0.0366574
_4932_, 76.34, 288.32, 0.0366574
_4934_, 76.34, 288.32, 0.0366574
hold428, 76.34, 288.32, 0.0366574
FILLER_0_102_141, 76.34, 288.32, 0.0366574
FILLER_0_102_164, 76.34, 288.32, 0.0366574
FILLER_0_103_158, 76.34, 288.32, 0.0366574
_4926_, 89.14, 288.32, 0.0368441
_4933_, 89.14, 288.32, 0.0368441
_4935_, 89.14, 288.32, 0.0368441
FILLER_0_101_169, 89.14, 288.32, 0.0368441
FILLER_0_102_175, 89.14, 288.32, 0.0368441
FILLER_0_102_183, 89.14, 288.32, 0.0368441
FILLER_0_102_193, 89.14, 288.32, 0.0368441
_5012_, 101.94, 288.32, 0.0370111
_5014_, 101.94, 288.32, 0.0370111
_5019_, 101.94, 288.32, 0.0370111
FILLER_0_102_209, 101.94, 288.32, 0.0370111
_5003_, 114.74, 288.32, 0.0371627
_5004_, 114.74, 288.32, 0.0371627
_5005_, 114.74, 288.32, 0.0371627
_5010_, 114.74, 288.32, 0.0371627
_5018_, 114.74, 288.32, 0.0371627
_7419_, 114.74, 288.32, 0.0371627
FILLER_0_102_247, 114.74, 288.32, 0.0371627
_5144_, 127.54, 288.32, 0.0372788
_5150_, 127.54, 288.32, 0.0372788
_5151_, 127.54, 288.32, 0.0372788
_5156_, 127.54, 288.32, 0.0372788
FILLER_0_101_262, 127.54, 288.32, 0.0372788
_5148_, 140.34, 288.32, 0.0373876
_5157_, 140.34, 288.32, 0.0373876
_5161_, 140.34, 288.32, 0.0373876
FILLER_0_102_298, 140.34, 288.32, 0.0373876
_5117_, 153.14, 288.32, 0.0374913
_5118_, 153.14, 288.32, 0.0374913
_5154_, 153.14, 288.32, 0.0374913
_7454_, 153.14, 288.32, 0.0374913
FILLER_0_102_309, 153.14, 288.32, 0.0374913
_5706_, 165.94, 288.32, 0.0375741
_5707_, 165.94, 288.32, 0.0375741
_5708_, 165.94, 288.32, 0.0375741
_5713_, 165.94, 288.32, 0.0375741
_5714_, 165.94, 288.32, 0.0375741
hold443, 165.94, 288.32, 0.0375741
FILLER_0_102_352, 165.94, 288.32, 0.0375741
_5789_, 191.445, 288.32, 0.0379287
_5790_, 191.445, 288.32, 0.0379287
_5791_, 191.445, 288.32, 0.0379287
_5792_, 191.445, 288.32, 0.0379287
_5793_, 191.445, 288.32, 0.0379287
_5794_, 191.445, 288.32, 0.0379287
_5795_, 191.445, 288.32, 0.0379287
_5797_, 191.445, 288.32, 0.0379287
_7594_, 191.445, 288.32, 0.0379287
FILLER_0_101_393, 191.445, 288.32, 0.0379287
_5669_, 204.15, 288.32, 0.0381779
_6476_, 204.15, 288.32, 0.0381779
_7567_, 204.15, 288.32, 0.0381779
_7757_, 204.15, 288.32, 0.0381779
hold33, 204.15, 288.32, 0.0381779
hold296, 204.15, 288.32, 0.0381779
FILLER_0_101_418, 204.15, 288.32, 0.0381779
_6457_, 216.855, 288.32, 0.0384013
_6584_, 216.855, 288.32, 0.0384013
_7772_, 216.855, 288.32, 0.0384013
hold817, 216.855, 288.32, 0.0384013
FILLER_0_101_449, 216.855, 288.32, 0.0384013
_6581_, 229.56, 288.32, 0.0385936
_6585_, 229.56, 288.32, 0.0385936
_6586_, 229.56, 288.32, 0.0385936
_7744_, 229.56, 288.32, 0.0385936
hold395, 229.56, 288.32, 0.0385936
FILLER_0_101_478, 229.56, 288.32, 0.0385936
FILLER_0_102_494, 229.56, 288.32, 0.0385936
FILLER_0_103_500, 229.56, 288.32, 0.0385936
clkbuf_leaf_50_clk, 242.265, 288.32, 0.0387482
hold306, 242.265, 288.32, 0.0387482
FILLER_0_102_526, 242.265, 288.32, 0.0387482
_6444_, 254.97, 288.32, 0.0388464
_7750_, 254.97, 288.32, 0.0388464
FILLER_0_102_533, 254.97, 288.32, 0.0388464
FILLER_0_103_550, 254.97, 288.32, 0.0388464
_6717_, 267.675, 288.32, 0.0389194
_6726_, 267.675, 288.32, 0.0389194
_7812_, 267.675, 288.32, 0.0389194
_6712_, 280.38, 288.32, 0.0389662
_6713_, 280.38, 288.32, 0.0389662
_6720_, 280.38, 288.32, 0.0389662
hold205, 280.38, 288.32, 0.0389662
FILLER_0_101_596, 280.38, 288.32, 0.0389662
FILLER_0_102_601, 280.38, 288.32, 0.0389662
_6701_, 293.085, 288.32, 0.0389926
_6702_, 293.085, 288.32, 0.0389926
_6703_, 293.085, 288.32, 0.0389926
_6716_, 293.085, 288.32, 0.0389926
FILLER_0_102_628, 293.085, 288.32, 0.0389926
_6715_, 305.79, 288.32, 0.0389938
FILLER_0_103_663, 305.79, 288.32, 0.0389938
FILLER_0_101_667, 318.495, 288.32, 0.0389938
FILLER_0_102_693, 318.495, 288.32, 0.0389938
PHY_198, 5.52, 282.88, 0.0355352
PHY_200, 5.52, 282.88, 0.0355352
PHY_199, 331.2, 282.88, 0.0387233
PHY_201, 331.2, 282.88, 0.0387233
output60, 331.2, 282.88, 0.0387233
FILLER_0_99_697, 331.2, 282.88, 0.0387233
FILLER_0_100_697, 331.2, 282.88, 0.0387233
FILLER_0_100_701, 331.2, 282.88, 0.0387233
FILLER_0_100_77, 37.94, 282.88, 0.0358233
FILLER_0_101_81, 37.94, 282.88, 0.0358233
_4907_, 50.74, 282.88, 0.0361115
hold616, 50.74, 282.88, 0.0361115
FILLER_0_99_93, 50.74, 282.88, 0.0361115
FILLER_0_101_106, 50.74, 282.88, 0.0361115
_4902_, 63.54, 282.88, 0.0363889
_4905_, 63.54, 282.88, 0.0363889
_4906_, 63.54, 282.88, 0.0363889
_4908_, 63.54, 282.88, 0.0363889
_4910_, 63.54, 282.88, 0.0363889
_4914_, 63.54, 282.88, 0.0363889
FILLER_0_99_116, 63.54, 282.88, 0.0363889
FILLER_0_100_122, 63.54, 282.88, 0.0363889
FILLER_0_101_129, 63.54, 282.88, 0.0363889
FILLER_0_101_139, 63.54, 282.88, 0.0363889
_4923_, 76.34, 282.88, 0.0366389
_4924_, 76.34, 282.88, 0.0366389
_4928_, 76.34, 282.88, 0.0366389
clkbuf_leaf_27_clk, 76.34, 282.88, 0.0366389
FILLER_0_100_141, 76.34, 282.88, 0.0366389
FILLER_0_101_165, 76.34, 282.88, 0.0366389
_4922_, 89.14, 282.88, 0.0368346
_4925_, 89.14, 282.88, 0.0368346
_4939_, 89.14, 282.88, 0.0368346
_7412_, 89.14, 282.88, 0.0368346
hold429, 89.14, 282.88, 0.0368346
_5011_, 101.94, 282.88, 0.036997
_5013_, 101.94, 282.88, 0.036997
_5020_, 101.94, 282.88, 0.036997
FILLER_0_99_199, 101.94, 282.88, 0.036997
FILLER_0_100_197, 101.94, 282.88, 0.036997
FILLER_0_101_216, 101.94, 282.88, 0.036997
_5022_, 114.74, 282.88, 0.0371385
hold831, 114.74, 282.88, 0.0371385
FILLER_0_99_234, 114.74, 282.88, 0.0371385
FILLER_0_100_236, 114.74, 282.88, 0.0371385
FILLER_0_100_249, 114.74, 282.88, 0.0371385
_5133_, 127.54, 282.88, 0.0372689
_5137_, 127.54, 282.88, 0.0372689
_5138_, 127.54, 282.88, 0.0372689
_5141_, 127.54, 282.88, 0.0372689
_5142_, 127.54, 282.88, 0.0372689
_5143_, 127.54, 282.88, 0.0372689
hold615, 127.54, 282.88, 0.0372689
_5115_, 140.34, 282.88, 0.0373447
_5139_, 140.34, 282.88, 0.0373447
_5140_, 140.34, 282.88, 0.0373447
_5153_, 140.34, 282.88, 0.0373447
_5155_, 140.34, 282.88, 0.0373447
FILLER_0_100_281, 140.34, 282.88, 0.0373447
FILLER_0_100_296, 140.34, 282.88, 0.0373447
_5113_, 153.14, 282.88, 0.0373994
_5114_, 153.14, 282.88, 0.0373994
_5119_, 153.14, 282.88, 0.0373994
_5128_, 153.14, 282.88, 0.0373994
FILLER_0_99_317, 153.14, 282.88, 0.0373994
_5702_, 165.94, 282.88, 0.0374412
_5704_, 165.94, 282.88, 0.0374412
_5705_, 165.94, 282.88, 0.0374412
_7586_, 165.94, 282.88, 0.0374412
hold649, 165.94, 282.88, 0.0374412
FILLER_0_100_337, 165.94, 282.88, 0.0374412
FILLER_0_100_349, 165.94, 282.88, 0.0374412
FILLER_0_101_362, 165.94, 282.88, 0.0374412
_5803_, 191.445, 282.88, 0.0376423
_5804_, 191.445, 282.88, 0.0376423
_5805_, 191.445, 282.88, 0.0376423
hold704, 191.445, 282.88, 0.0376423
FILLER_0_100_392, 191.445, 282.88, 0.0376423
FILLER_0_100_414, 191.445, 282.88, 0.0376423
_5668_, 204.15, 282.88, 0.0378099
_5672_, 204.15, 282.88, 0.0378099
_6477_, 204.15, 282.88, 0.0378099
FILLER_0_99_431, 204.15, 282.88, 0.0378099
FILLER_0_100_430, 204.15, 282.88, 0.0378099
FILLER_0_101_443, 204.15, 282.88, 0.0378099
_7758_, 216.855, 282.88, 0.0379757
hold293, 216.855, 282.88, 0.0379757
FILLER_0_100_447, 216.855, 282.88, 0.0379757
FILLER_0_100_470, 216.855, 282.88, 0.0379757
_6458_, 229.56, 282.88, 0.0381328
_6459_, 229.56, 282.88, 0.0381328
_6578_, 229.56, 282.88, 0.0381328
_6580_, 229.56, 282.88, 0.0381328
_6583_, 229.56, 282.88, 0.0381328
_6591_, 229.56, 282.88, 0.0381328
FILLER_0_99_481, 229.56, 282.88, 0.0381328
FILLER_0_100_482, 229.56, 282.88, 0.0381328
FILLER_0_100_489, 229.56, 282.88, 0.0381328
FILLER_0_100_497, 229.56, 282.88, 0.0381328
_6460_, 242.265, 282.88, 0.0382687
_6644_, 242.265, 282.88, 0.0382687
_7799_, 242.265, 282.88, 0.0382687
hold214, 242.265, 282.88, 0.0382687
FILLER_0_100_509, 242.265, 282.88, 0.0382687
_6469_, 254.97, 282.88, 0.0383951
_6625_, 254.97, 282.88, 0.0383951
_6645_, 254.97, 282.88, 0.0383951
hold54, 254.97, 282.88, 0.0383951
hold213, 254.97, 282.88, 0.0383951
hold434, 254.97, 282.88, 0.0383951
_6727_, 267.675, 282.88, 0.0385117
_6728_, 267.675, 282.88, 0.0385117
_6729_, 267.675, 282.88, 0.0385117
_6738_, 267.675, 282.88, 0.0385117
hold627, 267.675, 282.88, 0.0385117
hold640, 267.675, 282.88, 0.0385117
FILLER_0_100_562, 267.675, 282.88, 0.0385117
_6689_, 280.38, 282.88, 0.0385979
_6724_, 280.38, 282.88, 0.0385979
_6725_, 280.38, 282.88, 0.0385979
_6730_, 280.38, 282.88, 0.0385979
_6731_, 280.38, 282.88, 0.0385979
FILLER_0_99_591, 280.38, 282.88, 0.0385979
FILLER_0_100_606, 280.38, 282.88, 0.0385979
_6687_, 293.085, 282.88, 0.0386673
_6688_, 293.085, 282.88, 0.0386673
_6690_, 293.085, 282.88, 0.0386673
_6691_, 293.085, 282.88, 0.0386673
_6704_, 293.085, 282.88, 0.0386673
_6705_, 293.085, 282.88, 0.0386673
max_cap64, 293.085, 282.88, 0.0386673
FILLER_0_100_636, 293.085, 282.88, 0.0386673
FILLER_0_101_629, 293.085, 282.88, 0.0386673
_6694_, 305.79, 282.88, 0.0387047
_7809_, 305.79, 282.88, 0.0387047
hold491, 305.79, 282.88, 0.0387047
FILLER_0_100_689, 318.495, 282.88, 0.038714
PHY_194, 5.52, 277.44, 0.0354095
PHY_196, 5.52, 277.44, 0.0354095
PHY_195, 331.2, 277.44, 0.0387017
PHY_197, 331.2, 277.44, 0.0387017
FILLER_0_97_701, 331.2, 277.44, 0.0387017
FILLER_0_98_701, 331.2, 277.44, 0.0387017
fanout71, 15.33, 277.44, 0.0354095
FILLER_0_97_11, 15.33, 277.44, 0.0354095
FILLER_0_97_69, 37.94, 277.44, 0.03568
FILLER_0_98_77, 37.94, 277.44, 0.03568
_4898_, 50.74, 277.44, 0.035957
_4904_, 50.74, 277.44, 0.035957
FILLER_0_99_101, 50.74, 277.44, 0.035957
_3861_, 63.54, 277.44, 0.0362282
_4899_, 63.54, 277.44, 0.0362282
_4901_, 63.54, 277.44, 0.0362282
_4903_, 63.54, 277.44, 0.0362282
_4913_, 63.54, 277.44, 0.0362282
FILLER_0_97_122, 63.54, 277.44, 0.0362282
FILLER_0_98_119, 63.54, 277.44, 0.0362282
FILLER_0_98_130, 63.54, 277.44, 0.0362282
_4858_, 76.34, 277.44, 0.0364773
_4862_, 76.34, 277.44, 0.0364773
_4911_, 76.34, 277.44, 0.0364773
_4912_, 76.34, 277.44, 0.0364773
_4927_, 76.34, 277.44, 0.0364773
FILLER_0_98_156, 76.34, 277.44, 0.0364773
FILLER_0_99_164, 76.34, 277.44, 0.0364773
_4860_, 89.14, 277.44, 0.0367102
_4863_, 89.14, 277.44, 0.0367102
_4865_, 89.14, 277.44, 0.0367102
_7386_, 89.14, 277.44, 0.0367102
FILLER_0_97_176, 89.14, 277.44, 0.0367102
FILLER_0_98_173, 89.14, 277.44, 0.0367102
FILLER_0_98_191, 89.14, 277.44, 0.0367102
FILLER_0_99_184, 89.14, 277.44, 0.0367102
_4861_, 101.94, 277.44, 0.0369139
_5021_, 101.94, 277.44, 0.0369139
_7388_, 101.94, 277.44, 0.0369139
hold309, 101.94, 277.44, 0.0369139
hold410, 101.94, 277.44, 0.0369139
FILLER_0_98_204, 101.94, 277.44, 0.0369139
_7421_, 114.74, 277.44, 0.037072
_7442_, 114.74, 277.44, 0.037072
_7456_, 114.74, 277.44, 0.037072
_5131_, 127.54, 277.44, 0.0371764
_5132_, 127.54, 277.44, 0.0371764
_5136_, 127.54, 277.44, 0.0371764
FILLER_0_97_253, 127.54, 277.44, 0.0371764
FILLER_0_97_261, 127.54, 277.44, 0.0371764
FILLER_0_98_253, 127.54, 277.44, 0.0371764
FILLER_0_99_276, 127.54, 277.44, 0.0371764
_5125_, 140.34, 277.44, 0.037273
_5126_, 140.34, 277.44, 0.037273
_5127_, 140.34, 277.44, 0.037273
_5129_, 140.34, 277.44, 0.037273
FILLER_0_97_293, 140.34, 277.44, 0.037273
FILLER_0_98_281, 140.34, 277.44, 0.037273
FILLER_0_99_305, 140.34, 277.44, 0.037273
_5106_, 153.14, 277.44, 0.0373374
_5108_, 153.14, 277.44, 0.0373374
_5109_, 153.14, 277.44, 0.0373374
_5110_, 153.14, 277.44, 0.0373374
_5111_, 153.14, 277.44, 0.0373374
FILLER_0_97_308, 153.14, 277.44, 0.0373374
FILLER_0_98_309, 153.14, 277.44, 0.0373374
FILLER_0_98_332, 153.14, 277.44, 0.0373374
FILLER_0_99_325, 153.14, 277.44, 0.0373374
FILLER_0_99_333, 153.14, 277.44, 0.0373374
_3718_, 165.94, 277.44, 0.0373779
_4896_, 165.94, 277.44, 0.0373779
_5653_, 165.94, 277.44, 0.0373779
_5682_, 165.94, 277.44, 0.0373779
FILLER_0_98_358, 165.94, 277.44, 0.0373779
_5799_, 191.445, 277.44, 0.0375926
_5800_, 191.445, 277.44, 0.0375926
_5801_, 191.445, 277.44, 0.0375926
_5802_, 191.445, 277.44, 0.0375926
_5806_, 191.445, 277.44, 0.0375926
FILLER_0_98_414, 191.445, 277.44, 0.0375926
_5671_, 204.15, 277.44, 0.0377909
_7568_, 204.15, 277.44, 0.0377909
hold292, 204.15, 277.44, 0.0377909
FILLER_0_97_429, 204.15, 277.44, 0.0377909
FILLER_0_98_421, 204.15, 277.44, 0.0377909
FILLER_0_98_444, 204.15, 277.44, 0.0377909
_6478_, 216.855, 277.44, 0.0379779
_7773_, 216.855, 277.44, 0.0379779
FILLER_0_97_456, 216.855, 277.44, 0.0379779
FILLER_0_98_452, 216.855, 277.44, 0.0379779
_6588_, 229.56, 277.44, 0.0381467
_6589_, 229.56, 277.44, 0.0381467
_6590_, 229.56, 277.44, 0.0381467
_6592_, 229.56, 277.44, 0.0381467
_6593_, 229.56, 277.44, 0.0381467
_6594_, 229.56, 277.44, 0.0381467
_6603_, 229.56, 277.44, 0.0381467
FILLER_0_97_478, 229.56, 277.44, 0.0381467
FILLER_0_98_490, 229.56, 277.44, 0.0381467
FILLER_0_99_494, 229.56, 277.44, 0.0381467
_7745_, 242.265, 277.44, 0.0382942
FILLER_0_98_501, 242.265, 277.44, 0.0382942
FILLER_0_99_525, 242.265, 277.44, 0.0382942
_7800_, 254.97, 277.44, 0.0384329
_7813_, 254.97, 277.44, 0.0384329
hold55, 254.97, 277.44, 0.0384329
FILLER_0_98_529, 254.97, 277.44, 0.0384329
FILLER_0_98_541, 254.97, 277.44, 0.0384329
_6732_, 267.675, 277.44, 0.038544
_6734_, 267.675, 277.44, 0.038544
_6736_, 267.675, 277.44, 0.038544
_6737_, 267.675, 277.44, 0.038544
_6743_, 267.675, 277.44, 0.038544
hold160, 267.675, 277.44, 0.038544
FILLER_0_97_561, 267.675, 277.44, 0.038544
FILLER_0_99_580, 267.675, 277.44, 0.038544
_6619_, 280.38, 277.44, 0.0386218
_6721_, 280.38, 277.44, 0.0386218
_6722_, 280.38, 277.44, 0.0386218
_6723_, 280.38, 277.44, 0.0386218
_6733_, 280.38, 277.44, 0.0386218
FILLER_0_98_589, 280.38, 277.44, 0.0386218
FILLER_0_99_610, 280.38, 277.44, 0.0386218
_6675_, 293.085, 277.44, 0.03867
_6693_, 293.085, 277.44, 0.03867
_6695_, 293.085, 277.44, 0.03867
FILLER_0_97_617, 293.085, 277.44, 0.03867
FILLER_0_97_624, 293.085, 277.44, 0.03867
FILLER_0_98_633, 293.085, 277.44, 0.03867
FILLER_0_99_626, 293.085, 277.44, 0.03867
_6696_, 305.79, 277.44, 0.0386884
FILLER_0_99_665, 305.79, 277.44, 0.0386884
_4316_, 318.495, 277.44, 0.0387017
_7255_, 318.495, 277.44, 0.0387017
PHY_190, 5.52, 272, 0.0354172
PHY_192, 5.52, 272, 0.0354172
output53, 5.52, 272, 0.0354172
FILLER_0_96_9, 5.52, 272, 0.0354172
FILLER_0_97_3, 5.52, 272, 0.0354172
PHY_191, 331.2, 272, 0.0395688
PHY_193, 331.2, 272, 0.0395688
FILLER_0_95_697, 331.2, 272, 0.0395688
FILLER_0_96_701, 331.2, 272, 0.0395688
_4285_, 15.33, 272, 0.0354046
fanout70, 15.33, 272, 0.0354046
load_slew4, 15.33, 272, 0.0354046
FILLER_0_96_21, 15.33, 272, 0.0354046
_7151_, 37.94, 272, 0.035769
FILLER_0_96_81, 37.94, 272, 0.035769
FILLER_0_97_77, 37.94, 272, 0.035769
_3860_, 50.74, 272, 0.0361493
_3862_, 50.74, 272, 0.0361493
_4900_, 50.74, 272, 0.0361493
_7409_, 50.74, 272, 0.0361493
_4856_, 63.54, 272, 0.0364652
_4897_, 63.54, 272, 0.0364652
_7397_, 63.54, 272, 0.0364652
hold426, 63.54, 272, 0.0364652
FILLER_0_95_119, 63.54, 272, 0.0364652
FILLER_0_96_117, 63.54, 272, 0.0364652
_4857_, 76.34, 272, 0.036749
_7384_, 76.34, 272, 0.036749
hold305, 76.34, 272, 0.036749
FILLER_0_96_141, 76.34, 272, 0.036749
FILLER_0_97_161, 76.34, 272, 0.036749
_4859_, 89.14, 272, 0.0370026
_5061_, 89.14, 272, 0.0370026
_7387_, 89.14, 272, 0.0370026
hold12, 89.14, 272, 0.0370026
_7441_, 101.94, 272, 0.0372175
clkbuf_leaf_28_clk, 101.94, 272, 0.0372175
hold3, 101.94, 272, 0.0372175
hold6, 101.94, 272, 0.0372175
FILLER_0_96_218, 101.94, 272, 0.0372175
FILLER_0_97_221, 101.94, 272, 0.0372175
_5059_, 114.74, 272, 0.0373322
hold4, 114.74, 272, 0.0373322
hold310, 114.74, 272, 0.0373322
FILLER_0_95_233, 114.74, 272, 0.0373322
_5039_, 127.54, 272, 0.0374207
_5121_, 127.54, 272, 0.0374207
_5122_, 127.54, 272, 0.0374207
_5124_, 127.54, 272, 0.0374207
_5135_, 127.54, 272, 0.0374207
hold411, 127.54, 272, 0.0374207
FILLER_0_97_267, 127.54, 272, 0.0374207
_5120_, 140.34, 272, 0.0374718
_7455_, 140.34, 272, 0.0374718
FILLER_0_96_304, 140.34, 272, 0.0374718
_5036_, 153.14, 272, 0.0375053
_5092_, 153.14, 272, 0.0375053
_5096_, 153.14, 272, 0.0375053
_5107_, 153.14, 272, 0.0375053
_5112_, 153.14, 272, 0.0375053
FILLER_0_95_320, 153.14, 272, 0.0375053
FILLER_0_97_321, 153.14, 272, 0.0375053
_7573_, 165.94, 272, 0.0375079
_7577_, 165.94, 272, 0.0375079
clkbuf_leaf_33_clk, 165.94, 272, 0.0375079
FILLER_0_96_336, 165.94, 272, 0.0375079
_5798_, 191.445, 272, 0.0377759
_5814_, 191.445, 272, 0.0377759
_5823_, 191.445, 272, 0.0377759
hold858, 191.445, 272, 0.0377759
FILLER_0_96_416, 191.445, 272, 0.0377759
FILLER_0_97_410, 191.445, 272, 0.0377759
_5673_, 204.15, 272, 0.0381124
_5674_, 204.15, 272, 0.0381124
_7569_, 204.15, 272, 0.0381124
clkbuf_leaf_44_clk, 204.15, 272, 0.0381124
hold347, 204.15, 272, 0.0381124
FILLER_0_97_445, 204.15, 272, 0.0381124
_7759_, 216.855, 272, 0.0383784
hold162, 216.855, 272, 0.0383784
hold163, 216.855, 272, 0.0383784
FILLER_0_95_449, 216.855, 272, 0.0383784
FILLER_0_96_471, 216.855, 272, 0.0383784
FILLER_0_97_471, 216.855, 272, 0.0383784
_6587_, 229.56, 272, 0.0386356
_6598_, 229.56, 272, 0.0386356
_6601_, 229.56, 272, 0.0386356
_6602_, 229.56, 272, 0.0386356
hold362, 229.56, 272, 0.0386356
FILLER_0_96_485, 229.56, 272, 0.0386356
FILLER_0_96_499, 229.56, 272, 0.0386356
_6462_, 242.265, 272, 0.0388723
_7746_, 242.265, 272, 0.0388723
_6627_, 254.97, 272, 0.0390995
_7801_, 254.97, 272, 0.0390995
clkbuf_leaf_51_clk, 254.97, 272, 0.0390995
FILLER_0_96_529, 254.97, 272, 0.0390995
FILLER_0_96_533, 254.97, 272, 0.0390995
_6735_, 267.675, 272, 0.0392656
_6739_, 267.675, 272, 0.0392656
_6741_, 267.675, 272, 0.0392656
_6742_, 267.675, 272, 0.0392656
_6746_, 267.675, 272, 0.0392656
_6747_, 267.675, 272, 0.0392656
FILLER_0_95_568, 267.675, 272, 0.0392656
FILLER_0_96_559, 267.675, 272, 0.0392656
_6638_, 280.38, 272, 0.0394032
_7793_, 280.38, 272, 0.0394032
hold206, 280.38, 272, 0.0394032
hold833, 280.38, 272, 0.0394032
FILLER_0_95_595, 280.38, 272, 0.0394032
FILLER_0_96_584, 280.38, 272, 0.0394032
_6045_, 293.085, 272, 0.039498
_6676_, 293.085, 272, 0.039498
_6678_, 293.085, 272, 0.039498
_6692_, 293.085, 272, 0.039498
FILLER_0_95_617, 293.085, 272, 0.039498
FILLER_0_96_624, 293.085, 272, 0.039498
FILLER_0_96_637, 293.085, 272, 0.039498
clkbuf_leaf_55_clk, 305.79, 272, 0.039561
hold576, 305.79, 272, 0.039561
FILLER_0_96_665, 305.79, 272, 0.039561
FILLER_0_97_661, 305.79, 272, 0.039561
_4315_, 318.495, 272, 0.0395688
hold771, 318.495, 272, 0.0395688
FILLER_0_95_667, 318.495, 272, 0.0395688
FILLER_0_96_691, 318.495, 272, 0.0395688
_4286_, 5.52, 266.56, 0.0352291
_7248_, 5.52, 266.56, 0.0352291
PHY_186, 5.52, 266.56, 0.0352291
PHY_188, 5.52, 266.56, 0.0352291
hold705, 5.52, 266.56, 0.0352291
PHY_187, 331.2, 266.56, 0.0386638
PHY_189, 331.2, 266.56, 0.0386638
FILLER_0_93_697, 331.2, 266.56, 0.0386638
FILLER_0_94_701, 331.2, 266.56, 0.0386638
FILLER_0_94_23, 15.33, 266.56, 0.0352098
FILLER_0_94_77, 37.94, 266.56, 0.0355736
_3857_, 50.74, 266.56, 0.0359569
_7150_, 50.74, 266.56, 0.0359569
clkbuf_leaf_23_clk, 50.74, 266.56, 0.0359569
FILLER_0_95_105, 50.74, 266.56, 0.0359569
_4882_, 63.54, 266.56, 0.0362559
_7396_, 63.54, 266.56, 0.0362559
hold282, 63.54, 266.56, 0.0362559
FILLER_0_94_115, 63.54, 266.56, 0.0362559
FILLER_0_94_130, 63.54, 266.56, 0.0362559
FILLER_0_95_140, 63.54, 266.56, 0.0362559
_7398_, 76.34, 266.56, 0.0365192
_7400_, 76.34, 266.56, 0.0365192
hold304, 76.34, 266.56, 0.0365192
FILLER_0_93_143, 76.34, 266.56, 0.0365192
FILLER_0_95_159, 76.34, 266.56, 0.0365192
_5057_, 89.14, 266.56, 0.0367377
hold5, 89.14, 266.56, 0.0367377
hold11, 89.14, 266.56, 0.0367377
hold23, 89.14, 266.56, 0.0367377
FILLER_0_93_177, 89.14, 266.56, 0.0367377
FILLER_0_94_190, 89.14, 266.56, 0.0367377
_4866_, 101.94, 266.56, 0.0369249
_5060_, 101.94, 266.56, 0.0369249
_7438_, 101.94, 266.56, 0.0369249
load_slew12, 101.94, 266.56, 0.0369249
FILLER_0_93_203, 101.94, 266.56, 0.0369249
_5062_, 114.74, 266.56, 0.0370646
_7439_, 114.74, 266.56, 0.0370646
_7440_, 114.74, 266.56, 0.0370646
FILLER_0_94_246, 114.74, 266.56, 0.0370646
_5123_, 127.54, 266.56, 0.0371643
_7393_, 127.54, 266.56, 0.0371643
clkbuf_leaf_34_clk, 127.54, 266.56, 0.0371643
hold203, 127.54, 266.56, 0.0371643
hold279, 127.54, 266.56, 0.0371643
_4876_, 140.34, 266.56, 0.0371974
_5094_, 140.34, 266.56, 0.0371974
_5130_, 140.34, 266.56, 0.0371974
_5134_, 140.34, 266.56, 0.0371974
hold694, 140.34, 266.56, 0.0371974
FILLER_0_94_284, 140.34, 266.56, 0.0371974
FILLER_0_94_294, 140.34, 266.56, 0.0371974
_5034_, 153.14, 266.56, 0.0372129
_5095_, 153.14, 266.56, 0.0372129
_5097_, 153.14, 266.56, 0.0372129
_5116_, 153.14, 266.56, 0.0372129
_7453_, 153.14, 266.56, 0.0372129
FILLER_0_94_321, 153.14, 266.56, 0.0372129
FILLER_0_95_333, 153.14, 266.56, 0.0372129
_5688_, 165.94, 266.56, 0.0371888
_7576_, 165.94, 266.56, 0.0371888
hold850, 165.94, 266.56, 0.0371888
FILLER_0_93_337, 165.94, 266.56, 0.0371888
FILLER_0_94_347, 165.94, 266.56, 0.0371888
FILLER_0_94_358, 165.94, 266.56, 0.0371888
_5808_, 191.445, 266.56, 0.0374013
_5809_, 191.445, 266.56, 0.0374013
_5810_, 191.445, 266.56, 0.0374013
_5811_, 191.445, 266.56, 0.0374013
_5812_, 191.445, 266.56, 0.0374013
_5813_, 191.445, 266.56, 0.0374013
_5818_, 191.445, 266.56, 0.0374013
_5824_, 191.445, 266.56, 0.0374013
FILLER_0_93_393, 191.445, 266.56, 0.0374013
FILLER_0_94_417, 191.445, 266.56, 0.0374013
FILLER_0_95_415, 191.445, 266.56, 0.0374013
_5819_, 204.15, 266.56, 0.0376387
_5822_, 204.15, 266.56, 0.0376387
_7570_, 204.15, 266.56, 0.0376387
hold594, 204.15, 266.56, 0.0376387
_6461_, 216.855, 266.56, 0.0378547
_7760_, 216.855, 266.56, 0.0378547
wire7, 216.855, 266.56, 0.0378547
FILLER_0_93_449, 216.855, 266.56, 0.0378547
FILLER_0_94_458, 216.855, 266.56, 0.0378547
FILLER_0_94_473, 216.855, 266.56, 0.0378547
FILLER_0_95_460, 216.855, 266.56, 0.0378547
_6463_, 229.56, 266.56, 0.038049
_6596_, 229.56, 266.56, 0.038049
_6597_, 229.56, 266.56, 0.038049
_6599_, 229.56, 266.56, 0.038049
_6600_, 229.56, 266.56, 0.038049
_7774_, 229.56, 266.56, 0.038049
hold530, 229.56, 266.56, 0.038049
_6464_, 242.265, 266.56, 0.0382012
_6606_, 242.265, 266.56, 0.0382012
_7747_, 242.265, 266.56, 0.0382012
hold63, 242.265, 266.56, 0.0382012
FILLER_0_93_501, 242.265, 266.56, 0.0382012
FILLER_0_94_502, 242.265, 266.56, 0.0382012
FILLER_0_94_528, 242.265, 266.56, 0.0382012
FILLER_0_95_517, 242.265, 266.56, 0.0382012
_6629_, 254.97, 266.56, 0.038338
_6646_, 254.97, 266.56, 0.038338
hold43, 254.97, 266.56, 0.038338
hold64, 254.97, 266.56, 0.038338
hold830, 254.97, 266.56, 0.038338
FILLER_0_94_556, 254.97, 266.56, 0.038338
_6740_, 267.675, 266.56, 0.0384662
_6744_, 267.675, 266.56, 0.0384662
_6745_, 267.675, 266.56, 0.0384662
_6752_, 267.675, 266.56, 0.0384662
FILLER_0_94_577, 267.675, 266.56, 0.0384662
FILLER_0_95_580, 267.675, 266.56, 0.0384662
_6617_, 280.38, 266.56, 0.0385781
_7807_, 280.38, 266.56, 0.0385781
_7814_, 280.38, 266.56, 0.0385781
hold161, 280.38, 266.56, 0.0385781
FILLER_0_94_610, 280.38, 266.56, 0.0385781
FILLER_0_95_610, 280.38, 266.56, 0.0385781
_6665_, 293.085, 266.56, 0.0386355
_6667_, 293.085, 266.56, 0.0386355
_6677_, 293.085, 266.56, 0.0386355
_6679_, 293.085, 266.56, 0.0386355
_6680_, 293.085, 266.56, 0.0386355
hold449, 293.085, 266.56, 0.0386355
max_cap1, 293.085, 266.56, 0.0386355
_6684_, 305.79, 266.56, 0.0386638
_6685_, 305.79, 266.56, 0.0386638
_6686_, 305.79, 266.56, 0.0386638
_7808_, 305.79, 266.56, 0.0386638
FILLER_0_94_691, 318.495, 266.56, 0.0386638
PHY_182, 5.52, 261.12, 0.0349928
PHY_184, 5.52, 261.12, 0.0349928
PHY_183, 331.2, 261.12, 0.0381329
PHY_185, 331.2, 261.12, 0.0381329
input18, 331.2, 261.12, 0.0381329
FILLER_0_91_697, 331.2, 261.12, 0.0381329
FILLER_0_92_701, 331.2, 261.12, 0.0381329
clkbuf_leaf_24_clk, 15.33, 261.12, 0.0349928
_7147_, 37.94, 261.12, 0.0352766
FILLER_0_91_57, 37.94, 261.12, 0.0352766
FILLER_0_92_77, 37.94, 261.12, 0.0352766
FILLER_0_93_81, 37.94, 261.12, 0.0352766
_3858_, 50.74, 261.12, 0.0355707
_7206_, 50.74, 261.12, 0.0355707
hold266, 50.74, 261.12, 0.0355707
FILLER_0_91_87, 50.74, 261.12, 0.0355707
FILLER_0_92_85, 50.74, 261.12, 0.0355707
FILLER_0_92_93, 50.74, 261.12, 0.0355707
FILLER_0_92_99, 50.74, 261.12, 0.0355707
_4854_, 63.54, 261.12, 0.0358397
_4855_, 63.54, 261.12, 0.0358397
_4881_, 63.54, 261.12, 0.0358397
hold267, 63.54, 261.12, 0.0358397
hold281, 63.54, 261.12, 0.0358397
hold389, 63.54, 261.12, 0.0358397
_4107_, 76.34, 261.12, 0.0360674
_4883_, 76.34, 261.12, 0.0360674
_4886_, 76.34, 261.12, 0.0360674
_7383_, 76.34, 261.12, 0.0360674
FILLER_0_93_157, 76.34, 261.12, 0.0360674
_4887_, 89.14, 261.12, 0.0362598
_5056_, 89.14, 261.12, 0.0362598
_7385_, 89.14, 261.12, 0.0362598
_7399_, 89.14, 261.12, 0.0362598
hold17, 89.14, 261.12, 0.0362598
_4868_, 101.94, 261.12, 0.0363989
hold107, 101.94, 261.12, 0.0363989
hold141, 101.94, 261.12, 0.0363989
_5058_, 114.74, 261.12, 0.0365169
hold108, 114.74, 261.12, 0.0365169
hold204, 114.74, 261.12, 0.0365169
hold420, 114.74, 261.12, 0.0365169
FILLER_0_91_233, 114.74, 261.12, 0.0365169
FILLER_0_92_249, 114.74, 261.12, 0.0365169
FILLER_0_93_248, 114.74, 261.12, 0.0365169
_4875_, 127.54, 261.12, 0.0366186
_5041_, 127.54, 261.12, 0.0366186
_7447_, 127.54, 261.12, 0.0366186
FILLER_0_92_262, 127.54, 261.12, 0.0366186
_5050_, 140.34, 261.12, 0.03671
_5082_, 140.34, 261.12, 0.03671
_5091_, 140.34, 261.12, 0.03671
_5093_, 140.34, 261.12, 0.03671
hold121, 140.34, 261.12, 0.03671
FILLER_0_92_295, 140.34, 261.12, 0.03671
FILLER_0_92_304, 140.34, 261.12, 0.03671
_5090_, 153.14, 261.12, 0.036787
_5098_, 153.14, 261.12, 0.036787
_5099_, 153.14, 261.12, 0.036787
_5100_, 153.14, 261.12, 0.036787
_5103_, 153.14, 261.12, 0.036787
_5104_, 153.14, 261.12, 0.036787
_5105_, 153.14, 261.12, 0.036787
FILLER_0_92_309, 153.14, 261.12, 0.036787
FILLER_0_92_332, 153.14, 261.12, 0.036787
_5686_, 165.94, 261.12, 0.0368373
_7575_, 165.94, 261.12, 0.0368373
hold455, 165.94, 261.12, 0.0368373
hold687, 165.94, 261.12, 0.0368373
FILLER_0_91_337, 165.94, 261.12, 0.0368373
_5807_, 191.445, 261.12, 0.0370659
_5815_, 191.445, 261.12, 0.0370659
_5816_, 191.445, 261.12, 0.0370659
_5820_, 191.445, 261.12, 0.0370659
FILLER_0_91_393, 191.445, 261.12, 0.0370659
FILLER_0_92_413, 191.445, 261.12, 0.0370659
_5675_, 204.15, 261.12, 0.0372675
_5676_, 204.15, 261.12, 0.0372675
_7597_, 204.15, 261.12, 0.0372675
FILLER_0_91_425, 204.15, 261.12, 0.0372675
_5678_, 216.855, 261.12, 0.0374508
hold170, 216.855, 261.12, 0.0374508
hold171, 216.855, 261.12, 0.0374508
hold326, 216.855, 261.12, 0.0374508
FILLER_0_91_449, 216.855, 261.12, 0.0374508
FILLER_0_92_448, 216.855, 261.12, 0.0374508
_6479_, 229.56, 261.12, 0.0376317
_6595_, 229.56, 261.12, 0.0376317
_6604_, 229.56, 261.12, 0.0376317
_6605_, 229.56, 261.12, 0.0376317
hold191, 229.56, 261.12, 0.0376317
hold192, 229.56, 261.12, 0.0376317
FILLER_0_92_484, 229.56, 261.12, 0.0376317
_6648_, 242.265, 261.12, 0.0377884
_7775_, 242.265, 261.12, 0.0377884
_7802_, 242.265, 261.12, 0.0377884
hold44, 242.265, 261.12, 0.0377884
hold533, 242.265, 261.12, 0.0377884
_6631_, 254.97, 261.12, 0.037914
_6754_, 254.97, 261.12, 0.037914
_7815_, 254.97, 261.12, 0.037914
FILLER_0_91_532, 254.97, 261.12, 0.037914
_6637_, 267.675, 261.12, 0.0380155
_6750_, 267.675, 261.12, 0.0380155
_6751_, 267.675, 261.12, 0.0380155
_6753_, 267.675, 261.12, 0.0380155
_6762_, 267.675, 261.12, 0.0380155
FILLER_0_92_572, 267.675, 261.12, 0.0380155
_6615_, 280.38, 261.12, 0.0380838
_7792_, 280.38, 261.12, 0.0380838
_6666_, 293.085, 261.12, 0.0381206
_6668_, 293.085, 261.12, 0.0381206
_6673_, 293.085, 261.12, 0.0381206
_6681_, 293.085, 261.12, 0.0381206
FILLER_0_93_635, 293.085, 261.12, 0.0381206
_6674_, 305.79, 261.12, 0.0381291
_6682_, 305.79, 261.12, 0.0381291
_6683_, 305.79, 261.12, 0.0381291
max_cap65, 305.79, 261.12, 0.0381291
PHY_178, 5.52, 255.68, 0.0347757
PHY_180, 5.52, 255.68, 0.0347757
PHY_179, 331.2, 255.68, 0.0379724
PHY_181, 331.2, 255.68, 0.0379724
FILLER_0_89_697, 331.2, 255.68, 0.0379724
FILLER_0_90_697, 331.2, 255.68, 0.0379724
FILLER_0_90_701, 331.2, 255.68, 0.0379724
_3841_, 37.94, 255.68, 0.0351468
_3843_, 37.94, 255.68, 0.0351468
_3844_, 37.94, 255.68, 0.0351468
_7148_, 37.94, 255.68, 0.0351468
ANTENNA_14, 37.94, 255.68, 0.0351468
FILLER_0_89_57, 37.94, 255.68, 0.0351468
FILLER_0_90_80, 37.94, 255.68, 0.0351468
_7232_, 50.74, 255.68, 0.035496
hold783, 50.74, 255.68, 0.035496
load_slew3, 50.74, 255.68, 0.035496
FILLER_0_90_93, 50.74, 255.68, 0.035496
_4098_, 63.54, 255.68, 0.0358108
_4101_, 63.54, 255.68, 0.0358108
_7207_, 63.54, 255.68, 0.0358108
clkbuf_leaf_22_clk, 63.54, 255.68, 0.0358108
FILLER_0_90_117, 63.54, 255.68, 0.0358108
FILLER_0_91_128, 63.54, 255.68, 0.0358108
_7210_, 76.34, 255.68, 0.0360449
_7211_, 76.34, 255.68, 0.0360449
hold140, 76.34, 255.68, 0.0360449
FILLER_0_89_141, 76.34, 255.68, 0.0360449
FILLER_0_90_141, 76.34, 255.68, 0.0360449
FILLER_0_90_164, 76.34, 255.68, 0.0360449
_4885_, 89.14, 255.68, 0.0362443
_7209_, 89.14, 255.68, 0.0362443
_7401_, 89.14, 255.68, 0.0362443
_7437_, 89.14, 255.68, 0.0362443
hold18, 89.14, 255.68, 0.0362443
_4867_, 101.94, 255.68, 0.0363674
_4870_, 101.94, 255.68, 0.0363674
_4889_, 101.94, 255.68, 0.0363674
_7389_, 101.94, 255.68, 0.0363674
FILLER_0_90_197, 101.94, 255.68, 0.0363674
FILLER_0_91_217, 101.94, 255.68, 0.0363674
_7390_, 114.74, 255.68, 0.0364797
_7443_, 114.74, 255.68, 0.0364797
hold147, 114.74, 255.68, 0.0364797
hold391, 114.74, 255.68, 0.0364797
FILLER_0_90_229, 114.74, 255.68, 0.0364797
_5066_, 127.54, 255.68, 0.0365734
_7444_, 127.54, 255.68, 0.0365734
hold122, 127.54, 255.68, 0.0365734
hold146, 127.54, 255.68, 0.0365734
FILLER_0_90_253, 127.54, 255.68, 0.0365734
FILLER_0_90_275, 127.54, 255.68, 0.0365734
FILLER_0_91_277, 127.54, 255.68, 0.0365734
_5032_, 140.34, 255.68, 0.0366577
_5080_, 140.34, 255.68, 0.0366577
_5081_, 140.34, 255.68, 0.0366577
_5083_, 140.34, 255.68, 0.0366577
FILLER_0_90_289, 140.34, 255.68, 0.0366577
FILLER_0_90_305, 140.34, 255.68, 0.0366577
FILLER_0_91_302, 140.34, 255.68, 0.0366577
_5086_, 153.14, 255.68, 0.0367058
_5088_, 153.14, 255.68, 0.0367058
_5102_, 153.14, 255.68, 0.0367058
_7452_, 153.14, 255.68, 0.0367058
hold725, 153.14, 255.68, 0.0367058
FILLER_0_90_309, 153.14, 255.68, 0.0367058
FILLER_0_91_326, 153.14, 255.68, 0.0367058
_5817_, 191.445, 255.68, 0.0369531
_5825_, 191.445, 255.68, 0.0369531
_5826_, 191.445, 255.68, 0.0369531
hold859, 191.445, 255.68, 0.0369531
FILLER_0_89_393, 191.445, 255.68, 0.0369531
FILLER_0_90_394, 191.445, 255.68, 0.0369531
FILLER_0_90_414, 191.445, 255.68, 0.0369531
_7501_, 204.15, 255.68, 0.0371764
_7598_, 204.15, 255.68, 0.0371764
hold623, 204.15, 255.68, 0.0371764
FILLER_0_90_421, 204.15, 255.68, 0.0371764
FILLER_0_90_445, 204.15, 255.68, 0.0371764
FILLER_0_91_440, 204.15, 255.68, 0.0371764
_5677_, 216.855, 255.68, 0.0373566
_7571_, 216.855, 255.68, 0.0373566
hold285, 216.855, 255.68, 0.0373566
FILLER_0_89_459, 216.855, 255.68, 0.0373566
FILLER_0_90_473, 216.855, 255.68, 0.0373566
FILLER_0_91_460, 216.855, 255.68, 0.0373566
FILLER_0_91_473, 216.855, 255.68, 0.0373566
_6466_, 229.56, 255.68, 0.0375256
_7761_, 229.56, 255.68, 0.0375256
clkbuf_leaf_43_clk, 229.56, 255.68, 0.0375256
FILLER_0_89_477, 229.56, 255.68, 0.0375256
FILLER_0_91_495, 229.56, 255.68, 0.0375256
_6647_, 242.265, 255.68, 0.0376343
_7803_, 242.265, 255.68, 0.0376343
hold156, 242.265, 255.68, 0.0376343
hold157, 242.265, 255.68, 0.0376343
hold268, 242.265, 255.68, 0.0376343
FILLER_0_89_505, 242.265, 255.68, 0.0376343
FILLER_0_90_504, 242.265, 255.68, 0.0376343
_6755_, 254.97, 255.68, 0.0377331
_6761_, 254.97, 255.68, 0.0377331
_6763_, 254.97, 255.68, 0.0377331
FILLER_0_89_537, 254.97, 255.68, 0.0377331
FILLER_0_90_545, 254.97, 255.68, 0.0377331
FILLER_0_91_544, 254.97, 255.68, 0.0377331
_6748_, 267.675, 255.68, 0.0378186
_6749_, 267.675, 255.68, 0.0378186
_6759_, 267.675, 255.68, 0.0378186
FILLER_0_90_580, 267.675, 255.68, 0.0378186
_6651_, 280.38, 255.68, 0.0378895
_6653_, 280.38, 255.68, 0.0378895
_6659_, 280.38, 255.68, 0.0378895
hold448, 280.38, 255.68, 0.0378895
FILLER_0_90_602, 280.38, 255.68, 0.0378895
_6661_, 293.085, 255.68, 0.0379408
_6669_, 293.085, 255.68, 0.0379408
_6671_, 293.085, 255.68, 0.0379408
_6672_, 293.085, 255.68, 0.0379408
FILLER_0_89_625, 293.085, 255.68, 0.0379408
FILLER_0_90_638, 293.085, 255.68, 0.0379408
FILLER_0_91_629, 293.085, 255.68, 0.0379408
_3745_, 305.79, 255.68, 0.0379724
FILLER_0_91_666, 305.79, 255.68, 0.0379724
PHY_174, 5.52, 250.24, 0.0345223
PHY_176, 5.52, 250.24, 0.0345223
PHY_175, 331.2, 250.24, 0.0380006
PHY_177, 331.2, 250.24, 0.0380006
FILLER_0_87_697, 331.2, 250.24, 0.0380006
FILLER_0_88_701, 331.2, 250.24, 0.0380006
_7146_, 15.33, 250.24, 0.0345223
FILLER_0_88_29, 15.33, 250.24, 0.0345223
FILLER_0_89_27, 15.33, 250.24, 0.0345223
_3827_, 37.94, 250.24, 0.0347829
_3830_, 37.94, 250.24, 0.0347829
_3839_, 37.94, 250.24, 0.0347829
_3840_, 37.94, 250.24, 0.0347829
_3849_, 37.94, 250.24, 0.0347829
_3850_, 37.94, 250.24, 0.0347829
_3851_, 37.94, 250.24, 0.0347829
FILLER_0_88_61, 37.94, 250.24, 0.0347829
_4146_, 50.74, 250.24, 0.0350213
_4148_, 50.74, 250.24, 0.0350213
hold572, 50.74, 250.24, 0.0350213
FILLER_0_88_93, 50.74, 250.24, 0.0350213
_4099_, 63.54, 250.24, 0.035244
_4100_, 63.54, 250.24, 0.035244
_4103_, 63.54, 250.24, 0.035244
_4147_, 63.54, 250.24, 0.035244
FILLER_0_87_113, 63.54, 250.24, 0.035244
FILLER_0_88_124, 63.54, 250.24, 0.035244
_4105_, 76.34, 250.24, 0.0354468
_4109_, 76.34, 250.24, 0.0354468
FILLER_0_88_160, 76.34, 250.24, 0.0354468
_4888_, 89.14, 250.24, 0.035636
_7402_, 89.14, 250.24, 0.035636
hold153, 89.14, 250.24, 0.035636
hold387, 89.14, 250.24, 0.035636
FILLER_0_87_169, 89.14, 250.24, 0.035636
FILLER_0_89_189, 89.14, 250.24, 0.035636
_4869_, 101.94, 250.24, 0.0358088
_7403_, 101.94, 250.24, 0.0358088
hold2, 101.94, 250.24, 0.0358088
hold152, 101.94, 250.24, 0.0358088
FILLER_0_88_197, 101.94, 250.24, 0.0358088
FILLER_0_88_219, 101.94, 250.24, 0.0358088
_4115_, 114.74, 250.24, 0.035972
_4119_, 114.74, 250.24, 0.035972
_5063_, 114.74, 250.24, 0.035972
_7406_, 114.74, 250.24, 0.035972
hold311, 114.74, 250.24, 0.035972
hold312, 114.74, 250.24, 0.035972
FILLER_0_88_232, 114.74, 250.24, 0.035972
_4872_, 127.54, 250.24, 0.0361242
_4892_, 127.54, 250.24, 0.0361242
_5044_, 127.54, 250.24, 0.0361242
_7391_, 127.54, 250.24, 0.0361242
hold388, 127.54, 250.24, 0.0361242
hold406, 127.54, 250.24, 0.0361242
FILLER_0_88_277, 127.54, 250.24, 0.0361242
_4715_, 140.34, 250.24, 0.0362645
_5101_, 140.34, 250.24, 0.0362645
_7445_, 140.34, 250.24, 0.0362645
hold254, 140.34, 250.24, 0.0362645
FILLER_0_88_303, 140.34, 250.24, 0.0362645
_5073_, 153.14, 250.24, 0.0363792
_5078_, 153.14, 250.24, 0.0363792
_5084_, 153.14, 250.24, 0.0363792
_5085_, 153.14, 250.24, 0.0363792
_5087_, 153.14, 250.24, 0.0363792
_5089_, 153.14, 250.24, 0.0363792
FILLER_0_89_332, 153.14, 250.24, 0.0363792
_5847_, 165.94, 250.24, 0.0364702
_7498_, 165.94, 250.24, 0.0364702
FILLER_0_88_354, 165.94, 250.24, 0.0364702
FILLER_0_89_361, 165.94, 250.24, 0.0364702
_5827_, 191.445, 250.24, 0.0369254
_7500_, 191.445, 250.24, 0.0369254
clkbuf_3_6__f_clk, 191.445, 250.24, 0.0369254
FILLER_0_88_416, 191.445, 250.24, 0.0369254
FILLER_0_89_411, 191.445, 250.24, 0.0369254
_5359_, 204.15, 250.24, 0.0371278
_5360_, 204.15, 250.24, 0.0371278
_5361_, 204.15, 250.24, 0.0371278
hold688, 204.15, 250.24, 0.0371278
FILLER_0_88_429, 204.15, 250.24, 0.0371278
FILLER_0_88_440, 204.15, 250.24, 0.0371278
FILLER_0_89_444, 204.15, 250.24, 0.0371278
_5679_, 216.855, 250.24, 0.0373126
_5680_, 216.855, 250.24, 0.0373126
_6480_, 216.855, 250.24, 0.0373126
_7572_, 216.855, 250.24, 0.0373126
hold342, 216.855, 250.24, 0.0373126
FILLER_0_87_449, 216.855, 250.24, 0.0373126
FILLER_0_88_463, 216.855, 250.24, 0.0373126
FILLER_0_89_467, 216.855, 250.24, 0.0373126
_6465_, 229.56, 250.24, 0.0374851
_7748_, 229.56, 250.24, 0.0374851
_7762_, 229.56, 250.24, 0.0374851
FILLER_0_88_477, 229.56, 250.24, 0.0374851
_6467_, 242.265, 250.24, 0.0376394
_6633_, 242.265, 250.24, 0.0376394
hold324, 242.265, 250.24, 0.0376394
FILLER_0_88_513, 242.265, 250.24, 0.0376394
FILLER_0_88_528, 242.265, 250.24, 0.0376394
_6756_, 254.97, 250.24, 0.0377912
_6760_, 254.97, 250.24, 0.0377912
_6766_, 254.97, 250.24, 0.0377912
_7816_, 254.97, 250.24, 0.0377912
hold650, 254.97, 250.24, 0.0377912
FILLER_0_87_537, 254.97, 250.24, 0.0377912
FILLER_0_88_553, 254.97, 250.24, 0.0377912
_6611_, 267.675, 250.24, 0.0379042
_6654_, 267.675, 250.24, 0.0379042
_6757_, 267.675, 250.24, 0.0379042
_6758_, 267.675, 250.24, 0.0379042
_7805_, 267.675, 250.24, 0.0379042
FILLER_0_88_569, 267.675, 250.24, 0.0379042
FILLER_0_89_570, 267.675, 250.24, 0.0379042
_6650_, 280.38, 250.24, 0.0379644
_6652_, 280.38, 250.24, 0.0379644
_6660_, 280.38, 250.24, 0.0379644
_6662_, 280.38, 250.24, 0.0379644
_6663_, 280.38, 250.24, 0.0379644
FILLER_0_88_595, 280.38, 250.24, 0.0379644
_6655_, 293.085, 250.24, 0.0380006
_6658_, 293.085, 250.24, 0.0380006
_6664_, 293.085, 250.24, 0.0380006
_6670_, 293.085, 250.24, 0.0380006
hold624, 293.085, 250.24, 0.0380006
FILLER_0_88_615, 293.085, 250.24, 0.0380006
FILLER_0_88_623, 293.085, 250.24, 0.0380006
FILLER_0_88_634, 293.085, 250.24, 0.0380006
FILLER_0_88_693, 318.495, 250.24, 0.0380006
PHY_170, 5.52, 244.8, 0.034413
PHY_172, 5.52, 244.8, 0.034413
output42, 5.52, 244.8, 0.034413
PHY_171, 331.2, 244.8, 0.03846
PHY_173, 331.2, 244.8, 0.03846
FILLER_0_86_701, 331.2, 244.8, 0.03846
_3807_, 15.33, 244.8, 0.0344005
FILLER_0_85_15, 15.33, 244.8, 0.0344005
_3837_, 37.94, 244.8, 0.034791
_3838_, 37.94, 244.8, 0.034791
_3848_, 37.94, 244.8, 0.034791
_3853_, 37.94, 244.8, 0.034791
FILLER_0_85_69, 37.94, 244.8, 0.034791
FILLER_0_86_61, 37.94, 244.8, 0.034791
_3836_, 50.74, 244.8, 0.035177
_4149_, 50.74, 244.8, 0.035177
_4150_, 50.74, 244.8, 0.035177
_4152_, 50.74, 244.8, 0.035177
FILLER_0_86_88, 50.74, 244.8, 0.035177
FILLER_0_86_96, 50.74, 244.8, 0.035177
FILLER_0_87_106, 50.74, 244.8, 0.035177
_4153_, 63.54, 244.8, 0.035558
_4154_, 63.54, 244.8, 0.035558
_4155_, 63.54, 244.8, 0.035558
_7208_, 63.54, 244.8, 0.035558
hold402, 63.54, 244.8, 0.035558
FILLER_0_87_127, 63.54, 244.8, 0.035558
_4102_, 76.34, 244.8, 0.0359076
_4174_, 76.34, 244.8, 0.0359076
_4175_, 76.34, 244.8, 0.0359076
_4179_, 76.34, 244.8, 0.0359076
_4192_, 76.34, 244.8, 0.0359076
_7235_, 76.34, 244.8, 0.0359076
FILLER_0_87_162, 76.34, 244.8, 0.0359076
_4104_, 89.14, 244.8, 0.0362167
_4884_, 89.14, 244.8, 0.0362167
_7212_, 89.14, 244.8, 0.0362167
_4853_, 101.94, 244.8, 0.0364286
_7216_, 101.94, 244.8, 0.0364286
hold280, 101.94, 244.8, 0.0364286
FILLER_0_86_205, 101.94, 244.8, 0.0364286
FILLER_0_87_221, 101.94, 244.8, 0.0364286
clkbuf_leaf_35_clk, 114.74, 244.8, 0.0366075
hold331, 114.74, 244.8, 0.0366075
hold332, 114.74, 244.8, 0.0366075
FILLER_0_86_249, 114.74, 244.8, 0.0366075
_4871_, 127.54, 244.8, 0.0367166
_4874_, 127.54, 244.8, 0.0367166
clkbuf_3_3__f_clk, 127.54, 244.8, 0.0367166
hold232, 127.54, 244.8, 0.0367166
FILLER_0_86_262, 127.54, 244.8, 0.0367166
_5046_, 140.34, 244.8, 0.036666
_5077_, 140.34, 244.8, 0.036666
hold158, 140.34, 244.8, 0.036666
hold159, 140.34, 244.8, 0.036666
hold255, 140.34, 244.8, 0.036666
_5079_, 153.14, 244.8, 0.0366134
_5848_, 153.14, 244.8, 0.0366134
_7451_, 153.14, 244.8, 0.0366134
_7604_, 153.14, 244.8, 0.0366134
hold631, 153.14, 244.8, 0.0366134
FILLER_0_85_310, 153.14, 244.8, 0.0366134
_5333_, 165.94, 244.8, 0.0365065
_5334_, 165.94, 244.8, 0.0365065
_5245_, 191.445, 244.8, 0.036714
_5347_, 191.445, 244.8, 0.036714
_5348_, 191.445, 244.8, 0.036714
_5349_, 191.445, 244.8, 0.036714
FILLER_0_86_397, 191.445, 244.8, 0.036714
FILLER_0_86_405, 191.445, 244.8, 0.036714
FILLER_0_86_411, 191.445, 244.8, 0.036714
FILLER_0_87_413, 191.445, 244.8, 0.036714
_5358_, 204.15, 244.8, 0.0370239
_5362_, 204.15, 244.8, 0.0370239
_5370_, 204.15, 244.8, 0.0370239
_5372_, 204.15, 244.8, 0.0370239
FILLER_0_86_429, 204.15, 244.8, 0.0370239
FILLER_0_86_444, 204.15, 244.8, 0.0370239
FILLER_0_87_443, 204.15, 244.8, 0.0370239
_7503_, 216.855, 244.8, 0.0373064
hold415, 216.855, 244.8, 0.0373064
hold510, 216.855, 244.8, 0.0373064
FILLER_0_85_449, 216.855, 244.8, 0.0373064
_6481_, 229.56, 244.8, 0.0375665
_7749_, 229.56, 244.8, 0.0375665
hold207, 229.56, 244.8, 0.0375665
hold208, 229.56, 244.8, 0.0375665
FILLER_0_85_484, 229.56, 244.8, 0.0375665
FILLER_0_87_498, 229.56, 244.8, 0.0375665
_6635_, 242.265, 244.8, 0.0378169
_7804_, 242.265, 244.8, 0.0378169
FILLER_0_85_505, 242.265, 244.8, 0.0378169
FILLER_0_86_515, 242.265, 244.8, 0.0378169
FILLER_0_87_522, 242.265, 244.8, 0.0378169
_6442_, 254.97, 244.8, 0.0380579
_6764_, 254.97, 244.8, 0.0380579
_7817_, 254.97, 244.8, 0.0380579
hold509, 254.97, 244.8, 0.0380579
FILLER_0_86_529, 254.97, 244.8, 0.0380579
FILLER_0_87_551, 254.97, 244.8, 0.0380579
_6765_, 267.675, 244.8, 0.0382444
_7558_, 267.675, 244.8, 0.0382444
clkbuf_leaf_56_clk, 267.675, 244.8, 0.0382444
FILLER_0_85_568, 267.675, 244.8, 0.0382444
FILLER_0_86_560, 267.675, 244.8, 0.0382444
_5648_, 280.38, 244.8, 0.0383265
_7806_, 280.38, 244.8, 0.0383265
FILLER_0_85_591, 280.38, 244.8, 0.0383265
FILLER_0_87_606, 280.38, 244.8, 0.0383265
_6656_, 293.085, 244.8, 0.0383852
_6657_, 293.085, 244.8, 0.0383852
_6224_, 305.79, 244.8, 0.0384362
_6225_, 305.79, 244.8, 0.0384362
_7688_, 305.79, 244.8, 0.0384362
FILLER_0_87_666, 305.79, 244.8, 0.0384362
_7687_, 318.495, 244.8, 0.03846
hold637, 318.495, 244.8, 0.03846
PHY_166, 5.52, 239.36, 0.0341112
PHY_168, 5.52, 239.36, 0.0341112
PHY_167, 331.2, 239.36, 0.03839
PHY_169, 331.2, 239.36, 0.03839
FILLER_0_84_697, 331.2, 239.36, 0.03839
FILLER_0_84_701, 331.2, 239.36, 0.03839
_3806_, 15.33, 239.36, 0.0341112
_3808_, 15.33, 239.36, 0.0341112
_3819_, 15.33, 239.36, 0.0341112
hold861, 15.33, 239.36, 0.0341112
FILLER_0_83_15, 15.33, 239.36, 0.0341112
FILLER_0_84_15, 15.33, 239.36, 0.0341112
FILLER_0_84_29, 15.33, 239.36, 0.0341112
_3846_, 37.94, 239.36, 0.0344686
_3852_, 37.94, 239.36, 0.0344686
_7145_, 37.94, 239.36, 0.0344686
hold743, 37.94, 239.36, 0.0344686
FILLER_0_84_57, 37.94, 239.36, 0.0344686
FILLER_0_84_78, 37.94, 239.36, 0.0344686
_4151_, 50.74, 239.36, 0.0348091
_4371_, 50.74, 239.36, 0.0348091
_7233_, 50.74, 239.36, 0.0348091
FILLER_0_83_90, 50.74, 239.36, 0.0348091
FILLER_0_84_85, 50.74, 239.36, 0.0348091
FILLER_0_84_108, 50.74, 239.36, 0.0348091
_4161_, 63.54, 239.36, 0.0350439
_4163_, 63.54, 239.36, 0.0350439
_4166_, 63.54, 239.36, 0.0350439
FILLER_0_84_134, 63.54, 239.36, 0.0350439
FILLER_0_85_128, 63.54, 239.36, 0.0350439
_4167_, 76.34, 239.36, 0.0352688
_4176_, 76.34, 239.36, 0.0352688
_4180_, 76.34, 239.36, 0.0352688
_4181_, 76.34, 239.36, 0.0352688
FILLER_0_84_146, 76.34, 239.36, 0.0352688
_4113_, 89.14, 239.36, 0.0354863
_7240_, 89.14, 239.36, 0.0354863
clkbuf_leaf_15_clk, 89.14, 239.36, 0.0354863
FILLER_0_83_169, 89.14, 239.36, 0.0354863
FILLER_0_84_192, 89.14, 239.36, 0.0354863
_3661_, 101.94, 239.36, 0.0356349
_7213_, 101.94, 239.36, 0.0356349
_7214_, 101.94, 239.36, 0.0356349
hold1, 101.94, 239.36, 0.0356349
FILLER_0_85_221, 101.94, 239.36, 0.0356349
_4114_, 114.74, 239.36, 0.0357386
hold233, 114.74, 239.36, 0.0357386
hold418, 114.74, 239.36, 0.0357386
FILLER_0_83_234, 114.74, 239.36, 0.0357386
FILLER_0_84_249, 114.74, 239.36, 0.0357386
_4873_, 127.54, 239.36, 0.0358401
_7392_, 127.54, 239.36, 0.0358401
_7446_, 127.54, 239.36, 0.0358401
hold379, 127.54, 239.36, 0.0358401
FILLER_0_85_275, 127.54, 239.36, 0.0358401
_5048_, 140.34, 239.36, 0.0359224
_5065_, 140.34, 239.36, 0.0359224
_5074_, 140.34, 239.36, 0.0359224
_5076_, 140.34, 239.36, 0.0359224
hold189, 140.34, 239.36, 0.0359224
FILLER_0_84_293, 140.34, 239.36, 0.0359224
FILLER_0_84_305, 140.34, 239.36, 0.0359224
_5030_, 153.14, 239.36, 0.0360029
_5071_, 153.14, 239.36, 0.0360029
_5075_, 153.14, 239.36, 0.0360029
_7497_, 153.14, 239.36, 0.0360029
FILLER_0_85_321, 153.14, 239.36, 0.0360029
_5324_, 165.94, 239.36, 0.0360514
_5325_, 165.94, 239.36, 0.0360514
_5326_, 165.94, 239.36, 0.0360514
_5332_, 165.94, 239.36, 0.0360514
_5336_, 165.94, 239.36, 0.0360514
hold680, 165.94, 239.36, 0.0360514
FILLER_0_84_337, 165.94, 239.36, 0.0360514
FILLER_0_84_359, 165.94, 239.36, 0.0360514
FILLER_0_85_349, 165.94, 239.36, 0.0360514
_5218_, 191.445, 239.36, 0.036449
_7486_, 191.445, 239.36, 0.036449
hold409, 191.445, 239.36, 0.036449
FILLER_0_83_393, 191.445, 239.36, 0.036449
FILLER_0_84_413, 191.445, 239.36, 0.036449
_5366_, 204.15, 239.36, 0.0368164
_5367_, 204.15, 239.36, 0.0368164
_5369_, 204.15, 239.36, 0.0368164
_5371_, 204.15, 239.36, 0.0368164
FILLER_0_84_421, 204.15, 239.36, 0.0368164
FILLER_0_84_443, 204.15, 239.36, 0.0368164
FILLER_0_85_443, 204.15, 239.36, 0.0368164
_5227_, 216.855, 239.36, 0.0371562
_5373_, 216.855, 239.36, 0.0371562
_7490_, 216.855, 239.36, 0.0371562
hold670, 216.855, 239.36, 0.0371562
FILLER_0_83_457, 216.855, 239.36, 0.0371562
FILLER_0_85_471, 216.855, 239.36, 0.0371562
_6468_, 229.56, 239.36, 0.0374749
_6649_, 229.56, 239.36, 0.0374749
_7477_, 229.56, 239.36, 0.0374749
hold325, 229.56, 239.36, 0.0374749
_5217_, 242.265, 239.36, 0.0377823
_6441_, 242.265, 239.36, 0.0377823
hold149, 242.265, 239.36, 0.0377823
hold456, 242.265, 239.36, 0.0377823
hold457, 242.265, 239.36, 0.0377823
_4275_, 254.97, 239.36, 0.0380095
_7559_, 254.97, 239.36, 0.0380095
FILLER_0_84_533, 254.97, 239.36, 0.0380095
FILLER_0_85_550, 254.97, 239.36, 0.0380095
_4850_, 267.675, 239.36, 0.0381783
_5649_, 267.675, 239.36, 0.0381783
_7691_, 267.675, 239.36, 0.0381783
FILLER_0_84_557, 267.675, 239.36, 0.0381783
_6246_, 280.38, 239.36, 0.0382782
_6613_, 280.38, 239.36, 0.0382782
_7690_, 280.38, 239.36, 0.0382782
FILLER_0_83_590, 280.38, 239.36, 0.0382782
FILLER_0_84_609, 280.38, 239.36, 0.0382782
FILLER_0_85_608, 280.38, 239.36, 0.0382782
_6229_, 293.085, 239.36, 0.0383457
_6238_, 293.085, 239.36, 0.0383457
_7689_, 293.085, 239.36, 0.0383457
hold706, 293.085, 239.36, 0.0383457
_6214_, 305.79, 239.36, 0.0383855
_6216_, 305.79, 239.36, 0.0383855
_6217_, 305.79, 239.36, 0.0383855
_6218_, 305.79, 239.36, 0.0383855
_6222_, 305.79, 239.36, 0.0383855
_6223_, 305.79, 239.36, 0.0383855
_6230_, 305.79, 239.36, 0.0383855
hold703, 305.79, 239.36, 0.0383855
FILLER_0_84_639, 305.79, 239.36, 0.0383855
FILLER_0_84_645, 305.79, 239.36, 0.0383855
_6215_, 318.495, 239.36, 0.03839
FILLER_0_83_668, 318.495, 239.36, 0.03839
_7144_, 5.52, 233.92, 0.0338954
PHY_162, 5.52, 233.92, 0.0338954
PHY_164, 5.52, 233.92, 0.0338954
_5865_, 331.2, 233.92, 0.0408323
PHY_163, 331.2, 233.92, 0.0408323
PHY_165, 331.2, 233.92, 0.0408323
_3809_, 15.33, 233.92, 0.033878
_3817_, 15.33, 233.92, 0.033878
FILLER_0_81_15, 15.33, 233.92, 0.033878
_3679_, 37.94, 233.92, 0.0342584
_3681_, 37.94, 233.92, 0.0342584
_3710_, 37.94, 233.92, 0.0342584
_3847_, 37.94, 233.92, 0.0342584
FILLER_0_81_69, 37.94, 233.92, 0.0342584
FILLER_0_82_71, 37.94, 233.92, 0.0342584
FILLER_0_83_78, 37.94, 233.92, 0.0342584
_3685_, 50.74, 233.92, 0.034655
_4160_, 50.74, 233.92, 0.034655
_4162_, 50.74, 233.92, 0.034655
_7133_, 50.74, 233.92, 0.034655
FILLER_0_83_106, 50.74, 233.92, 0.034655
_4158_, 63.54, 233.92, 0.0350251
_4159_, 63.54, 233.92, 0.0350251
_4164_, 63.54, 233.92, 0.0350251
_4177_, 63.54, 233.92, 0.0350251
_4178_, 63.54, 233.92, 0.0350251
FILLER_0_81_121, 63.54, 233.92, 0.0350251
_4156_, 76.34, 233.92, 0.0353584
_4168_, 76.34, 233.92, 0.0353584
_4169_, 76.34, 233.92, 0.0353584
_4171_, 76.34, 233.92, 0.0353584
_4173_, 76.34, 233.92, 0.0353584
_4188_, 76.34, 233.92, 0.0353584
hold399, 76.34, 233.92, 0.0353584
FILLER_0_81_144, 76.34, 233.92, 0.0353584
FILLER_0_83_155, 76.34, 233.92, 0.0353584
FILLER_0_83_162, 76.34, 233.92, 0.0353584
_3948_, 89.14, 233.92, 0.0356642
_4170_, 89.14, 233.92, 0.0356642
_4242_, 89.14, 233.92, 0.0356642
FILLER_0_81_169, 89.14, 233.92, 0.0356642
FILLER_0_82_172, 89.14, 233.92, 0.0356642
FILLER_0_82_189, 89.14, 233.92, 0.0356642
_4236_, 101.94, 233.92, 0.0358771
_4237_, 101.94, 233.92, 0.0358771
_4247_, 101.94, 233.92, 0.0358771
_4890_, 101.94, 233.92, 0.0358771
hold803, 101.94, 233.92, 0.0358771
_4117_, 114.74, 233.92, 0.0360742
_4891_, 114.74, 233.92, 0.0360742
_7404_, 114.74, 233.92, 0.0360742
hold222, 114.74, 233.92, 0.0360742
hold363, 114.74, 233.92, 0.0360742
FILLER_0_81_225, 114.74, 233.92, 0.0360742
_3653_, 127.54, 233.92, 0.0362604
_4880_, 127.54, 233.92, 0.0362604
_5064_, 127.54, 233.92, 0.0362604
hold190, 127.54, 233.92, 0.0362604
hold221, 127.54, 233.92, 0.0362604
FILLER_0_82_262, 127.54, 233.92, 0.0362604
FILLER_0_83_268, 127.54, 233.92, 0.0362604
_5070_, 140.34, 233.92, 0.0363443
_7450_, 140.34, 233.92, 0.0363443
clkbuf_leaf_36_clk, 140.34, 233.92, 0.0363443
FILLER_0_81_281, 140.34, 233.92, 0.0363443
FILLER_0_83_299, 140.34, 233.92, 0.0363443
_5028_, 153.14, 233.92, 0.0363496
clkbuf_leaf_37_clk, 153.14, 233.92, 0.0363496
hold460, 153.14, 233.92, 0.0363496
_5316_, 165.94, 233.92, 0.0362946
_5319_, 165.94, 233.92, 0.0362946
_5320_, 165.94, 233.92, 0.0362946
_5323_, 165.94, 233.92, 0.0362946
_5330_, 165.94, 233.92, 0.0362946
_5331_, 165.94, 233.92, 0.0362946
FILLER_0_82_347, 165.94, 233.92, 0.0362946
FILLER_0_82_361, 165.94, 233.92, 0.0362946
_5243_, 191.445, 233.92, 0.0369572
_5355_, 191.445, 233.92, 0.0369572
_5356_, 191.445, 233.92, 0.0369572
_7485_, 191.445, 233.92, 0.0369572
hold682, 191.445, 233.92, 0.0369572
FILLER_0_83_409, 191.445, 233.92, 0.0369572
_5244_, 204.15, 233.92, 0.0376919
_5363_, 204.15, 233.92, 0.0376919
_5364_, 204.15, 233.92, 0.0376919
_7502_, 204.15, 233.92, 0.0376919
clkbuf_leaf_41_clk, 204.15, 233.92, 0.0376919
FILLER_0_83_437, 204.15, 233.92, 0.0376919
FILLER_0_83_445, 204.15, 233.92, 0.0376919
_5253_, 216.855, 233.92, 0.0383522
_5254_, 216.855, 233.92, 0.0383522
_7489_, 216.855, 233.92, 0.0383522
clkbuf_leaf_42_clk, 216.855, 233.92, 0.0383522
hold435, 216.855, 233.92, 0.0383522
FILLER_0_82_461, 216.855, 233.92, 0.0383522
_5219_, 229.56, 233.92, 0.038945
_5220_, 229.56, 233.92, 0.038945
_5228_, 229.56, 233.92, 0.038945
_7472_, 229.56, 233.92, 0.038945
_7473_, 229.56, 233.92, 0.038945
FILLER_0_81_478, 229.56, 233.92, 0.038945
FILLER_0_83_497, 229.56, 233.92, 0.038945
_5027_, 242.265, 233.92, 0.0394379
_5670_, 242.265, 233.92, 0.0394379
_7423_, 242.265, 233.92, 0.0394379
hold73, 242.265, 233.92, 0.0394379
hold148, 242.265, 233.92, 0.0394379
FILLER_0_82_515, 242.265, 233.92, 0.0394379
_5026_, 254.97, 233.92, 0.0398256
_5651_, 254.97, 233.92, 0.0398256
_5652_, 254.97, 233.92, 0.0398256
_7692_, 254.97, 233.92, 0.0398256
FILLER_0_82_533, 254.97, 233.92, 0.0398256
_6254_, 267.675, 233.92, 0.0401795
_6255_, 267.675, 233.92, 0.0401795
_6256_, 267.675, 233.92, 0.0401795
_6261_, 267.675, 233.92, 0.0401795
_6262_, 267.675, 233.92, 0.0401795
_6263_, 267.675, 233.92, 0.0401795
hold516, 267.675, 233.92, 0.0401795
hold855, 267.675, 233.92, 0.0401795
FILLER_0_81_561, 267.675, 233.92, 0.0401795
FILLER_0_82_582, 267.675, 233.92, 0.0401795
_6245_, 280.38, 233.92, 0.0405012
_6248_, 280.38, 233.92, 0.0405012
clkbuf_3_7__f_clk, 280.38, 233.92, 0.0405012
hold722, 280.38, 233.92, 0.0405012
FILLER_0_81_585, 280.38, 233.92, 0.0405012
FILLER_0_83_601, 280.38, 233.92, 0.0405012
_6219_, 293.085, 233.92, 0.0406443
_6221_, 293.085, 233.92, 0.0406443
_6234_, 293.085, 233.92, 0.0406443
_6235_, 293.085, 233.92, 0.0406443
_6236_, 293.085, 233.92, 0.0406443
_6237_, 293.085, 233.92, 0.0406443
_6239_, 293.085, 233.92, 0.0406443
_6244_, 293.085, 233.92, 0.0406443
FILLER_0_81_617, 293.085, 233.92, 0.0406443
FILLER_0_82_625, 293.085, 233.92, 0.0406443
_6205_, 305.79, 233.92, 0.0407529
_6208_, 305.79, 233.92, 0.0407529
_6226_, 305.79, 233.92, 0.0407529
_6227_, 305.79, 233.92, 0.0407529
_6228_, 305.79, 233.92, 0.0407529
FILLER_0_82_640, 305.79, 233.92, 0.0407529
FILLER_0_82_650, 305.79, 233.92, 0.0407529
FILLER_0_82_658, 305.79, 233.92, 0.0407529
_6213_, 318.495, 233.92, 0.0408305
_7686_, 318.495, 233.92, 0.0408305
output46, 318.495, 233.92, 0.0408305
clkbuf_leaf_58_clk, 318.495, 233.92, 0.0408305
PHY_158, 5.52, 228.48, 0.0335848
PHY_160, 5.52, 228.48, 0.0335848
input12, 5.52, 228.48, 0.0335848
_6200_, 331.2, 228.48, 0.03846
PHY_159, 331.2, 228.48, 0.03846
PHY_161, 331.2, 228.48, 0.03846
hold718, 331.2, 228.48, 0.03846
_3804_, 15.33, 228.48, 0.0335845
_3805_, 15.33, 228.48, 0.0335845
_3812_, 15.33, 228.48, 0.0335845
hold484, 15.33, 228.48, 0.0335845
_3707_, 37.94, 228.48, 0.0340268
_3854_, 37.94, 228.48, 0.0340268
_3855_, 37.94, 228.48, 0.0340268
_7132_, 37.94, 228.48, 0.0340268
clkbuf_3_2__f_clk, 37.94, 228.48, 0.0340268
hold782, 37.94, 228.48, 0.0340268
_3709_, 50.74, 228.48, 0.0343058
_3714_, 50.74, 228.48, 0.0343058
_7135_, 50.74, 228.48, 0.0343058
clkbuf_leaf_21_clk, 50.74, 228.48, 0.0343058
hold751, 50.74, 228.48, 0.0343058
_3713_, 63.54, 228.48, 0.034524
_4157_, 63.54, 228.48, 0.034524
hold744, 63.54, 228.48, 0.034524
FILLER_0_79_118, 63.54, 228.48, 0.034524
FILLER_0_79_126, 63.54, 228.48, 0.034524
FILLER_0_80_133, 63.54, 228.48, 0.034524
FILLER_0_81_133, 63.54, 228.48, 0.034524
_4106_, 76.34, 228.48, 0.0347371
_4172_, 76.34, 228.48, 0.0347371
hold349, 76.34, 228.48, 0.0347371
FILLER_0_81_155, 76.34, 228.48, 0.0347371
FILLER_0_81_163, 76.34, 228.48, 0.0347371
_4111_, 89.14, 228.48, 0.0349309
_4231_, 89.14, 228.48, 0.0349309
_4235_, 89.14, 228.48, 0.0349309
_4239_, 89.14, 228.48, 0.0349309
_4240_, 89.14, 228.48, 0.0349309
_4241_, 89.14, 228.48, 0.0349309
FILLER_0_79_174, 89.14, 228.48, 0.0349309
FILLER_0_81_184, 89.14, 228.48, 0.0349309
_4238_, 101.94, 228.48, 0.0351119
_4245_, 101.94, 228.48, 0.0351119
_4246_, 101.94, 228.48, 0.0351119
_4248_, 101.94, 228.48, 0.0351119
_4249_, 101.94, 228.48, 0.0351119
_4251_, 101.94, 228.48, 0.0351119
_7241_, 101.94, 228.48, 0.0351119
FILLER_0_79_201, 101.94, 228.48, 0.0351119
_4116_, 114.74, 228.48, 0.035249
_7215_, 114.74, 228.48, 0.035249
_7405_, 114.74, 228.48, 0.035249
hold723, 114.74, 228.48, 0.035249
_5069_, 127.54, 228.48, 0.0353607
_7395_, 127.54, 228.48, 0.0353607
_7449_, 127.54, 228.48, 0.0353607
hold381, 127.54, 228.48, 0.0353607
FILLER_0_81_268, 127.54, 228.48, 0.0353607
_4097_, 140.34, 228.48, 0.0354538
_5054_, 140.34, 228.48, 0.0354538
_5072_, 140.34, 228.48, 0.0354538
hold353, 140.34, 228.48, 0.0354538
FILLER_0_80_301, 140.34, 228.48, 0.0354538
_4094_, 153.14, 228.48, 0.0355374
_4851_, 153.14, 228.48, 0.0355374
_4852_, 153.14, 228.48, 0.0355374
_7382_, 153.14, 228.48, 0.0355374
FILLER_0_80_309, 153.14, 228.48, 0.0355374
_5312_, 165.94, 228.48, 0.0355572
_5315_, 165.94, 228.48, 0.0355572
_5317_, 165.94, 228.48, 0.0355572
_5318_, 165.94, 228.48, 0.0355572
FILLER_0_79_337, 165.94, 228.48, 0.0355572
FILLER_0_79_348, 165.94, 228.48, 0.0355572
FILLER_0_80_354, 165.94, 228.48, 0.0355572
_5216_, 191.445, 228.48, 0.0360018
_5357_, 191.445, 228.48, 0.0360018
_7494_, 191.445, 228.48, 0.0360018
hold507, 191.445, 228.48, 0.0360018
FILLER_0_80_417, 191.445, 228.48, 0.0360018
_5365_, 204.15, 228.48, 0.0364139
_5368_, 204.15, 228.48, 0.0364139
_7487_, 204.15, 228.48, 0.0364139
hold465, 204.15, 228.48, 0.0364139
FILLER_0_80_421, 204.15, 228.48, 0.0364139
FILLER_0_80_432, 204.15, 228.48, 0.0364139
FILLER_0_81_440, 204.15, 228.48, 0.0364139
_5225_, 216.855, 228.48, 0.0368049
_5226_, 216.855, 228.48, 0.0368049
_5249_, 216.855, 228.48, 0.0368049
_5251_, 216.855, 228.48, 0.0368049
_5252_, 216.855, 228.48, 0.0368049
FILLER_0_79_454, 216.855, 228.48, 0.0368049
FILLER_0_80_448, 216.855, 228.48, 0.0368049
FILLER_0_80_463, 216.855, 228.48, 0.0368049
_5335_, 229.56, 228.48, 0.0371935
_7476_, 229.56, 228.48, 0.0371935
clkbuf_leaf_64_clk, 242.265, 228.48, 0.0375574
hold77, 242.265, 228.48, 0.0375574
FILLER_0_79_505, 242.265, 228.48, 0.0375574
_5478_, 254.97, 228.48, 0.037862
hold522, 254.97, 228.48, 0.037862
FILLER_0_80_553, 254.97, 228.48, 0.037862
FILLER_0_81_554, 254.97, 228.48, 0.037862
_6251_, 267.675, 228.48, 0.0380571
_6252_, 267.675, 228.48, 0.0380571
_6253_, 267.675, 228.48, 0.0380571
_6258_, 267.675, 228.48, 0.0380571
_6260_, 267.675, 228.48, 0.0380571
_6265_, 267.675, 228.48, 0.0380571
_6267_, 267.675, 228.48, 0.0380571
FILLER_0_80_582, 267.675, 228.48, 0.0380571
FILLER_0_81_573, 267.675, 228.48, 0.0380571
_6138_, 280.38, 228.48, 0.0382135
_6240_, 280.38, 228.48, 0.0382135
_6241_, 280.38, 228.48, 0.0382135
_6242_, 280.38, 228.48, 0.0382135
_6243_, 280.38, 228.48, 0.0382135
_6247_, 280.38, 228.48, 0.0382135
hold239, 280.38, 228.48, 0.0382135
FILLER_0_80_592, 280.38, 228.48, 0.0382135
FILLER_0_80_608, 280.38, 228.48, 0.0382135
_6220_, 293.085, 228.48, 0.0383456
_6231_, 293.085, 228.48, 0.0383456
_6232_, 293.085, 228.48, 0.0383456
_6233_, 293.085, 228.48, 0.0383456
clkbuf_leaf_57_clk, 293.085, 228.48, 0.0383456
FILLER_0_80_637, 293.085, 228.48, 0.0383456
_6195_, 305.79, 228.48, 0.0384186
_6202_, 305.79, 228.48, 0.0384186
_6203_, 305.79, 228.48, 0.0384186
_6204_, 305.79, 228.48, 0.0384186
_6207_, 305.79, 228.48, 0.0384186
hold277, 305.79, 228.48, 0.0384186
FILLER_0_80_650, 305.79, 228.48, 0.0384186
FILLER_0_81_659, 305.79, 228.48, 0.0384186
_5864_, 318.495, 228.48, 0.0384541
_6187_, 318.495, 228.48, 0.0384541
_6201_, 318.495, 228.48, 0.0384541
_6211_, 318.495, 228.48, 0.0384541
_7608_, 318.495, 228.48, 0.0384541
ANTENNA_4, 318.495, 228.48, 0.0384541
FILLER_0_80_667, 318.495, 228.48, 0.0384541
FILLER_0_80_683, 318.495, 228.48, 0.0384541
_7143_, 5.52, 223.04, 0.033207
PHY_154, 5.52, 223.04, 0.033207
PHY_156, 5.52, 223.04, 0.033207
FILLER_0_78_3, 5.52, 223.04, 0.033207
PHY_155, 331.2, 223.04, 0.0371518
PHY_157, 331.2, 223.04, 0.0371518
FILLER_0_77_702, 331.2, 223.04, 0.0371518
FILLER_0_78_701, 331.2, 223.04, 0.0371518
_3789_, 15.33, 223.04, 0.0331946
_3790_, 15.33, 223.04, 0.0331946
_3791_, 15.33, 223.04, 0.0331946
_3792_, 15.33, 223.04, 0.0331946
_3795_, 15.33, 223.04, 0.0331946
_3803_, 15.33, 223.04, 0.0331946
FILLER_0_78_11, 15.33, 223.04, 0.0331946
FILLER_0_78_29, 15.33, 223.04, 0.0331946
_3675_, 37.94, 223.04, 0.0334395
_3703_, 37.94, 223.04, 0.0334395
_3845_, 37.94, 223.04, 0.0334395
hold713, 37.94, 223.04, 0.0334395
FILLER_0_77_66, 37.94, 223.04, 0.0334395
FILLER_0_78_80, 37.94, 223.04, 0.0334395
FILLER_0_79_83, 37.94, 223.04, 0.0334395
_7149_, 50.74, 223.04, 0.0337142
hold605, 50.74, 223.04, 0.0337142
FILLER_0_78_105, 50.74, 223.04, 0.0337142
_4165_, 63.54, 223.04, 0.0339658
_7234_, 63.54, 223.04, 0.0339658
_7236_, 63.54, 223.04, 0.0339658
FILLER_0_77_113, 63.54, 223.04, 0.0339658
FILLER_0_78_134, 63.54, 223.04, 0.0339658
_4186_, 76.34, 223.04, 0.0341806
_4189_, 76.34, 223.04, 0.0341806
_4193_, 76.34, 223.04, 0.0341806
_4194_, 76.34, 223.04, 0.0341806
_4196_, 76.34, 223.04, 0.0341806
_4205_, 76.34, 223.04, 0.0341806
FILLER_0_77_146, 76.34, 223.04, 0.0341806
FILLER_0_78_141, 76.34, 223.04, 0.0341806
_4191_, 89.14, 223.04, 0.0343745
_4222_, 89.14, 223.04, 0.0343745
_4223_, 89.14, 223.04, 0.0343745
_4224_, 89.14, 223.04, 0.0343745
FILLER_0_77_181, 89.14, 223.04, 0.0343745
FILLER_0_78_186, 89.14, 223.04, 0.0343745
FILLER_0_79_182, 89.14, 223.04, 0.0343745
_4243_, 101.94, 223.04, 0.0345411
_4244_, 101.94, 223.04, 0.0345411
_4250_, 101.94, 223.04, 0.0345411
hold314, 101.94, 223.04, 0.0345411
FILLER_0_78_209, 101.94, 223.04, 0.0345411
_4878_, 114.74, 223.04, 0.0346882
_4879_, 114.74, 223.04, 0.0346882
FILLER_0_77_237, 114.74, 223.04, 0.0346882
FILLER_0_79_242, 114.74, 223.04, 0.0346882
_4877_, 127.54, 223.04, 0.0348339
_7394_, 127.54, 223.04, 0.0348339
hold175, 127.54, 223.04, 0.0348339
hold327, 127.54, 223.04, 0.0348339
hold328, 127.54, 223.04, 0.0348339
hold380, 127.54, 223.04, 0.0348339
FILLER_0_78_262, 127.54, 223.04, 0.0348339
FILLER_0_78_276, 127.54, 223.04, 0.0348339
FILLER_0_79_276, 127.54, 223.04, 0.0348339
_4096_, 140.34, 223.04, 0.0349674
_7205_, 140.34, 223.04, 0.0349674
_7448_, 140.34, 223.04, 0.0349674
hold174, 140.34, 223.04, 0.0349674
FILLER_0_77_281, 140.34, 223.04, 0.0349674
FILLER_0_78_304, 140.34, 223.04, 0.0349674
_4095_, 153.14, 223.04, 0.0350721
_5068_, 153.14, 223.04, 0.0350721
_5314_, 153.14, 223.04, 0.0350721
_7496_, 153.14, 223.04, 0.0350721
FILLER_0_77_313, 153.14, 223.04, 0.0350721
FILLER_0_78_327, 153.14, 223.04, 0.0350721
FILLER_0_79_329, 153.14, 223.04, 0.0350721
_5309_, 165.94, 223.04, 0.0351174
_5311_, 165.94, 223.04, 0.0351174
_5313_, 165.94, 223.04, 0.0351174
_5322_, 165.94, 223.04, 0.0351174
hold447, 165.94, 223.04, 0.0351174
FILLER_0_77_337, 165.94, 223.04, 0.0351174
_5289_, 191.445, 223.04, 0.0354713
_5290_, 191.445, 223.04, 0.0354713
clkbuf_leaf_40_clk, 191.445, 223.04, 0.0354713
FILLER_0_77_393, 191.445, 223.04, 0.0354713
FILLER_0_78_394, 191.445, 223.04, 0.0354713
FILLER_0_78_417, 191.445, 223.04, 0.0354713
FILLER_0_79_415, 191.445, 223.04, 0.0354713
_5221_, 204.15, 223.04, 0.0357498
_5247_, 204.15, 223.04, 0.0357498
_5248_, 204.15, 223.04, 0.0357498
_5250_, 204.15, 223.04, 0.0357498
_5284_, 204.15, 223.04, 0.0357498
_5287_, 204.15, 223.04, 0.0357498
_7488_, 204.15, 223.04, 0.0357498
FILLER_0_78_421, 204.15, 223.04, 0.0357498
FILLER_0_78_433, 204.15, 223.04, 0.0357498
_5222_, 216.855, 223.04, 0.0359969
_5223_, 216.855, 223.04, 0.0359969
_7474_, 216.855, 223.04, 0.0359969
hold440, 216.855, 223.04, 0.0359969
FILLER_0_78_468, 216.855, 223.04, 0.0359969
_5211_, 229.56, 223.04, 0.0362316
_5224_, 229.56, 223.04, 0.0362316
_7680_, 229.56, 223.04, 0.0362316
hold74, 229.56, 223.04, 0.0362316
FILLER_0_79_499, 229.56, 223.04, 0.0362316
_6139_, 242.265, 223.04, 0.0364486
_7676_, 242.265, 223.04, 0.0364486
_7693_, 242.265, 223.04, 0.0364486
hold78, 242.265, 223.04, 0.0364486
hold109, 242.265, 223.04, 0.0364486
FILLER_0_77_505, 242.265, 223.04, 0.0364486
_6129_, 254.97, 223.04, 0.0366388
_6141_, 254.97, 223.04, 0.0366388
_6257_, 254.97, 223.04, 0.0366388
_6266_, 254.97, 223.04, 0.0366388
_6268_, 254.97, 223.04, 0.0366388
hold119, 254.97, 223.04, 0.0366388
hold423, 254.97, 223.04, 0.0366388
FILLER_0_78_550, 254.97, 223.04, 0.0366388
_6125_, 267.675, 223.04, 0.0368035
_6140_, 267.675, 223.04, 0.0368035
_6249_, 267.675, 223.04, 0.0368035
_6250_, 267.675, 223.04, 0.0368035
_6259_, 267.675, 223.04, 0.0368035
_6264_, 267.675, 223.04, 0.0368035
hold120, 267.675, 223.04, 0.0368035
hold400, 267.675, 223.04, 0.0368035
hold452, 267.675, 223.04, 0.0368035
FILLER_0_77_557, 267.675, 223.04, 0.0368035
_6119_, 280.38, 223.04, 0.0369353
_6121_, 280.38, 223.04, 0.0369353
_7675_, 280.38, 223.04, 0.0369353
hold238, 280.38, 223.04, 0.0369353
FILLER_0_77_586, 280.38, 223.04, 0.0369353
FILLER_0_78_598, 280.38, 223.04, 0.0369353
FILLER_0_79_600, 280.38, 223.04, 0.0369353
FILLER_0_79_611, 280.38, 223.04, 0.0369353
_6192_, 293.085, 223.04, 0.0370566
_6193_, 293.085, 223.04, 0.0370566
_6194_, 293.085, 223.04, 0.0370566
_7673_, 293.085, 223.04, 0.0370566
hold401, 293.085, 223.04, 0.0370566
hold453, 293.085, 223.04, 0.0370566
FILLER_0_78_612, 293.085, 223.04, 0.0370566
FILLER_0_78_638, 293.085, 223.04, 0.0370566
_6114_, 305.79, 223.04, 0.0371148
_6182_, 305.79, 223.04, 0.0371148
_6198_, 305.79, 223.04, 0.0371148
_6206_, 305.79, 223.04, 0.0371148
_6212_, 305.79, 223.04, 0.0371148
FILLER_0_77_648, 305.79, 223.04, 0.0371148
FILLER_0_78_650, 305.79, 223.04, 0.0371148
_6186_, 318.495, 223.04, 0.0371518
_6188_, 318.495, 223.04, 0.0371518
_6199_, 318.495, 223.04, 0.0371518
_6210_, 318.495, 223.04, 0.0371518
FILLER_0_77_673, 318.495, 223.04, 0.0371518
FILLER_0_78_680, 318.495, 223.04, 0.0371518
PHY_150, 5.52, 217.6, 0.0328719
PHY_152, 5.52, 217.6, 0.0328719
FILLER_0_76_3, 5.52, 217.6, 0.0328719
PHY_151, 331.2, 217.6, 0.0361609
PHY_153, 331.2, 217.6, 0.0361609
FILLER_0_75_702, 331.2, 217.6, 0.0361609
FILLER_0_76_701, 331.2, 217.6, 0.0361609
_3782_, 15.33, 217.6, 0.0328719
hold364, 15.33, 217.6, 0.0328719
_3677_, 37.94, 217.6, 0.0331482
_3705_, 37.94, 217.6, 0.0331482
_3706_, 37.94, 217.6, 0.0331482
_3786_, 37.94, 217.6, 0.0331482
_3856_, 37.94, 217.6, 0.0331482
_7131_, 37.94, 217.6, 0.0331482
FILLER_0_75_62, 37.94, 217.6, 0.0331482
FILLER_0_76_62, 37.94, 217.6, 0.0331482
FILLER_0_77_84, 37.94, 217.6, 0.0331482
_3711_, 50.74, 217.6, 0.03342
_3712_, 50.74, 217.6, 0.03342
_5024_, 50.74, 217.6, 0.03342
_7134_, 50.74, 217.6, 0.03342
hold413, 50.74, 217.6, 0.03342
FILLER_0_75_85, 50.74, 217.6, 0.03342
FILLER_0_77_101, 50.74, 217.6, 0.03342
FILLER_0_77_109, 50.74, 217.6, 0.03342
_4182_, 63.54, 217.6, 0.0336782
_4187_, 63.54, 217.6, 0.0336782
_5023_, 63.54, 217.6, 0.0336782
_7422_, 63.54, 217.6, 0.0336782
hold645, 63.54, 217.6, 0.0336782
FILLER_0_76_124, 63.54, 217.6, 0.0336782
FILLER_0_77_128, 63.54, 217.6, 0.0336782
_4183_, 76.34, 217.6, 0.0338984
_4184_, 76.34, 217.6, 0.0338984
_4185_, 76.34, 217.6, 0.0338984
_4190_, 76.34, 217.6, 0.0338984
_4197_, 76.34, 217.6, 0.0338984
_4202_, 76.34, 217.6, 0.0338984
_4230_, 76.34, 217.6, 0.0338984
_4232_, 76.34, 217.6, 0.0338984
FILLER_0_75_147, 76.34, 217.6, 0.0338984
FILLER_0_76_153, 76.34, 217.6, 0.0338984
FILLER_0_77_158, 76.34, 217.6, 0.0338984
_4226_, 89.14, 217.6, 0.0340959
_4227_, 89.14, 217.6, 0.0340959
_4229_, 89.14, 217.6, 0.0340959
_4233_, 89.14, 217.6, 0.0340959
_4234_, 89.14, 217.6, 0.0340959
_7239_, 89.14, 217.6, 0.0340959
FILLER_0_75_169, 89.14, 217.6, 0.0340959
FILLER_0_75_177, 89.14, 217.6, 0.0340959
_4112_, 101.94, 217.6, 0.0342518
_4225_, 101.94, 217.6, 0.0342518
_4257_, 101.94, 217.6, 0.0342518
_4258_, 101.94, 217.6, 0.0342518
_7242_, 101.94, 217.6, 0.0342518
FILLER_0_75_208, 101.94, 217.6, 0.0342518
FILLER_0_76_200, 101.94, 217.6, 0.0342518
_4118_, 114.74, 217.6, 0.034374
hold200, 114.74, 217.6, 0.034374
hold823, 114.74, 217.6, 0.034374
FILLER_0_75_234, 114.74, 217.6, 0.034374
_4093_, 127.54, 217.6, 0.0344884
_4895_, 127.54, 217.6, 0.0344884
hold199, 127.54, 217.6, 0.0344884
hold220, 127.54, 217.6, 0.0344884
FILLER_0_75_261, 127.54, 217.6, 0.0344884
_3778_, 140.34, 217.6, 0.0345984
_5052_, 140.34, 217.6, 0.0345984
_5067_, 140.34, 217.6, 0.0345984
hold431, 140.34, 217.6, 0.0345984
_4091_, 153.14, 217.6, 0.0346761
_4848_, 153.14, 217.6, 0.0346761
_4849_, 153.14, 217.6, 0.0346761
_5304_, 153.14, 217.6, 0.0346761
_7381_, 153.14, 217.6, 0.0346761
FILLER_0_76_309, 153.14, 217.6, 0.0346761
FILLER_0_76_330, 153.14, 217.6, 0.0346761
_5212_, 165.94, 217.6, 0.0347084
_5303_, 165.94, 217.6, 0.0347084
_5305_, 165.94, 217.6, 0.0347084
_5306_, 165.94, 217.6, 0.0347084
_5307_, 165.94, 217.6, 0.0347084
_5308_, 165.94, 217.6, 0.0347084
FILLER_0_76_361, 165.94, 217.6, 0.0347084
FILLER_0_77_358, 165.94, 217.6, 0.0347084
_5280_, 191.445, 217.6, 0.0349186
_5285_, 191.445, 217.6, 0.0349186
_5286_, 191.445, 217.6, 0.0349186
_5288_, 191.445, 217.6, 0.0349186
_5292_, 191.445, 217.6, 0.0349186
_5298_, 191.445, 217.6, 0.0349186
FILLER_0_75_393, 191.445, 217.6, 0.0349186
FILLER_0_77_411, 191.445, 217.6, 0.0349186
_5208_, 204.15, 217.6, 0.0351059
_5281_, 204.15, 217.6, 0.0351059
FILLER_0_75_423, 204.15, 217.6, 0.0351059
_5241_, 216.855, 217.6, 0.0352843
_5242_, 216.855, 217.6, 0.0352843
_7484_, 216.855, 217.6, 0.0352843
hold711, 216.855, 217.6, 0.0352843
FILLER_0_75_449, 216.855, 217.6, 0.0352843
FILLER_0_76_446, 216.855, 217.6, 0.0352843
FILLER_0_76_472, 216.855, 217.6, 0.0352843
FILLER_0_77_465, 216.855, 217.6, 0.0352843
_6143_, 229.56, 217.6, 0.0354536
_7469_, 229.56, 217.6, 0.0354536
FILLER_0_76_477, 229.56, 217.6, 0.0354536
FILLER_0_77_490, 229.56, 217.6, 0.0354536
_6142_, 242.265, 217.6, 0.0356075
_7470_, 242.265, 217.6, 0.0356075
hold58, 242.265, 217.6, 0.0356075
hold446, 242.265, 217.6, 0.0356075
FILLER_0_76_510, 242.265, 217.6, 0.0356075
hold59, 254.97, 217.6, 0.0357423
hold110, 254.97, 217.6, 0.0357423
hold351, 254.97, 217.6, 0.0357423
FILLER_0_76_544, 254.97, 217.6, 0.0357423
FILLER_0_77_549, 254.97, 217.6, 0.0357423
_5968_, 267.675, 217.6, 0.0358676
_6123_, 267.675, 217.6, 0.0358676
_7677_, 267.675, 217.6, 0.0358676
hold421, 267.675, 217.6, 0.0358676
FILLER_0_75_557, 267.675, 217.6, 0.0358676
_6136_, 280.38, 217.6, 0.0359698
hold193, 280.38, 217.6, 0.0359698
FILLER_0_76_601, 280.38, 217.6, 0.0359698
FILLER_0_76_611, 280.38, 217.6, 0.0359698
FILLER_0_77_611, 280.38, 217.6, 0.0359698
_6134_, 293.085, 217.6, 0.0360648
_6135_, 293.085, 217.6, 0.0360648
_7672_, 293.085, 217.6, 0.0360648
FILLER_0_75_613, 293.085, 217.6, 0.0360648
FILLER_0_75_617, 293.085, 217.6, 0.0360648
_6112_, 305.79, 217.6, 0.03613
_6181_, 305.79, 217.6, 0.03613
_6183_, 305.79, 217.6, 0.03613
_6184_, 305.79, 217.6, 0.03613
FILLER_0_75_643, 305.79, 217.6, 0.03613
FILLER_0_77_666, 305.79, 217.6, 0.03613
_6180_, 318.495, 217.6, 0.0361609
_6189_, 318.495, 217.6, 0.0361609
_6190_, 318.495, 217.6, 0.0361609
_7685_, 318.495, 217.6, 0.0361609
hold299, 318.495, 217.6, 0.0361609
FILLER_0_75_668, 318.495, 217.6, 0.0361609
FILLER_0_76_671, 318.495, 217.6, 0.0361609
FILLER_0_77_681, 318.495, 217.6, 0.0361609
_7142_, 5.52, 212.16, 0.0326325
PHY_146, 5.52, 212.16, 0.0326325
PHY_148, 5.52, 212.16, 0.0326325
FILLER_0_74_3, 5.52, 212.16, 0.0326325
PHY_147, 331.2, 212.16, 0.0370904
PHY_149, 331.2, 212.16, 0.0370904
output35, 331.2, 212.16, 0.0370904
ANTENNA_13, 331.2, 212.16, 0.0370904
_3673_, 15.33, 212.16, 0.0326183
_3788_, 15.33, 212.16, 0.0326183
_3794_, 15.33, 212.16, 0.0326183
FILLER_0_74_29, 15.33, 212.16, 0.0326183
FILLER_0_75_24, 15.33, 212.16, 0.0326183
_3654_, 37.94, 212.16, 0.0330396
_3775_, 37.94, 212.16, 0.0330396
_3776_, 37.94, 212.16, 0.0330396
FILLER_0_73_66, 37.94, 212.16, 0.0330396
FILLER_0_74_67, 37.94, 212.16, 0.0330396
_3683_, 50.74, 212.16, 0.0333723
_3715_, 50.74, 212.16, 0.0333723
_3716_, 50.74, 212.16, 0.0333723
hold337, 50.74, 212.16, 0.0333723
FILLER_0_74_85, 50.74, 212.16, 0.0333723
_4271_, 63.54, 212.16, 0.0337034
_4278_, 63.54, 212.16, 0.0337034
FILLER_0_74_135, 63.54, 212.16, 0.0337034
FILLER_0_75_139, 63.54, 212.16, 0.0337034
_4203_, 76.34, 212.16, 0.0340023
_4204_, 76.34, 212.16, 0.0340023
_4206_, 76.34, 212.16, 0.0340023
_4216_, 76.34, 212.16, 0.0340023
_4217_, 76.34, 212.16, 0.0340023
FILLER_0_74_141, 76.34, 212.16, 0.0340023
FILLER_0_75_160, 76.34, 212.16, 0.0340023
_4215_, 89.14, 212.16, 0.0342694
_4221_, 89.14, 212.16, 0.0342694
_4228_, 89.14, 212.16, 0.0342694
FILLER_0_73_169, 89.14, 212.16, 0.0342694
FILLER_0_74_190, 89.14, 212.16, 0.0342694
_4252_, 101.94, 212.16, 0.0345198
_4256_, 101.94, 212.16, 0.0345198
_4259_, 101.94, 212.16, 0.0345198
_4266_, 101.94, 212.16, 0.0345198
_4864_, 101.94, 212.16, 0.0345198
FILLER_0_74_221, 101.94, 212.16, 0.0345198
_4255_, 114.74, 212.16, 0.0346811
_7408_, 114.74, 212.16, 0.0346811
clkbuf_leaf_14_clk, 114.74, 212.16, 0.0346811
FILLER_0_73_234, 114.74, 212.16, 0.0346811
FILLER_0_74_248, 114.74, 212.16, 0.0346811
_4092_, 127.54, 212.16, 0.0347628
_4894_, 127.54, 212.16, 0.0347628
_7204_, 127.54, 212.16, 0.0347628
_7431_, 127.54, 212.16, 0.0347628
FILLER_0_75_276, 127.54, 212.16, 0.0347628
_4893_, 140.34, 212.16, 0.0347996
_5049_, 140.34, 212.16, 0.0347996
_7433_, 140.34, 212.16, 0.0347996
hold374, 140.34, 212.16, 0.0347996
FILLER_0_74_303, 140.34, 212.16, 0.0347996
FILLER_0_75_304, 140.34, 212.16, 0.0347996
_7483_, 153.14, 212.16, 0.0347425
hold373, 153.14, 212.16, 0.0347425
FILLER_0_74_309, 153.14, 212.16, 0.0347425
FILLER_0_74_334, 153.14, 212.16, 0.0347425
FILLER_0_75_328, 153.14, 212.16, 0.0347425
_5240_, 165.94, 212.16, 0.0346664
hold851, 165.94, 212.16, 0.0346664
FILLER_0_74_358, 165.94, 212.16, 0.0346664
_5275_, 191.445, 212.16, 0.0349886
_5277_, 191.445, 212.16, 0.0349886
_5278_, 191.445, 212.16, 0.0349886
_5279_, 191.445, 212.16, 0.0349886
_5282_, 191.445, 212.16, 0.0349886
_5283_, 191.445, 212.16, 0.0349886
max_cap2, 191.445, 212.16, 0.0349886
FILLER_0_74_408, 191.445, 212.16, 0.0349886
_5209_, 204.15, 212.16, 0.0353772
_5272_, 204.15, 212.16, 0.0353772
_5274_, 204.15, 212.16, 0.0353772
_7468_, 204.15, 212.16, 0.0353772
max_cap67, 204.15, 212.16, 0.0353772
FILLER_0_73_430, 204.15, 212.16, 0.0353772
FILLER_0_74_424, 204.15, 212.16, 0.0353772
FILLER_0_75_440, 204.15, 212.16, 0.0353772
_5214_, 216.855, 212.16, 0.035728
_7467_, 216.855, 212.16, 0.035728
_7475_, 216.855, 212.16, 0.035728
FILLER_0_74_466, 216.855, 212.16, 0.035728
_5203_, 229.56, 212.16, 0.0360534
_5213_, 229.56, 212.16, 0.0360534
_5215_, 229.56, 212.16, 0.0360534
_7465_, 229.56, 212.16, 0.0360534
FILLER_0_74_489, 229.56, 212.16, 0.0360534
FILLER_0_75_499, 229.56, 212.16, 0.0360534
_6626_, 242.265, 212.16, 0.0363487
_7471_, 242.265, 212.16, 0.0363487
_7679_, 242.265, 212.16, 0.0363487
hold445, 242.265, 212.16, 0.0363487
FILLER_0_73_505, 242.265, 212.16, 0.0363487
_6118_, 254.97, 212.16, 0.0366225
_6127_, 254.97, 212.16, 0.0366225
_7678_, 254.97, 212.16, 0.0366225
hold345, 254.97, 212.16, 0.0366225
FILLER_0_74_536, 254.97, 212.16, 0.0366225
FILLER_0_75_545, 254.97, 212.16, 0.0366225
_6128_, 267.675, 212.16, 0.0368115
_7666_, 267.675, 212.16, 0.0368115
_7674_, 267.675, 212.16, 0.0368115
clkbuf_leaf_63_clk, 267.675, 212.16, 0.0368115
FILLER_0_75_572, 267.675, 212.16, 0.0368115
_6116_, 280.38, 212.16, 0.0369141
_7662_, 280.38, 212.16, 0.0369141
FILLER_0_73_589, 280.38, 212.16, 0.0369141
FILLER_0_74_589, 280.38, 212.16, 0.0369141
FILLER_0_75_605, 280.38, 212.16, 0.0369141
_7670_, 293.085, 212.16, 0.0370064
_7671_, 293.085, 212.16, 0.0370064
hold352, 293.085, 212.16, 0.0370064
hold450, 293.085, 212.16, 0.0370064
FILLER_0_74_621, 293.085, 212.16, 0.0370064
FILLER_0_75_630, 293.085, 212.16, 0.0370064
_6170_, 305.79, 212.16, 0.0370509
_6196_, 305.79, 212.16, 0.0370509
_6197_, 305.79, 212.16, 0.0370509
_6171_, 318.495, 212.16, 0.0370889
_6172_, 318.495, 212.16, 0.0370889
_6176_, 318.495, 212.16, 0.0370889
_6179_, 318.495, 212.16, 0.0370889
_6191_, 318.495, 212.16, 0.0370889
_6209_, 318.495, 212.16, 0.0370889
FILLER_0_74_669, 318.495, 212.16, 0.0370889
FILLER_0_74_691, 318.495, 212.16, 0.0370889
FILLER_0_75_694, 318.495, 212.16, 0.0370889
_3781_, 5.52, 206.72, 0.0322479
PHY_142, 5.52, 206.72, 0.0322479
PHY_144, 5.52, 206.72, 0.0322479
FILLER_0_72_3, 5.52, 206.72, 0.0322479
FILLER_0_73_3, 5.52, 206.72, 0.0322479
PHY_143, 331.2, 206.72, 0.036952
PHY_145, 331.2, 206.72, 0.036952
FILLER_0_71_698, 331.2, 206.72, 0.036952
FILLER_0_72_701, 331.2, 206.72, 0.036952
_3779_, 15.33, 206.72, 0.032238
_3780_, 15.33, 206.72, 0.032238
_3793_, 15.33, 206.72, 0.032238
hold844, 15.33, 206.72, 0.032238
FILLER_0_71_20, 15.33, 206.72, 0.032238
FILLER_0_72_29, 15.33, 206.72, 0.032238
_3729_, 37.94, 206.72, 0.0326617
_3777_, 37.94, 206.72, 0.0326617
_6942_, 37.94, 206.72, 0.0326617
_7885_, 37.94, 206.72, 0.0326617
FILLER_0_71_65, 37.94, 206.72, 0.0326617
FILLER_0_73_75, 37.94, 206.72, 0.0326617
_3664_, 50.74, 206.72, 0.0330495
_3687_, 50.74, 206.72, 0.0330495
_7136_, 50.74, 206.72, 0.0330495
_7246_, 50.74, 206.72, 0.0330495
hold336, 50.74, 206.72, 0.0330495
_4207_, 63.54, 206.72, 0.033343
_4276_, 63.54, 206.72, 0.033343
_4277_, 63.54, 206.72, 0.033343
_7237_, 63.54, 206.72, 0.033343
FILLER_0_71_123, 63.54, 206.72, 0.033343
FILLER_0_72_134, 63.54, 206.72, 0.033343
FILLER_0_73_128, 63.54, 206.72, 0.033343
_4108_, 76.34, 206.72, 0.033566
_4198_, 76.34, 206.72, 0.033566
_4212_, 76.34, 206.72, 0.033566
_4218_, 76.34, 206.72, 0.033566
FILLER_0_72_141, 76.34, 206.72, 0.033566
FILLER_0_72_149, 76.34, 206.72, 0.033566
FILLER_0_73_164, 76.34, 206.72, 0.033566
_4208_, 89.14, 206.72, 0.0337664
_4209_, 89.14, 206.72, 0.0337664
_4210_, 89.14, 206.72, 0.0337664
_4213_, 89.14, 206.72, 0.0337664
_4214_, 89.14, 206.72, 0.0337664
_4220_, 89.14, 206.72, 0.0337664
_4264_, 89.14, 206.72, 0.0337664
FILLER_0_72_172, 89.14, 206.72, 0.0337664
FILLER_0_72_188, 89.14, 206.72, 0.0337664
FILLER_0_73_188, 89.14, 206.72, 0.0337664
_4253_, 101.94, 206.72, 0.0339358
_4254_, 101.94, 206.72, 0.0339358
_4261_, 101.94, 206.72, 0.0339358
_4263_, 101.94, 206.72, 0.0339358
_4265_, 101.94, 206.72, 0.0339358
_4267_, 101.94, 206.72, 0.0339358
hold630, 101.94, 206.72, 0.0339358
FILLER_0_71_205, 101.94, 206.72, 0.0339358
FILLER_0_72_197, 101.94, 206.72, 0.0339358
_4120_, 114.74, 206.72, 0.0340698
_4121_, 114.74, 206.72, 0.0340698
_7217_, 114.74, 206.72, 0.0340698
_7407_, 114.74, 206.72, 0.0340698
FILLER_0_71_225, 114.74, 206.72, 0.0340698
_5045_, 127.54, 206.72, 0.0341842
_5047_, 127.54, 206.72, 0.0341842
hold219, 127.54, 206.72, 0.0341842
FILLER_0_71_262, 127.54, 206.72, 0.0341842
FILLER_0_72_253, 127.54, 206.72, 0.0341842
FILLER_0_72_267, 127.54, 206.72, 0.0341842
_7432_, 140.34, 206.72, 0.034297
_7435_, 140.34, 206.72, 0.034297
hold283, 140.34, 206.72, 0.034297
hold288, 140.34, 206.72, 0.034297
hold430, 140.34, 206.72, 0.034297
FILLER_0_72_294, 140.34, 206.72, 0.034297
_5053_, 153.14, 206.72, 0.0343887
_5200_, 153.14, 206.72, 0.0343887
clkbuf_leaf_38_clk, 153.14, 206.72, 0.0343887
hold289, 153.14, 206.72, 0.0343887
FILLER_0_71_313, 153.14, 206.72, 0.0343887
FILLER_0_72_325, 153.14, 206.72, 0.0343887
_5257_, 165.94, 206.72, 0.0343335
_5258_, 165.94, 206.72, 0.0343335
_7491_, 165.94, 206.72, 0.0343335
FILLER_0_71_337, 165.94, 206.72, 0.0343335
_5263_, 191.445, 206.72, 0.0347881
_5264_, 191.445, 206.72, 0.0347881
_5270_, 191.445, 206.72, 0.0347881
_5273_, 191.445, 206.72, 0.0347881
_5276_, 191.445, 206.72, 0.0347881
FILLER_0_72_405, 191.445, 206.72, 0.0347881
_5206_, 204.15, 206.72, 0.0352854
_5207_, 204.15, 206.72, 0.0352854
_5234_, 204.15, 206.72, 0.0352854
_5259_, 204.15, 206.72, 0.0352854
_5271_, 204.15, 206.72, 0.0352854
hold503, 204.15, 206.72, 0.0352854
hold748, 204.15, 206.72, 0.0352854
FILLER_0_73_443, 204.15, 206.72, 0.0352854
_5204_, 216.855, 206.72, 0.035719
_5205_, 216.855, 206.72, 0.035719
_5232_, 216.855, 206.72, 0.035719
_5697_, 216.855, 206.72, 0.035719
hold167, 216.855, 206.72, 0.035719
FILLER_0_72_448, 216.855, 206.72, 0.035719
FILLER_0_72_472, 216.855, 206.72, 0.035719
clkbuf_leaf_65_clk, 229.56, 206.72, 0.0360516
FILLER_0_72_477, 229.56, 206.72, 0.0360516
FILLER_0_72_500, 229.56, 206.72, 0.0360516
_5655_, 242.265, 206.72, 0.0363253
_6634_, 242.265, 206.72, 0.0363253
_7785_, 242.265, 206.72, 0.0363253
_7789_, 242.265, 206.72, 0.0363253
FILLER_0_73_516, 242.265, 206.72, 0.0363253
_6130_, 254.97, 206.72, 0.0364925
_6630_, 254.97, 206.72, 0.0364925
_7667_, 254.97, 206.72, 0.0364925
hold80, 254.97, 206.72, 0.0364925
hold97, 254.97, 206.72, 0.0364925
FILLER_0_71_535, 254.97, 206.72, 0.0364925
FILLER_0_72_533, 254.97, 206.72, 0.0364925
_6126_, 267.675, 206.72, 0.0366311
_6137_, 267.675, 206.72, 0.0366311
_7665_, 267.675, 206.72, 0.0366311
hold194, 267.675, 206.72, 0.0366311
hold385, 267.675, 206.72, 0.0366311
FILLER_0_71_561, 267.675, 206.72, 0.0366311
_6120_, 280.38, 206.72, 0.0367576
_6131_, 280.38, 206.72, 0.0367576
_6132_, 280.38, 206.72, 0.0367576
_6133_, 280.38, 206.72, 0.0367576
_7669_, 280.38, 206.72, 0.0367576
hold98, 280.38, 206.72, 0.0367576
FILLER_0_71_593, 280.38, 206.72, 0.0367576
FILLER_0_72_589, 280.38, 206.72, 0.0367576
FILLER_0_72_608, 280.38, 206.72, 0.0367576
hold346, 293.085, 206.72, 0.0368368
FILLER_0_72_638, 293.085, 206.72, 0.0368368
FILLER_0_73_638, 293.085, 206.72, 0.0368368
_6110_, 305.79, 206.72, 0.0369057
_6148_, 305.79, 206.72, 0.0369057
_6168_, 305.79, 206.72, 0.0369057
_6169_, 305.79, 206.72, 0.0369057
_6185_, 305.79, 206.72, 0.0369057
FILLER_0_72_645, 305.79, 206.72, 0.0369057
_6167_, 318.495, 206.72, 0.036952
_6175_, 318.495, 206.72, 0.036952
_6178_, 318.495, 206.72, 0.036952
_7684_, 318.495, 206.72, 0.036952
hold372, 318.495, 206.72, 0.036952
FILLER_0_71_667, 318.495, 206.72, 0.036952
FILLER_0_71_673, 318.495, 206.72, 0.036952
FILLER_0_72_667, 318.495, 206.72, 0.036952
FILLER_0_72_680, 318.495, 206.72, 0.036952
_7129_, 5.52, 201.28, 0.0318617
PHY_138, 5.52, 201.28, 0.0318617
PHY_140, 5.52, 201.28, 0.0318617
input24, 5.52, 201.28, 0.0318617
FILLER_0_71_7, 5.52, 201.28, 0.0318617
_6163_, 331.2, 201.28, 0.0356545
PHY_139, 331.2, 201.28, 0.0356545
PHY_141, 331.2, 201.28, 0.0356545
_3702_, 15.33, 201.28, 0.0318463
_3768_, 15.33, 201.28, 0.0318463
_3769_, 15.33, 201.28, 0.0318463
FILLER_0_70_24, 15.33, 201.28, 0.0318463
_3766_, 37.94, 201.28, 0.0322668
_3796_, 37.94, 201.28, 0.0322668
_6941_, 37.94, 201.28, 0.0322668
FILLER_0_71_83, 37.94, 201.28, 0.0322668
_3698_, 50.74, 201.28, 0.0327084
_7245_, 50.74, 201.28, 0.0327084
hold834, 50.74, 201.28, 0.0327084
FILLER_0_70_102, 50.74, 201.28, 0.0327084
FILLER_0_71_109, 50.74, 201.28, 0.0327084
_4199_, 63.54, 201.28, 0.0331212
_4272_, 63.54, 201.28, 0.0331212
_4273_, 63.54, 201.28, 0.0331212
_4274_, 63.54, 201.28, 0.0331212
FILLER_0_70_127, 63.54, 201.28, 0.0331212
_4200_, 76.34, 201.28, 0.0334919
_4201_, 76.34, 201.28, 0.0334919
clkbuf_leaf_16_clk, 76.34, 201.28, 0.0334919
hold398, 76.34, 201.28, 0.0334919
FILLER_0_71_164, 76.34, 201.28, 0.0334919
_4211_, 89.14, 201.28, 0.0337843
_4525_, 89.14, 201.28, 0.0337843
_7238_, 89.14, 201.28, 0.0337843
FILLER_0_71_188, 89.14, 201.28, 0.0337843
_4260_, 101.94, 201.28, 0.0339519
_4262_, 101.94, 201.28, 0.0339519
_4268_, 101.94, 201.28, 0.0339519
_7243_, 101.94, 201.28, 0.0339519
FILLER_0_69_197, 101.94, 201.28, 0.0339519
FILLER_0_70_223, 101.94, 201.28, 0.0339519
_3951_, 114.74, 201.28, 0.0340826
_4124_, 114.74, 201.28, 0.0340826
hold360, 114.74, 201.28, 0.0340826
hold557, 114.74, 201.28, 0.0340826
FILLER_0_69_225, 114.74, 201.28, 0.0340826
FILLER_0_70_248, 114.74, 201.28, 0.0340826
_3962_, 127.54, 201.28, 0.0341031
_5055_, 127.54, 201.28, 0.0341031
_7436_, 127.54, 201.28, 0.0341031
hold424, 127.54, 201.28, 0.0341031
FILLER_0_71_270, 127.54, 201.28, 0.0341031
_4367_, 140.34, 201.28, 0.0340347
_7285_, 140.34, 201.28, 0.0340347
hold284, 140.34, 201.28, 0.0340347
_7281_, 153.14, 201.28, 0.0339571
_7482_, 153.14, 201.28, 0.0339571
hold177, 153.14, 201.28, 0.0339571
hold178, 153.14, 201.28, 0.0339571
_5255_, 165.94, 201.28, 0.0338507
_5891_, 165.94, 201.28, 0.0338507
hold441, 165.94, 201.28, 0.0338507
hold800, 165.94, 201.28, 0.0338507
FILLER_0_69_340, 165.94, 201.28, 0.0338507
FILLER_0_70_350, 165.94, 201.28, 0.0338507
FILLER_0_70_360, 165.94, 201.28, 0.0338507
_5236_, 191.445, 201.28, 0.0340229
_5260_, 191.445, 201.28, 0.0340229
_5261_, 191.445, 201.28, 0.0340229
_5262_, 191.445, 201.28, 0.0340229
_5694_, 191.445, 201.28, 0.0340229
hold716, 191.445, 201.28, 0.0340229
FILLER_0_70_392, 191.445, 201.28, 0.0340229
_5233_, 204.15, 201.28, 0.0342937
_7480_, 204.15, 201.28, 0.0342937
_7585_, 204.15, 201.28, 0.0342937
hold747, 204.15, 201.28, 0.0342937
FILLER_0_70_421, 204.15, 201.28, 0.0342937
FILLER_0_71_441, 204.15, 201.28, 0.0342937
_7466_, 216.855, 201.28, 0.0345199
hold166, 216.855, 201.28, 0.0345199
hold775, 216.855, 201.28, 0.0345199
FILLER_0_69_449, 216.855, 201.28, 0.0345199
FILLER_0_70_473, 216.855, 201.28, 0.0345199
FILLER_0_71_464, 216.855, 201.28, 0.0345199
_7790_, 229.56, 201.28, 0.0347203
hold776, 229.56, 201.28, 0.0347203
FILLER_0_69_484, 229.56, 201.28, 0.0347203
FILLER_0_71_499, 229.56, 201.28, 0.0347203
_5966_, 242.265, 201.28, 0.0348977
_5973_, 242.265, 201.28, 0.0348977
_6636_, 242.265, 201.28, 0.0348977
hold94, 242.265, 201.28, 0.0348977
hold313, 242.265, 201.28, 0.0348977
hold382, 242.265, 201.28, 0.0348977
_6624_, 254.97, 201.28, 0.0350709
_6632_, 254.97, 201.28, 0.0350709
_7787_, 254.97, 201.28, 0.0350709
_7788_, 254.97, 201.28, 0.0350709
hold405, 254.97, 201.28, 0.0350709
hold425, 254.97, 201.28, 0.0350709
FILLER_0_71_543, 254.97, 201.28, 0.0350709
hold261, 267.675, 201.28, 0.0352224
FILLER_0_69_557, 267.675, 201.28, 0.0352224
FILLER_0_70_582, 267.675, 201.28, 0.0352224
_7668_, 280.38, 201.28, 0.0353725
_7681_, 280.38, 201.28, 0.0353725
FILLER_0_69_593, 280.38, 201.28, 0.0353725
FILLER_0_70_610, 280.38, 201.28, 0.0353725
_6103_, 293.085, 201.28, 0.0354887
_6149_, 293.085, 201.28, 0.0354887
_6150_, 293.085, 201.28, 0.0354887
_6157_, 293.085, 201.28, 0.0354887
hold392, 293.085, 201.28, 0.0354887
FILLER_0_70_637, 293.085, 201.28, 0.0354887
_6158_, 305.79, 201.28, 0.0355781
_6160_, 305.79, 201.28, 0.0355781
_6173_, 305.79, 201.28, 0.0355781
_6174_, 305.79, 201.28, 0.0355781
_6164_, 318.495, 201.28, 0.0356496
_6177_, 318.495, 201.28, 0.0356496
clkbuf_leaf_59_clk, 318.495, 201.28, 0.0356496
hold249, 318.495, 201.28, 0.0356496
FILLER_0_70_670, 318.495, 201.28, 0.0356496
_3701_, 5.52, 195.84, 0.0313312
PHY_134, 5.52, 195.84, 0.0313312
PHY_136, 5.52, 195.84, 0.0313312
FILLER_0_69_3, 5.52, 195.84, 0.0313312
PHY_135, 331.2, 195.84, 0.0344268
PHY_137, 331.2, 195.84, 0.0344268
FILLER_0_67_697, 331.2, 195.84, 0.0344268
FILLER_0_68_695, 331.2, 195.84, 0.0344268
FILLER_0_68_701, 331.2, 195.84, 0.0344268
_3671_, 15.33, 195.84, 0.0313257
_3672_, 15.33, 195.84, 0.0313257
_3767_, 15.33, 195.84, 0.0313257
FILLER_0_67_20, 15.33, 195.84, 0.0313257
FILLER_0_68_29, 15.33, 195.84, 0.0313257
FILLER_0_69_24, 15.33, 195.84, 0.0313257
_3762_, 37.94, 195.84, 0.0316596
_3763_, 37.94, 195.84, 0.0316596
_3765_, 37.94, 195.84, 0.0316596
_7127_, 37.94, 195.84, 0.0316596
_7140_, 37.94, 195.84, 0.0316596
FILLER_0_67_65, 37.94, 195.84, 0.0316596
FILLER_0_69_79, 37.94, 195.84, 0.0316596
_3682_, 50.74, 195.84, 0.0319524
_3686_, 50.74, 195.84, 0.0319524
_7122_, 50.74, 195.84, 0.0319524
clkbuf_leaf_18_clk, 50.74, 195.84, 0.0319524
hold366, 50.74, 195.84, 0.0319524
FILLER_0_68_85, 50.74, 195.84, 0.0319524
_4543_, 63.54, 195.84, 0.0321647
_7325_, 63.54, 195.84, 0.0321647
hold365, 63.54, 195.84, 0.0321647
FILLER_0_69_131, 63.54, 195.84, 0.0321647
_4128_, 76.34, 195.84, 0.0323659
_7220_, 76.34, 195.84, 0.0323659
FILLER_0_68_164, 76.34, 195.84, 0.0323659
FILLER_0_69_160, 76.34, 195.84, 0.0323659
_4110_, 89.14, 195.84, 0.0325393
_4219_, 89.14, 195.84, 0.0325393
hold520, 89.14, 195.84, 0.0325393
hold675, 89.14, 195.84, 0.0325393
FILLER_0_67_179, 89.14, 195.84, 0.0325393
FILLER_0_68_178, 89.14, 195.84, 0.0325393
FILLER_0_68_191, 89.14, 195.84, 0.0325393
_3697_, 101.94, 195.84, 0.0326874
_4269_, 101.94, 195.84, 0.0326874
_4270_, 101.94, 195.84, 0.0326874
FILLER_0_69_219, 101.94, 195.84, 0.0326874
_7218_, 114.74, 195.84, 0.0328117
_7244_, 114.74, 195.84, 0.0328117
hold37, 114.74, 195.84, 0.0328117
FILLER_0_67_225, 114.74, 195.84, 0.0328117
FILLER_0_68_245, 114.74, 195.84, 0.0328117
_4123_, 127.54, 195.84, 0.0329102
_4372_, 127.54, 195.84, 0.0329102
_7280_, 127.54, 195.84, 0.0329102
hold138, 127.54, 195.84, 0.0329102
hold139, 127.54, 195.84, 0.0329102
FILLER_0_68_262, 127.54, 195.84, 0.0329102
_4368_, 140.34, 195.84, 0.0329977
_4370_, 140.34, 195.84, 0.0329977
_7434_, 140.34, 195.84, 0.0329977
FILLER_0_68_298, 140.34, 195.84, 0.0329977
_4317_, 153.14, 195.84, 0.0330754
_5238_, 153.14, 195.84, 0.0330754
_7284_, 153.14, 195.84, 0.0330754
_7616_, 153.14, 195.84, 0.0330754
hold142, 153.14, 195.84, 0.0330754
FILLER_0_68_329, 153.14, 195.84, 0.0330754
FILLER_0_69_326, 153.14, 195.84, 0.0330754
_5393_, 165.94, 195.84, 0.0331209
_5685_, 165.94, 195.84, 0.0331209
_5890_, 165.94, 195.84, 0.0331209
_5441_, 191.445, 195.84, 0.0333689
_7481_, 191.445, 195.84, 0.0333689
_7521_, 191.445, 195.84, 0.0333689
hold727, 191.445, 195.84, 0.0333689
hold728, 191.445, 195.84, 0.0333689
FILLER_0_68_395, 191.445, 195.84, 0.0333689
_5700_, 204.15, 195.84, 0.0335368
_7518_, 204.15, 195.84, 0.0335368
FILLER_0_68_433, 204.15, 195.84, 0.0335368
_5434_, 216.855, 195.84, 0.0336931
_7479_, 216.855, 195.84, 0.0336931
_7584_, 216.855, 195.84, 0.0336931
FILLER_0_67_458, 216.855, 195.84, 0.0336931
_7639_, 229.56, 195.84, 0.0338168
hold114, 229.56, 195.84, 0.0338168
hold230, 229.56, 195.84, 0.0338168
FILLER_0_67_486, 229.56, 195.84, 0.0338168
FILLER_0_68_499, 229.56, 195.84, 0.0338168
FILLER_0_69_499, 229.56, 195.84, 0.0338168
hold134, 242.265, 195.84, 0.0339313
hold135, 242.265, 195.84, 0.0339313
hold223, 242.265, 195.84, 0.0339313
hold224, 242.265, 195.84, 0.0339313
hold229, 242.265, 195.84, 0.0339313
FILLER_0_67_513, 242.265, 195.84, 0.0339313
FILLER_0_68_510, 242.265, 195.84, 0.0339313
_7786_, 254.97, 195.84, 0.034045
hold335, 254.97, 195.84, 0.034045
hold403, 254.97, 195.84, 0.034045
FILLER_0_68_529, 254.97, 195.84, 0.034045
_6311_, 267.675, 195.84, 0.0341477
_7720_, 267.675, 195.84, 0.0341477
hold386, 267.675, 195.84, 0.0341477
FILLER_0_68_563, 267.675, 195.84, 0.0341477
FILLER_0_68_573, 267.675, 195.84, 0.0341477
_6122_, 280.38, 195.84, 0.0342413
_7663_, 280.38, 195.84, 0.0342413
hold329, 280.38, 195.84, 0.0342413
hold370, 280.38, 195.84, 0.0342413
FILLER_0_68_584, 280.38, 195.84, 0.0342413
_6144_, 293.085, 195.84, 0.0343233
_6145_, 293.085, 195.84, 0.0343233
_6146_, 293.085, 195.84, 0.0343233
_6147_, 293.085, 195.84, 0.0343233
_6151_, 293.085, 195.84, 0.0343233
FILLER_0_68_625, 293.085, 195.84, 0.0343233
_6108_, 305.79, 195.84, 0.0343879
_6152_, 305.79, 195.84, 0.0343879
_6155_, 305.79, 195.84, 0.0343879
_6156_, 305.79, 195.84, 0.0343879
_6159_, 305.79, 195.84, 0.0343879
_6161_, 305.79, 195.84, 0.0343879
FILLER_0_67_641, 305.79, 195.84, 0.0343879
FILLER_0_68_653, 305.79, 195.84, 0.0343879
FILLER_0_69_656, 305.79, 195.84, 0.0343879
_6162_, 318.495, 195.84, 0.0344268
_6165_, 318.495, 195.84, 0.0344268
_6166_, 318.495, 195.84, 0.0344268
_7683_, 318.495, 195.84, 0.0344268
FILLER_0_68_668, 318.495, 195.84, 0.0344268
FILLER_0_68_682, 318.495, 195.84, 0.0344268
_7115_, 5.52, 190.4, 0.0308656
PHY_130, 5.52, 190.4, 0.0308656
PHY_132, 5.52, 190.4, 0.0308656
FILLER_0_67_3, 5.52, 190.4, 0.0308656
PHY_131, 331.2, 190.4, 0.0348119
PHY_133, 331.2, 190.4, 0.0348119
output40, 331.2, 190.4, 0.0348119
FILLER_0_65_698, 331.2, 190.4, 0.0348119
_3669_, 15.33, 190.4, 0.0308542
_7128_, 15.33, 190.4, 0.0308542
FILLER_0_66_23, 15.33, 190.4, 0.0308542
_6940_, 37.94, 190.4, 0.0311319
_7884_, 37.94, 190.4, 0.0311319
FILLER_0_65_57, 37.94, 190.4, 0.0311319
FILLER_0_66_65, 37.94, 190.4, 0.0311319
FILLER_0_66_75, 37.94, 190.4, 0.0311319
FILLER_0_67_75, 37.94, 190.4, 0.0311319
_3684_, 50.74, 190.4, 0.0314073
_7120_, 50.74, 190.4, 0.0314073
_7121_, 50.74, 190.4, 0.0314073
hold393, 50.74, 190.4, 0.0314073
_4336_, 63.54, 190.4, 0.03166
_4542_, 63.54, 190.4, 0.03166
hold263, 63.54, 190.4, 0.03166
hold264, 63.54, 190.4, 0.03166
hold384, 63.54, 190.4, 0.03166
FILLER_0_65_113, 63.54, 190.4, 0.03166
FILLER_0_66_128, 63.54, 190.4, 0.03166
FILLER_0_67_129, 63.54, 190.4, 0.03166
_4127_, 76.34, 190.4, 0.0319058
_7224_, 76.34, 190.4, 0.0319058
hold754, 76.34, 190.4, 0.0319058
FILLER_0_66_141, 76.34, 190.4, 0.0319058
FILLER_0_67_162, 76.34, 190.4, 0.0319058
_3935_, 89.14, 190.4, 0.0321194
_4137_, 89.14, 190.4, 0.0321194
_7168_, 89.14, 190.4, 0.0321194
hold674, 89.14, 190.4, 0.0321194
hold808, 89.14, 190.4, 0.0321194
FILLER_0_67_188, 89.14, 190.4, 0.0321194
_4376_, 101.94, 190.4, 0.0322905
_7286_, 101.94, 190.4, 0.0322905
hold480, 101.94, 190.4, 0.0322905
FILLER_0_65_196, 101.94, 190.4, 0.0322905
FILLER_0_66_197, 101.94, 190.4, 0.0322905
FILLER_0_67_214, 101.94, 190.4, 0.0322905
_4144_, 114.74, 190.4, 0.0324352
_4145_, 114.74, 190.4, 0.0324352
_7231_, 114.74, 190.4, 0.0324352
hold92, 114.74, 190.4, 0.0324352
hold106, 114.74, 190.4, 0.0324352
FILLER_0_65_225, 114.74, 190.4, 0.0324352
FILLER_0_65_237, 114.74, 190.4, 0.0324352
clkbuf_leaf_13_clk, 127.54, 190.4, 0.0325693
hold124, 127.54, 190.4, 0.0325693
FILLER_0_65_260, 127.54, 190.4, 0.0325693
FILLER_0_66_273, 127.54, 190.4, 0.0325693
_4142_, 140.34, 190.4, 0.0326405
_5051_, 140.34, 190.4, 0.0326405
hold125, 140.34, 190.4, 0.0326405
hold404, 140.34, 190.4, 0.0326405
FILLER_0_65_290, 140.34, 190.4, 0.0326405
FILLER_0_66_304, 140.34, 190.4, 0.0326405
_4325_, 153.14, 190.4, 0.0326973
_4347_, 153.14, 190.4, 0.0326973
_7267_, 153.14, 190.4, 0.0326973
hold86, 153.14, 190.4, 0.0326973
hold143, 153.14, 190.4, 0.0326973
FILLER_0_66_324, 153.14, 190.4, 0.0326973
FILLER_0_67_329, 153.14, 190.4, 0.0326973
_5892_, 165.94, 190.4, 0.0327273
_7508_, 165.94, 190.4, 0.0327273
ANTENNA_3, 165.94, 190.4, 0.0327273
FILLER_0_66_348, 165.94, 190.4, 0.0327273
_5414_, 191.445, 190.4, 0.0330668
_5440_, 191.445, 190.4, 0.0330668
hold196, 191.445, 190.4, 0.0330668
hold822, 191.445, 190.4, 0.0330668
FILLER_0_65_402, 191.445, 190.4, 0.0330668
FILLER_0_66_402, 191.445, 190.4, 0.0330668
FILLER_0_66_414, 191.445, 190.4, 0.0330668
_5435_, 204.15, 190.4, 0.03338
_7582_, 204.15, 190.4, 0.03338
clkbuf_leaf_67_clk, 204.15, 190.4, 0.03338
hold243, 204.15, 190.4, 0.03338
FILLER_0_66_421, 204.15, 190.4, 0.03338
FILLER_0_67_435, 204.15, 190.4, 0.03338
FILLER_0_67_445, 204.15, 190.4, 0.03338
_5431_, 216.855, 190.4, 0.0336205
_5699_, 216.855, 190.4, 0.0336205
_7517_, 216.855, 190.4, 0.0336205
hold113, 216.855, 190.4, 0.0336205
FILLER_0_65_449, 216.855, 190.4, 0.0336205
FILLER_0_66_452, 216.855, 190.4, 0.0336205
_5901_, 229.56, 190.4, 0.0338431
_5972_, 229.56, 190.4, 0.0338431
_7623_, 229.56, 190.4, 0.0338431
_7638_, 229.56, 190.4, 0.0338431
hold83, 229.56, 190.4, 0.0338431
FILLER_0_67_494, 229.56, 190.4, 0.0338431
_5858_, 242.265, 190.4, 0.0340331
_5878_, 242.265, 190.4, 0.0340331
_7633_, 242.265, 190.4, 0.0340331
_7784_, 242.265, 190.4, 0.0340331
_6628_, 254.97, 190.4, 0.0342021
hold262, 254.97, 190.4, 0.0342021
FILLER_0_66_533, 254.97, 190.4, 0.0342021
_6312_, 267.675, 190.4, 0.0343701
_7664_, 267.675, 190.4, 0.0343701
hold333, 267.675, 190.4, 0.0343701
FILLER_0_66_579, 267.675, 190.4, 0.0343701
FILLER_0_67_583, 267.675, 190.4, 0.0343701
_6308_, 280.38, 190.4, 0.034527
_7717_, 280.38, 190.4, 0.034527
hold378, 280.38, 190.4, 0.034527
FILLER_0_66_589, 280.38, 190.4, 0.034527
_6105_, 293.085, 190.4, 0.0346739
_7655_, 293.085, 190.4, 0.0346739
clkbuf_leaf_61_clk, 293.085, 190.4, 0.0346739
_6153_, 305.79, 190.4, 0.0347463
_6154_, 305.79, 190.4, 0.0347463
_7682_, 305.79, 190.4, 0.0347463
_7657_, 318.495, 190.4, 0.0347976
_7711_, 318.495, 190.4, 0.0347976
_3939_, 5.52, 184.96, 0.0304799
PHY_126, 5.52, 184.96, 0.0304799
PHY_128, 5.52, 184.96, 0.0304799
clkbuf_leaf_19_clk, 5.52, 184.96, 0.0304799
PHY_127, 331.2, 184.96, 0.034659
PHY_129, 331.2, 184.96, 0.034659
FILLER_0_63_696, 331.2, 184.96, 0.034659
FILLER_0_64_697, 331.2, 184.96, 0.034659
FILLER_0_64_701, 331.2, 184.96, 0.034659
_3700_, 15.33, 184.96, 0.0304432
_3751_, 37.94, 184.96, 0.03072
_3759_, 37.94, 184.96, 0.03072
_6939_, 37.94, 184.96, 0.03072
FILLER_0_63_57, 37.94, 184.96, 0.03072
FILLER_0_64_65, 37.94, 184.96, 0.03072
_4541_, 50.74, 184.96, 0.0310309
hold394, 50.74, 184.96, 0.0310309
FILLER_0_64_85, 50.74, 184.96, 0.0310309
_7223_, 63.54, 184.96, 0.0313398
_7261_, 63.54, 184.96, 0.0313398
_7324_, 63.54, 184.96, 0.0313398
hold397, 63.54, 184.96, 0.0313398
FILLER_0_63_121, 63.54, 184.96, 0.0313398
FILLER_0_64_113, 63.54, 184.96, 0.0313398
FILLER_0_64_136, 63.54, 184.96, 0.0313398
_4335_, 76.34, 184.96, 0.0316035
_7157_, 76.34, 184.96, 0.0316035
clkbuf_leaf_17_clk, 76.34, 184.96, 0.0316035
FILLER_0_65_160, 76.34, 184.96, 0.0316035
_3934_, 89.14, 184.96, 0.0317882
_4136_, 89.14, 184.96, 0.0317882
_7287_, 89.14, 184.96, 0.0317882
FILLER_0_63_169, 89.14, 184.96, 0.0317882
FILLER_0_64_191, 89.14, 184.96, 0.0317882
_4373_, 101.94, 184.96, 0.0319446
_4374_, 101.94, 184.96, 0.0319446
_4375_, 101.94, 184.96, 0.0319446
_4382_, 101.94, 184.96, 0.0319446
_4386_, 101.94, 184.96, 0.0319446
FILLER_0_64_202, 101.94, 184.96, 0.0319446
FILLER_0_64_220, 101.94, 184.96, 0.0319446
FILLER_0_65_220, 101.94, 184.96, 0.0319446
_4143_, 114.74, 184.96, 0.0320881
_4280_, 114.74, 184.96, 0.0320881
_7229_, 114.74, 184.96, 0.0320881
_7230_, 114.74, 184.96, 0.0320881
FILLER_0_64_244, 114.74, 184.96, 0.0320881
_4309_, 127.54, 184.96, 0.0321736
_4366_, 127.54, 184.96, 0.0321736
_5042_, 127.54, 184.96, 0.0321736
_7430_, 127.54, 184.96, 0.0321736
FILLER_0_63_252, 127.54, 184.96, 0.0321736
FILLER_0_64_253, 127.54, 184.96, 0.0321736
_4310_, 140.34, 184.96, 0.032248
_7279_, 140.34, 184.96, 0.032248
_7282_, 140.34, 184.96, 0.032248
FILLER_0_63_290, 140.34, 184.96, 0.032248
FILLER_0_64_300, 140.34, 184.96, 0.032248
_4318_, 153.14, 184.96, 0.032298
_4321_, 153.14, 184.96, 0.032298
_7269_, 153.14, 184.96, 0.032298
hold130, 153.14, 184.96, 0.032298
_4313_, 165.94, 184.96, 0.0323265
_5687_, 165.94, 184.96, 0.0323265
_5893_, 165.94, 184.96, 0.0323265
_7617_, 165.94, 184.96, 0.0323265
hold79, 165.94, 184.96, 0.0323265
FILLER_0_65_353, 165.94, 184.96, 0.0323265
_5423_, 191.445, 184.96, 0.0326859
_7579_, 191.445, 184.96, 0.0326859
_7580_, 191.445, 184.96, 0.0326859
hold195, 191.445, 184.96, 0.0326859
FILLER_0_64_414, 191.445, 184.96, 0.0326859
_7583_, 204.15, 184.96, 0.0330308
hold242, 204.15, 184.96, 0.0330308
FILLER_0_65_445, 204.15, 184.96, 0.0330308
_5430_, 216.855, 184.96, 0.0333621
_7531_, 216.855, 184.96, 0.0333621
hold22, 216.855, 184.96, 0.0333621
FILLER_0_64_470, 216.855, 184.96, 0.0333621
_5904_, 229.56, 184.96, 0.0336766
_7621_, 229.56, 184.96, 0.0336766
hold67, 229.56, 184.96, 0.0336766
hold93, 229.56, 184.96, 0.0336766
FILLER_0_65_494, 229.56, 184.96, 0.0336766
_5862_, 242.265, 184.96, 0.0339609
_5967_, 242.265, 184.96, 0.0339609
_7634_, 242.265, 184.96, 0.0339609
_7637_, 242.265, 184.96, 0.0339609
hold95, 242.265, 184.96, 0.0339609
FILLER_0_64_507, 242.265, 184.96, 0.0339609
FILLER_0_65_515, 242.265, 184.96, 0.0339609
FILLER_0_65_523, 242.265, 184.96, 0.0339609
_5971_, 254.97, 184.96, 0.0342265
_6302_, 254.97, 184.96, 0.0342265
_7721_, 254.97, 184.96, 0.0342265
hold150, 254.97, 184.96, 0.0342265
hold151, 254.97, 184.96, 0.0342265
hold226, 254.97, 184.96, 0.0342265
FILLER_0_65_554, 254.97, 184.96, 0.0342265
_6124_, 267.675, 184.96, 0.03439
clkbuf_leaf_62_clk, 267.675, 184.96, 0.03439
FILLER_0_63_557, 267.675, 184.96, 0.03439
FILLER_0_64_569, 267.675, 184.96, 0.03439
FILLER_0_64_582, 267.675, 184.96, 0.03439
_6104_, 280.38, 184.96, 0.0344879
_6117_, 280.38, 184.96, 0.0344879
_7715_, 280.38, 184.96, 0.0344879
hold334, 280.38, 184.96, 0.0344879
FILLER_0_65_604, 280.38, 184.96, 0.0344879
_6106_, 293.085, 184.96, 0.0345695
hold118, 293.085, 184.96, 0.0345695
hold251, 293.085, 184.96, 0.0345695
FILLER_0_63_625, 293.085, 184.96, 0.0345695
FILLER_0_64_625, 293.085, 184.96, 0.0345695
_6109_, 305.79, 184.96, 0.0346348
_6115_, 305.79, 184.96, 0.0346348
_7659_, 305.79, 184.96, 0.0346348
hold144, 305.79, 184.96, 0.0346348
hold571, 305.79, 184.96, 0.0346348
FILLER_0_63_648, 305.79, 184.96, 0.0346348
FILLER_0_64_640, 305.79, 184.96, 0.0346348
_6301_, 318.495, 184.96, 0.034659
hold145, 318.495, 184.96, 0.034659
hold185, 318.495, 184.96, 0.034659
FILLER_0_64_689, 318.495, 184.96, 0.034659
_7170_, 5.52, 179.52, 0.0299318
PHY_122, 5.52, 179.52, 0.0299318
PHY_124, 5.52, 179.52, 0.0299318
output54, 5.52, 179.52, 0.0299318
PHY_123, 331.2, 179.52, 0.0341045
PHY_125, 331.2, 179.52, 0.0341045
FILLER_0_61_700, 331.2, 179.52, 0.0341045
FILLER_0_62_701, 331.2, 179.52, 0.0341045
_3728_, 15.33, 179.52, 0.029908
_3730_, 15.33, 179.52, 0.029908
_3738_, 15.33, 179.52, 0.029908
_3938_, 15.33, 179.52, 0.029908
fanout69, 15.33, 179.52, 0.029908
hold832, 15.33, 179.52, 0.029908
_3678_, 37.94, 179.52, 0.0302444
_3743_, 37.94, 179.52, 0.0302444
_3746_, 37.94, 179.52, 0.0302444
_3752_, 37.94, 179.52, 0.0302444
_7118_, 37.94, 179.52, 0.0302444
FILLER_0_61_64, 37.94, 179.52, 0.0302444
FILLER_0_62_70, 37.94, 179.52, 0.0302444
_7123_, 50.74, 179.52, 0.0305937
_7323_, 50.74, 179.52, 0.0305937
FILLER_0_63_104, 50.74, 179.52, 0.0305937
_4135_, 63.54, 179.52, 0.0309246
hold236, 63.54, 179.52, 0.0309246
hold237, 63.54, 179.52, 0.0309246
hold569, 63.54, 179.52, 0.0309246
FILLER_0_61_113, 63.54, 179.52, 0.0309246
FILLER_0_62_126, 63.54, 179.52, 0.0309246
_3896_, 76.34, 179.52, 0.0312328
_3897_, 76.34, 179.52, 0.0312328
_4354_, 76.34, 179.52, 0.0312328
_7221_, 76.34, 179.52, 0.0312328
hold692, 76.34, 179.52, 0.0312328
FILLER_0_62_141, 76.34, 179.52, 0.0312328
_4384_, 89.14, 179.52, 0.0314926
_7273_, 89.14, 179.52, 0.0314926
hold613, 89.14, 179.52, 0.0314926
hold860, 89.14, 179.52, 0.0314926
FILLER_0_62_175, 89.14, 179.52, 0.0314926
_4279_, 101.94, 179.52, 0.0317156
_4283_, 101.94, 179.52, 0.0317156
_4284_, 101.94, 179.52, 0.0317156
_4381_, 101.94, 179.52, 0.0317156
_4383_, 101.94, 179.52, 0.0317156
_4385_, 101.94, 179.52, 0.0317156
FILLER_0_61_205, 101.94, 179.52, 0.0317156
_4129_, 114.74, 179.52, 0.0319011
_7274_, 114.74, 179.52, 0.0319011
FILLER_0_63_240, 114.74, 179.52, 0.0319011
_4363_, 127.54, 179.52, 0.0319755
_4365_, 127.54, 179.52, 0.0319755
_7429_, 127.54, 179.52, 0.0319755
FILLER_0_63_268, 127.54, 179.52, 0.0319755
_4305_, 140.34, 179.52, 0.0320258
_4369_, 140.34, 179.52, 0.0320258
_7283_, 140.34, 179.52, 0.0320258
hold131, 140.34, 179.52, 0.0320258
hold699, 140.34, 179.52, 0.0320258
FILLER_0_61_281, 140.34, 179.52, 0.0320258
FILLER_0_61_289, 140.34, 179.52, 0.0320258
_4314_, 153.14, 179.52, 0.0320582
_7266_, 153.14, 179.52, 0.0320582
clkbuf_leaf_12_clk, 153.14, 179.52, 0.0320582
hold85, 153.14, 179.52, 0.0320582
FILLER_0_61_310, 153.14, 179.52, 0.0320582
_4348_, 165.94, 179.52, 0.0319992
_4349_, 165.94, 179.52, 0.0319992
_4355_, 165.94, 179.52, 0.0319992
hold96, 165.94, 179.52, 0.0319992
FILLER_0_61_337, 165.94, 179.52, 0.0319992
FILLER_0_62_360, 165.94, 179.52, 0.0319992
FILLER_0_63_362, 165.94, 179.52, 0.0319992
_7515_, 191.445, 179.52, 0.0322309
_7528_, 191.445, 179.52, 0.0322309
hold10, 191.445, 179.52, 0.0322309
FILLER_0_61_393, 191.445, 179.52, 0.0322309
FILLER_0_62_416, 191.445, 179.52, 0.0322309
_5421_, 204.15, 179.52, 0.0325228
_5422_, 204.15, 179.52, 0.0325228
_5696_, 204.15, 179.52, 0.0325228
hold87, 204.15, 179.52, 0.0325228
FILLER_0_62_444, 204.15, 179.52, 0.0325228
FILLER_0_63_441, 204.15, 179.52, 0.0325228
_5432_, 216.855, 179.52, 0.0328014
_5454_, 216.855, 179.52, 0.0328014
_5698_, 216.855, 179.52, 0.0328014
hold21, 216.855, 179.52, 0.0328014
hold75, 216.855, 179.52, 0.0328014
FILLER_0_62_465, 216.855, 179.52, 0.0328014
FILLER_0_62_473, 216.855, 179.52, 0.0328014
_5882_, 229.56, 179.52, 0.0330617
_5899_, 229.56, 179.52, 0.0330617
clkbuf_leaf_66_clk, 229.56, 179.52, 0.0330617
FILLER_0_63_493, 229.56, 179.52, 0.0330617
_5863_, 242.265, 179.52, 0.0332593
_5874_, 242.265, 179.52, 0.0332593
_5969_, 242.265, 179.52, 0.0332593
FILLER_0_62_514, 242.265, 179.52, 0.0332593
_7635_, 254.97, 179.52, 0.0334497
_7636_, 254.97, 179.52, 0.0334497
hold154, 254.97, 179.52, 0.0334497
hold225, 254.97, 179.52, 0.0334497
FILLER_0_62_533, 254.97, 179.52, 0.0334497
_6298_, 267.675, 179.52, 0.0336227
_6310_, 267.675, 179.52, 0.0336227
_7719_, 267.675, 179.52, 0.0336227
hold155, 267.675, 179.52, 0.0336227
FILLER_0_61_568, 267.675, 179.52, 0.0336227
FILLER_0_62_581, 267.675, 179.52, 0.0336227
_6291_, 280.38, 179.52, 0.0337859
_6306_, 280.38, 179.52, 0.0337859
_7661_, 280.38, 179.52, 0.0337859
hold234, 280.38, 179.52, 0.0337859
FILLER_0_63_601, 280.38, 179.52, 0.0337859
_7656_, 293.085, 179.52, 0.0339387
_7709_, 293.085, 179.52, 0.0339387
hold217, 293.085, 179.52, 0.0339387
hold218, 293.085, 179.52, 0.0339387
hold250, 293.085, 179.52, 0.0339387
FILLER_0_61_612, 293.085, 179.52, 0.0339387
clkbuf_leaf_60_clk, 305.79, 179.52, 0.0340524
hold252, 305.79, 179.52, 0.0340524
FILLER_0_62_653, 305.79, 179.52, 0.0340524
_6304_, 318.495, 179.52, 0.0341045
_7658_, 318.495, 179.52, 0.0341045
_7713_, 318.495, 179.52, 0.0341045
hold186, 318.495, 179.52, 0.0341045
_7137_, 5.52, 174.08, 0.0293019
PHY_118, 5.52, 174.08, 0.0293019
PHY_120, 5.52, 174.08, 0.0293019
PHY_119, 331.2, 174.08, 0.0337814
PHY_121, 331.2, 174.08, 0.0337814
FILLER_0_59_702, 331.2, 174.08, 0.0337814
FILLER_0_60_701, 331.2, 174.08, 0.0337814
_3727_, 15.33, 174.08, 0.02929
hold439, 15.33, 174.08, 0.02929
load_slew6, 15.33, 174.08, 0.02929
FILLER_0_60_24, 15.33, 174.08, 0.02929
_3663_, 37.94, 174.08, 0.0296241
_7111_, 37.94, 174.08, 0.0296241
_7139_, 37.94, 174.08, 0.0296241
_3688_, 50.74, 174.08, 0.0299494
_7321_, 50.74, 174.08, 0.0299494
hold367, 50.74, 174.08, 0.0299494
FILLER_0_60_85, 50.74, 174.08, 0.0299494
FILLER_0_60_110, 50.74, 174.08, 0.0299494
_4544_, 63.54, 174.08, 0.0302625
_7326_, 63.54, 174.08, 0.0302625
hold568, 63.54, 174.08, 0.0302625
FILLER_0_60_137, 63.54, 174.08, 0.0302625
FILLER_0_61_140, 63.54, 174.08, 0.0302625
_4130_, 76.34, 174.08, 0.0305555
_4131_, 76.34, 174.08, 0.0305555
_4353_, 76.34, 174.08, 0.0305555
hold554, 76.34, 174.08, 0.0305555
hold555, 76.34, 174.08, 0.0305555
FILLER_0_60_141, 76.34, 174.08, 0.0305555
FILLER_0_60_162, 76.34, 174.08, 0.0305555
FILLER_0_61_164, 76.34, 174.08, 0.0305555
_4344_, 89.14, 174.08, 0.0308058
_4393_, 89.14, 174.08, 0.0308058
hold673, 89.14, 174.08, 0.0308058
FILLER_0_60_185, 89.14, 174.08, 0.0308058
_4378_, 101.94, 174.08, 0.0310406
_4379_, 101.94, 174.08, 0.0310406
_4380_, 101.94, 174.08, 0.0310406
_4387_, 101.94, 174.08, 0.0310406
_4388_, 101.94, 174.08, 0.0310406
_4396_, 101.94, 174.08, 0.0310406
_4397_, 101.94, 174.08, 0.0310406
FILLER_0_60_197, 101.94, 174.08, 0.0310406
FILLER_0_60_221, 101.94, 174.08, 0.0310406
_4356_, 114.74, 174.08, 0.0312455
_7278_, 114.74, 174.08, 0.0312455
hold528, 114.74, 174.08, 0.0312455
hold729, 114.74, 174.08, 0.0312455
FILLER_0_59_225, 114.74, 174.08, 0.0312455
FILLER_0_60_246, 114.74, 174.08, 0.0312455
_4300_, 127.54, 174.08, 0.0314135
_4301_, 127.54, 174.08, 0.0314135
_4364_, 127.54, 174.08, 0.0314135
_5040_, 127.54, 174.08, 0.0314135
hold762, 127.54, 174.08, 0.0314135
load_slew11, 127.54, 174.08, 0.0314135
FILLER_0_59_254, 127.54, 174.08, 0.0314135
FILLER_0_59_260, 127.54, 174.08, 0.0314135
FILLER_0_61_274, 127.54, 174.08, 0.0314135
_4306_, 140.34, 174.08, 0.0315469
_4431_, 140.34, 174.08, 0.0315469
_4444_, 140.34, 174.08, 0.0315469
_7292_, 140.34, 174.08, 0.0315469
FILLER_0_60_305, 140.34, 174.08, 0.0315469
FILLER_0_61_297, 140.34, 174.08, 0.0315469
_7268_, 153.14, 174.08, 0.0316483
_7424_, 153.14, 174.08, 0.0316483
hold781, 153.14, 174.08, 0.0316483
FILLER_0_60_309, 153.14, 174.08, 0.0316483
_5031_, 165.94, 174.08, 0.031705
_7624_, 165.94, 174.08, 0.031705
clkbuf_0_clk, 165.94, 174.08, 0.031705
FILLER_0_59_344, 165.94, 174.08, 0.031705
_5419_, 191.445, 174.08, 0.0319172
_5451_, 191.445, 174.08, 0.0319172
_7526_, 191.445, 174.08, 0.0319172
FILLER_0_60_392, 191.445, 174.08, 0.0319172
FILLER_0_60_405, 191.445, 174.08, 0.0319172
_5420_, 204.15, 174.08, 0.0322314
_7541_, 204.15, 174.08, 0.0322314
FILLER_0_60_421, 204.15, 174.08, 0.0322314
FILLER_0_61_439, 204.15, 174.08, 0.0322314
_5433_, 216.855, 174.08, 0.0325359
_7544_, 216.855, 174.08, 0.0325359
_7626_, 216.855, 174.08, 0.0325359
hold127, 216.855, 174.08, 0.0325359
FILLER_0_60_471, 216.855, 174.08, 0.0325359
FILLER_0_61_464, 216.855, 174.08, 0.0325359
_5525_, 229.56, 174.08, 0.0328162
_5883_, 229.56, 174.08, 0.0328162
_7652_, 229.56, 174.08, 0.0328162
FILLER_0_59_487, 229.56, 174.08, 0.0328162
FILLER_0_60_477, 229.56, 174.08, 0.0328162
FILLER_0_61_490, 229.56, 174.08, 0.0328162
_5870_, 242.265, 174.08, 0.0330747
_5871_, 242.265, 174.08, 0.0330747
_5875_, 242.265, 174.08, 0.0330747
_6097_, 242.265, 174.08, 0.0330747
hold132, 242.265, 174.08, 0.0330747
hold561, 242.265, 174.08, 0.0330747
FILLER_0_59_501, 242.265, 174.08, 0.0330747
FILLER_0_59_512, 242.265, 174.08, 0.0330747
FILLER_0_61_517, 242.265, 174.08, 0.0330747
_5970_, 254.97, 174.08, 0.0333037
_6107_, 254.97, 174.08, 0.0333037
_7649_, 254.97, 174.08, 0.0333037
FILLER_0_60_529, 254.97, 174.08, 0.0333037
FILLER_0_60_553, 254.97, 174.08, 0.0333037
FILLER_0_61_554, 254.97, 174.08, 0.0333037
_6297_, 267.675, 174.08, 0.0334343
_6309_, 267.675, 174.08, 0.0334343
_7708_, 267.675, 174.08, 0.0334343
hold235, 267.675, 174.08, 0.0334343
FILLER_0_61_582, 267.675, 174.08, 0.0334343
_6307_, 280.38, 174.08, 0.0335544
_7705_, 280.38, 174.08, 0.0335544
hold574, 280.38, 174.08, 0.0335544
FILLER_0_60_585, 280.38, 174.08, 0.0335544
FILLER_0_60_589, 280.38, 174.08, 0.0335544
FILLER_0_61_602, 280.38, 174.08, 0.0335544
_6299_, 293.085, 174.08, 0.0336635
_7660_, 293.085, 174.08, 0.0336635
_7716_, 293.085, 174.08, 0.0336635
FILLER_0_59_617, 293.085, 174.08, 0.0336635
FILLER_0_61_633, 293.085, 174.08, 0.0336635
_6300_, 305.79, 174.08, 0.0337444
_7714_, 305.79, 174.08, 0.0337444
hold164, 305.79, 174.08, 0.0337444
hold253, 305.79, 174.08, 0.0337444
FILLER_0_59_652, 305.79, 174.08, 0.0337444
FILLER_0_60_640, 305.79, 174.08, 0.0337444
FILLER_0_60_645, 305.79, 174.08, 0.0337444
FILLER_0_60_658, 305.79, 174.08, 0.0337444
FILLER_0_61_666, 305.79, 174.08, 0.0337444
_6111_, 318.495, 174.08, 0.0337814
_7712_, 318.495, 174.08, 0.0337814
hold270, 318.495, 174.08, 0.0337814
FILLER_0_59_673, 318.495, 174.08, 0.0337814
FILLER_0_60_691, 318.495, 174.08, 0.0337814
_3719_, 5.52, 168.64, 0.02866
_7249_, 5.52, 168.64, 0.02866
PHY_114, 5.52, 168.64, 0.02866
PHY_116, 5.52, 168.64, 0.02866
FILLER_0_59_3, 5.52, 168.64, 0.02866
PHY_115, 331.2, 168.64, 0.0329556
PHY_117, 331.2, 168.64, 0.0329556
input34, 331.2, 168.64, 0.0329556
FILLER_0_57_696, 331.2, 168.64, 0.0329556
FILLER_0_58_697, 331.2, 168.64, 0.0329556
FILLER_0_58_701, 331.2, 168.64, 0.0329556
_3662_, 15.33, 168.64, 0.0286447
_3720_, 15.33, 168.64, 0.0286447
_4290_, 15.33, 168.64, 0.0286447
hold768, 15.33, 168.64, 0.0286447
FILLER_0_58_23, 15.33, 168.64, 0.0286447
_3667_, 37.94, 168.64, 0.0289411
_7119_, 37.94, 168.64, 0.0289411
hold287, 37.94, 168.64, 0.0289411
hold390, 37.94, 168.64, 0.0289411
FILLER_0_57_66, 37.94, 168.64, 0.0289411
FILLER_0_58_68, 37.94, 168.64, 0.0289411
FILLER_0_58_81, 37.94, 168.64, 0.0289411
_4539_, 50.74, 168.64, 0.0292463
_4540_, 50.74, 168.64, 0.0292463
hold286, 50.74, 168.64, 0.0292463
hold368, 50.74, 168.64, 0.0292463
FILLER_0_57_96, 50.74, 168.64, 0.0292463
FILLER_0_58_100, 50.74, 168.64, 0.0292463
FILLER_0_58_111, 50.74, 168.64, 0.0292463
_3891_, 63.54, 168.64, 0.0295482
_3892_, 63.54, 168.64, 0.0295482
_4134_, 63.54, 168.64, 0.0295482
_7264_, 63.54, 168.64, 0.0295482
FILLER_0_58_134, 63.54, 168.64, 0.0295482
FILLER_0_59_134, 63.54, 168.64, 0.0295482
_4337_, 76.34, 168.64, 0.0298175
_4338_, 76.34, 168.64, 0.0298175
_7265_, 76.34, 168.64, 0.0298175
hold553, 76.34, 168.64, 0.0298175
FILLER_0_58_156, 76.34, 168.64, 0.0298175
_4343_, 89.14, 168.64, 0.0300576
_4392_, 89.14, 168.64, 0.0300576
_4394_, 89.14, 168.64, 0.0300576
_4395_, 89.14, 168.64, 0.0300576
FILLER_0_58_180, 89.14, 168.64, 0.0300576
FILLER_0_59_184, 89.14, 168.64, 0.0300576
_4391_, 101.94, 168.64, 0.0302722
FILLER_0_57_203, 101.94, 168.64, 0.0302722
FILLER_0_58_197, 101.94, 168.64, 0.0302722
FILLER_0_58_222, 101.94, 168.64, 0.0302722
_4360_, 114.74, 168.64, 0.0304754
_4402_, 114.74, 168.64, 0.0304754
_4421_, 114.74, 168.64, 0.0304754
_7276_, 114.74, 168.64, 0.0304754
FILLER_0_57_230, 114.74, 168.64, 0.0304754
FILLER_0_59_246, 114.74, 168.64, 0.0304754
_4302_, 127.54, 168.64, 0.0306506
_4422_, 127.54, 168.64, 0.0306506
_4423_, 127.54, 168.64, 0.0306506
_4432_, 127.54, 168.64, 0.0306506
_4433_, 127.54, 168.64, 0.0306506
_4434_, 127.54, 168.64, 0.0306506
hold36, 127.54, 168.64, 0.0306506
FILLER_0_59_266, 127.54, 168.64, 0.0306506
_4442_, 140.34, 168.64, 0.0307644
_4443_, 140.34, 168.64, 0.0307644
_4445_, 140.34, 168.64, 0.0307644
_5029_, 140.34, 168.64, 0.0307644
hold481, 140.34, 168.64, 0.0307644
FILLER_0_57_284, 140.34, 168.64, 0.0307644
FILLER_0_57_292, 140.34, 168.64, 0.0307644
FILLER_0_58_281, 140.34, 168.64, 0.0307644
FILLER_0_58_292, 140.34, 168.64, 0.0307644
_4346_, 153.14, 168.64, 0.0308608
_4359_, 153.14, 168.64, 0.0308608
hold854, 153.14, 168.64, 0.0308608
FILLER_0_59_328, 153.14, 168.64, 0.0308608
_7425_, 165.94, 168.64, 0.0309378
_7509_, 165.94, 168.64, 0.0309378
hold774, 165.94, 168.64, 0.0309378
hold805, 165.94, 168.64, 0.0309378
FILLER_0_58_335, 165.94, 168.64, 0.0309378
FILLER_0_58_347, 165.94, 168.64, 0.0309378
FILLER_0_58_358, 165.94, 168.64, 0.0309378
_5449_, 191.445, 168.64, 0.0313054
_5521_, 191.445, 168.64, 0.0313054
_7581_, 191.445, 168.64, 0.0313054
clkbuf_leaf_68_clk, 191.445, 168.64, 0.0313054
hold84, 191.445, 168.64, 0.0313054
hold836, 191.445, 168.64, 0.0313054
_5695_, 204.15, 168.64, 0.0315595
_7516_, 204.15, 168.64, 0.0315595
hold7, 204.15, 168.64, 0.0315595
hold8, 204.15, 168.64, 0.0315595
hold126, 204.15, 168.64, 0.0315595
FILLER_0_57_429, 204.15, 168.64, 0.0315595
FILLER_0_59_433, 204.15, 168.64, 0.0315595
FILLER_0_59_444, 204.15, 168.64, 0.0315595
_5426_, 216.855, 168.64, 0.031796
_5429_, 216.855, 168.64, 0.031796
_5453_, 216.855, 168.64, 0.031796
_5526_, 216.855, 168.64, 0.031796
hold133, 216.855, 168.64, 0.031796
FILLER_0_58_457, 216.855, 168.64, 0.031796
FILLER_0_58_470, 216.855, 168.64, 0.031796
_6095_, 229.56, 168.64, 0.0320211
_6096_, 229.56, 168.64, 0.0320211
hold35, 229.56, 168.64, 0.0320211
hold57, 229.56, 168.64, 0.0320211
FILLER_0_58_485, 229.56, 168.64, 0.0320211
FILLER_0_58_497, 229.56, 168.64, 0.0320211
_5866_, 242.265, 168.64, 0.032223
_6085_, 242.265, 168.64, 0.032223
_6094_, 242.265, 168.64, 0.032223
_7650_, 242.265, 168.64, 0.032223
hold111, 242.265, 168.64, 0.032223
FILLER_0_57_505, 242.265, 168.64, 0.032223
FILLER_0_58_507, 242.265, 168.64, 0.032223
FILLER_0_58_515, 242.265, 168.64, 0.032223
_6075_, 254.97, 168.64, 0.0323972
_6083_, 254.97, 168.64, 0.0323972
_6093_, 254.97, 168.64, 0.0323972
hold828, 254.97, 168.64, 0.0323972
FILLER_0_57_540, 254.97, 168.64, 0.0323972
FILLER_0_58_533, 254.97, 168.64, 0.0323972
FILLER_0_58_550, 254.97, 168.64, 0.0323972
_6296_, 267.675, 168.64, 0.032555
_7707_, 267.675, 168.64, 0.032555
_7718_, 267.675, 168.64, 0.032555
hold470, 267.675, 168.64, 0.032555
FILLER_0_58_561, 267.675, 168.64, 0.032555
FILLER_0_58_571, 267.675, 168.64, 0.032555
FILLER_0_59_570, 267.675, 168.64, 0.032555
_6292_, 280.38, 168.64, 0.0326868
_6436_, 280.38, 168.64, 0.0326868
_7734_, 280.38, 168.64, 0.0326868
hold575, 280.38, 168.64, 0.0326868
FILLER_0_58_589, 280.38, 168.64, 0.0326868
_6287_, 293.085, 168.64, 0.0327972
_6288_, 293.085, 168.64, 0.0327972
_7703_, 293.085, 168.64, 0.0327972
FILLER_0_59_636, 293.085, 168.64, 0.0327972
_6113_, 305.79, 168.64, 0.0328965
_7710_, 305.79, 168.64, 0.0328965
hold165, 305.79, 168.64, 0.0328965
FILLER_0_57_651, 305.79, 168.64, 0.0328965
_5025_, 318.495, 168.64, 0.0329553
_5830_, 318.495, 168.64, 0.0329553
_6303_, 318.495, 168.64, 0.0329553
hold271, 318.495, 168.64, 0.0329553
FILLER_0_57_668, 318.495, 168.64, 0.0329553
FILLER_0_57_673, 318.495, 168.64, 0.0329553
FILLER_0_58_668, 318.495, 168.64, 0.0329553
_4291_, 5.52, 163.2, 0.0281438
_7124_, 5.52, 163.2, 0.0281438
PHY_110, 5.52, 163.2, 0.0281438
PHY_112, 5.52, 163.2, 0.0281438
FILLER_0_56_3, 5.52, 163.2, 0.0281438
FILLER_0_57_3, 5.52, 163.2, 0.0281438
PHY_111, 331.2, 163.2, 0.0327083
PHY_113, 331.2, 163.2, 0.0327083
FILLER_0_55_701, 331.2, 163.2, 0.0327083
FILLER_0_56_701, 331.2, 163.2, 0.0327083
_3692_, 15.33, 163.2, 0.0281253
_7138_, 15.33, 163.2, 0.0281253
hold45, 15.33, 163.2, 0.0281253
FILLER_0_56_29, 15.33, 163.2, 0.0281253
_7117_, 37.94, 163.2, 0.0284641
hold275, 37.94, 163.2, 0.0284641
hold276, 37.94, 163.2, 0.0284641
FILLER_0_56_81, 37.94, 163.2, 0.0284641
_7126_, 50.74, 163.2, 0.0288327
_7156_, 50.74, 163.2, 0.0288327
_7322_, 50.74, 163.2, 0.0288327
hold291, 50.74, 163.2, 0.0288327
FILLER_0_56_85, 50.74, 163.2, 0.0288327
FILLER_0_57_109, 50.74, 163.2, 0.0288327
_4342_, 63.54, 163.2, 0.0291589
_7262_, 63.54, 163.2, 0.0291589
hold323, 63.54, 163.2, 0.0291589
FILLER_0_55_125, 63.54, 163.2, 0.0291589
_4133_, 76.34, 163.2, 0.0294677
_4339_, 76.34, 163.2, 0.0294677
_4341_, 76.34, 163.2, 0.0294677
_7222_, 76.34, 163.2, 0.0294677
hold816, 76.34, 163.2, 0.0294677
FILLER_0_55_145, 76.34, 163.2, 0.0294677
FILLER_0_57_165, 76.34, 163.2, 0.0294677
_3888_, 89.14, 163.2, 0.0297275
_7288_, 89.14, 163.2, 0.0297275
FILLER_0_55_169, 89.14, 163.2, 0.0297275
FILLER_0_56_192, 89.14, 163.2, 0.0297275
_4288_, 101.94, 163.2, 0.0299663
_4289_, 101.94, 163.2, 0.0299663
_4389_, 101.94, 163.2, 0.0299663
_4390_, 101.94, 163.2, 0.0299663
_4399_, 101.94, 163.2, 0.0299663
_4403_, 101.94, 163.2, 0.0299663
hold764, 101.94, 163.2, 0.0299663
FILLER_0_55_197, 101.94, 163.2, 0.0299663
FILLER_0_55_205, 101.94, 163.2, 0.0299663
_4296_, 114.74, 163.2, 0.030168
_4297_, 114.74, 163.2, 0.030168
_4411_, 114.74, 163.2, 0.030168
_4412_, 114.74, 163.2, 0.030168
hold105, 114.74, 163.2, 0.030168
FILLER_0_56_229, 114.74, 163.2, 0.030168
FILLER_0_56_245, 114.74, 163.2, 0.030168
_4424_, 127.54, 163.2, 0.0303171
_4425_, 127.54, 163.2, 0.0303171
_4435_, 127.54, 163.2, 0.0303171
_4436_, 127.54, 163.2, 0.0303171
FILLER_0_56_278, 127.54, 163.2, 0.0303171
_4446_, 140.34, 163.2, 0.0304305
_4450_, 140.34, 163.2, 0.0304305
_4451_, 140.34, 163.2, 0.0304305
_4452_, 140.34, 163.2, 0.0304305
_4453_, 140.34, 163.2, 0.0304305
_4458_, 140.34, 163.2, 0.0304305
_7293_, 140.34, 163.2, 0.0304305
FILLER_0_55_281, 140.34, 163.2, 0.0304305
FILLER_0_56_292, 140.34, 163.2, 0.0304305
_5035_, 153.14, 163.2, 0.0304966
_7294_, 153.14, 163.2, 0.0304966
_7427_, 153.14, 163.2, 0.0304966
FILLER_0_56_321, 153.14, 163.2, 0.0304966
FILLER_0_57_333, 153.14, 163.2, 0.0304966
_5398_, 165.94, 163.2, 0.0305183
_5448_, 165.94, 163.2, 0.0305183
_5681_, 165.94, 163.2, 0.0305183
FILLER_0_55_337, 165.94, 163.2, 0.0305183
FILLER_0_56_348, 165.94, 163.2, 0.0305183
FILLER_0_57_362, 165.94, 163.2, 0.0305183
_5408_, 191.445, 163.2, 0.0308098
_5418_, 191.445, 163.2, 0.0308098
_7514_, 191.445, 163.2, 0.0308098
hold117, 191.445, 163.2, 0.0308098
_5427_, 204.15, 163.2, 0.0310911
_5522_, 204.15, 163.2, 0.0310911
_5523_, 204.15, 163.2, 0.0310911
_7540_, 204.15, 163.2, 0.0310911
hold41, 204.15, 163.2, 0.0310911
_5428_, 216.855, 163.2, 0.0313614
_5452_, 216.855, 163.2, 0.0313614
_7530_, 216.855, 163.2, 0.0313614
FILLER_0_55_449, 216.855, 163.2, 0.0313614
FILLER_0_56_453, 216.855, 163.2, 0.0313614
FILLER_0_56_467, 216.855, 163.2, 0.0313614
_6087_, 229.56, 163.2, 0.0316133
_6088_, 229.56, 163.2, 0.0316133
_7543_, 229.56, 163.2, 0.0316133
hold31, 229.56, 163.2, 0.0316133
FILLER_0_55_486, 229.56, 163.2, 0.0316133
_6089_, 242.265, 163.2, 0.0318469
_6092_, 242.265, 163.2, 0.0318469
hold34, 242.265, 163.2, 0.0318469
hold116, 242.265, 163.2, 0.0318469
hold584, 242.265, 163.2, 0.0318469
FILLER_0_56_524, 242.265, 163.2, 0.0318469
FILLER_0_57_517, 242.265, 163.2, 0.0318469
_6069_, 254.97, 163.2, 0.0320549
_6070_, 254.97, 163.2, 0.0320549
_6073_, 254.97, 163.2, 0.0320549
_6074_, 254.97, 163.2, 0.0320549
_6076_, 254.97, 163.2, 0.0320549
_6077_, 254.97, 163.2, 0.0320549
_6082_, 254.97, 163.2, 0.0320549
_6084_, 254.97, 163.2, 0.0320549
hold40, 254.97, 163.2, 0.0320549
_6295_, 267.675, 163.2, 0.0322262
_6434_, 267.675, 163.2, 0.0322262
FILLER_0_56_557, 267.675, 163.2, 0.0322262
FILLER_0_56_565, 267.675, 163.2, 0.0322262
FILLER_0_57_581, 267.675, 163.2, 0.0322262
_6289_, 280.38, 163.2, 0.0323885
_6435_, 280.38, 163.2, 0.0323885
_7704_, 280.38, 163.2, 0.0323885
FILLER_0_55_597, 280.38, 163.2, 0.0323885
FILLER_0_56_585, 280.38, 163.2, 0.0323885
FILLER_0_57_611, 280.38, 163.2, 0.0323885
_6285_, 293.085, 163.2, 0.0325317
_6286_, 293.085, 163.2, 0.0325317
_7702_, 293.085, 163.2, 0.0325317
FILLER_0_55_613, 293.085, 163.2, 0.0325317
_5831_, 305.79, 163.2, 0.0326639
_6305_, 305.79, 163.2, 0.0326639
_7729_, 305.79, 163.2, 0.0326639
clkbuf_leaf_74_clk, 305.79, 163.2, 0.0326639
FILLER_0_55_641, 305.79, 163.2, 0.0326639
FILLER_0_56_657, 305.79, 163.2, 0.0326639
FILLER_0_57_661, 305.79, 163.2, 0.0326639
_6385_, 318.495, 163.2, 0.0327083
_7600_, 318.495, 163.2, 0.0327083
_7728_, 318.495, 163.2, 0.0327083
hold695, 318.495, 163.2, 0.0327083
FILLER_0_55_668, 318.495, 163.2, 0.0327083
_7116_, 5.52, 157.76, 0.027434
PHY_106, 5.52, 157.76, 0.027434
PHY_108, 5.52, 157.76, 0.027434
PHY_107, 331.2, 157.76, 0.0313238
PHY_109, 331.2, 157.76, 0.0313238
hold852, 331.2, 157.76, 0.0313238
FILLER_0_54_701, 331.2, 157.76, 0.0313238
_3674_, 15.33, 157.76, 0.0274238
_7112_, 15.33, 157.76, 0.0274238
FILLER_0_54_23, 15.33, 157.76, 0.0274238
_3676_, 37.94, 157.76, 0.0278138
_7320_, 37.94, 157.76, 0.0278138
hold115, 37.94, 157.76, 0.0278138
hold212, 37.94, 157.76, 0.0278138
FILLER_0_55_78, 37.94, 157.76, 0.0278138
_3696_, 50.74, 157.76, 0.028211
_4538_, 50.74, 157.76, 0.028211
_4666_, 50.74, 157.76, 0.028211
_4714_, 50.74, 157.76, 0.028211
hold211, 50.74, 157.76, 0.028211
hold745, 50.74, 157.76, 0.028211
FILLER_0_54_93, 50.74, 157.76, 0.028211
_4667_, 63.54, 157.76, 0.0285824
_7339_, 63.54, 157.76, 0.0285824
hold567, 63.54, 157.76, 0.0285824
FILLER_0_54_131, 63.54, 157.76, 0.0285824
FILLER_0_55_137, 63.54, 157.76, 0.0285824
_4340_, 76.34, 157.76, 0.0289224
_7155_, 76.34, 157.76, 0.0289224
_7263_, 76.34, 157.76, 0.0289224
clkbuf_leaf_6_clk, 76.34, 157.76, 0.0289224
hold804, 76.34, 157.76, 0.0289224
FILLER_0_53_141, 76.34, 157.76, 0.0289224
FILLER_0_54_161, 76.34, 157.76, 0.0289224
FILLER_0_55_165, 76.34, 157.76, 0.0289224
_3887_, 89.14, 157.76, 0.0291671
_4126_, 89.14, 157.76, 0.0291671
_4287_, 101.94, 157.76, 0.0293958
_4292_, 101.94, 157.76, 0.0293958
_4293_, 101.94, 157.76, 0.0293958
_4398_, 101.94, 157.76, 0.0293958
_4400_, 101.94, 157.76, 0.0293958
_4408_, 101.94, 157.76, 0.0293958
_4414_, 101.94, 157.76, 0.0293958
hold756, 101.94, 157.76, 0.0293958
FILLER_0_53_204, 101.94, 157.76, 0.0293958
FILLER_0_54_210, 101.94, 157.76, 0.0293958
_4410_, 114.74, 157.76, 0.0295712
_4413_, 114.74, 157.76, 0.0295712
_4426_, 114.74, 157.76, 0.0295712
clkbuf_leaf_10_clk, 114.74, 157.76, 0.0295712
hold91, 114.74, 157.76, 0.0295712
_4415_, 127.54, 157.76, 0.0296724
_4427_, 127.54, 157.76, 0.0296724
_4439_, 127.54, 157.76, 0.0296724
_4440_, 127.54, 157.76, 0.0296724
FILLER_0_54_253, 127.54, 157.76, 0.0296724
FILLER_0_54_277, 127.54, 157.76, 0.0296724
FILLER_0_55_273, 127.54, 157.76, 0.0296724
_4454_, 140.34, 157.76, 0.029761
_4456_, 140.34, 157.76, 0.029761
_4457_, 140.34, 157.76, 0.029761
FILLER_0_53_288, 140.34, 157.76, 0.029761
FILLER_0_54_287, 140.34, 157.76, 0.029761
FILLER_0_54_305, 140.34, 157.76, 0.029761
FILLER_0_55_300, 140.34, 157.76, 0.029761
_4459_, 153.14, 157.76, 0.0298408
_4467_, 153.14, 157.76, 0.0298408
hold792, 153.14, 157.76, 0.0298408
_5384_, 165.94, 157.76, 0.029908
_5860_, 165.94, 157.76, 0.029908
_7506_, 165.94, 157.76, 0.029908
hold684, 165.94, 157.76, 0.029908
FILLER_0_54_361, 165.94, 157.76, 0.029908
FILLER_0_55_353, 165.94, 157.76, 0.029908
_5416_, 191.445, 157.76, 0.0301974
_5417_, 191.445, 157.76, 0.0301974
_5520_, 191.445, 157.76, 0.0301974
_7527_, 191.445, 157.76, 0.0301974
FILLER_0_54_400, 191.445, 157.76, 0.0301974
FILLER_0_54_416, 191.445, 157.76, 0.0301974
FILLER_0_55_417, 191.445, 157.76, 0.0301974
_5644_, 204.15, 157.76, 0.0304321
_5645_, 204.15, 157.76, 0.0304321
_7557_, 204.15, 157.76, 0.0304321
hold62, 204.15, 157.76, 0.0304321
FILLER_0_53_420, 204.15, 157.76, 0.0304321
FILLER_0_55_438, 204.15, 157.76, 0.0304321
_5424_, 216.855, 157.76, 0.0306279
_5524_, 216.855, 157.76, 0.0306279
_7529_, 216.855, 157.76, 0.0306279
hold66, 216.855, 157.76, 0.0306279
hold653, 216.855, 157.76, 0.0306279
FILLER_0_53_449, 216.855, 157.76, 0.0306279
FILLER_0_54_464, 216.855, 157.76, 0.0306279
_6031_, 229.56, 157.76, 0.0307958
_6086_, 229.56, 157.76, 0.0307958
_7542_, 229.56, 157.76, 0.0307958
_7651_, 229.56, 157.76, 0.0307958
FILLER_0_53_474, 229.56, 157.76, 0.0307958
FILLER_0_55_500, 229.56, 157.76, 0.0307958
_5879_, 242.265, 157.76, 0.0309301
_6079_, 242.265, 157.76, 0.0309301
_6080_, 242.265, 157.76, 0.0309301
_6090_, 242.265, 157.76, 0.0309301
_6091_, 242.265, 157.76, 0.0309301
hold30, 242.265, 157.76, 0.0309301
FILLER_0_54_504, 242.265, 157.76, 0.0309301
FILLER_0_54_512, 242.265, 157.76, 0.0309301
FILLER_0_54_528, 242.265, 157.76, 0.0309301
_6060_, 254.97, 157.76, 0.0310391
_6061_, 254.97, 157.76, 0.0310391
_6063_, 254.97, 157.76, 0.0310391
_6071_, 254.97, 157.76, 0.0310391
_6072_, 254.97, 157.76, 0.0310391
_6078_, 254.97, 157.76, 0.0310391
_6081_, 254.97, 157.76, 0.0310391
FILLER_0_54_539, 254.97, 157.76, 0.0310391
FILLER_0_54_551, 254.97, 157.76, 0.0310391
_6293_, 267.675, 157.76, 0.0311262
_6294_, 267.675, 157.76, 0.0311262
_7706_, 267.675, 157.76, 0.0311262
FILLER_0_54_577, 267.675, 157.76, 0.0311262
_6290_, 280.38, 157.76, 0.0312027
_6420_, 280.38, 157.76, 0.0312027
_6429_, 280.38, 157.76, 0.0312027
_6433_, 280.38, 157.76, 0.0312027
FILLER_0_54_585, 280.38, 157.76, 0.0312027
FILLER_0_54_608, 280.38, 157.76, 0.0312027
_7731_, 293.085, 157.76, 0.031259
FILLER_0_54_637, 293.085, 157.76, 0.031259
_6393_, 305.79, 157.76, 0.031296
_6395_, 305.79, 157.76, 0.031296
hold732, 305.79, 157.76, 0.031296
FILLER_0_53_652, 305.79, 157.76, 0.031296
FILLER_0_54_645, 305.79, 157.76, 0.031296
_6375_, 318.495, 157.76, 0.0313176
_6379_, 318.495, 157.76, 0.0313176
_6384_, 318.495, 157.76, 0.0313176
PHY_102, 5.52, 152.32, 0.026848
PHY_104, 5.52, 152.32, 0.026848
output45, 5.52, 152.32, 0.026848
FILLER_0_52_3, 5.52, 152.32, 0.026848
PHY_103, 331.2, 152.32, 0.031605
PHY_105, 331.2, 152.32, 0.031605
FILLER_0_51_700, 331.2, 152.32, 0.031605
FILLER_0_52_701, 331.2, 152.32, 0.031605
_3666_, 15.33, 152.32, 0.0268399
_3694_, 15.33, 152.32, 0.0268399
_7125_, 15.33, 152.32, 0.0268399
hold81, 15.33, 152.32, 0.0268399
FILLER_0_52_29, 15.33, 152.32, 0.0268399
_4517_, 37.94, 152.32, 0.0272771
_4518_, 37.94, 152.32, 0.0272771
_7307_, 37.94, 152.32, 0.0272771
hold88, 37.94, 152.32, 0.0272771
hold298, 37.94, 152.32, 0.0272771
FILLER_0_52_65, 37.94, 152.32, 0.0272771
_7361_, 50.74, 152.32, 0.0277343
clkbuf_leaf_5_clk, 50.74, 152.32, 0.0277343
hold297, 50.74, 152.32, 0.0277343
hold300, 50.74, 152.32, 0.0277343
FILLER_0_52_93, 50.74, 152.32, 0.0277343
FILLER_0_53_107, 50.74, 152.32, 0.0277343
_4658_, 63.54, 152.32, 0.0281226
_4660_, 63.54, 152.32, 0.0281226
_4669_, 63.54, 152.32, 0.0281226
hold546, 63.54, 152.32, 0.0281226
FILLER_0_52_128, 63.54, 152.32, 0.0281226
_4132_, 76.34, 152.32, 0.0284862
_4530_, 76.34, 152.32, 0.0284862
_7219_, 76.34, 152.32, 0.0284862
_7313_, 76.34, 152.32, 0.0284862
FILLER_0_52_150, 76.34, 152.32, 0.0284862
_4122_, 89.14, 152.32, 0.0288042
_4407_, 89.14, 152.32, 0.0288042
hold798, 89.14, 152.32, 0.0288042
FILLER_0_51_169, 89.14, 152.32, 0.0288042
_4401_, 101.94, 152.32, 0.0290173
_4409_, 101.94, 152.32, 0.0290173
_7289_, 101.94, 152.32, 0.0290173
FILLER_0_53_216, 101.94, 152.32, 0.0290173
_4404_, 114.74, 152.32, 0.029202
_4405_, 114.74, 152.32, 0.029202
_4419_, 114.74, 152.32, 0.029202
_4420_, 114.74, 152.32, 0.029202
_4437_, 114.74, 152.32, 0.029202
FILLER_0_51_228, 114.74, 152.32, 0.029202
FILLER_0_52_234, 114.74, 152.32, 0.029202
FILLER_0_52_248, 114.74, 152.32, 0.029202
FILLER_0_53_245, 114.74, 152.32, 0.029202
_4416_, 127.54, 152.32, 0.0293685
_4417_, 127.54, 152.32, 0.0293685
_4418_, 127.54, 152.32, 0.0293685
_4428_, 127.54, 152.32, 0.0293685
_4429_, 127.54, 152.32, 0.0293685
_4438_, 127.54, 152.32, 0.0293685
_4441_, 127.54, 152.32, 0.0293685
_4455_, 127.54, 152.32, 0.0293685
FILLER_0_51_255, 127.54, 152.32, 0.0293685
FILLER_0_53_266, 127.54, 152.32, 0.0293685
_4447_, 140.34, 152.32, 0.0294973
_4448_, 140.34, 152.32, 0.0294973
_4449_, 140.34, 152.32, 0.0294973
_4463_, 140.34, 152.32, 0.0294973
_4464_, 140.34, 152.32, 0.0294973
_4465_, 140.34, 152.32, 0.0294973
clkbuf_leaf_11_clk, 140.34, 152.32, 0.0294973
FILLER_0_51_281, 140.34, 152.32, 0.0294973
FILLER_0_51_290, 140.34, 152.32, 0.0294973
FILLER_0_52_284, 140.34, 152.32, 0.0294973
_4460_, 153.14, 152.32, 0.0295489
_4461_, 153.14, 152.32, 0.0295489
_4462_, 153.14, 152.32, 0.0295489
_4466_, 153.14, 152.32, 0.0295489
_4471_, 153.14, 152.32, 0.0295489
_4475_, 153.14, 152.32, 0.0295489
_5861_, 153.14, 152.32, 0.0295489
_7607_, 153.14, 152.32, 0.0295489
FILLER_0_53_323, 153.14, 152.32, 0.0295489
FILLER_0_53_331, 153.14, 152.32, 0.0295489
_5383_, 165.94, 152.32, 0.0295563
_5407_, 165.94, 152.32, 0.0295563
FILLER_0_52_355, 165.94, 152.32, 0.0295563
FILLER_0_53_360, 165.94, 152.32, 0.0295563
_5450_, 191.445, 152.32, 0.0298687
_7554_, 191.445, 152.32, 0.0298687
FILLER_0_51_393, 191.445, 152.32, 0.0298687
_5636_, 204.15, 152.32, 0.0301617
_5637_, 204.15, 152.32, 0.0301617
_5639_, 204.15, 152.32, 0.0301617
_5642_, 204.15, 152.32, 0.0301617
_5646_, 204.15, 152.32, 0.0301617
FILLER_0_53_442, 204.15, 152.32, 0.0301617
_5425_, 216.855, 152.32, 0.0304272
_7556_, 216.855, 152.32, 0.0304272
hold731, 216.855, 152.32, 0.0304272
FILLER_0_52_446, 216.855, 152.32, 0.0304272
FILLER_0_52_466, 216.855, 152.32, 0.0304272
_7620_, 229.56, 152.32, 0.0306665
hold90, 229.56, 152.32, 0.0306665
_5859_, 242.265, 152.32, 0.0308862
_6054_, 242.265, 152.32, 0.0308862
_7647_, 242.265, 152.32, 0.0308862
FILLER_0_51_501, 242.265, 152.32, 0.0308862
FILLER_0_52_506, 242.265, 152.32, 0.0308862
_6048_, 254.97, 152.32, 0.0310746
_6049_, 254.97, 152.32, 0.0310746
_6062_, 254.97, 152.32, 0.0310746
_6064_, 254.97, 152.32, 0.0310746
hold853, 254.97, 152.32, 0.0310746
FILLER_0_51_529, 254.97, 152.32, 0.0310746
FILLER_0_52_556, 254.97, 152.32, 0.0310746
FILLER_0_53_554, 254.97, 152.32, 0.0310746
_6426_, 267.675, 152.32, 0.0312413
_6427_, 267.675, 152.32, 0.0312413
_7648_, 267.675, 152.32, 0.0312413
hold809, 267.675, 152.32, 0.0312413
_6418_, 280.38, 152.32, 0.0313724
_6419_, 280.38, 152.32, 0.0313724
_6421_, 280.38, 152.32, 0.0313724
_6428_, 280.38, 152.32, 0.0313724
_6432_, 280.38, 152.32, 0.0313724
FILLER_0_51_594, 280.38, 152.32, 0.0313724
FILLER_0_52_594, 280.38, 152.32, 0.0313724
_6409_, 293.085, 152.32, 0.0314747
_6413_, 293.085, 152.32, 0.0314747
_6415_, 293.085, 152.32, 0.0314747
_6416_, 293.085, 152.32, 0.0314747
_6417_, 293.085, 152.32, 0.0314747
hold838, 293.085, 152.32, 0.0314747
FILLER_0_52_615, 293.085, 152.32, 0.0314747
FILLER_0_52_629, 293.085, 152.32, 0.0314747
FILLER_0_52_638, 293.085, 152.32, 0.0314747
FILLER_0_53_629, 293.085, 152.32, 0.0314747
_6386_, 305.79, 152.32, 0.0315519
_6387_, 305.79, 152.32, 0.0315519
_6388_, 305.79, 152.32, 0.0315519
_6389_, 305.79, 152.32, 0.0315519
_6392_, 305.79, 152.32, 0.0315519
_6394_, 305.79, 152.32, 0.0315519
_6404_, 305.79, 152.32, 0.0315519
FILLER_0_52_645, 305.79, 152.32, 0.0315519
FILLER_0_53_666, 305.79, 152.32, 0.0315519
_5839_, 318.495, 152.32, 0.031605
_6376_, 318.495, 152.32, 0.031605
_6380_, 318.495, 152.32, 0.031605
_6381_, 318.495, 152.32, 0.031605
_7602_, 318.495, 152.32, 0.031605
FILLER_0_51_668, 318.495, 152.32, 0.031605
FILLER_0_51_673, 318.495, 152.32, 0.031605
FILLER_0_53_687, 318.495, 152.32, 0.031605
FILLER_0_53_693, 318.495, 152.32, 0.031605
_3670_, 5.52, 146.88, 0.0261536
_7114_, 5.52, 146.88, 0.0261536
PHY_98, 5.52, 146.88, 0.0261536
PHY_100, 5.52, 146.88, 0.0261536
FILLER_0_51_3, 5.52, 146.88, 0.0261536
PHY_99, 331.2, 146.88, 0.0324095
PHY_101, 331.2, 146.88, 0.0324095
FILLER_0_49_702, 331.2, 146.88, 0.0324095
FILLER_0_50_701, 331.2, 146.88, 0.0324095
_4537_, 15.33, 146.88, 0.0261374
FILLER_0_50_23, 15.33, 146.88, 0.0261374
FILLER_0_50_29, 15.33, 146.88, 0.0261374
_4534_, 37.94, 146.88, 0.0266475
_7314_, 37.94, 146.88, 0.0266475
hold89, 37.94, 146.88, 0.0266475
FILLER_0_50_73, 37.94, 146.88, 0.0266475
FILLER_0_50_81, 37.94, 146.88, 0.0266475
_4659_, 50.74, 146.88, 0.0271359
FILLER_0_49_90, 50.74, 146.88, 0.0271359
FILLER_0_50_109, 50.74, 146.88, 0.0271359
_4531_, 63.54, 146.88, 0.0276209
_4661_, 63.54, 146.88, 0.0276209
_4663_, 63.54, 146.88, 0.0276209
_7338_, 63.54, 146.88, 0.0276209
FILLER_0_49_122, 63.54, 146.88, 0.0276209
FILLER_0_51_136, 63.54, 146.88, 0.0276209
_4514_, 76.34, 146.88, 0.0280752
_4528_, 76.34, 146.88, 0.0280752
_4711_, 76.34, 146.88, 0.0280752
_4721_, 76.34, 146.88, 0.0280752
FILLER_0_49_148, 76.34, 146.88, 0.0280752
FILLER_0_50_166, 76.34, 146.88, 0.0280752
_3950_, 89.14, 146.88, 0.0283634
_4503_, 89.14, 146.88, 0.0283634
_7367_, 89.14, 146.88, 0.0283634
hold19, 89.14, 146.88, 0.0283634
hold20, 89.14, 146.88, 0.0283634
FILLER_0_50_177, 89.14, 146.88, 0.0283634
_3863_, 101.94, 146.88, 0.0286087
_4406_, 101.94, 146.88, 0.0286087
_7260_, 101.94, 146.88, 0.0286087
FILLER_0_51_215, 101.94, 146.88, 0.0286087
_7290_, 114.74, 146.88, 0.0287991
hold824, 114.74, 146.88, 0.0287991
hold843, 114.74, 146.88, 0.0287991
FILLER_0_49_225, 114.74, 146.88, 0.0287991
FILLER_0_50_225, 114.74, 146.88, 0.0287991
FILLER_0_50_249, 114.74, 146.88, 0.0287991
_4430_, 127.54, 146.88, 0.0289595
hold668, 127.54, 146.88, 0.0289595
FILLER_0_50_253, 127.54, 146.88, 0.0289595
FILLER_0_50_274, 127.54, 146.88, 0.0289595
FILLER_0_51_269, 127.54, 146.88, 0.0289595
FILLER_0_51_277, 127.54, 146.88, 0.0289595
_3764_, 140.34, 146.88, 0.029109
_4472_, 140.34, 146.88, 0.029109
_4473_, 140.34, 146.88, 0.029109
_4474_, 140.34, 146.88, 0.029109
_7295_, 140.34, 146.88, 0.029109
hold599, 140.34, 146.88, 0.029109
_4468_, 153.14, 146.88, 0.0292061
_4469_, 153.14, 146.88, 0.0292061
_4470_, 153.14, 146.88, 0.0292061
_4476_, 153.14, 146.88, 0.0292061
FILLER_0_49_320, 153.14, 146.88, 0.0292061
FILLER_0_51_325, 153.14, 146.88, 0.0292061
FILLER_0_51_333, 153.14, 146.88, 0.0292061
_5595_, 165.94, 146.88, 0.0292911
_7511_, 165.94, 146.88, 0.0292911
_7551_, 165.94, 146.88, 0.0292911
clkbuf_leaf_94_clk, 165.94, 146.88, 0.0292911
clkbuf_leaf_93_clk, 191.445, 146.88, 0.0298885
hold607, 191.445, 146.88, 0.0298885
FILLER_0_50_408, 191.445, 146.88, 0.0298885
_5619_, 204.15, 146.88, 0.0304386
_5628_, 204.15, 146.88, 0.0304386
_5638_, 204.15, 146.88, 0.0304386
_5640_, 204.15, 146.88, 0.0304386
_5641_, 204.15, 146.88, 0.0304386
_5643_, 204.15, 146.88, 0.0304386
FILLER_0_49_426, 204.15, 146.88, 0.0304386
FILLER_0_50_421, 204.15, 146.88, 0.0304386
_5683_, 216.855, 146.88, 0.0309652
_5889_, 216.855, 146.88, 0.0309652
clkbuf_leaf_69_clk, 216.855, 146.88, 0.0309652
hold788, 216.855, 146.88, 0.0309652
FILLER_0_49_449, 216.855, 146.88, 0.0309652
FILLER_0_50_455, 216.855, 146.88, 0.0309652
_5455_, 229.56, 146.88, 0.0314132
_5888_, 229.56, 146.88, 0.0314132
_5898_, 229.56, 146.88, 0.0314132
_7646_, 229.56, 146.88, 0.0314132
clkbuf_leaf_70_clk, 229.56, 146.88, 0.0314132
_5867_, 242.265, 146.88, 0.0316693
_6033_, 242.265, 146.88, 0.0316693
_6044_, 242.265, 146.88, 0.0316693
_6052_, 242.265, 146.88, 0.0316693
_6053_, 242.265, 146.88, 0.0316693
hold469, 242.265, 146.88, 0.0316693
_6050_, 254.97, 146.88, 0.0318935
_6051_, 254.97, 146.88, 0.0318935
_6059_, 254.97, 146.88, 0.0318935
_6065_, 254.97, 146.88, 0.0318935
_6066_, 254.97, 146.88, 0.0318935
_6067_, 254.97, 146.88, 0.0318935
_6068_, 254.97, 146.88, 0.0318935
FILLER_0_49_530, 254.97, 146.88, 0.0318935
_7733_, 267.675, 146.88, 0.0320854
_6422_, 280.38, 146.88, 0.0322615
_6425_, 280.38, 146.88, 0.0322615
_7732_, 280.38, 146.88, 0.0322615
clkbuf_leaf_73_clk, 280.38, 146.88, 0.0322615
FILLER_0_49_591, 280.38, 146.88, 0.0322615
FILLER_0_50_589, 280.38, 146.88, 0.0322615
FILLER_0_51_609, 280.38, 146.88, 0.0322615
_6405_, 293.085, 146.88, 0.0323475
_6412_, 293.085, 146.88, 0.0323475
_6414_, 293.085, 146.88, 0.0323475
_6423_, 293.085, 146.88, 0.0323475
_6424_, 293.085, 146.88, 0.0323475
hold849, 293.085, 146.88, 0.0323475
FILLER_0_49_617, 293.085, 146.88, 0.0323475
_6390_, 305.79, 146.88, 0.0323871
_6391_, 305.79, 146.88, 0.0323871
_6399_, 305.79, 146.88, 0.0323871
_6401_, 305.79, 146.88, 0.0323871
_6403_, 305.79, 146.88, 0.0323871
FILLER_0_50_645, 305.79, 146.88, 0.0323871
FILLER_0_51_654, 305.79, 146.88, 0.0323871
_5838_, 318.495, 146.88, 0.0324095
_6373_, 318.495, 146.88, 0.0324095
_6374_, 318.495, 146.88, 0.0324095
hold801, 318.495, 146.88, 0.0324095
FILLER_0_50_679, 318.495, 146.88, 0.0324095
FILLER_0_50_687, 318.495, 146.88, 0.0324095
FILLER_0_51_686, 318.495, 146.88, 0.0324095
PHY_94, 5.52, 141.44, 0.0254323
PHY_96, 5.52, 141.44, 0.0254323
PHY_95, 331.2, 141.44, 0.0324518
PHY_97, 331.2, 141.44, 0.0324518
input21, 331.2, 141.44, 0.0324518
ANTENNA_11, 331.2, 141.44, 0.0324518
_7317_, 15.33, 141.44, 0.0254323
_7319_, 15.33, 141.44, 0.0254323
hold82, 15.33, 141.44, 0.0254323
hold247, 15.33, 141.44, 0.0254323
FILLER_0_48_15, 15.33, 141.44, 0.0254323
_4532_, 37.94, 141.44, 0.0258791
FILLER_0_47_69, 37.94, 141.44, 0.0258791
FILLER_0_48_75, 37.94, 141.44, 0.0258791
_4654_, 50.74, 141.44, 0.0263663
_4655_, 50.74, 141.44, 0.0263663
_4656_, 50.74, 141.44, 0.0263663
_4662_, 50.74, 141.44, 0.0263663
_4665_, 50.74, 141.44, 0.0263663
hold814, 50.74, 141.44, 0.0263663
_4526_, 63.54, 141.44, 0.0268268
_4529_, 63.54, 141.44, 0.0268268
_4650_, 63.54, 141.44, 0.0268268
_4652_, 63.54, 141.44, 0.0268268
hold591, 63.54, 141.44, 0.0268268
FILLER_0_48_122, 63.54, 141.44, 0.0268268
FILLER_0_48_130, 63.54, 141.44, 0.0268268
_3882_, 76.34, 141.44, 0.0272725
_7154_, 76.34, 141.44, 0.0272725
FILLER_0_48_141, 76.34, 141.44, 0.0272725
FILLER_0_49_163, 76.34, 141.44, 0.0272725
_3658_, 89.14, 141.44, 0.0276953
_3883_, 89.14, 141.44, 0.0276953
_4125_, 89.14, 141.44, 0.0276953
_7178_, 89.14, 141.44, 0.0276953
FILLER_0_47_172, 89.14, 141.44, 0.0276953
FILLER_0_48_176, 89.14, 141.44, 0.0276953
FILLER_0_48_193, 89.14, 141.44, 0.0276953
FILLER_0_49_189, 89.14, 141.44, 0.0276953
_3867_, 101.94, 141.44, 0.0279992
_3949_, 101.94, 141.44, 0.0279992
_4334_, 101.94, 141.44, 0.0279992
clkbuf_leaf_9_clk, 101.94, 141.44, 0.0279992
ANTENNA_9, 101.94, 141.44, 0.0279992
_3917_, 114.74, 141.44, 0.0282112
_4333_, 114.74, 141.44, 0.0282112
_7163_, 114.74, 141.44, 0.0282112
_7291_, 114.74, 141.44, 0.0282112
hold865, 114.74, 141.44, 0.0282112
FILLER_0_47_228, 114.74, 141.44, 0.0282112
FILLER_0_49_240, 114.74, 141.44, 0.0282112
_3921_, 127.54, 141.44, 0.0283798
_3925_, 127.54, 141.44, 0.0283798
_4377_, 127.54, 141.44, 0.0283798
_7164_, 127.54, 141.44, 0.0283798
hold864, 127.54, 141.44, 0.0283798
FILLER_0_48_256, 127.54, 141.44, 0.0283798
FILLER_0_48_270, 127.54, 141.44, 0.0283798
FILLER_0_49_271, 127.54, 141.44, 0.0283798
_4492_, 140.34, 141.44, 0.0285134
FILLER_0_47_293, 140.34, 141.44, 0.0285134
FILLER_0_48_290, 140.34, 141.44, 0.0285134
FILLER_0_48_301, 140.34, 141.44, 0.0285134
FILLER_0_49_302, 140.34, 141.44, 0.0285134
_4480_, 153.14, 141.44, 0.0286439
_4481_, 153.14, 141.44, 0.0286439
_5447_, 153.14, 141.44, 0.0286439
_7524_, 153.14, 141.44, 0.0286439
FILLER_0_47_318, 153.14, 141.44, 0.0286439
FILLER_0_49_330, 153.14, 141.44, 0.0286439
_5406_, 165.94, 141.44, 0.0287465
_5446_, 165.94, 141.44, 0.0287465
_5586_, 165.94, 141.44, 0.0287465
hold757, 165.94, 141.44, 0.0287465
hold829, 165.94, 141.44, 0.0287465
FILLER_0_47_337, 165.94, 141.44, 0.0287465
FILLER_0_48_359, 165.94, 141.44, 0.0287465
FILLER_0_49_357, 165.94, 141.44, 0.0287465
_5598_, 191.445, 141.44, 0.0296085
_5624_, 191.445, 141.44, 0.0296085
_5625_, 191.445, 141.44, 0.0296085
_5626_, 191.445, 141.44, 0.0296085
_5627_, 191.445, 141.44, 0.0296085
hold786, 191.445, 141.44, 0.0296085
FILLER_0_47_396, 191.445, 141.44, 0.0296085
FILLER_0_48_415, 191.445, 141.44, 0.0296085
_3748_, 204.15, 141.44, 0.0303781
_5621_, 204.15, 141.44, 0.0303781
_5622_, 204.15, 141.44, 0.0303781
_5629_, 204.15, 141.44, 0.0303781
_5631_, 204.15, 141.44, 0.0303781
_5635_, 204.15, 141.44, 0.0303781
hold604, 204.15, 141.44, 0.0303781
FILLER_0_49_443, 204.15, 141.44, 0.0303781
_5632_, 216.855, 141.44, 0.0310423
_5633_, 216.855, 141.44, 0.0310423
_7615_, 216.855, 141.44, 0.0310423
_7619_, 216.855, 141.44, 0.0310423
FILLER_0_48_467, 216.855, 141.44, 0.0310423
_3652_, 229.56, 141.44, 0.0316686
_3656_, 229.56, 141.44, 0.0316686
_3657_, 229.56, 141.44, 0.0316686
_4677_, 229.56, 141.44, 0.0316686
_4680_, 229.56, 141.44, 0.0316686
FILLER_0_48_477, 229.56, 141.44, 0.0316686
_6032_, 242.265, 141.44, 0.0318664
_6036_, 242.265, 141.44, 0.0318664
_6042_, 242.265, 141.44, 0.0318664
_6043_, 242.265, 141.44, 0.0318664
_6047_, 242.265, 141.44, 0.0318664
FILLER_0_47_505, 242.265, 141.44, 0.0318664
FILLER_0_47_514, 242.265, 141.44, 0.0318664
FILLER_0_48_527, 242.265, 141.44, 0.0318664
_6055_, 254.97, 141.44, 0.0320409
_6057_, 254.97, 141.44, 0.0320409
_6058_, 254.97, 141.44, 0.0320409
_6102_, 254.97, 141.44, 0.0320409
_7783_, 254.97, 141.44, 0.0320409
FILLER_0_48_539, 254.97, 141.44, 0.0320409
FILLER_0_48_549, 254.97, 141.44, 0.0320409
_6431_, 267.675, 141.44, 0.0321682
_6622_, 267.675, 141.44, 0.0321682
hold201, 267.675, 141.44, 0.0321682
hold677, 267.675, 141.44, 0.0321682
FILLER_0_47_561, 267.675, 141.44, 0.0321682
_6430_, 280.38, 141.44, 0.0322709
_6614_, 280.38, 141.44, 0.0322709
FILLER_0_47_595, 280.38, 141.44, 0.0322709
FILLER_0_48_584, 280.38, 141.44, 0.0322709
_6402_, 293.085, 141.44, 0.0323596
_6408_, 293.085, 141.44, 0.0323596
_6410_, 293.085, 141.44, 0.0323596
_6411_, 293.085, 141.44, 0.0323596
_7730_, 293.085, 141.44, 0.0323596
hold819, 293.085, 141.44, 0.0323596
FILLER_0_48_617, 293.085, 141.44, 0.0323596
_6396_, 305.79, 141.44, 0.032408
_6397_, 305.79, 141.44, 0.032408
_6400_, 305.79, 141.44, 0.032408
_6407_, 305.79, 141.44, 0.032408
FILLER_0_47_642, 305.79, 141.44, 0.032408
FILLER_0_48_665, 305.79, 141.44, 0.032408
_6370_, 318.495, 141.44, 0.03245
_6371_, 318.495, 141.44, 0.03245
_6372_, 318.495, 141.44, 0.03245
_6382_, 318.495, 141.44, 0.03245
_7727_, 318.495, 141.44, 0.03245
ANTENNA_12, 318.495, 141.44, 0.03245
_4295_, 5.52, 136, 0.0246425
_7250_, 5.52, 136, 0.0246425
PHY_90, 5.52, 136, 0.0246425
PHY_92, 5.52, 136, 0.0246425
FILLER_0_47_3, 5.52, 136, 0.0246425
FILLER_0_47_9, 5.52, 136, 0.0246425
PHY_91, 331.2, 136, 0.031574
PHY_93, 331.2, 136, 0.031574
FILLER_0_45_700, 331.2, 136, 0.031574
FILLER_0_46_701, 331.2, 136, 0.031574
_7318_, 15.33, 136, 0.024628
FILLER_0_46_23, 15.33, 136, 0.024628
FILLER_0_46_29, 15.33, 136, 0.024628
_7336_, 37.94, 136, 0.02505
_7337_, 37.94, 136, 0.02505
hold761, 37.94, 136, 0.02505
FILLER_0_45_65, 37.94, 136, 0.02505
FILLER_0_46_81, 37.94, 136, 0.02505
_4642_, 50.74, 136, 0.0254604
_4649_, 50.74, 136, 0.0254604
_4653_, 50.74, 136, 0.0254604
_4657_, 50.74, 136, 0.0254604
_4664_, 50.74, 136, 0.0254604
hold708, 50.74, 136, 0.0254604
FILLER_0_46_93, 50.74, 136, 0.0254604
FILLER_0_47_109, 50.74, 136, 0.0254604
_4523_, 63.54, 136, 0.0258356
_4527_, 63.54, 136, 0.0258356
_4651_, 63.54, 136, 0.0258356
_7311_, 63.54, 136, 0.0258356
_7312_, 63.54, 136, 0.0258356
hold319, 63.54, 136, 0.0258356
FILLER_0_45_122, 63.54, 136, 0.0258356
FILLER_0_46_135, 63.54, 136, 0.0258356
FILLER_0_47_130, 63.54, 136, 0.0258356
_7366_, 76.34, 136, 0.0261856
hold241, 76.34, 136, 0.0261856
hold318, 76.34, 136, 0.0261856
hold383, 76.34, 136, 0.0261856
hold845, 76.34, 136, 0.0261856
FILLER_0_46_149, 76.34, 136, 0.0261856
FILLER_0_47_154, 76.34, 136, 0.0261856
_3695_, 89.14, 136, 0.0265186
_3932_, 89.14, 136, 0.0265186
_3933_, 89.14, 136, 0.0265186
hold779, 89.14, 136, 0.0265186
FILLER_0_46_188, 89.14, 136, 0.0265186
_7162_, 101.94, 136, 0.0268244
hold752, 101.94, 136, 0.0268244
ANTENNA_10, 101.94, 136, 0.0268244
FILLER_0_46_197, 101.94, 136, 0.0268244
FILLER_0_47_218, 101.94, 136, 0.0268244
_3916_, 114.74, 136, 0.0271113
_3920_, 114.74, 136, 0.0271113
FILLER_0_45_225, 114.74, 136, 0.0271113
FILLER_0_46_237, 114.74, 136, 0.0271113
_3924_, 127.54, 136, 0.0273902
_3946_, 127.54, 136, 0.0273902
_3947_, 127.54, 136, 0.0273902
_4486_, 127.54, 136, 0.0273902
FILLER_0_46_253, 127.54, 136, 0.0273902
FILLER_0_46_268, 127.54, 136, 0.0273902
_4477_, 140.34, 136, 0.0276526
_4478_, 140.34, 136, 0.0276526
_4479_, 140.34, 136, 0.0276526
_4482_, 140.34, 136, 0.0276526
_4488_, 140.34, 136, 0.0276526
_4493_, 140.34, 136, 0.0276526
hold53, 140.34, 136, 0.0276526
FILLER_0_46_283, 140.34, 136, 0.0276526
FILLER_0_46_304, 140.34, 136, 0.0276526
_4322_, 153.14, 136, 0.0278849
_4483_, 153.14, 136, 0.0278849
_5239_, 153.14, 136, 0.0278849
_5405_, 153.14, 136, 0.0278849
_7296_, 153.14, 136, 0.0278849
FILLER_0_46_313, 153.14, 136, 0.0278849
_5404_, 165.94, 136, 0.0280665
_5585_, 165.94, 136, 0.0280665
_5590_, 165.94, 136, 0.0280665
_5591_, 165.94, 136, 0.0280665
_5594_, 165.94, 136, 0.0280665
_5600_, 191.445, 136, 0.0290339
_5611_, 191.445, 136, 0.0290339
_5613_, 191.445, 136, 0.0290339
_5614_, 191.445, 136, 0.0290339
_5615_, 191.445, 136, 0.0290339
_5616_, 191.445, 136, 0.0290339
_5620_, 191.445, 136, 0.0290339
_5623_, 191.445, 136, 0.0290339
FILLER_0_46_408, 191.445, 136, 0.0290339
FILLER_0_47_415, 191.445, 136, 0.0290339
_3747_, 204.15, 136, 0.0298279
_5630_, 204.15, 136, 0.0298279
_5634_, 204.15, 136, 0.0298279
_5821_, 204.15, 136, 0.0298279
_7555_, 204.15, 136, 0.0298279
_3651_, 216.855, 136, 0.0304883
_3870_, 216.855, 136, 0.0304883
_5382_, 216.855, 136, 0.0304883
_5896_, 216.855, 136, 0.0304883
_5897_, 216.855, 136, 0.0304883
FILLER_0_45_449, 216.855, 136, 0.0304883
FILLER_0_46_455, 216.855, 136, 0.0304883
FILLER_0_46_470, 216.855, 136, 0.0304883
_3660_, 229.56, 136, 0.030912
_3926_, 229.56, 136, 0.030912
_4676_, 229.56, 136, 0.030912
_5043_, 229.56, 136, 0.030912
FILLER_0_47_498, 229.56, 136, 0.030912
_5853_, 242.265, 136, 0.0310821
_5854_, 242.265, 136, 0.0310821
_5855_, 242.265, 136, 0.0310821
_6035_, 242.265, 136, 0.0310821
_6046_, 242.265, 136, 0.0310821
FILLER_0_45_508, 242.265, 136, 0.0310821
FILLER_0_46_525, 242.265, 136, 0.0310821
_6027_, 254.97, 136, 0.0312229
_6040_, 254.97, 136, 0.0312229
_6041_, 254.97, 136, 0.0312229
_6056_, 254.97, 136, 0.0312229
FILLER_0_45_533, 254.97, 136, 0.0312229
FILLER_0_46_533, 254.97, 136, 0.0312229
FILLER_0_47_554, 254.97, 136, 0.0312229
_5964_, 267.675, 136, 0.0313506
_6616_, 267.675, 136, 0.0313506
_7632_, 267.675, 136, 0.0313506
_7780_, 267.675, 136, 0.0313506
FILLER_0_46_561, 267.675, 136, 0.0313506
FILLER_0_46_573, 267.675, 136, 0.0313506
_7779_, 280.38, 136, 0.031435
hold354, 280.38, 136, 0.031435
hold432, 280.38, 136, 0.031435
FILLER_0_46_597, 280.38, 136, 0.031435
FILLER_0_47_609, 280.38, 136, 0.031435
_6406_, 293.085, 136, 0.0314914
hold340, 293.085, 136, 0.0314914
FILLER_0_45_617, 293.085, 136, 0.0314914
FILLER_0_46_633, 293.085, 136, 0.0314914
_6283_, 305.79, 136, 0.0315405
_6368_, 305.79, 136, 0.0315405
_6383_, 305.79, 136, 0.0315405
_6398_, 305.79, 136, 0.0315405
FILLER_0_45_648, 305.79, 136, 0.0315405
FILLER_0_46_641, 305.79, 136, 0.0315405
FILLER_0_46_656, 305.79, 136, 0.0315405
_6366_, 318.495, 136, 0.031574
_6367_, 318.495, 136, 0.031574
_6369_, 318.495, 136, 0.031574
_6377_, 318.495, 136, 0.031574
FILLER_0_45_669, 318.495, 136, 0.031574
FILLER_0_45_673, 318.495, 136, 0.031574
FILLER_0_46_673, 318.495, 136, 0.031574
_4294_, 5.52, 130.56, 0.0238529
PHY_86, 5.52, 130.56, 0.0238529
PHY_88, 5.52, 130.56, 0.0238529
output55, 5.52, 130.56, 0.0238529
FILLER_0_44_9, 5.52, 130.56, 0.0238529
FILLER_0_45_3, 5.52, 130.56, 0.0238529
PHY_87, 331.2, 130.56, 0.0314509
PHY_89, 331.2, 130.56, 0.0314509
FILLER_0_44_701, 331.2, 130.56, 0.0314509
_4536_, 15.33, 130.56, 0.0238344
_4609_, 15.33, 130.56, 0.0238344
hold46, 15.33, 130.56, 0.0238344
hold741, 15.33, 130.56, 0.0238344
FILLER_0_44_25, 15.33, 130.56, 0.0238344
_4626_, 37.94, 130.56, 0.0242617
_4646_, 37.94, 130.56, 0.0242617
_4647_, 37.94, 130.56, 0.0242617
_7334_, 37.94, 130.56, 0.0242617
hold709, 37.94, 130.56, 0.0242617
FILLER_0_44_75, 37.94, 130.56, 0.0242617
FILLER_0_45_80, 37.94, 130.56, 0.0242617
_4641_, 50.74, 130.56, 0.0246882
_4643_, 50.74, 130.56, 0.0246882
_4644_, 50.74, 130.56, 0.0246882
_4645_, 50.74, 130.56, 0.0246882
_4648_, 50.74, 130.56, 0.0246882
FILLER_0_43_90, 50.74, 130.56, 0.0246882
FILLER_0_45_105, 50.74, 130.56, 0.0246882
_4524_, 63.54, 130.56, 0.0250973
_7310_, 63.54, 130.56, 0.0250973
hold216, 63.54, 130.56, 0.0250973
hold377, 63.54, 130.56, 0.0250973
FILLER_0_43_113, 63.54, 130.56, 0.0250973
_4719_, 76.34, 130.56, 0.0254951
_7167_, 76.34, 130.56, 0.0254951
hold215, 76.34, 130.56, 0.0254951
hold240, 76.34, 130.56, 0.0254951
_3873_, 89.14, 130.56, 0.0258783
_4705_, 89.14, 130.56, 0.0258783
_7152_, 89.14, 130.56, 0.0258783
ANTENNA_5, 89.14, 130.56, 0.0258783
ANTENNA_6, 89.14, 130.56, 0.0258783
FILLER_0_43_169, 89.14, 130.56, 0.0258783
FILLER_0_44_184, 89.14, 130.56, 0.0258783
_3872_, 101.94, 130.56, 0.0262417
_3969_, 101.94, 130.56, 0.0262417
_7190_, 101.94, 130.56, 0.0262417
_7227_, 101.94, 130.56, 0.0262417
hold274, 101.94, 130.56, 0.0262417
FILLER_0_45_211, 101.94, 130.56, 0.0262417
_3923_, 114.74, 130.56, 0.0265795
_4140_, 114.74, 130.56, 0.0265795
hold60, 114.74, 130.56, 0.0265795
hold187, 114.74, 130.56, 0.0265795
hold863, 114.74, 130.56, 0.0265795
FILLER_0_43_233, 114.74, 130.56, 0.0265795
FILLER_0_44_240, 114.74, 130.56, 0.0265795
_3922_, 127.54, 130.56, 0.0269041
_4141_, 127.54, 130.56, 0.0269041
_7177_, 127.54, 130.56, 0.0269041
_4078_, 140.34, 130.56, 0.0272144
_4195_, 140.34, 130.56, 0.0272144
_4485_, 140.34, 130.56, 0.0272144
_4487_, 140.34, 130.56, 0.0272144
_4491_, 140.34, 130.56, 0.0272144
_4495_, 140.34, 130.56, 0.0272144
FILLER_0_43_293, 140.34, 130.56, 0.0272144
_4484_, 153.14, 130.56, 0.0273966
_4489_, 153.14, 130.56, 0.0273966
_4919_, 153.14, 130.56, 0.0273966
hold690, 153.14, 130.56, 0.0273966
FILLER_0_44_317, 153.14, 130.56, 0.0273966
FILLER_0_45_331, 153.14, 130.56, 0.0273966
_5403_, 165.94, 130.56, 0.0275158
_5584_, 165.94, 130.56, 0.0275158
_5589_, 165.94, 130.56, 0.0275158
hold813, 165.94, 130.56, 0.0275158
FILLER_0_43_345, 165.94, 130.56, 0.0275158
FILLER_0_44_361, 165.94, 130.56, 0.0275158
_5612_, 191.445, 130.56, 0.0284436
_5617_, 191.445, 130.56, 0.0284436
_5618_, 191.445, 130.56, 0.0284436
_7553_, 191.445, 130.56, 0.0284436
FILLER_0_43_393, 191.445, 130.56, 0.0284436
FILLER_0_45_416, 191.445, 130.56, 0.0284436
_5783_, 204.15, 130.56, 0.0292415
_7791_, 204.15, 130.56, 0.0292415
FILLER_0_44_444, 204.15, 130.56, 0.0292415
FILLER_0_45_438, 204.15, 130.56, 0.0292415
_3871_, 216.855, 130.56, 0.0299504
_7507_, 216.855, 130.56, 0.0299504
max_cap62, 216.855, 130.56, 0.0299504
_4675_, 229.56, 130.56, 0.0303953
_5038_, 229.56, 130.56, 0.0303953
_7645_, 229.56, 130.56, 0.0303953
hold790, 229.56, 130.56, 0.0303953
_6023_, 242.265, 130.56, 0.0307034
_6024_, 242.265, 130.56, 0.0307034
_6030_, 242.265, 130.56, 0.0307034
_6034_, 242.265, 130.56, 0.0307034
clkbuf_leaf_71_clk, 242.265, 130.56, 0.0307034
_6015_, 254.97, 130.56, 0.0309277
_6016_, 254.97, 130.56, 0.0309277
_6017_, 254.97, 130.56, 0.0309277
_6022_, 254.97, 130.56, 0.0309277
_6028_, 254.97, 130.56, 0.0309277
_6038_, 254.97, 130.56, 0.0309277
_6039_, 254.97, 130.56, 0.0309277
FILLER_0_45_554, 254.97, 130.56, 0.0309277
_5965_, 267.675, 130.56, 0.0311088
_6612_, 267.675, 130.56, 0.0311088
_7778_, 267.675, 130.56, 0.0311088
hold717, 267.675, 130.56, 0.0311088
_5518_, 280.38, 130.56, 0.0312559
_6618_, 280.38, 130.56, 0.0312559
_6620_, 280.38, 130.56, 0.0312559
_7782_, 280.38, 130.56, 0.0312559
hold198, 280.38, 130.56, 0.0312559
hold257, 280.38, 130.56, 0.0312559
hold344, 280.38, 130.56, 0.0312559
FILLER_0_43_590, 280.38, 130.56, 0.0312559
_6284_, 293.085, 130.56, 0.0313439
_7701_, 293.085, 130.56, 0.0313439
FILLER_0_43_617, 293.085, 130.56, 0.0313439
FILLER_0_43_625, 293.085, 130.56, 0.0313439
FILLER_0_44_636, 293.085, 130.56, 0.0313439
_6281_, 305.79, 130.56, 0.0314103
_6360_, 305.79, 130.56, 0.0314103
_6361_, 305.79, 130.56, 0.0314103
_6362_, 305.79, 130.56, 0.0314103
_6363_, 305.79, 130.56, 0.0314103
hold454, 305.79, 130.56, 0.0314103
FILLER_0_45_661, 305.79, 130.56, 0.0314103
_6349_, 318.495, 130.56, 0.0314509
_6353_, 318.495, 130.56, 0.0314509
_6356_, 318.495, 130.56, 0.0314509
_6358_, 318.495, 130.56, 0.0314509
_6364_, 318.495, 130.56, 0.0314509
_6365_, 318.495, 130.56, 0.0314509
_6378_, 318.495, 130.56, 0.0314509
FILLER_0_44_693, 318.495, 130.56, 0.0314509
_4599_, 5.52, 125.12, 0.0229981
PHY_82, 5.52, 125.12, 0.0229981
PHY_84, 5.52, 125.12, 0.0229981
FILLER_0_42_3, 5.52, 125.12, 0.0229981
FILLER_0_43_3, 5.52, 125.12, 0.0229981
_6336_, 331.2, 125.12, 0.0286851
PHY_83, 331.2, 125.12, 0.0286851
PHY_85, 331.2, 125.12, 0.0286851
FILLER_0_42_701, 331.2, 125.12, 0.0286851
_4596_, 15.33, 125.12, 0.022992
_4597_, 15.33, 125.12, 0.022992
_4610_, 15.33, 125.12, 0.022992
_4611_, 15.33, 125.12, 0.022992
_4612_, 15.33, 125.12, 0.022992
_4613_, 15.33, 125.12, 0.022992
_4621_, 37.94, 125.12, 0.0234016
_4622_, 37.94, 125.12, 0.0234016
_4635_, 37.94, 125.12, 0.0234016
_4637_, 37.94, 125.12, 0.0234016
_4638_, 37.94, 125.12, 0.0234016
FILLER_0_41_57, 37.94, 125.12, 0.0234016
FILLER_0_42_57, 37.94, 125.12, 0.0234016
_4519_, 50.74, 125.12, 0.0238178
_4521_, 50.74, 125.12, 0.0238178
_4633_, 50.74, 125.12, 0.0238178
_4634_, 50.74, 125.12, 0.0238178
_7309_, 50.74, 125.12, 0.0238178
FILLER_0_42_105, 50.74, 125.12, 0.0238178
FILLER_0_43_109, 50.74, 125.12, 0.0238178
_4717_, 63.54, 125.12, 0.0242172
_4720_, 63.54, 125.12, 0.0242172
_7365_, 63.54, 125.12, 0.0242172
hold317, 63.54, 125.12, 0.0242172
FILLER_0_41_121, 63.54, 125.12, 0.0242172
FILLER_0_42_129, 63.54, 125.12, 0.0242172
_7364_, 76.34, 125.12, 0.0246063
clkbuf_leaf_7_clk, 76.34, 125.12, 0.0246063
hold358, 76.34, 125.12, 0.0246063
hold359, 76.34, 125.12, 0.0246063
FILLER_0_42_141, 76.34, 125.12, 0.0246063
_4706_, 89.14, 125.12, 0.0249294
_7353_, 89.14, 125.12, 0.0249294
_7354_, 89.14, 125.12, 0.0249294
hold376, 89.14, 125.12, 0.0249294
FILLER_0_41_169, 89.14, 125.12, 0.0249294
FILLER_0_42_173, 89.14, 125.12, 0.0249294
_3909_, 101.94, 125.12, 0.0252326
_3918_, 101.94, 125.12, 0.0252326
hold188, 101.94, 125.12, 0.0252326
hold375, 101.94, 125.12, 0.0252326
_3908_, 114.74, 125.12, 0.0255316
_3945_, 114.74, 125.12, 0.0255316
_7175_, 114.74, 125.12, 0.0255316
_7176_, 114.74, 125.12, 0.0255316
hold273, 114.74, 125.12, 0.0255316
FILLER_0_41_234, 114.74, 125.12, 0.0255316
FILLER_0_42_224, 114.74, 125.12, 0.0255316
FILLER_0_42_232, 114.74, 125.12, 0.0255316
_4494_, 127.54, 125.12, 0.0257911
_7228_, 127.54, 125.12, 0.0257911
hold65, 127.54, 125.12, 0.0257911
hold182, 127.54, 125.12, 0.0257911
FILLER_0_42_261, 127.54, 125.12, 0.0257911
FILLER_0_43_270, 127.54, 125.12, 0.0257911
_4329_, 140.34, 125.12, 0.0260257
_4490_, 140.34, 125.12, 0.0260257
_4496_, 140.34, 125.12, 0.0260257
hold181, 140.34, 125.12, 0.0260257
FILLER_0_41_289, 140.34, 125.12, 0.0260257
FILLER_0_42_281, 140.34, 125.12, 0.0260257
FILLER_0_42_294, 140.34, 125.12, 0.0260257
FILLER_0_42_302, 140.34, 125.12, 0.0260257
_7550_, 153.14, 125.12, 0.0262423
FILLER_0_42_321, 153.14, 125.12, 0.0262423
FILLER_0_43_331, 153.14, 125.12, 0.0262423
_5578_, 165.94, 125.12, 0.026442
_5581_, 165.94, 125.12, 0.026442
_5583_, 165.94, 125.12, 0.026442
_5588_, 165.94, 125.12, 0.026442
_5592_, 165.94, 125.12, 0.026442
_5593_, 165.94, 125.12, 0.026442
_5608_, 165.94, 125.12, 0.026442
FILLER_0_42_345, 165.94, 125.12, 0.026442
FILLER_0_42_360, 165.94, 125.12, 0.026442
_5545_, 191.445, 125.12, 0.0270232
_7547_, 191.445, 125.12, 0.0270232
hold532, 191.445, 125.12, 0.0270232
load_slew9, 191.445, 125.12, 0.0270232
FILLER_0_41_393, 191.445, 125.12, 0.0270232
FILLER_0_43_414, 191.445, 125.12, 0.0270232
_5388_, 204.15, 125.12, 0.027402
_5529_, 204.15, 125.12, 0.027402
_7545_, 204.15, 125.12, 0.027402
hold476, 204.15, 125.12, 0.027402
hold770, 204.15, 125.12, 0.027402
FILLER_0_41_421, 204.15, 125.12, 0.027402
FILLER_0_42_437, 204.15, 125.12, 0.027402
_3659_, 216.855, 125.12, 0.0277428
_3864_, 216.855, 125.12, 0.0277428
_5231_, 216.855, 125.12, 0.0277428
_5387_, 216.855, 125.12, 0.0277428
_7520_, 216.855, 125.12, 0.0277428
_3655_, 229.56, 125.12, 0.0280309
_3874_, 229.56, 125.12, 0.0280309
_4678_, 229.56, 125.12, 0.0280309
_4679_, 229.56, 125.12, 0.0280309
_7641_, 229.56, 125.12, 0.0280309
FILLER_0_41_474, 229.56, 125.12, 0.0280309
FILLER_0_43_500, 229.56, 125.12, 0.0280309
_5837_, 242.265, 125.12, 0.0282152
_5849_, 242.265, 125.12, 0.0282152
_6021_, 242.265, 125.12, 0.0282152
_6029_, 242.265, 125.12, 0.0282152
hold592, 242.265, 125.12, 0.0282152
hold610, 242.265, 125.12, 0.0282152
FILLER_0_42_504, 242.265, 125.12, 0.0282152
FILLER_0_42_523, 242.265, 125.12, 0.0282152
_6013_, 254.97, 125.12, 0.0283542
_6018_, 254.97, 125.12, 0.0283542
_6019_, 254.97, 125.12, 0.0283542
_6026_, 254.97, 125.12, 0.0283542
FILLER_0_42_542, 254.97, 125.12, 0.0283542
FILLER_0_43_556, 254.97, 125.12, 0.0283542
_5924_, 267.675, 125.12, 0.0284751
_6012_, 267.675, 125.12, 0.0284751
_7631_, 267.675, 125.12, 0.0284751
FILLER_0_42_563, 267.675, 125.12, 0.0284751
FILLER_0_43_578, 267.675, 125.12, 0.0284751
_5956_, 280.38, 125.12, 0.0285591
_7781_, 280.38, 125.12, 0.0285591
hold559, 280.38, 125.12, 0.0285591
_6314_, 293.085, 125.12, 0.0286173
_7726_, 293.085, 125.12, 0.0286173
FILLER_0_41_621, 293.085, 125.12, 0.0286173
_6350_, 305.79, 125.12, 0.0286598
_6351_, 305.79, 125.12, 0.0286598
_6352_, 305.79, 125.12, 0.0286598
_6354_, 305.79, 125.12, 0.0286598
FILLER_0_42_645, 305.79, 125.12, 0.0286598
_6337_, 318.495, 125.12, 0.0286825
_6339_, 318.495, 125.12, 0.0286825
_6355_, 318.495, 125.12, 0.0286825
_6357_, 318.495, 125.12, 0.0286825
FILLER_0_41_668, 318.495, 125.12, 0.0286825
FILLER_0_42_674, 318.495, 125.12, 0.0286825
FILLER_0_42_682, 318.495, 125.12, 0.0286825
FILLER_0_43_684, 318.495, 125.12, 0.0286825
_4598_, 5.52, 119.68, 0.0220881
PHY_78, 5.52, 119.68, 0.0220881
PHY_80, 5.52, 119.68, 0.0220881
_6335_, 331.2, 119.68, 0.0275925
PHY_79, 331.2, 119.68, 0.0275925
PHY_81, 331.2, 119.68, 0.0275925
input9, 331.2, 119.68, 0.0275925
ANTENNA_7, 331.2, 119.68, 0.0275925
FILLER_0_39_701, 331.2, 119.68, 0.0275925
_4600_, 15.33, 119.68, 0.0220805
_4614_, 15.33, 119.68, 0.0220805
FILLER_0_39_19, 15.33, 119.68, 0.0220805
_4620_, 37.94, 119.68, 0.0224871
_4636_, 37.94, 119.68, 0.0224871
_4639_, 37.94, 119.68, 0.0224871
_4640_, 37.94, 119.68, 0.0224871
_7332_, 37.94, 119.68, 0.0224871
_4520_, 50.74, 119.68, 0.0228788
_7308_, 50.74, 119.68, 0.0228788
FILLER_0_41_105, 50.74, 119.68, 0.0228788
_4522_, 63.54, 119.68, 0.0232607
_4716_, 63.54, 119.68, 0.0232607
_4718_, 63.54, 119.68, 0.0232607
hold272, 63.54, 119.68, 0.0232607
hold301, 63.54, 119.68, 0.0232607
FILLER_0_39_113, 63.54, 119.68, 0.0232607
FILLER_0_41_140, 63.54, 119.68, 0.0232607
_4701_, 76.34, 119.68, 0.0236395
_4702_, 76.34, 119.68, 0.0236395
_4703_, 76.34, 119.68, 0.0236395
FILLER_0_40_141, 76.34, 119.68, 0.0236395
FILLER_0_40_149, 76.34, 119.68, 0.0236395
FILLER_0_41_164, 76.34, 119.68, 0.0236395
_4704_, 89.14, 119.68, 0.0240163
_7189_, 89.14, 119.68, 0.0240163
FILLER_0_40_189, 89.14, 119.68, 0.0240163
FILLER_0_41_192, 89.14, 119.68, 0.0240163
_3968_, 101.94, 119.68, 0.0243837
_7160_, 101.94, 119.68, 0.0243837
clkbuf_leaf_8_clk, 101.94, 119.68, 0.0243837
hold15, 101.94, 119.68, 0.0243837
hold16, 101.94, 119.68, 0.0243837
_3914_, 114.74, 119.68, 0.0246751
_3915_, 114.74, 119.68, 0.0246751
_3919_, 114.74, 119.68, 0.0246751
_3913_, 127.54, 119.68, 0.0249604
_7161_, 127.54, 119.68, 0.0249604
FILLER_0_39_254, 127.54, 119.68, 0.0249604
FILLER_0_40_253, 127.54, 119.68, 0.0249604
FILLER_0_40_278, 127.54, 119.68, 0.0249604
_7297_, 140.34, 119.68, 0.0252328
_7298_, 140.34, 119.68, 0.0252328
hold657, 140.34, 119.68, 0.0252328
_4326_, 153.14, 119.68, 0.0254655
_4330_, 153.14, 119.68, 0.0254655
_5575_, 153.14, 119.68, 0.0254655
_5576_, 153.14, 119.68, 0.0254655
_5577_, 153.14, 119.68, 0.0254655
_5587_, 153.14, 119.68, 0.0254655
FILLER_0_40_319, 153.14, 119.68, 0.0254655
_5574_, 165.94, 119.68, 0.0256687
_5579_, 165.94, 119.68, 0.0256687
_5580_, 165.94, 119.68, 0.0256687
FILLER_0_40_358, 165.94, 119.68, 0.0256687
FILLER_0_41_349, 165.94, 119.68, 0.0256687
_5380_, 191.445, 119.68, 0.0261508
_5390_, 191.445, 119.68, 0.0261508
_5391_, 191.445, 119.68, 0.0261508
hold483, 191.445, 119.68, 0.0261508
FILLER_0_40_397, 191.445, 119.68, 0.0261508
FILLER_0_40_409, 191.445, 119.68, 0.0261508
_5379_, 204.15, 119.68, 0.0264194
_5381_, 204.15, 119.68, 0.0264194
_5527_, 204.15, 119.68, 0.0264194
_5528_, 204.15, 119.68, 0.0264194
_5438_, 216.855, 119.68, 0.0266638
_5439_, 216.855, 119.68, 0.0266638
hold777, 216.855, 119.68, 0.0266638
FILLER_0_40_472, 216.855, 119.68, 0.0266638
_5976_, 229.56, 119.68, 0.026892
_5982_, 229.56, 119.68, 0.026892
_5984_, 229.56, 119.68, 0.026892
hold459, 229.56, 119.68, 0.026892
FILLER_0_40_477, 229.56, 119.68, 0.026892
FILLER_0_40_485, 229.56, 119.68, 0.026892
FILLER_0_41_497, 229.56, 119.68, 0.026892
_5845_, 242.265, 119.68, 0.0271024
_5846_, 242.265, 119.68, 0.0271024
_5850_, 242.265, 119.68, 0.0271024
_5983_, 242.265, 119.68, 0.0271024
_7644_, 242.265, 119.68, 0.0271024
FILLER_0_39_505, 242.265, 119.68, 0.0271024
FILLER_0_39_513, 242.265, 119.68, 0.0271024
FILLER_0_40_521, 242.265, 119.68, 0.0271024
FILLER_0_41_521, 242.265, 119.68, 0.0271024
_6000_, 254.97, 119.68, 0.0272361
_6010_, 254.97, 119.68, 0.0272361
_6020_, 254.97, 119.68, 0.0272361
hold797, 254.97, 119.68, 0.0272361
FILLER_0_40_529, 254.97, 119.68, 0.0272361
FILLER_0_41_556, 254.97, 119.68, 0.0272361
_5940_, 267.675, 119.68, 0.0273485
_5957_, 267.675, 119.68, 0.0273485
_6011_, 267.675, 119.68, 0.0273485
_6025_, 267.675, 119.68, 0.0273485
FILLER_0_39_557, 267.675, 119.68, 0.0273485
FILLER_0_40_565, 267.675, 119.68, 0.0273485
FILLER_0_40_583, 267.675, 119.68, 0.0273485
_5948_, 280.38, 119.68, 0.0274455
_6315_, 280.38, 119.68, 0.0274455
_7722_, 280.38, 119.68, 0.0274455
FILLER_0_41_606, 280.38, 119.68, 0.0274455
_6313_, 293.085, 119.68, 0.0275182
_6317_, 293.085, 119.68, 0.0275182
_6318_, 293.085, 119.68, 0.0275182
_6321_, 293.085, 119.68, 0.0275182
_6322_, 293.085, 119.68, 0.0275182
hold468, 293.085, 119.68, 0.0275182
FILLER_0_39_623, 293.085, 119.68, 0.0275182
_6330_, 305.79, 119.68, 0.027562
_7725_, 305.79, 119.68, 0.027562
FILLER_0_40_650, 305.79, 119.68, 0.027562
_6338_, 318.495, 119.68, 0.0275892
_6343_, 318.495, 119.68, 0.0275892
_6346_, 318.495, 119.68, 0.0275892
_6348_, 318.495, 119.68, 0.0275892
_6359_, 318.495, 119.68, 0.0275892
ANTENNA_8, 318.495, 119.68, 0.0275892
FILLER_0_40_683, 318.495, 119.68, 0.0275892
_4595_, 5.52, 114.24, 0.0212984
_4601_, 5.52, 114.24, 0.0212984
PHY_74, 5.52, 114.24, 0.0212984
PHY_76, 5.52, 114.24, 0.0212984
FILLER_0_38_3, 5.52, 114.24, 0.0212984
FILLER_0_39_3, 5.52, 114.24, 0.0212984
PHY_75, 331.2, 114.24, 0.028175
PHY_77, 331.2, 114.24, 0.028175
FILLER_0_37_700, 331.2, 114.24, 0.028175
FILLER_0_38_701, 331.2, 114.24, 0.028175
_4583_, 15.33, 114.24, 0.0212883
_4584_, 15.33, 114.24, 0.0212883
_4603_, 15.33, 114.24, 0.0212883
_4615_, 15.33, 114.24, 0.0212883
_4630_, 15.33, 114.24, 0.0212883
_4515_, 37.94, 114.24, 0.0217643
_4516_, 37.94, 114.24, 0.0217643
_7335_, 37.94, 114.24, 0.0217643
hold322, 37.94, 114.24, 0.0217643
FILLER_0_37_57, 37.94, 114.24, 0.0217643
FILLER_0_37_69, 37.94, 114.24, 0.0217643
FILLER_0_38_78, 37.94, 114.24, 0.0217643
_4713_, 50.74, 114.24, 0.022225
_7362_, 50.74, 114.24, 0.022225
hold49, 50.74, 114.24, 0.022225
FILLER_0_38_85, 50.74, 114.24, 0.022225
FILLER_0_38_101, 50.74, 114.24, 0.022225
FILLER_0_39_105, 50.74, 114.24, 0.022225
_7363_, 63.54, 114.24, 0.0226629
FILLER_0_38_136, 63.54, 114.24, 0.0226629
_7352_, 76.34, 114.24, 0.0230922
hold330, 76.34, 114.24, 0.0230922
FILLER_0_38_153, 76.34, 114.24, 0.0230922
_7188_, 89.14, 114.24, 0.0235051
_7225_, 89.14, 114.24, 0.0235051
hold13, 89.14, 114.24, 0.0235051
hold14, 89.14, 114.24, 0.0235051
FILLER_0_37_169, 89.14, 114.24, 0.0235051
FILLER_0_38_193, 89.14, 114.24, 0.0235051
_3967_, 101.94, 114.24, 0.023899
_7158_, 101.94, 114.24, 0.023899
_7226_, 101.94, 114.24, 0.023899
FILLER_0_38_204, 101.94, 114.24, 0.023899
_3900_, 114.74, 114.24, 0.0242722
_7173_, 114.74, 114.24, 0.0242722
hold42, 114.74, 114.24, 0.0242722
hold307, 114.74, 114.24, 0.0242722
FILLER_0_39_242, 114.74, 114.24, 0.0242722
_3912_, 127.54, 114.24, 0.0246164
_7174_, 127.54, 114.24, 0.0246164
_7275_, 127.54, 114.24, 0.0246164
hold61, 127.54, 114.24, 0.0246164
hold746, 127.54, 114.24, 0.0246164
FILLER_0_38_261, 127.54, 114.24, 0.0246164
FILLER_0_39_276, 127.54, 114.24, 0.0246164
_5199_, 140.34, 114.24, 0.024911
_6100_, 140.34, 114.24, 0.024911
_7464_, 140.34, 114.24, 0.024911
FILLER_0_37_281, 140.34, 114.24, 0.024911
FILLER_0_38_294, 140.34, 114.24, 0.024911
_7654_, 153.14, 114.24, 0.0251804
clkbuf_leaf_95_clk, 153.14, 114.24, 0.0251804
FILLER_0_38_329, 153.14, 114.24, 0.0251804
FILLER_0_39_329, 153.14, 114.24, 0.0251804
_5197_, 165.94, 114.24, 0.0253662
_5268_, 165.94, 114.24, 0.0253662
_5561_, 165.94, 114.24, 0.0253662
_5564_, 165.94, 114.24, 0.0253662
_5565_, 165.94, 114.24, 0.0253662
FILLER_0_38_337, 165.94, 114.24, 0.0253662
FILLER_0_38_357, 165.94, 114.24, 0.0253662
FILLER_0_39_349, 165.94, 114.24, 0.0253662
_5542_, 191.445, 114.24, 0.0258952
_5544_, 191.445, 114.24, 0.0258952
_5557_, 191.445, 114.24, 0.0258952
_5570_, 191.445, 114.24, 0.0258952
_5530_, 204.15, 114.24, 0.0263236
_5532_, 204.15, 114.24, 0.0263236
_5534_, 204.15, 114.24, 0.0263236
_5536_, 204.15, 114.24, 0.0263236
_5541_, 204.15, 114.24, 0.0263236
_5543_, 204.15, 114.24, 0.0263236
clkbuf_leaf_91_clk, 204.15, 114.24, 0.0263236
FILLER_0_39_440, 204.15, 114.24, 0.0263236
_5386_, 216.855, 114.24, 0.0266797
_5535_, 216.855, 114.24, 0.0266797
_7640_, 216.855, 114.24, 0.0266797
hold661, 216.855, 114.24, 0.0266797
FILLER_0_39_473, 216.855, 114.24, 0.0266797
_5836_, 229.56, 114.24, 0.0269983
_5974_, 229.56, 114.24, 0.0269983
_5975_, 229.56, 114.24, 0.0269983
_5977_, 229.56, 114.24, 0.0269983
_5981_, 229.56, 114.24, 0.0269983
_5985_, 229.56, 114.24, 0.0269983
_5986_, 229.56, 114.24, 0.0269983
FILLER_0_38_495, 229.56, 114.24, 0.0269983
_5841_, 242.265, 114.24, 0.0272954
_5842_, 242.265, 114.24, 0.0272954
_5998_, 242.265, 114.24, 0.0272954
_5999_, 242.265, 114.24, 0.0272954
_6001_, 242.265, 114.24, 0.0272954
_6014_, 242.265, 114.24, 0.0272954
FILLER_0_38_517, 242.265, 114.24, 0.0272954
_6009_, 254.97, 114.24, 0.0275356
_6037_, 254.97, 114.24, 0.0275356
_7643_, 254.97, 114.24, 0.0275356
FILLER_0_37_534, 254.97, 114.24, 0.0275356
FILLER_0_38_533, 254.97, 114.24, 0.0275356
FILLER_0_38_541, 254.97, 114.24, 0.0275356
_5949_, 267.675, 114.24, 0.0277495
_7627_, 267.675, 114.24, 0.0277495
_7630_, 267.675, 114.24, 0.0277495
FILLER_0_38_568, 267.675, 114.24, 0.0277495
_6273_, 280.38, 114.24, 0.027918
_7696_, 280.38, 114.24, 0.027918
hold671, 280.38, 114.24, 0.027918
FILLER_0_38_597, 280.38, 114.24, 0.027918
_6316_, 293.085, 114.24, 0.0280625
_6319_, 293.085, 114.24, 0.0280625
_6320_, 293.085, 114.24, 0.0280625
clkbuf_leaf_75_clk, 293.085, 114.24, 0.0280625
FILLER_0_37_617, 293.085, 114.24, 0.0280625
FILLER_0_38_615, 293.085, 114.24, 0.0280625
_6279_, 305.79, 114.24, 0.0281376
_6327_, 305.79, 114.24, 0.0281376
_6331_, 305.79, 114.24, 0.0281376
_6332_, 305.79, 114.24, 0.0281376
_6344_, 305.79, 114.24, 0.0281376
_6345_, 305.79, 114.24, 0.0281376
hold658, 305.79, 114.24, 0.0281376
FILLER_0_39_662, 305.79, 114.24, 0.0281376
_6340_, 318.495, 114.24, 0.028175
_6341_, 318.495, 114.24, 0.028175
_6342_, 318.495, 114.24, 0.028175
_6347_, 318.495, 114.24, 0.028175
hold472, 318.495, 114.24, 0.028175
hold696, 318.495, 114.24, 0.028175
FILLER_0_37_667, 318.495, 114.24, 0.028175
FILLER_0_38_692, 318.495, 114.24, 0.028175
_4581_, 5.52, 108.8, 0.0205501
_4585_, 5.52, 108.8, 0.0205501
_4586_, 5.52, 108.8, 0.0205501
PHY_70, 5.52, 108.8, 0.0205501
PHY_72, 5.52, 108.8, 0.0205501
input32, 5.52, 108.8, 0.0205501
FILLER_0_37_6, 5.52, 108.8, 0.0205501
PHY_71, 331.2, 108.8, 0.027143
PHY_73, 331.2, 108.8, 0.027143
FILLER_0_35_696, 331.2, 108.8, 0.027143
FILLER_0_36_701, 331.2, 108.8, 0.027143
_4582_, 15.33, 108.8, 0.0205358
_4588_, 15.33, 108.8, 0.0205358
clkbuf_leaf_2_clk, 15.33, 108.8, 0.0205358
FILLER_0_35_15, 15.33, 108.8, 0.0205358
FILLER_0_36_18, 15.33, 108.8, 0.0205358
_7305_, 37.94, 108.8, 0.0210569
_7306_, 37.94, 108.8, 0.0210569
clkbuf_leaf_1_clk, 37.94, 108.8, 0.0210569
FILLER_0_35_57, 37.94, 108.8, 0.0210569
FILLER_0_36_60, 37.94, 108.8, 0.0210569
_7360_, 50.74, 108.8, 0.021548
_7378_, 50.74, 108.8, 0.021548
hold50, 50.74, 108.8, 0.021548
_4835_, 63.54, 108.8, 0.0219899
_4842_, 63.54, 108.8, 0.0219899
_4844_, 63.54, 108.8, 0.0219899
_7379_, 63.54, 108.8, 0.0219899
FILLER_0_35_121, 63.54, 108.8, 0.0219899
FILLER_0_36_137, 63.54, 108.8, 0.0219899
_4837_, 76.34, 108.8, 0.0224044
_4840_, 76.34, 108.8, 0.0224044
_4841_, 76.34, 108.8, 0.0224044
_4846_, 76.34, 108.8, 0.0224044
_4847_, 76.34, 108.8, 0.0224044
_7380_, 76.34, 108.8, 0.0224044
hold338, 76.34, 108.8, 0.0224044
FILLER_0_37_159, 76.34, 108.8, 0.0224044
hold356, 89.14, 108.8, 0.0227789
hold626, 89.14, 108.8, 0.0227789
FILLER_0_35_169, 89.14, 108.8, 0.0227789
_3901_, 101.94, 108.8, 0.023146
_4138_, 101.94, 108.8, 0.023146
_4139_, 101.94, 108.8, 0.023146
hold48, 101.94, 108.8, 0.023146
hold308, 101.94, 108.8, 0.023146
FILLER_0_36_212, 101.94, 108.8, 0.023146
_3943_, 114.74, 108.8, 0.0235092
_4358_, 114.74, 108.8, 0.0235092
_7171_, 114.74, 108.8, 0.0235092
hold47, 114.74, 108.8, 0.0235092
FILLER_0_36_226, 114.74, 108.8, 0.0235092
FILLER_0_37_242, 114.74, 108.8, 0.0235092
_3910_, 127.54, 108.8, 0.0238435
_3944_, 127.54, 108.8, 0.0238435
clkbuf_leaf_96_clk, 127.54, 108.8, 0.0238435
FILLER_0_35_252, 127.54, 108.8, 0.0238435
_4077_, 140.34, 108.8, 0.0241231
_5198_, 140.34, 108.8, 0.0241231
_6101_, 140.34, 108.8, 0.0241231
hold730, 140.34, 108.8, 0.0241231
FILLER_0_36_285, 140.34, 108.8, 0.0241231
FILLER_0_36_296, 140.34, 108.8, 0.0241231
_3646_, 153.14, 108.8, 0.0243795
_4500_, 153.14, 108.8, 0.0243795
_5887_, 153.14, 108.8, 0.0243795
_7614_, 153.14, 108.8, 0.0243795
FILLER_0_35_318, 153.14, 108.8, 0.0243795
FILLER_0_36_309, 153.14, 108.8, 0.0243795
FILLER_0_37_332, 153.14, 108.8, 0.0243795
_5399_, 165.94, 108.8, 0.0245331
_5562_, 165.94, 108.8, 0.0245331
_5563_, 165.94, 108.8, 0.0245331
_5573_, 165.94, 108.8, 0.0245331
_5886_, 165.94, 108.8, 0.0245331
_7549_, 165.94, 108.8, 0.0245331
hold462, 165.94, 108.8, 0.0245331
_5553_, 191.445, 108.8, 0.0250642
_5554_, 191.445, 108.8, 0.0250642
_5555_, 191.445, 108.8, 0.0250642
_5556_, 191.445, 108.8, 0.0250642
_5558_, 191.445, 108.8, 0.0250642
_5559_, 191.445, 108.8, 0.0250642
FILLER_0_35_401, 191.445, 108.8, 0.0250642
FILLER_0_36_413, 191.445, 108.8, 0.0250642
FILLER_0_37_412, 191.445, 108.8, 0.0250642
_5531_, 204.15, 108.8, 0.0254597
_5533_, 204.15, 108.8, 0.0254597
_7546_, 204.15, 108.8, 0.0254597
wire63, 204.15, 108.8, 0.0254597
FILLER_0_36_421, 204.15, 108.8, 0.0254597
FILLER_0_36_436, 204.15, 108.8, 0.0254597
_5385_, 216.855, 108.8, 0.0257906
_5833_, 216.855, 108.8, 0.0257906
hold348, 216.855, 108.8, 0.0257906
hold458, 216.855, 108.8, 0.0257906
FILLER_0_35_449, 216.855, 108.8, 0.0257906
FILLER_0_37_464, 216.855, 108.8, 0.0257906
_5978_, 229.56, 108.8, 0.026086
_5979_, 229.56, 108.8, 0.026086
_5980_, 229.56, 108.8, 0.026086
_5987_, 229.56, 108.8, 0.026086
FILLER_0_36_488, 229.56, 108.8, 0.026086
FILLER_0_37_498, 229.56, 108.8, 0.026086
_5840_, 242.265, 108.8, 0.0263665
_5989_, 242.265, 108.8, 0.0263665
_5997_, 242.265, 108.8, 0.0263665
_6003_, 242.265, 108.8, 0.0263665
FILLER_0_35_511, 242.265, 108.8, 0.0263665
FILLER_0_36_514, 242.265, 108.8, 0.0263665
FILLER_0_36_527, 242.265, 108.8, 0.0263665
_6002_, 254.97, 108.8, 0.0266316
_6004_, 254.97, 108.8, 0.0266316
_6005_, 254.97, 108.8, 0.0266316
_6006_, 254.97, 108.8, 0.0266316
_6007_, 254.97, 108.8, 0.0266316
_6008_, 254.97, 108.8, 0.0266316
clkbuf_leaf_72_clk, 254.97, 108.8, 0.0266316
hold799, 254.97, 108.8, 0.0266316
_5941_, 267.675, 108.8, 0.0268042
_7628_, 267.675, 108.8, 0.0268042
hold656, 267.675, 108.8, 0.0268042
FILLER_0_35_561, 267.675, 108.8, 0.0268042
_5477_, 280.38, 108.8, 0.0269436
_5932_, 280.38, 108.8, 0.0269436
_6274_, 280.38, 108.8, 0.0269436
_6280_, 280.38, 108.8, 0.0269436
hold197, 280.38, 108.8, 0.0269436
FILLER_0_36_584, 280.38, 108.8, 0.0269436
FILLER_0_36_610, 280.38, 108.8, 0.0269436
FILLER_0_37_611, 280.38, 108.8, 0.0269436
_6275_, 293.085, 108.8, 0.0270477
_6328_, 293.085, 108.8, 0.0270477
_7723_, 293.085, 108.8, 0.0270477
hold258, 293.085, 108.8, 0.0270477
FILLER_0_35_612, 293.085, 108.8, 0.0270477
FILLER_0_35_625, 293.085, 108.8, 0.0270477
FILLER_0_36_638, 293.085, 108.8, 0.0270477
_6277_, 305.79, 108.8, 0.0271163
_6324_, 305.79, 108.8, 0.0271163
_6329_, 305.79, 108.8, 0.0271163
_7724_, 305.79, 108.8, 0.0271163
FILLER_0_35_649, 305.79, 108.8, 0.0271163
FILLER_0_36_652, 305.79, 108.8, 0.0271163
_6325_, 318.495, 108.8, 0.027143
_6326_, 318.495, 108.8, 0.027143
_6333_, 318.495, 108.8, 0.027143
_6334_, 318.495, 108.8, 0.027143
FILLER_0_35_673, 318.495, 108.8, 0.027143
FILLER_0_36_691, 318.495, 108.8, 0.027143
PHY_66, 5.52, 103.36, 0.0194931
PHY_68, 5.52, 103.36, 0.0194931
PHY_67, 331.2, 103.36, 0.0258732
PHY_69, 331.2, 103.36, 0.0258732
FILLER_0_33_697, 331.2, 103.36, 0.0258732
FILLER_0_34_697, 331.2, 103.36, 0.0258732
FILLER_0_34_701, 331.2, 103.36, 0.0258732
_4570_, 15.33, 103.36, 0.0194931
_4571_, 15.33, 103.36, 0.0194931
_4587_, 15.33, 103.36, 0.0194931
_4589_, 15.33, 103.36, 0.0194931
_4590_, 15.33, 103.36, 0.0194931
_4593_, 15.33, 103.36, 0.0194931
FILLER_0_34_15, 15.33, 103.36, 0.0194931
FILLER_0_34_29, 15.33, 103.36, 0.0194931
_4513_, 37.94, 103.36, 0.0199585
_4712_, 37.94, 103.36, 0.0199585
hold176, 37.94, 103.36, 0.0199585
FILLER_0_33_69, 37.94, 103.36, 0.0199585
_4834_, 50.74, 103.36, 0.0204302
_7359_, 50.74, 103.36, 0.0204302
FILLER_0_34_106, 50.74, 103.36, 0.0204302
FILLER_0_35_100, 50.74, 103.36, 0.0204302
_4829_, 63.54, 103.36, 0.0208814
_4831_, 63.54, 103.36, 0.0208814
_4832_, 63.54, 103.36, 0.0208814
_4833_, 63.54, 103.36, 0.0208814
_4839_, 63.54, 103.36, 0.0208814
_4843_, 63.54, 103.36, 0.0208814
FILLER_0_33_125, 63.54, 103.36, 0.0208814
_4699_, 76.34, 103.36, 0.0213035
_4828_, 76.34, 103.36, 0.0213035
_4836_, 76.34, 103.36, 0.0213035
_4838_, 76.34, 103.36, 0.0213035
_4845_, 76.34, 103.36, 0.0213035
FILLER_0_34_144, 76.34, 103.36, 0.0213035
FILLER_0_35_164, 76.34, 103.36, 0.0213035
_4700_, 89.14, 103.36, 0.0217015
_7187_, 89.14, 103.36, 0.0217015
_7351_, 89.14, 103.36, 0.0217015
FILLER_0_33_178, 89.14, 103.36, 0.0217015
FILLER_0_34_191, 89.14, 103.36, 0.0217015
_3904_, 101.94, 103.36, 0.0220812
_3905_, 101.94, 103.36, 0.0220812
_3966_, 101.94, 103.36, 0.0220812
_7159_, 101.94, 103.36, 0.0220812
hold27, 101.94, 103.36, 0.0220812
hold320, 101.94, 103.36, 0.0220812
hold321, 101.94, 103.36, 0.0220812
FILLER_0_35_218, 101.94, 103.36, 0.0220812
_3941_, 114.74, 103.36, 0.0224434
_3942_, 114.74, 103.36, 0.0224434
hold38, 114.74, 103.36, 0.0224434
hold39, 114.74, 103.36, 0.0224434
FILLER_0_33_237, 114.74, 103.36, 0.0224434
FILLER_0_34_249, 114.74, 103.36, 0.0224434
FILLER_0_35_241, 114.74, 103.36, 0.0224434
_3911_, 127.54, 103.36, 0.0227826
_4362_, 127.54, 103.36, 0.0227826
_7201_, 127.54, 103.36, 0.0227826
hold856, 127.54, 103.36, 0.0227826
FILLER_0_33_265, 127.54, 103.36, 0.0227826
FILLER_0_35_275, 127.54, 103.36, 0.0227826
_4076_, 140.34, 103.36, 0.0230839
_4501_, 140.34, 103.36, 0.0230839
_4502_, 140.34, 103.36, 0.0230839
_7300_, 140.34, 103.36, 0.0230839
FILLER_0_33_286, 140.34, 103.36, 0.0230839
FILLER_0_34_292, 140.34, 103.36, 0.0230839
_5444_, 153.14, 103.36, 0.023355
_5445_, 153.14, 103.36, 0.023355
_7523_, 153.14, 103.36, 0.023355
hold815, 153.14, 103.36, 0.023355
FILLER_0_33_313, 153.14, 103.36, 0.023355
FILLER_0_34_309, 153.14, 103.36, 0.023355
_5400_, 165.94, 103.36, 0.0235968
_5401_, 165.94, 103.36, 0.0235968
hold802, 165.94, 103.36, 0.0235968
FILLER_0_33_346, 165.94, 103.36, 0.0235968
FILLER_0_34_357, 165.94, 103.36, 0.0235968
_5537_, 191.445, 103.36, 0.0241951
_5539_, 191.445, 103.36, 0.0241951
_5540_, 191.445, 103.36, 0.0241951
_5546_, 191.445, 103.36, 0.0241951
_5547_, 191.445, 103.36, 0.0241951
FILLER_0_34_416, 191.445, 103.36, 0.0241951
FILLER_0_35_417, 191.445, 103.36, 0.0241951
_7532_, 204.15, 103.36, 0.0245465
hold643, 204.15, 103.36, 0.0245465
FILLER_0_34_443, 204.15, 103.36, 0.0245465
FILLER_0_35_440, 204.15, 103.36, 0.0245465
_3563_, 216.855, 103.36, 0.0248718
_3842_, 216.855, 103.36, 0.0248718
_5832_, 216.855, 103.36, 0.0248718
_6607_, 216.855, 103.36, 0.0248718
_6610_, 216.855, 103.36, 0.0248718
_7777_, 216.855, 103.36, 0.0248718
_3558_, 229.56, 103.36, 0.0251592
_3592_, 229.56, 103.36, 0.0251592
_5992_, 229.56, 103.36, 0.0251592
_5996_, 229.56, 103.36, 0.0251592
clkbuf_leaf_90_clk, 229.56, 103.36, 0.0251592
_5988_, 242.265, 103.36, 0.0253643
_5990_, 242.265, 103.36, 0.0253643
_5991_, 242.265, 103.36, 0.0253643
_5993_, 242.265, 103.36, 0.0253643
_5994_, 242.265, 103.36, 0.0253643
_5995_, 242.265, 103.36, 0.0253643
hold827, 242.265, 103.36, 0.0253643
FILLER_0_34_512, 242.265, 103.36, 0.0253643
FILLER_0_34_525, 242.265, 103.36, 0.0253643
_6996_, 254.97, 103.36, 0.0255253
_7629_, 254.97, 103.36, 0.0255253
FILLER_0_33_534, 254.97, 103.36, 0.0255253
_5925_, 267.675, 103.36, 0.0256685
_6992_, 267.675, 103.36, 0.0256685
hold524, 267.675, 103.36, 0.0256685
hold738, 267.675, 103.36, 0.0256685
FILLER_0_33_564, 267.675, 103.36, 0.0256685
FILLER_0_34_582, 267.675, 103.36, 0.0256685
_5486_, 280.38, 103.36, 0.0257905
_5494_, 280.38, 103.36, 0.0257905
_6278_, 280.38, 103.36, 0.0257905
_7698_, 280.38, 103.36, 0.0257905
_7699_, 280.38, 103.36, 0.0257905
hold256, 280.38, 103.36, 0.0257905
FILLER_0_33_593, 280.38, 103.36, 0.0257905
FILLER_0_35_602, 280.38, 103.36, 0.0257905
_6276_, 293.085, 103.36, 0.0258483
_6282_, 293.085, 103.36, 0.0258483
_7697_, 293.085, 103.36, 0.0258483
hold341, 293.085, 103.36, 0.0258483
FILLER_0_34_629, 293.085, 103.36, 0.0258483
_7700_, 305.79, 103.36, 0.0258718
hold419, 305.79, 103.36, 0.0258718
FILLER_0_34_640, 305.79, 103.36, 0.0258718
_6323_, 318.495, 103.36, 0.0258732
FILLER_0_34_689, 318.495, 103.36, 0.0258732
_7330_, 5.52, 97.92, 0.0187293
PHY_62, 5.52, 97.92, 0.0187293
PHY_64, 5.52, 97.92, 0.0187293
PHY_63, 331.2, 97.92, 0.0255205
PHY_65, 331.2, 97.92, 0.0255205
input4, 331.2, 97.92, 0.0255205
FILLER_0_31_697, 331.2, 97.92, 0.0255205
FILLER_0_32_701, 331.2, 97.92, 0.0255205
_4567_, 15.33, 97.92, 0.0187173
_4568_, 15.33, 97.92, 0.0187173
_4569_, 15.33, 97.92, 0.0187173
_4572_, 15.33, 97.92, 0.0187173
_4591_, 15.33, 97.92, 0.0187173
_4553_, 37.94, 97.92, 0.0193843
_4554_, 37.94, 97.92, 0.0193843
_4562_, 37.94, 97.92, 0.0193843
_7328_, 37.94, 97.92, 0.0193843
clkbuf_3_0__f_clk, 37.94, 97.92, 0.0193843
FILLER_0_31_57, 37.94, 97.92, 0.0193843
_4504_, 50.74, 97.92, 0.0199043
_4505_, 50.74, 97.92, 0.0199043
_4545_, 50.74, 97.92, 0.0199043
_7301_, 50.74, 97.92, 0.0199043
FILLER_0_32_85, 50.74, 97.92, 0.0199043
FILLER_0_33_105, 50.74, 97.92, 0.0199043
_4695_, 63.54, 97.92, 0.0203957
_4820_, 63.54, 97.92, 0.0203957
_4830_, 63.54, 97.92, 0.0203957
clkbuf_leaf_0_clk, 63.54, 97.92, 0.0203957
hold259, 63.54, 97.92, 0.0203957
FILLER_0_31_113, 63.54, 97.92, 0.0203957
_4696_, 76.34, 97.92, 0.0208054
_7349_, 76.34, 97.92, 0.0208054
hold260, 76.34, 97.92, 0.0208054
FILLER_0_33_163, 76.34, 97.92, 0.0208054
_3965_, 89.14, 97.92, 0.0211958
hold26, 89.14, 97.92, 0.0211958
hold355, 89.14, 97.92, 0.0211958
FILLER_0_31_169, 89.14, 97.92, 0.0211958
FILLER_0_31_177, 89.14, 97.92, 0.0211958
FILLER_0_32_176, 89.14, 97.92, 0.0211958
FILLER_0_32_191, 89.14, 97.92, 0.0211958
FILLER_0_33_191, 89.14, 97.92, 0.0211958
_3902_, 101.94, 97.92, 0.0215841
_7185_, 101.94, 97.92, 0.0215841
hold29, 101.94, 97.92, 0.0215841
FILLER_0_31_203, 101.94, 97.92, 0.0215841
FILLER_0_32_222, 101.94, 97.92, 0.0215841
_3903_, 114.74, 97.92, 0.0219625
_3907_, 114.74, 97.92, 0.0219625
_7172_, 114.74, 97.92, 0.0219625
_7277_, 114.74, 97.92, 0.0219625
FILLER_0_32_245, 114.74, 97.92, 0.0219625
_4075_, 127.54, 97.92, 0.0223024
_4080_, 127.54, 97.92, 0.0223024
_4083_, 127.54, 97.92, 0.0223024
_4089_, 127.54, 97.92, 0.0223024
FILLER_0_31_265, 127.54, 97.92, 0.0223024
FILLER_0_32_271, 127.54, 97.92, 0.0223024
FILLER_0_33_271, 127.54, 97.92, 0.0223024
_4071_, 140.34, 97.92, 0.0226172
_4073_, 140.34, 97.92, 0.0226172
_4074_, 140.34, 97.92, 0.0226172
_4084_, 140.34, 97.92, 0.0226172
FILLER_0_31_281, 140.34, 97.92, 0.0226172
_3865_, 153.14, 97.92, 0.0229077
_4779_, 153.14, 97.92, 0.0229077
_5237_, 153.14, 97.92, 0.0229077
_7510_, 153.14, 97.92, 0.0229077
FILLER_0_32_321, 153.14, 97.92, 0.0229077
FILLER_0_33_331, 153.14, 97.92, 0.0229077
_5402_, 165.94, 97.92, 0.0230821
_5689_, 165.94, 97.92, 0.0230821
_7618_, 165.94, 97.92, 0.0230821
hold68, 165.94, 97.92, 0.0230821
FILLER_0_31_348, 165.94, 97.92, 0.0230821
_5538_, 191.445, 97.92, 0.0236014
_7535_, 191.445, 97.92, 0.0236014
hold689, 191.445, 97.92, 0.0236014
FILLER_0_32_411, 191.445, 97.92, 0.0236014
FILLER_0_33_405, 191.445, 97.92, 0.0236014
FILLER_0_33_417, 191.445, 97.92, 0.0236014
_5479_, 204.15, 97.92, 0.0239706
_6608_, 204.15, 97.92, 0.0239706
_7776_, 204.15, 97.92, 0.0239706
hold644, 204.15, 97.92, 0.0239706
hold821, 204.15, 97.92, 0.0239706
FILLER_0_32_431, 204.15, 97.92, 0.0239706
FILLER_0_33_444, 204.15, 97.92, 0.0239706
_3642_, 216.855, 97.92, 0.0242984
_3717_, 216.855, 97.92, 0.0242984
_6609_, 216.855, 97.92, 0.0242984
FILLER_0_31_449, 216.855, 97.92, 0.0242984
_5903_, 229.56, 97.92, 0.0245669
_7625_, 229.56, 97.92, 0.0245669
_7642_, 229.56, 97.92, 0.0245669
FILLER_0_33_499, 229.56, 97.92, 0.0245669
_7823_, 242.265, 97.92, 0.0248011
hold664, 242.265, 97.92, 0.0248011
FILLER_0_31_505, 242.265, 97.92, 0.0248011
FILLER_0_32_517, 242.265, 97.92, 0.0248011
_7901_, 254.97, 97.92, 0.0250126
_7903_, 254.97, 97.92, 0.0250126
hold461, 254.97, 97.92, 0.0250126
FILLER_0_32_533, 254.97, 97.92, 0.0250126
FILLER_0_33_544, 254.97, 97.92, 0.0250126
_5510_, 267.675, 97.92, 0.025204
_5933_, 267.675, 97.92, 0.025204
_5942_, 267.675, 97.92, 0.025204
_6991_, 267.675, 97.92, 0.025204
hold486, 267.675, 97.92, 0.025204
_5502_, 280.38, 97.92, 0.0253687
hold560, 280.38, 97.92, 0.0253687
FILLER_0_32_585, 280.38, 97.92, 0.0253687
FILLER_0_32_606, 280.38, 97.92, 0.0253687
_3643_, 293.085, 97.92, 0.0255161
_7019_, 293.085, 97.92, 0.0255161
FILLER_0_31_613, 293.085, 97.92, 0.0255161
FILLER_0_31_617, 293.085, 97.92, 0.0255161
FILLER_0_32_614, 293.085, 97.92, 0.0255161
FILLER_0_32_633, 293.085, 97.92, 0.0255161
FILLER_0_32_641, 305.79, 97.92, 0.0255176
FILLER_0_32_693, 318.495, 97.92, 0.025519
PHY_58, 5.52, 92.48, 0.0176267
PHY_60, 5.52, 92.48, 0.0176267
PHY_59, 331.2, 92.48, 0.0241399
PHY_61, 331.2, 92.48, 0.0241399
FILLER_0_29_697, 331.2, 92.48, 0.0241399
FILLER_0_30_701, 331.2, 92.48, 0.0241399
_4573_, 15.33, 92.48, 0.0176267
hold269, 15.33, 92.48, 0.0176267
FILLER_0_31_22, 15.33, 92.48, 0.0176267
_4548_, 37.94, 92.48, 0.0182003
_4550_, 37.94, 92.48, 0.0182003
_4551_, 37.94, 92.48, 0.0182003
_4552_, 37.94, 92.48, 0.0182003
_4564_, 37.94, 92.48, 0.0182003
hold278, 37.94, 92.48, 0.0182003
FILLER_0_29_64, 37.94, 92.48, 0.0182003
_4546_, 50.74, 92.48, 0.0187653
_4547_, 50.74, 92.48, 0.0187653
_4693_, 50.74, 92.48, 0.0187653
_7327_, 50.74, 92.48, 0.0187653
hold371, 50.74, 92.48, 0.0187653
FILLER_0_31_108, 50.74, 92.48, 0.0187653
_4707_, 63.54, 92.48, 0.0193024
_4827_, 63.54, 92.48, 0.0193024
_7355_, 63.54, 92.48, 0.0193024
hold369, 63.54, 92.48, 0.0193024
FILLER_0_29_125, 63.54, 92.48, 0.0193024
FILLER_0_30_114, 63.54, 92.48, 0.0193024
_4697_, 76.34, 92.48, 0.0197999
_4819_, 76.34, 92.48, 0.0197999
_4821_, 76.34, 92.48, 0.0197999
_7348_, 76.34, 92.48, 0.0197999
FILLER_0_29_146, 76.34, 92.48, 0.0197999
FILLER_0_31_157, 76.34, 92.48, 0.0197999
FILLER_0_31_165, 76.34, 92.48, 0.0197999
_3964_, 89.14, 92.48, 0.020285
_4698_, 89.14, 92.48, 0.020285
_7350_, 89.14, 92.48, 0.020285
hold24, 89.14, 92.48, 0.020285
hold339, 89.14, 92.48, 0.020285
_7184_, 101.94, 92.48, 0.0207587
hold25, 101.94, 92.48, 0.0207587
FILLER_0_31_217, 101.94, 92.48, 0.0207587
_3898_, 114.74, 92.48, 0.0212236
_4090_, 114.74, 92.48, 0.0212236
_7203_, 114.74, 92.48, 0.0212236
clkbuf_leaf_97_clk, 114.74, 92.48, 0.0212236
hold734, 114.74, 92.48, 0.0212236
_4079_, 127.54, 92.48, 0.0216014
_4081_, 127.54, 92.48, 0.0216014
_4082_, 127.54, 92.48, 0.0216014
_4086_, 127.54, 92.48, 0.0216014
_4087_, 127.54, 92.48, 0.0216014
_4088_, 127.54, 92.48, 0.0216014
FILLER_0_31_277, 127.54, 92.48, 0.0216014
_4063_, 140.34, 92.48, 0.0219526
_4072_, 140.34, 92.48, 0.0219526
_4085_, 140.34, 92.48, 0.0219526
_7202_, 140.34, 92.48, 0.0219526
hold841, 140.34, 92.48, 0.0219526
FILLER_0_29_281, 140.34, 92.48, 0.0219526
FILLER_0_30_286, 140.34, 92.48, 0.0219526
FILLER_0_30_304, 140.34, 92.48, 0.0219526
_3591_, 153.14, 92.48, 0.022263
_4345_, 153.14, 92.48, 0.022263
_6787_, 153.14, 92.48, 0.022263
_7272_, 153.14, 92.48, 0.022263
FILLER_0_30_309, 153.14, 92.48, 0.022263
FILLER_0_31_332, 153.14, 92.48, 0.022263
_3750_, 165.94, 92.48, 0.0224955
_5895_, 165.94, 92.48, 0.0224955
_6767_, 165.94, 92.48, 0.0224955
hold427, 165.94, 92.48, 0.0224955
FILLER_0_29_337, 165.94, 92.48, 0.0224955
FILLER_0_30_341, 165.94, 92.48, 0.0224955
_5487_, 191.445, 92.48, 0.02314
_5503_, 191.445, 92.48, 0.02314
clkbuf_3_4__f_clk, 191.445, 92.48, 0.02314
hold573, 191.445, 92.48, 0.02314
FILLER_0_30_396, 191.445, 92.48, 0.02314
FILLER_0_30_415, 191.445, 92.48, 0.02314
_3725_, 204.15, 92.48, 0.023482
_7533_, 204.15, 92.48, 0.023482
hold820, 204.15, 92.48, 0.023482
FILLER_0_29_425, 204.15, 92.48, 0.023482
FILLER_0_30_442, 204.15, 92.48, 0.023482
_3548_, 216.855, 92.48, 0.0237544
_3552_, 216.855, 92.48, 0.0237544
_3557_, 216.855, 92.48, 0.0237544
_3561_, 216.855, 92.48, 0.0237544
_3722_, 216.855, 92.48, 0.0237544
_3723_, 216.855, 92.48, 0.0237544
_5476_, 216.855, 92.48, 0.0237544
_3549_, 229.56, 92.48, 0.023904
_5475_, 229.56, 92.48, 0.023904
hold56, 229.56, 92.48, 0.023904
FILLER_0_29_483, 229.56, 92.48, 0.023904
FILLER_0_30_493, 229.56, 92.48, 0.023904
FILLER_0_31_500, 229.56, 92.48, 0.023904
_6773_, 242.265, 92.48, 0.0240023
_6774_, 242.265, 92.48, 0.0240023
_6783_, 242.265, 92.48, 0.0240023
_6788_, 242.265, 92.48, 0.0240023
_6789_, 242.265, 92.48, 0.0240023
_7821_, 242.265, 92.48, 0.0240023
hold697, 242.265, 92.48, 0.0240023
FILLER_0_30_504, 242.265, 92.48, 0.0240023
FILLER_0_30_528, 242.265, 92.48, 0.0240023
_5958_, 254.97, 92.48, 0.024065
_6986_, 254.97, 92.48, 0.024065
_6995_, 254.97, 92.48, 0.024065
_7898_, 254.97, 92.48, 0.024065
hold487, 254.97, 92.48, 0.024065
hold720, 254.97, 92.48, 0.024065
FILLER_0_29_532, 254.97, 92.48, 0.024065
FILLER_0_30_544, 254.97, 92.48, 0.024065
FILLER_0_31_552, 254.97, 92.48, 0.024065
_5923_, 267.675, 92.48, 0.0241061
_5947_, 267.675, 92.48, 0.0241061
_5963_, 267.675, 92.48, 0.0241061
_7046_, 267.675, 92.48, 0.0241061
_7925_, 267.675, 92.48, 0.0241061
FILLER_0_29_561, 267.675, 92.48, 0.0241061
FILLER_0_30_570, 267.675, 92.48, 0.0241061
FILLER_0_31_578, 267.675, 92.48, 0.0241061
_7045_, 280.38, 92.48, 0.0241236
FILLER_0_30_610, 280.38, 92.48, 0.0241236
FILLER_0_31_605, 280.38, 92.48, 0.0241236
_7014_, 293.085, 92.48, 0.0241382
_7023_, 293.085, 92.48, 0.0241382
_7913_, 293.085, 92.48, 0.0241382
hold598, 293.085, 92.48, 0.0241382
FILLER_0_30_618, 293.085, 92.48, 0.0241382
FILLER_0_31_627, 293.085, 92.48, 0.0241382
hold578, 305.79, 92.48, 0.0241399
FILLER_0_30_640, 305.79, 92.48, 0.0241399
FILLER_0_31_666, 305.79, 92.48, 0.0241399
FILLER_0_29_667, 318.495, 92.48, 0.0241399
FILLER_0_30_693, 318.495, 92.48, 0.0241399
_7329_, 5.52, 87.04, 0.0167447
PHY_54, 5.52, 87.04, 0.0167447
PHY_56, 5.52, 87.04, 0.0167447
input5, 5.52, 87.04, 0.0167447
PHY_55, 331.2, 87.04, 0.0238548
PHY_57, 331.2, 87.04, 0.0238548
FILLER_0_27_696, 331.2, 87.04, 0.0238548
FILLER_0_28_701, 331.2, 87.04, 0.0238548
_4556_, 15.33, 87.04, 0.0167307
_4557_, 15.33, 87.04, 0.0167307
_4565_, 15.33, 87.04, 0.0167307
_4566_, 15.33, 87.04, 0.0167307
FILLER_0_28_13, 15.33, 87.04, 0.0167307
FILLER_0_29_30, 15.33, 87.04, 0.0167307
_4506_, 37.94, 87.04, 0.0173428
_4507_, 37.94, 87.04, 0.0173428
_4508_, 37.94, 87.04, 0.0173428
_4549_, 37.94, 87.04, 0.0173428
_4559_, 37.94, 87.04, 0.0173428
_4560_, 37.94, 87.04, 0.0173428
FILLER_0_27_66, 37.94, 87.04, 0.0173428
FILLER_0_28_76, 37.94, 87.04, 0.0173428
_7375_, 50.74, 87.04, 0.0179578
hold104, 50.74, 87.04, 0.0179578
FILLER_0_29_109, 50.74, 87.04, 0.0179578
_4822_, 63.54, 87.04, 0.0185432
_4823_, 63.54, 87.04, 0.0185432
_4825_, 63.54, 87.04, 0.0185432
_4826_, 63.54, 87.04, 0.0185432
FILLER_0_27_125, 63.54, 87.04, 0.0185432
FILLER_0_28_120, 63.54, 87.04, 0.0185432
_4694_, 76.34, 87.04, 0.0191085
_7377_, 76.34, 87.04, 0.0191085
hold811, 76.34, 87.04, 0.0191085
FILLER_0_29_161, 76.34, 87.04, 0.0191085
_3970_, 89.14, 87.04, 0.0196475
_7186_, 89.14, 87.04, 0.0196475
_7191_, 89.14, 87.04, 0.0196475
hold28, 89.14, 87.04, 0.0196475
FILLER_0_28_192, 89.14, 87.04, 0.0196475
FILLER_0_29_184, 89.14, 87.04, 0.0196475
_3869_, 101.94, 87.04, 0.0201559
_3881_, 101.94, 87.04, 0.0201559
_3906_, 101.94, 87.04, 0.0201559
_3963_, 101.94, 87.04, 0.0201559
_7193_, 101.94, 87.04, 0.0201559
FILLER_0_29_215, 101.94, 87.04, 0.0201559
_3899_, 114.74, 87.04, 0.0206123
_7197_, 114.74, 87.04, 0.0206123
FILLER_0_27_225, 114.74, 87.04, 0.0206123
FILLER_0_28_224, 114.74, 87.04, 0.0206123
_4067_, 127.54, 87.04, 0.0210475
_7200_, 127.54, 87.04, 0.0210475
clkbuf_3_1__f_clk, 127.54, 87.04, 0.0210475
FILLER_0_28_265, 127.54, 87.04, 0.0210475
FILLER_0_29_269, 127.54, 87.04, 0.0210475
_4062_, 140.34, 87.04, 0.0212995
_4064_, 140.34, 87.04, 0.0212995
_4070_, 140.34, 87.04, 0.0212995
_4499_, 140.34, 87.04, 0.0212995
_7299_, 140.34, 87.04, 0.0212995
FILLER_0_28_301, 140.34, 87.04, 0.0212995
_4498_, 153.14, 87.04, 0.0215081
_5037_, 153.14, 87.04, 0.0215081
_7271_, 153.14, 87.04, 0.0215081
FILLER_0_27_316, 153.14, 87.04, 0.0215081
FILLER_0_28_318, 153.14, 87.04, 0.0215081
FILLER_0_29_326, 153.14, 87.04, 0.0215081
_3726_, 165.94, 87.04, 0.0216908
_6781_, 165.94, 87.04, 0.0216908
_7428_, 165.94, 87.04, 0.0216908
hold71, 165.94, 87.04, 0.0216908
FILLER_0_27_345, 165.94, 87.04, 0.0216908
FILLER_0_28_361, 165.94, 87.04, 0.0216908
_3689_, 191.445, 87.04, 0.0221319
_4327_, 191.445, 87.04, 0.0221319
_5196_, 191.445, 87.04, 0.0221319
_7258_, 191.445, 87.04, 0.0221319
FILLER_0_28_392, 191.445, 87.04, 0.0221319
FILLER_0_28_410, 191.445, 87.04, 0.0221319
_3546_, 204.15, 87.04, 0.0224697
_3553_, 204.15, 87.04, 0.0224697
_3554_, 204.15, 87.04, 0.0224697
_3724_, 204.15, 87.04, 0.0224697
_3547_, 216.855, 87.04, 0.0227616
_3559_, 216.855, 87.04, 0.0227616
_3560_, 216.855, 87.04, 0.0227616
_3572_, 216.855, 87.04, 0.0227616
_3573_, 216.855, 87.04, 0.0227616
_3650_, 216.855, 87.04, 0.0227616
FILLER_0_28_456, 216.855, 87.04, 0.0227616
FILLER_0_29_470, 216.855, 87.04, 0.0227616
_5900_, 229.56, 87.04, 0.0230076
_7622_, 229.56, 87.04, 0.0230076
hold70, 229.56, 87.04, 0.0230076
FILLER_0_28_477, 229.56, 87.04, 0.0230076
_6777_, 242.265, 87.04, 0.0232298
_6782_, 242.265, 87.04, 0.0232298
_7818_, 242.265, 87.04, 0.0232298
FILLER_0_27_505, 242.265, 87.04, 0.0232298
FILLER_0_27_513, 242.265, 87.04, 0.0232298
FILLER_0_28_521, 242.265, 87.04, 0.0232298
_5909_, 254.97, 87.04, 0.0234305
_6985_, 254.97, 87.04, 0.0234305
_6988_, 254.97, 87.04, 0.0234305
hold701, 254.97, 87.04, 0.0234305
FILLER_0_27_540, 254.97, 87.04, 0.0234305
FILLER_0_28_529, 254.97, 87.04, 0.0234305
FILLER_0_28_533, 254.97, 87.04, 0.0234305
FILLER_0_28_555, 254.97, 87.04, 0.0234305
_5926_, 267.675, 87.04, 0.0236204
_5946_, 267.675, 87.04, 0.0236204
_5962_, 267.675, 87.04, 0.0236204
_6987_, 267.675, 87.04, 0.0236204
clkbuf_leaf_76_clk, 267.675, 87.04, 0.0236204
hold474, 267.675, 87.04, 0.0236204
FILLER_0_28_571, 267.675, 87.04, 0.0236204
FILLER_0_29_573, 267.675, 87.04, 0.0236204
_7015_, 280.38, 87.04, 0.0237291
_7042_, 280.38, 87.04, 0.0237291
_7049_, 280.38, 87.04, 0.0237291
_7050_, 280.38, 87.04, 0.0237291
_7911_, 280.38, 87.04, 0.0237291
_7927_, 280.38, 87.04, 0.0237291
FILLER_0_29_602, 280.38, 87.04, 0.0237291
FILLER_0_29_611, 280.38, 87.04, 0.0237291
_7018_, 293.085, 87.04, 0.023804
_7022_, 293.085, 87.04, 0.023804
_7028_, 293.085, 87.04, 0.023804
_7915_, 293.085, 87.04, 0.023804
_7917_, 293.085, 87.04, 0.023804
hold527, 293.085, 87.04, 0.023804
FILLER_0_28_632, 293.085, 87.04, 0.023804
_5945_, 305.79, 87.04, 0.0238486
_7035_, 305.79, 87.04, 0.0238486
_7036_, 305.79, 87.04, 0.0238486
_7921_, 305.79, 87.04, 0.0238486
hold541, 305.79, 87.04, 0.0238486
FILLER_0_27_649, 305.79, 87.04, 0.0238486
FILLER_0_28_645, 305.79, 87.04, 0.0238486
hold585, 318.495, 87.04, 0.0238548
FILLER_0_28_692, 318.495, 87.04, 0.0238548
_3691_, 5.52, 81.6, 0.0156262
_3929_, 5.52, 81.6, 0.0156262
PHY_50, 5.52, 81.6, 0.0156262
PHY_52, 5.52, 81.6, 0.0156262
FILLER_0_26_3, 5.52, 81.6, 0.0156262
FILLER_0_26_9, 5.52, 81.6, 0.0156262
FILLER_0_27_3, 5.52, 81.6, 0.0156262
PHY_51, 331.2, 81.6, 0.0238278
PHY_53, 331.2, 81.6, 0.0238278
FILLER_0_25_702, 331.2, 81.6, 0.0238278
FILLER_0_26_697, 331.2, 81.6, 0.0238278
FILLER_0_26_701, 331.2, 81.6, 0.0238278
_3928_, 15.33, 81.6, 0.0156132
_4558_, 15.33, 81.6, 0.0156132
hold737, 15.33, 81.6, 0.0156132
FILLER_0_26_22, 15.33, 81.6, 0.0156132
_7302_, 37.94, 81.6, 0.0161824
_7303_, 37.94, 81.6, 0.0161824
_4804_, 50.74, 81.6, 0.0167569
_7356_, 50.74, 81.6, 0.0167569
FILLER_0_25_97, 50.74, 81.6, 0.0167569
_4798_, 63.54, 81.6, 0.0173076
_4799_, 63.54, 81.6, 0.0173076
_4800_, 63.54, 81.6, 0.0173076
_4802_, 63.54, 81.6, 0.0173076
_4803_, 63.54, 81.6, 0.0173076
_4810_, 63.54, 81.6, 0.0173076
_4811_, 63.54, 81.6, 0.0173076
_4813_, 63.54, 81.6, 0.0173076
_4814_, 63.54, 81.6, 0.0173076
_4824_, 63.54, 81.6, 0.0173076
FILLER_0_27_136, 63.54, 81.6, 0.0173076
_3877_, 76.34, 81.6, 0.0178188
FILLER_0_26_141, 76.34, 81.6, 0.0178188
_3868_, 89.14, 81.6, 0.0183224
_3880_, 89.14, 81.6, 0.0183224
_3885_, 89.14, 81.6, 0.0183224
_3971_, 89.14, 81.6, 0.0183224
_3972_, 89.14, 81.6, 0.0183224
_3973_, 89.14, 81.6, 0.0183224
_3974_, 89.14, 81.6, 0.0183224
_3975_, 89.14, 81.6, 0.0183224
hold496, 89.14, 81.6, 0.0183224
FILLER_0_25_169, 89.14, 81.6, 0.0183224
FILLER_0_26_190, 89.14, 81.6, 0.0183224
_3866_, 101.94, 81.6, 0.0187998
_3886_, 101.94, 81.6, 0.0187998
_3988_, 101.94, 81.6, 0.0187998
_4027_, 101.94, 81.6, 0.0187998
hold842, 101.94, 81.6, 0.0187998
FILLER_0_26_205, 101.94, 81.6, 0.0187998
_3895_, 114.74, 81.6, 0.0192435
_7196_, 114.74, 81.6, 0.0192435
hold847, 114.74, 81.6, 0.0192435
FILLER_0_26_246, 114.74, 81.6, 0.0192435
_3894_, 127.54, 81.6, 0.019634
_4060_, 127.54, 81.6, 0.019634
_4068_, 127.54, 81.6, 0.019634
hold791, 127.54, 81.6, 0.019634
hold825, 127.54, 81.6, 0.019634
FILLER_0_25_265, 127.54, 81.6, 0.019634
FILLER_0_26_261, 127.54, 81.6, 0.019634
FILLER_0_27_275, 127.54, 81.6, 0.019634
_4054_, 140.34, 81.6, 0.0200033
_4056_, 140.34, 81.6, 0.0200033
_4065_, 140.34, 81.6, 0.0200033
_4066_, 140.34, 81.6, 0.0200033
FILLER_0_25_291, 140.34, 81.6, 0.0200033
FILLER_0_26_301, 140.34, 81.6, 0.0200033
_4351_, 153.14, 81.6, 0.0203553
_4352_, 153.14, 81.6, 0.0203553
_6934_, 153.14, 81.6, 0.0203553
_7881_, 153.14, 81.6, 0.0203553
ANTENNA_2, 153.14, 81.6, 0.0203553
FILLER_0_26_309, 153.14, 81.6, 0.0203553
_4361_, 165.94, 81.6, 0.0206798
_6893_, 165.94, 81.6, 0.0206798
_6895_, 165.94, 81.6, 0.0206798
FILLER_0_25_342, 165.94, 81.6, 0.0206798
FILLER_0_26_348, 165.94, 81.6, 0.0206798
FILLER_0_26_356, 165.94, 81.6, 0.0206798
_3690_, 191.445, 81.6, 0.0216607
_4328_, 191.445, 81.6, 0.0216607
_5501_, 191.445, 81.6, 0.0216607
_7463_, 191.445, 81.6, 0.0216607
clkbuf_leaf_88_clk, 191.445, 81.6, 0.0216607
FILLER_0_25_393, 191.445, 81.6, 0.0216607
_3550_, 204.15, 81.6, 0.0220868
_3566_, 204.15, 81.6, 0.0220868
_3574_, 204.15, 81.6, 0.0220868
_4497_, 204.15, 81.6, 0.0220868
_5195_, 204.15, 81.6, 0.0220868
FILLER_0_26_437, 204.15, 81.6, 0.0220868
FILLER_0_27_439, 204.15, 81.6, 0.0220868
_3575_, 216.855, 81.6, 0.0224643
_3576_, 216.855, 81.6, 0.0224643
_3577_, 216.855, 81.6, 0.0224643
_3578_, 216.855, 81.6, 0.0224643
_3593_, 216.855, 81.6, 0.0224643
_3594_, 216.855, 81.6, 0.0224643
_3595_, 216.855, 81.6, 0.0224643
_7093_, 216.855, 81.6, 0.0224643
FILLER_0_25_449, 216.855, 81.6, 0.0224643
_3545_, 229.56, 81.6, 0.0228058
_3589_, 229.56, 81.6, 0.0228058
_7822_, 229.56, 81.6, 0.0228058
clkbuf_leaf_89_clk, 229.56, 81.6, 0.0228058
FILLER_0_27_498, 229.56, 81.6, 0.0228058
_6776_, 242.265, 81.6, 0.0230411
_6785_, 242.265, 81.6, 0.0230411
_7819_, 242.265, 81.6, 0.0230411
hold619, 242.265, 81.6, 0.0230411
hold714, 242.265, 81.6, 0.0230411
FILLER_0_26_528, 242.265, 81.6, 0.0230411
_5959_, 254.97, 81.6, 0.0232479
_6993_, 254.97, 81.6, 0.0232479
_6994_, 254.97, 81.6, 0.0232479
_7899_, 254.97, 81.6, 0.0232479
_7902_, 254.97, 81.6, 0.0232479
_5914_, 267.675, 81.6, 0.0234328
_5922_, 267.675, 81.6, 0.0234328
_5931_, 267.675, 81.6, 0.0234328
_5950_, 267.675, 81.6, 0.0234328
_5955_, 267.675, 81.6, 0.0234328
hold478, 267.675, 81.6, 0.0234328
hold497, 267.675, 81.6, 0.0234328
FILLER_0_26_582, 267.675, 81.6, 0.0234328
_5930_, 280.38, 81.6, 0.0235931
_7923_, 280.38, 81.6, 0.0235931
hold543, 280.38, 81.6, 0.0235931
hold641, 280.38, 81.6, 0.0235931
_5929_, 293.085, 81.6, 0.0237174
_7021_, 293.085, 81.6, 0.0237174
_7027_, 293.085, 81.6, 0.0237174
hold544, 293.085, 81.6, 0.0237174
hold566, 293.085, 81.6, 0.0237174
hold608, 293.085, 81.6, 0.0237174
FILLER_0_25_613, 293.085, 81.6, 0.0237174
FILLER_0_26_616, 293.085, 81.6, 0.0237174
_5961_, 305.79, 81.6, 0.0238196
_7031_, 305.79, 81.6, 0.0238196
_7919_, 305.79, 81.6, 0.0238196
clkbuf_leaf_77_clk, 305.79, 81.6, 0.0238196
FILLER_0_26_653, 305.79, 81.6, 0.0238196
_4331_, 318.495, 81.6, 0.0238278
_4332_, 318.495, 81.6, 0.0238278
_7032_, 318.495, 81.6, 0.0238278
FILLER_0_26_678, 318.495, 81.6, 0.0238278
_7165_, 5.52, 76.16, 0.0146572
PHY_46, 5.52, 76.16, 0.0146572
PHY_48, 5.52, 76.16, 0.0146572
FILLER_0_24_3, 5.52, 76.16, 0.0146572
PHY_47, 331.2, 76.16, 0.0227692
PHY_49, 331.2, 76.16, 0.0227692
output52, 331.2, 76.16, 0.0227692
FILLER_0_24_696, 331.2, 76.16, 0.0227692
FILLER_0_24_701, 331.2, 76.16, 0.0227692
_3693_, 15.33, 76.16, 0.0146464
_3930_, 15.33, 76.16, 0.0146464
_3937_, 15.33, 76.16, 0.0146464
_7304_, 15.33, 76.16, 0.0146464
FILLER_0_24_20, 15.33, 76.16, 0.0146464
FILLER_0_25_23, 15.33, 76.16, 0.0146464
_4509_, 37.94, 76.16, 0.0153206
_7357_, 37.94, 76.16, 0.0153206
clkbuf_leaf_108_clk, 37.94, 76.16, 0.0153206
hold99, 37.94, 76.16, 0.0153206
FILLER_0_23_57, 37.94, 76.16, 0.0153206
FILLER_0_24_65, 37.94, 76.16, 0.0153206
FILLER_0_24_81, 37.94, 76.16, 0.0153206
_4708_, 50.74, 76.16, 0.0159532
_4781_, 50.74, 76.16, 0.0159532
_4782_, 50.74, 76.16, 0.0159532
_4783_, 50.74, 76.16, 0.0159532
_4784_, 50.74, 76.16, 0.0159532
_4801_, 50.74, 76.16, 0.0159532
hold103, 50.74, 76.16, 0.0159532
hold412, 50.74, 76.16, 0.0159532
FILLER_0_23_98, 50.74, 76.16, 0.0159532
FILLER_0_25_108, 50.74, 76.16, 0.0159532
_4808_, 63.54, 76.16, 0.0165368
_4809_, 63.54, 76.16, 0.0165368
_4812_, 63.54, 76.16, 0.0165368
_4816_, 63.54, 76.16, 0.0165368
_7153_, 63.54, 76.16, 0.0165368
FILLER_0_24_133, 63.54, 76.16, 0.0165368
FILLER_0_25_127, 63.54, 76.16, 0.0165368
FILLER_0_25_133, 63.54, 76.16, 0.0165368
_3878_, 76.34, 76.16, 0.0170916
_7192_, 76.34, 76.16, 0.0170916
hold778, 76.34, 76.16, 0.0170916
FILLER_0_24_141, 76.34, 76.16, 0.0170916
FILLER_0_25_159, 76.34, 76.16, 0.0170916
_3875_, 89.14, 76.16, 0.0176188
_3976_, 89.14, 76.16, 0.0176188
_3978_, 89.14, 76.16, 0.0176188
_3979_, 89.14, 76.16, 0.0176188
_3984_, 89.14, 76.16, 0.0176188
hold651, 89.14, 76.16, 0.0176188
FILLER_0_24_168, 89.14, 76.16, 0.0176188
FILLER_0_24_186, 89.14, 76.16, 0.0176188
FILLER_0_25_185, 89.14, 76.16, 0.0176188
_3876_, 101.94, 76.16, 0.0181179
_3890_, 101.94, 76.16, 0.0181179
_3985_, 101.94, 76.16, 0.0181179
_3987_, 101.94, 76.16, 0.0181179
_4000_, 101.94, 76.16, 0.0181179
FILLER_0_24_212, 101.94, 76.16, 0.0181179
FILLER_0_25_213, 101.94, 76.16, 0.0181179
FILLER_0_25_221, 101.94, 76.16, 0.0181179
_3889_, 114.74, 76.16, 0.0185496
_4026_, 114.74, 76.16, 0.0185496
_4038_, 114.74, 76.16, 0.0185496
_4059_, 114.74, 76.16, 0.0185496
FILLER_0_23_225, 114.74, 76.16, 0.0185496
FILLER_0_24_241, 114.74, 76.16, 0.0185496
_4061_, 127.54, 76.16, 0.0189609
_4069_, 127.54, 76.16, 0.0189609
_7199_, 127.54, 76.16, 0.0189609
hold840, 127.54, 76.16, 0.0189609
FILLER_0_23_263, 127.54, 76.16, 0.0189609
_4055_, 140.34, 76.16, 0.019337
_4058_, 140.34, 76.16, 0.019337
_6852_, 140.34, 76.16, 0.019337
_7845_, 140.34, 76.16, 0.019337
_7846_, 140.34, 76.16, 0.019337
clkbuf_leaf_98_clk, 140.34, 76.16, 0.019337
_6933_, 153.14, 76.16, 0.0196075
_6936_, 153.14, 76.16, 0.0196075
_7882_, 153.14, 76.16, 0.0196075
hold618, 153.14, 76.16, 0.0196075
FILLER_0_23_313, 153.14, 76.16, 0.0196075
FILLER_0_24_329, 153.14, 76.16, 0.0196075
FILLER_0_25_321, 153.14, 76.16, 0.0196075
_6892_, 165.94, 76.16, 0.0198514
_6894_, 165.94, 76.16, 0.0198514
_7863_, 165.94, 76.16, 0.0198514
_7864_, 165.94, 76.16, 0.0198514
FILLER_0_23_337, 165.94, 76.16, 0.0198514
FILLER_0_24_361, 165.94, 76.16, 0.0198514
_3634_, 191.445, 76.16, 0.0204799
_6837_, 191.445, 76.16, 0.0204799
_7106_, 191.445, 76.16, 0.0204799
FILLER_0_24_401, 191.445, 76.16, 0.0204799
_3596_, 204.15, 76.16, 0.0208668
_3597_, 204.15, 76.16, 0.0208668
_3598_, 204.15, 76.16, 0.0208668
_3601_, 204.15, 76.16, 0.0208668
hold558, 204.15, 76.16, 0.0208668
FILLER_0_24_429, 204.15, 76.16, 0.0208668
FILLER_0_25_432, 204.15, 76.16, 0.0208668
_3565_, 216.855, 76.16, 0.0212169
_3567_, 216.855, 76.16, 0.0212169
_3568_, 216.855, 76.16, 0.0212169
_3590_, 216.855, 76.16, 0.0212169
hold620, 216.855, 76.16, 0.0212169
FILLER_0_24_447, 216.855, 76.16, 0.0212169
FILLER_0_24_464, 216.855, 76.16, 0.0212169
FILLER_0_25_468, 216.855, 76.16, 0.0212169
_3544_, 229.56, 76.16, 0.0215608
_3556_, 229.56, 76.16, 0.0215608
_6786_, 229.56, 76.16, 0.0215608
_7097_, 229.56, 76.16, 0.0215608
FILLER_0_24_497, 229.56, 76.16, 0.0215608
_6999_, 242.265, 76.16, 0.0218888
_7008_, 242.265, 76.16, 0.0218888
_7009_, 242.265, 76.16, 0.0218888
_7904_, 242.265, 76.16, 0.0218888
hold691, 242.265, 76.16, 0.0218888
FILLER_0_23_505, 242.265, 76.16, 0.0218888
_7089_, 254.97, 76.16, 0.0222029
_7090_, 254.97, 76.16, 0.0222029
_7940_, 254.97, 76.16, 0.0222029
_7945_, 254.97, 76.16, 0.0222029
hold521, 254.97, 76.16, 0.0222029
FILLER_0_25_555, 254.97, 76.16, 0.0222029
_7040_, 267.675, 76.16, 0.0224756
_7079_, 267.675, 76.16, 0.0224756
_7922_, 267.675, 76.16, 0.0224756
clkbuf_3_5__f_clk, 267.675, 76.16, 0.0224756
FILLER_0_25_575, 267.675, 76.16, 0.0224756
_7020_, 280.38, 76.16, 0.0225948
_7034_, 280.38, 76.16, 0.0225948
_7041_, 280.38, 76.16, 0.0225948
_7914_, 280.38, 76.16, 0.0225948
_7920_, 280.38, 76.16, 0.0225948
hold539, 280.38, 76.16, 0.0225948
FILLER_0_25_601, 280.38, 76.16, 0.0225948
_7012_, 293.085, 76.16, 0.0226767
_7013_, 293.085, 76.16, 0.0226767
_7910_, 293.085, 76.16, 0.0226767
_7934_, 293.085, 76.16, 0.0226767
FILLER_0_23_613, 293.085, 76.16, 0.0226767
FILLER_0_23_617, 293.085, 76.16, 0.0226767
FILLER_0_24_616, 293.085, 76.16, 0.0226767
FILLER_0_24_626, 293.085, 76.16, 0.0226767
_5921_, 305.79, 76.16, 0.0227327
_7026_, 305.79, 76.16, 0.0227327
_7916_, 305.79, 76.16, 0.0227327
FILLER_0_24_641, 305.79, 76.16, 0.0227327
FILLER_0_24_645, 305.79, 76.16, 0.0227327
FILLER_0_25_662, 305.79, 76.16, 0.0227327
_7259_, 318.495, 76.16, 0.0227588
hold765, 318.495, 76.16, 0.0227588
ANTENNA_1, 318.495, 76.16, 0.0227588
FILLER_0_24_668, 318.495, 76.16, 0.0227588
FILLER_0_25_694, 318.495, 76.16, 0.0227588
_7166_, 5.52, 70.72, 0.0134784
PHY_42, 5.52, 70.72, 0.0134784
PHY_44, 5.52, 70.72, 0.0134784
hold683, 5.52, 70.72, 0.0134784
FILLER_0_23_3, 5.52, 70.72, 0.0134784
PHY_43, 331.2, 70.72, 0.0211776
PHY_45, 331.2, 70.72, 0.0211776
FILLER_0_21_701, 331.2, 70.72, 0.0211776
FILLER_0_22_695, 331.2, 70.72, 0.0211776
FILLER_0_22_701, 331.2, 70.72, 0.0211776
_3699_, 15.33, 70.72, 0.013463
_7169_, 15.33, 70.72, 0.013463
FILLER_0_22_23, 15.33, 70.72, 0.013463
_4709_, 37.94, 70.72, 0.0140002
hold100, 37.94, 70.72, 0.0140002
FILLER_0_21_69, 37.94, 70.72, 0.0140002
FILLER_0_22_79, 37.94, 70.72, 0.0140002
FILLER_0_23_82, 37.94, 70.72, 0.0140002
_4787_, 50.74, 70.72, 0.0145601
_4793_, 50.74, 70.72, 0.0145601
_4794_, 50.74, 70.72, 0.0145601
_4795_, 50.74, 70.72, 0.0145601
_4796_, 50.74, 70.72, 0.0145601
_4797_, 50.74, 70.72, 0.0145601
FILLER_0_21_92, 50.74, 70.72, 0.0145601
FILLER_0_22_85, 50.74, 70.72, 0.0145601
FILLER_0_23_108, 50.74, 70.72, 0.0145601
_4815_, 63.54, 70.72, 0.0150946
_4817_, 63.54, 70.72, 0.0150946
_4818_, 63.54, 70.72, 0.0150946
FILLER_0_21_125, 63.54, 70.72, 0.0150946
FILLER_0_22_117, 63.54, 70.72, 0.0150946
FILLER_0_22_130, 63.54, 70.72, 0.0150946
FILLER_0_23_139, 63.54, 70.72, 0.0150946
_4681_, 76.34, 70.72, 0.0156176
_4682_, 76.34, 70.72, 0.0156176
FILLER_0_22_141, 76.34, 70.72, 0.0156176
FILLER_0_23_162, 76.34, 70.72, 0.0156176
_3977_, 89.14, 70.72, 0.0161304
_3986_, 89.14, 70.72, 0.0161304
FILLER_0_22_187, 89.14, 70.72, 0.0161304
FILLER_0_23_189, 89.14, 70.72, 0.0161304
_3998_, 101.94, 70.72, 0.0166421
_3999_, 101.94, 70.72, 0.0166421
_4001_, 101.94, 70.72, 0.0166421
_7195_, 101.94, 70.72, 0.0166421
FILLER_0_22_197, 101.94, 70.72, 0.0166421
_4024_, 114.74, 70.72, 0.0171288
_4025_, 114.74, 70.72, 0.0171288
_4035_, 114.74, 70.72, 0.0171288
_4037_, 114.74, 70.72, 0.0171288
hold463, 114.74, 70.72, 0.0171288
FILLER_0_22_227, 114.74, 70.72, 0.0171288
FILLER_0_22_247, 114.74, 70.72, 0.0171288
FILLER_0_23_249, 114.74, 70.72, 0.0171288
_4057_, 127.54, 70.72, 0.0175912
_7198_, 127.54, 70.72, 0.0175912
FILLER_0_22_277, 127.54, 70.72, 0.0175912
FILLER_0_23_271, 127.54, 70.72, 0.0175912
FILLER_0_23_277, 127.54, 70.72, 0.0175912
_6845_, 140.34, 70.72, 0.0180282
_6846_, 140.34, 70.72, 0.0180282
_6851_, 140.34, 70.72, 0.0180282
_6853_, 140.34, 70.72, 0.0180282
_6854_, 140.34, 70.72, 0.0180282
FILLER_0_21_281, 140.34, 70.72, 0.0180282
FILLER_0_22_288, 140.34, 70.72, 0.0180282
FILLER_0_22_301, 140.34, 70.72, 0.0180282
_5497_, 153.14, 70.72, 0.0184508
_5505_, 153.14, 70.72, 0.0184508
_6928_, 153.14, 70.72, 0.0184508
_6935_, 153.14, 70.72, 0.0184508
hold549, 153.14, 70.72, 0.0184508
hold565, 153.14, 70.72, 0.0184508
hold600, 153.14, 70.72, 0.0184508
_3638_, 165.94, 70.72, 0.0188454
_5500_, 165.94, 70.72, 0.0188454
_5508_, 165.94, 70.72, 0.0188454
_6887_, 165.94, 70.72, 0.0188454
clkbuf_leaf_99_clk, 165.94, 70.72, 0.0188454
hold603, 165.94, 70.72, 0.0188454
FILLER_0_22_353, 165.94, 70.72, 0.0188454
_3625_, 191.445, 70.72, 0.0195049
_3635_, 191.445, 70.72, 0.0195049
_7092_, 191.445, 70.72, 0.0195049
hold489, 191.445, 70.72, 0.0195049
FILLER_0_21_393, 191.445, 70.72, 0.0195049
_3551_, 204.15, 70.72, 0.0198159
_3569_, 204.15, 70.72, 0.0198159
_3570_, 204.15, 70.72, 0.0198159
FILLER_0_23_444, 204.15, 70.72, 0.0198159
_3571_, 216.855, 70.72, 0.0201149
_3579_, 216.855, 70.72, 0.0201149
_3580_, 216.855, 70.72, 0.0201149
_3582_, 216.855, 70.72, 0.0201149
_3608_, 216.855, 70.72, 0.0201149
FILLER_0_22_461, 216.855, 70.72, 0.0201149
FILLER_0_23_473, 216.855, 70.72, 0.0201149
_3586_, 229.56, 70.72, 0.0203652
_3587_, 229.56, 70.72, 0.0203652
_3588_, 229.56, 70.72, 0.0203652
_7096_, 229.56, 70.72, 0.0203652
hold244, 229.56, 70.72, 0.0203652
FILLER_0_22_477, 229.56, 70.72, 0.0203652
FILLER_0_23_494, 229.56, 70.72, 0.0203652
_6998_, 242.265, 70.72, 0.0205885
_7005_, 242.265, 70.72, 0.0205885
_7909_, 242.265, 70.72, 0.0205885
clkbuf_leaf_82_clk, 242.265, 70.72, 0.0205885
hold669, 242.265, 70.72, 0.0205885
_5943_, 254.97, 70.72, 0.0207435
_7080_, 254.97, 70.72, 0.0207435
_7086_, 254.97, 70.72, 0.0207435
_7943_, 254.97, 70.72, 0.0207435
hold633, 254.97, 70.72, 0.0207435
FILLER_0_21_531, 254.97, 70.72, 0.0207435
FILLER_0_22_529, 254.97, 70.72, 0.0207435
FILLER_0_22_544, 254.97, 70.72, 0.0207435
FILLER_0_23_550, 254.97, 70.72, 0.0207435
_5951_, 267.675, 70.72, 0.0208757
_5954_, 267.675, 70.72, 0.0208757
_7039_, 267.675, 70.72, 0.0208757
hold526, 267.675, 70.72, 0.0208757
FILLER_0_21_561, 267.675, 70.72, 0.0208757
FILLER_0_22_557, 267.675, 70.72, 0.0208757
FILLER_0_22_569, 267.675, 70.72, 0.0208757
FILLER_0_22_580, 267.675, 70.72, 0.0208757
FILLER_0_23_570, 267.675, 70.72, 0.0208757
_7033_, 280.38, 70.72, 0.0209885
_7061_, 280.38, 70.72, 0.0209885
_7075_, 280.38, 70.72, 0.0209885
hold523, 280.38, 70.72, 0.0209885
FILLER_0_21_591, 280.38, 70.72, 0.0209885
FILLER_0_22_589, 280.38, 70.72, 0.0209885
FILLER_0_22_597, 280.38, 70.72, 0.0209885
_5920_, 293.085, 70.72, 0.0210869
_5953_, 293.085, 70.72, 0.0210869
_7066_, 293.085, 70.72, 0.0210869
_7067_, 293.085, 70.72, 0.0210869
hold515, 293.085, 70.72, 0.0210869
FILLER_0_21_625, 293.085, 70.72, 0.0210869
FILLER_0_22_617, 293.085, 70.72, 0.0210869
FILLER_0_22_633, 293.085, 70.72, 0.0210869
_7025_, 305.79, 70.72, 0.0211561
_7053_, 305.79, 70.72, 0.0211561
_7928_, 305.79, 70.72, 0.0211561
_7939_, 305.79, 70.72, 0.0211561
hold536, 305.79, 70.72, 0.0211561
hold582, 305.79, 70.72, 0.0211561
FILLER_0_22_653, 305.79, 70.72, 0.0211561
_7933_, 318.495, 70.72, 0.0211776
hold570, 318.495, 70.72, 0.0211776
FILLER_0_21_668, 318.495, 70.72, 0.0211776
_3931_, 5.52, 65.28, 0.012298
PHY_38, 5.52, 65.28, 0.012298
PHY_40, 5.52, 65.28, 0.012298
input7, 5.52, 65.28, 0.012298
PHY_39, 331.2, 65.28, 0.0205595
PHY_41, 331.2, 65.28, 0.0205595
FILLER_0_20_695, 331.2, 65.28, 0.0205595
FILLER_0_20_701, 331.2, 65.28, 0.0205595
_7373_, 37.94, 65.28, 0.0129774
_7374_, 37.94, 65.28, 0.0129774
_4785_, 50.74, 65.28, 0.0136299
_4786_, 50.74, 65.28, 0.0136299
_4805_, 50.74, 65.28, 0.0136299
hold494, 50.74, 65.28, 0.0136299
FILLER_0_21_99, 50.74, 65.28, 0.0136299
_4757_, 63.54, 65.28, 0.0142653
_7376_, 63.54, 65.28, 0.0142653
hold784, 63.54, 65.28, 0.0142653
FILLER_0_19_113, 63.54, 65.28, 0.0142653
_7342_, 76.34, 65.28, 0.0148703
clkbuf_leaf_104_clk, 76.34, 65.28, 0.0148703
FILLER_0_21_161, 76.34, 65.28, 0.0148703
_7194_, 89.14, 65.28, 0.0153936
_7369_, 89.14, 65.28, 0.0153936
FILLER_0_21_193, 89.14, 65.28, 0.0153936
_4002_, 101.94, 65.28, 0.0158836
_4003_, 101.94, 65.28, 0.0158836
_4013_, 101.94, 65.28, 0.0158836
_4016_, 101.94, 65.28, 0.0158836
FILLER_0_20_211, 101.94, 65.28, 0.0158836
_4012_, 114.74, 65.28, 0.0163596
_4014_, 114.74, 65.28, 0.0163596
_4015_, 114.74, 65.28, 0.0163596
_4036_, 114.74, 65.28, 0.0163596
_4049_, 114.74, 65.28, 0.0163596
_4050_, 114.74, 65.28, 0.0163596
FILLER_0_19_225, 114.74, 65.28, 0.0163596
FILLER_0_20_233, 114.74, 65.28, 0.0163596
FILLER_0_20_248, 114.74, 65.28, 0.0163596
FILLER_0_21_249, 114.74, 65.28, 0.0163596
_3617_, 127.54, 65.28, 0.0168126
_4041_, 127.54, 65.28, 0.0168126
_4046_, 127.54, 65.28, 0.0168126
_4047_, 127.54, 65.28, 0.0168126
_4048_, 127.54, 65.28, 0.0168126
FILLER_0_19_257, 127.54, 65.28, 0.0168126
FILLER_0_19_265, 127.54, 65.28, 0.0168126
FILLER_0_20_253, 127.54, 65.28, 0.0168126
FILLER_0_20_278, 127.54, 65.28, 0.0168126
_4042_, 140.34, 65.28, 0.0172403
_6856_, 140.34, 65.28, 0.0172403
_7842_, 140.34, 65.28, 0.0172403
_7847_, 140.34, 65.28, 0.0172403
hold588, 140.34, 65.28, 0.0172403
FILLER_0_20_302, 140.34, 65.28, 0.0172403
_6927_, 153.14, 65.28, 0.0176246
_7878_, 153.14, 65.28, 0.0176246
hold596, 153.14, 65.28, 0.0176246
FILLER_0_20_334, 153.14, 65.28, 0.0176246
FILLER_0_21_331, 153.14, 65.28, 0.0176246
_6886_, 165.94, 65.28, 0.0179848
_7860_, 165.94, 65.28, 0.0179848
hold663, 165.94, 65.28, 0.0179848
FILLER_0_19_337, 165.94, 65.28, 0.0179848
FILLER_0_21_357, 165.94, 65.28, 0.0179848
_3626_, 191.445, 65.28, 0.0186908
_5460_, 191.445, 65.28, 0.0186908
_6831_, 191.445, 65.28, 0.0186908
_7103_, 191.445, 65.28, 0.0186908
hold477, 191.445, 65.28, 0.0186908
hold538, 191.445, 65.28, 0.0186908
_3599_, 204.15, 65.28, 0.0190189
_3600_, 204.15, 65.28, 0.0190189
_7091_, 204.15, 65.28, 0.0190189
FILLER_0_20_421, 204.15, 65.28, 0.0190189
FILLER_0_20_435, 204.15, 65.28, 0.0190189
FILLER_0_21_432, 204.15, 65.28, 0.0190189
FILLER_0_21_440, 204.15, 65.28, 0.0190189
_3555_, 216.855, 65.28, 0.0193041
_3581_, 216.855, 65.28, 0.0193041
FILLER_0_20_473, 216.855, 65.28, 0.0193041
FILLER_0_21_460, 216.855, 65.28, 0.0193041
_3543_, 229.56, 65.28, 0.0195848
_3583_, 229.56, 65.28, 0.0195848
_3584_, 229.56, 65.28, 0.0195848
_3585_, 229.56, 65.28, 0.0195848
_7095_, 229.56, 65.28, 0.0195848
FILLER_0_20_481, 229.56, 65.28, 0.0195848
FILLER_0_21_496, 229.56, 65.28, 0.0195848
_7004_, 242.265, 65.28, 0.0198335
_7006_, 242.265, 65.28, 0.0198335
_7007_, 242.265, 65.28, 0.0198335
_7908_, 242.265, 65.28, 0.0198335
FILLER_0_19_505, 242.265, 65.28, 0.0198335
FILLER_0_19_512, 242.265, 65.28, 0.0198335
_7085_, 254.97, 65.28, 0.0200694
_7944_, 254.97, 65.28, 0.0200694
hold517, 254.97, 65.28, 0.0200694
hold655, 254.97, 65.28, 0.0200694
FILLER_0_19_541, 254.97, 65.28, 0.0200694
FILLER_0_20_533, 254.97, 65.28, 0.0200694
FILLER_0_20_548, 254.97, 65.28, 0.0200694
_7048_, 267.675, 65.28, 0.0202796
_7926_, 267.675, 65.28, 0.0202796
clkbuf_leaf_81_clk, 267.675, 65.28, 0.0202796
hold611, 267.675, 65.28, 0.0202796
FILLER_0_19_561, 267.675, 65.28, 0.0202796
_7060_, 280.38, 65.28, 0.0204086
_7932_, 280.38, 65.28, 0.0204086
_7938_, 280.38, 65.28, 0.0204086
hold621, 280.38, 65.28, 0.0204086
hold642, 280.38, 65.28, 0.0204086
_5952_, 293.085, 65.28, 0.0204922
_7073_, 293.085, 65.28, 0.0204922
_7076_, 293.085, 65.28, 0.0204922
_7937_, 293.085, 65.28, 0.0204922
FILLER_0_20_632, 293.085, 65.28, 0.0204922
_5928_, 305.79, 65.28, 0.020547
_5944_, 305.79, 65.28, 0.020547
_5960_, 305.79, 65.28, 0.020547
_7052_, 305.79, 65.28, 0.020547
_7062_, 305.79, 65.28, 0.020547
_7063_, 305.79, 65.28, 0.020547
_7077_, 305.79, 65.28, 0.020547
FILLER_0_20_653, 305.79, 65.28, 0.020547
hold513, 318.495, 65.28, 0.0205595
hold590, 318.495, 65.28, 0.0205595
FILLER_0_19_669, 318.495, 65.28, 0.0205595
FILLER_0_20_667, 318.495, 65.28, 0.0205595
PHY_34, 5.52, 59.84, 0.0111097
PHY_36, 5.52, 59.84, 0.0111097
PHY_35, 331.2, 59.84, 0.0191062
PHY_37, 331.2, 59.84, 0.0191062
FILLER_0_17_697, 331.2, 59.84, 0.0191062
FILLER_0_18_701, 331.2, 59.84, 0.0191062
_4770_, 37.94, 59.84, 0.0118159
_4771_, 37.94, 59.84, 0.0118159
_4772_, 37.94, 59.84, 0.0118159
_4778_, 37.94, 59.84, 0.0118159
_4780_, 37.94, 59.84, 0.0118159
FILLER_0_17_57, 37.94, 59.84, 0.0118159
FILLER_0_18_71, 37.94, 59.84, 0.0118159
_4691_, 50.74, 59.84, 0.0125013
_4773_, 50.74, 59.84, 0.0125013
_4791_, 50.74, 59.84, 0.0125013
_4792_, 50.74, 59.84, 0.0125013
_4807_, 50.74, 59.84, 0.0125013
FILLER_0_18_92, 50.74, 59.84, 0.0125013
FILLER_0_19_99, 50.74, 59.84, 0.0125013
FILLER_0_19_107, 50.74, 59.84, 0.0125013
_4756_, 63.54, 59.84, 0.0131633
_7368_, 63.54, 59.84, 0.0131633
_7371_, 63.54, 59.84, 0.0131633
FILLER_0_18_134, 63.54, 59.84, 0.0131633
_4722_, 76.34, 59.84, 0.0137813
_4725_, 76.34, 59.84, 0.0137813
_4732_, 76.34, 59.84, 0.0137813
hold466, 76.34, 59.84, 0.0137813
hold628, 76.34, 59.84, 0.0137813
FILLER_0_17_144, 76.34, 59.84, 0.0137813
_3994_, 89.14, 59.84, 0.0143723
_4724_, 89.14, 59.84, 0.0143723
_4730_, 89.14, 59.84, 0.0143723
_4731_, 89.14, 59.84, 0.0143723
hold511, 89.14, 59.84, 0.0143723
FILLER_0_18_181, 89.14, 59.84, 0.0143723
FILLER_0_18_193, 89.14, 59.84, 0.0143723
_3884_, 101.94, 59.84, 0.0149435
_3993_, 101.94, 59.84, 0.0149435
_4005_, 101.94, 59.84, 0.0149435
_4006_, 101.94, 59.84, 0.0149435
_4007_, 101.94, 59.84, 0.0149435
_4011_, 101.94, 59.84, 0.0149435
clkbuf_leaf_103_clk, 101.94, 59.84, 0.0149435
FILLER_0_19_220, 101.94, 59.84, 0.0149435
_4010_, 114.74, 59.84, 0.0154388
_4017_, 114.74, 59.84, 0.0154388
_4022_, 114.74, 59.84, 0.0154388
_4023_, 114.74, 59.84, 0.0154388
_4034_, 114.74, 59.84, 0.0154388
_4039_, 114.74, 59.84, 0.0154388
_4051_, 114.74, 59.84, 0.0154388
_4053_, 114.74, 59.84, 0.0154388
FILLER_0_18_243, 114.74, 59.84, 0.0154388
_4040_, 127.54, 59.84, 0.0158976
_4043_, 127.54, 59.84, 0.0158976
_4044_, 127.54, 59.84, 0.0158976
_4045_, 127.54, 59.84, 0.0158976
_4052_, 127.54, 59.84, 0.0158976
_6855_, 140.34, 59.84, 0.0163307
_6938_, 140.34, 59.84, 0.0163307
hold597, 140.34, 59.84, 0.0163307
FILLER_0_17_293, 140.34, 59.84, 0.0163307
FILLER_0_18_288, 140.34, 59.84, 0.0163307
FILLER_0_18_302, 140.34, 59.84, 0.0163307
_5465_, 153.14, 59.84, 0.016752
_6937_, 153.14, 59.84, 0.016752
_7883_, 153.14, 59.84, 0.016752
hold595, 153.14, 59.84, 0.016752
FILLER_0_18_334, 153.14, 59.84, 0.016752
FILLER_0_19_333, 153.14, 59.84, 0.016752
_3641_, 165.94, 59.84, 0.0171473
_5473_, 165.94, 59.84, 0.0171473
_6889_, 165.94, 59.84, 0.0171473
_6896_, 165.94, 59.84, 0.0171473
_6897_, 165.94, 59.84, 0.0171473
_7108_, 165.94, 59.84, 0.0171473
_7865_, 165.94, 59.84, 0.0171473
hold634, 165.94, 59.84, 0.0171473
_3628_, 191.445, 59.84, 0.0178223
_7098_, 191.445, 59.84, 0.0178223
clkbuf_leaf_87_clk, 191.445, 59.84, 0.0178223
hold542, 191.445, 59.84, 0.0178223
FILLER_0_19_410, 191.445, 59.84, 0.0178223
_3602_, 204.15, 59.84, 0.0180667
_3603_, 204.15, 59.84, 0.0180667
_3605_, 204.15, 59.84, 0.0180667
_3606_, 204.15, 59.84, 0.0180667
_3629_, 204.15, 59.84, 0.0180667
_7099_, 204.15, 59.84, 0.0180667
hold433, 204.15, 59.84, 0.0180667
hold535, 204.15, 59.84, 0.0180667
FILLER_0_17_421, 204.15, 59.84, 0.0180667
FILLER_0_18_421, 204.15, 59.84, 0.0180667
_3562_, 216.855, 59.84, 0.0182654
_3564_, 216.855, 59.84, 0.0182654
_3604_, 216.855, 59.84, 0.0182654
_3609_, 216.855, 59.84, 0.0182654
_3611_, 216.855, 59.84, 0.0182654
_7094_, 216.855, 59.84, 0.0182654
FILLER_0_17_453, 216.855, 59.84, 0.0182654
FILLER_0_18_467, 216.855, 59.84, 0.0182654
_7000_, 242.265, 59.84, 0.0185945
_7001_, 242.265, 59.84, 0.0185945
_7905_, 242.265, 59.84, 0.0185945
_7907_, 242.265, 59.84, 0.0185945
hold583, 242.265, 59.84, 0.0185945
_5927_, 254.97, 59.84, 0.0187362
_7081_, 254.97, 59.84, 0.0187362
_7082_, 254.97, 59.84, 0.0187362
_7088_, 254.97, 59.84, 0.0187362
_7941_, 254.97, 59.84, 0.0187362
hold512, 254.97, 59.84, 0.0187362
_6990_, 267.675, 59.84, 0.0188471
_7047_, 267.675, 59.84, 0.0188471
_7087_, 267.675, 59.84, 0.0188471
hold488, 267.675, 59.84, 0.0188471
FILLER_0_17_569, 267.675, 59.84, 0.0188471
FILLER_0_18_570, 267.675, 59.84, 0.0188471
_7017_, 280.38, 59.84, 0.0189495
_7044_, 280.38, 59.84, 0.0189495
_7074_, 280.38, 59.84, 0.0189495
hold518, 280.38, 59.84, 0.0189495
FILLER_0_18_589, 280.38, 59.84, 0.0189495
FILLER_0_18_610, 280.38, 59.84, 0.0189495
FILLER_0_19_609, 280.38, 59.84, 0.0189495
_5937_, 293.085, 59.84, 0.0190392
_7072_, 293.085, 59.84, 0.0190392
hold545, 293.085, 59.84, 0.0190392
hold551, 293.085, 59.84, 0.0190392
FILLER_0_18_618, 293.085, 59.84, 0.0190392
_7058_, 305.79, 59.84, 0.0191062
_7059_, 305.79, 59.84, 0.0191062
_7931_, 305.79, 59.84, 0.0191062
clkbuf_leaf_78_clk, 305.79, 59.84, 0.0191062
FILLER_0_17_649, 305.79, 59.84, 0.0191062
FILLER_0_18_645, 305.79, 59.84, 0.0191062
PHY_30, 5.52, 54.4, 0.00991063
PHY_32, 5.52, 54.4, 0.00991063
PHY_31, 331.2, 54.4, 0.018346
PHY_33, 331.2, 54.4, 0.018346
input2, 331.2, 54.4, 0.018346
FILLER_0_15_697, 331.2, 54.4, 0.018346
FILLER_0_16_697, 331.2, 54.4, 0.018346
FILLER_0_16_701, 331.2, 54.4, 0.018346
_4766_, 37.94, 54.4, 0.0106363
_4767_, 37.94, 54.4, 0.0106363
_4768_, 37.94, 54.4, 0.0106363
_4769_, 37.94, 54.4, 0.0106363
_4777_, 37.94, 54.4, 0.0106363
FILLER_0_15_57, 37.94, 54.4, 0.0106363
FILLER_0_16_75, 37.94, 54.4, 0.0106363
FILLER_0_17_82, 37.94, 54.4, 0.0106363
_4755_, 50.74, 54.4, 0.0113359
_4765_, 50.74, 54.4, 0.0113359
_4776_, 50.74, 54.4, 0.0113359
_4789_, 50.74, 54.4, 0.0113359
_4806_, 50.74, 54.4, 0.0113359
FILLER_0_17_102, 50.74, 54.4, 0.0113359
_4735_, 63.54, 54.4, 0.0119977
_4740_, 63.54, 54.4, 0.0119977
_4744_, 63.54, 54.4, 0.0119977
_4758_, 63.54, 54.4, 0.0119977
_4788_, 63.54, 54.4, 0.0119977
FILLER_0_15_117, 63.54, 54.4, 0.0119977
FILLER_0_16_124, 63.54, 54.4, 0.0119977
_3956_, 76.34, 54.4, 0.0126311
_4723_, 76.34, 54.4, 0.0126311
_4726_, 76.34, 54.4, 0.0126311
_4727_, 76.34, 54.4, 0.0126311
_4728_, 76.34, 54.4, 0.0126311
_4729_, 76.34, 54.4, 0.0126311
_4733_, 76.34, 54.4, 0.0126311
_4734_, 76.34, 54.4, 0.0126311
FILLER_0_15_150, 76.34, 54.4, 0.0126311
_3991_, 89.14, 54.4, 0.0132459
_3992_, 89.14, 54.4, 0.0132459
_3995_, 89.14, 54.4, 0.0132459
_4009_, 89.14, 54.4, 0.0132459
_7181_, 89.14, 54.4, 0.0132459
hold772, 89.14, 54.4, 0.0132459
_3989_, 101.94, 54.4, 0.0138191
_3996_, 101.94, 54.4, 0.0138191
_3997_, 101.94, 54.4, 0.0138191
_4004_, 101.94, 54.4, 0.0138191
_4008_, 101.94, 54.4, 0.0138191
FILLER_0_17_220, 101.94, 54.4, 0.0138191
_4018_, 114.74, 54.4, 0.0143664
_4033_, 114.74, 54.4, 0.0143664
FILLER_0_15_225, 114.74, 54.4, 0.0143664
FILLER_0_16_237, 114.74, 54.4, 0.0143664
_4028_, 127.54, 54.4, 0.0149021
_4029_, 127.54, 54.4, 0.0149021
_4357_, 127.54, 54.4, 0.0149021
_7426_, 127.54, 54.4, 0.0149021
FILLER_0_15_259, 127.54, 54.4, 0.0149021
FILLER_0_16_263, 127.54, 54.4, 0.0149021
FILLER_0_17_271, 127.54, 54.4, 0.0149021
_5033_, 140.34, 54.4, 0.0154035
_6848_, 140.34, 54.4, 0.0154035
_7843_, 140.34, 54.4, 0.0154035
hold417, 140.34, 54.4, 0.0154035
hold579, 140.34, 54.4, 0.0154035
FILLER_0_17_300, 140.34, 54.4, 0.0154035
_5513_, 153.14, 54.4, 0.0158672
_6778_, 153.14, 54.4, 0.0158672
_6929_, 153.14, 54.4, 0.0158672
_6930_, 153.14, 54.4, 0.0158672
_7879_, 153.14, 54.4, 0.0158672
hold577, 153.14, 54.4, 0.0158672
FILLER_0_15_316, 153.14, 54.4, 0.0158672
FILLER_0_16_309, 153.14, 54.4, 0.0158672
FILLER_0_17_333, 153.14, 54.4, 0.0158672
_5481_, 165.94, 54.4, 0.0162822
_5516_, 165.94, 54.4, 0.0162822
_6842_, 165.94, 54.4, 0.0162822
_6888_, 165.94, 54.4, 0.0162822
_7841_, 165.94, 54.4, 0.0162822
_7861_, 165.94, 54.4, 0.0162822
hold636, 165.94, 54.4, 0.0162822
_5474_, 191.445, 54.4, 0.0169541
_6833_, 191.445, 54.4, 0.0169541
_7104_, 191.445, 54.4, 0.0169541
hold473, 191.445, 54.4, 0.0169541
FILLER_0_16_417, 191.445, 54.4, 0.0169541
_3607_, 204.15, 54.4, 0.0172238
_7827_, 204.15, 54.4, 0.0172238
_3610_, 216.855, 54.4, 0.0174771
_3612_, 216.855, 54.4, 0.0174771
_3614_, 216.855, 54.4, 0.0174771
_3615_, 216.855, 54.4, 0.0174771
_7100_, 216.855, 54.4, 0.0174771
_7101_, 216.855, 54.4, 0.0174771
hold498, 216.855, 54.4, 0.0174771
hold499, 216.855, 54.4, 0.0174771
_3616_, 229.56, 54.4, 0.017669
_6780_, 229.56, 54.4, 0.017669
_7820_, 229.56, 54.4, 0.017669
hold123, 229.56, 54.4, 0.017669
FILLER_0_16_489, 229.56, 54.4, 0.017669
FILLER_0_17_491, 229.56, 54.4, 0.017669
FILLER_0_17_499, 229.56, 54.4, 0.017669
_6779_, 242.265, 54.4, 0.0178314
hold760, 242.265, 54.4, 0.0178314
FILLER_0_15_505, 242.265, 54.4, 0.0178314
FILLER_0_15_513, 242.265, 54.4, 0.0178314
FILLER_0_16_526, 242.265, 54.4, 0.0178314
FILLER_0_17_526, 242.265, 54.4, 0.0178314
_5935_, 254.97, 54.4, 0.0179842
_6989_, 254.97, 54.4, 0.0179842
_7900_, 254.97, 54.4, 0.0179842
FILLER_0_15_533, 254.97, 54.4, 0.0179842
FILLER_0_16_545, 254.97, 54.4, 0.0179842
_5934_, 267.675, 54.4, 0.018125
_5938_, 267.675, 54.4, 0.018125
_5939_, 267.675, 54.4, 0.018125
_6984_, 267.675, 54.4, 0.018125
_7043_, 267.675, 54.4, 0.018125
_7924_, 267.675, 54.4, 0.018125
_5908_, 280.38, 54.4, 0.0182341
_7010_, 280.38, 54.4, 0.0182341
_7011_, 280.38, 54.4, 0.0182341
_7016_, 280.38, 54.4, 0.0182341
_7024_, 280.38, 54.4, 0.0182341
_7030_, 280.38, 54.4, 0.0182341
_7912_, 280.38, 54.4, 0.0182341
FILLER_0_16_585, 280.38, 54.4, 0.0182341
_7029_, 293.085, 54.4, 0.0183093
_7069_, 293.085, 54.4, 0.0183093
_7918_, 293.085, 54.4, 0.0183093
_7935_, 293.085, 54.4, 0.0183093
hold514, 293.085, 54.4, 0.0183093
_7054_, 305.79, 54.4, 0.0183433
_7055_, 305.79, 54.4, 0.0183433
_7056_, 305.79, 54.4, 0.0183433
_7068_, 305.79, 54.4, 0.0183433
_7929_, 305.79, 54.4, 0.0183433
hold534, 305.79, 54.4, 0.0183433
FILLER_0_16_640, 305.79, 54.4, 0.0183433
FILLER_0_15_669, 318.495, 54.4, 0.0183447
PHY_26, 5.52, 48.96, 0.00866156
PHY_28, 5.52, 48.96, 0.00866156
PHY_27, 331.2, 48.96, 0.0173411
PHY_29, 331.2, 48.96, 0.0173411
FILLER_0_13_697, 331.2, 48.96, 0.0173411
FILLER_0_14_701, 331.2, 48.96, 0.0173411
_4764_, 37.94, 48.96, 0.00937053
_4790_, 37.94, 48.96, 0.00937053
FILLER_0_13_69, 37.94, 48.96, 0.00937053
FILLER_0_15_74, 37.94, 48.96, 0.00937053
_4748_, 50.74, 48.96, 0.010077
_4750_, 50.74, 48.96, 0.010077
_4763_, 50.74, 48.96, 0.010077
FILLER_0_13_94, 50.74, 48.96, 0.010077
FILLER_0_14_97, 50.74, 48.96, 0.010077
FILLER_0_14_109, 50.74, 48.96, 0.010077
FILLER_0_15_108, 50.74, 48.96, 0.010077
_4741_, 63.54, 48.96, 0.0107728
_4742_, 63.54, 48.96, 0.0107728
_4745_, 63.54, 48.96, 0.0107728
_4753_, 63.54, 48.96, 0.0107728
_4754_, 63.54, 48.96, 0.0107728
FILLER_0_13_125, 63.54, 48.96, 0.0107728
FILLER_0_14_119, 63.54, 48.96, 0.0107728
FILLER_0_15_140, 63.54, 48.96, 0.0107728
_3957_, 76.34, 48.96, 0.011448
_4688_, 76.34, 48.96, 0.011448
_7345_, 76.34, 48.96, 0.011448
FILLER_0_13_142, 76.34, 48.96, 0.011448
FILLER_0_13_150, 76.34, 48.96, 0.011448
FILLER_0_15_158, 76.34, 48.96, 0.011448
_3644_, 89.14, 48.96, 0.0120937
hold563, 89.14, 48.96, 0.0120937
FILLER_0_13_169, 89.14, 48.96, 0.0120937
_3879_, 101.94, 48.96, 0.0127261
_3983_, 101.94, 48.96, 0.0127261
_3990_, 101.94, 48.96, 0.0127261
_4020_, 101.94, 48.96, 0.0127261
FILLER_0_14_214, 101.94, 48.96, 0.0127261
FILLER_0_15_213, 101.94, 48.96, 0.0127261
FILLER_0_15_221, 101.94, 48.96, 0.0127261
_3893_, 114.74, 48.96, 0.0133284
_4019_, 114.74, 48.96, 0.0133284
_4021_, 114.74, 48.96, 0.0133284
_4030_, 114.74, 48.96, 0.0133284
_4031_, 114.74, 48.96, 0.0133284
_4032_, 114.74, 48.96, 0.0133284
FILLER_0_13_231, 114.74, 48.96, 0.0133284
FILLER_0_14_248, 114.74, 48.96, 0.0133284
FILLER_0_15_244, 114.74, 48.96, 0.0133284
_3647_, 127.54, 48.96, 0.0139067
FILLER_0_14_265, 127.54, 48.96, 0.0139067
FILLER_0_15_272, 127.54, 48.96, 0.0139067
_6847_, 140.34, 48.96, 0.0144449
_6849_, 140.34, 48.96, 0.0144449
_6850_, 140.34, 48.96, 0.0144449
_7844_, 140.34, 48.96, 0.0144449
hold547, 140.34, 48.96, 0.0144449
FILLER_0_13_281, 140.34, 48.96, 0.0144449
FILLER_0_14_305, 140.34, 48.96, 0.0144449
_6844_, 153.14, 48.96, 0.014953
_6932_, 153.14, 48.96, 0.014953
clkbuf_leaf_100_clk, 153.14, 48.96, 0.014953
FILLER_0_15_328, 153.14, 48.96, 0.014953
_5484_, 165.94, 48.96, 0.0154055
_5492_, 165.94, 48.96, 0.0154055
_6891_, 165.94, 48.96, 0.0154055
_7862_, 165.94, 48.96, 0.0154055
hold606, 165.94, 48.96, 0.0154055
FILLER_0_14_340, 165.94, 48.96, 0.0154055
FILLER_0_14_361, 165.94, 48.96, 0.0154055
FILLER_0_15_353, 165.94, 48.96, 0.0154055
_3624_, 191.445, 48.96, 0.0161114
_5485_, 191.445, 48.96, 0.0161114
_6830_, 191.445, 48.96, 0.0161114
_6884_, 191.445, 48.96, 0.0161114
FILLER_0_13_393, 191.445, 48.96, 0.0161114
FILLER_0_14_400, 191.445, 48.96, 0.0161114
FILLER_0_14_412, 191.445, 48.96, 0.0161114
_6796_, 204.15, 48.96, 0.0163898
_6798_, 204.15, 48.96, 0.0163898
_6799_, 204.15, 48.96, 0.0163898
_6800_, 204.15, 48.96, 0.0163898
_7826_, 204.15, 48.96, 0.0163898
hold316, 204.15, 48.96, 0.0163898
_3613_, 216.855, 48.96, 0.0166359
_6098_, 216.855, 48.96, 0.0166359
_7102_, 216.855, 48.96, 0.0166359
_7653_, 216.855, 48.96, 0.0166359
FILLER_0_14_453, 216.855, 48.96, 0.0166359
FILLER_0_14_466, 216.855, 48.96, 0.0166359
_3618_, 229.56, 48.96, 0.0168464
_6772_, 229.56, 48.96, 0.0168464
_7897_, 229.56, 48.96, 0.0168464
clkbuf_leaf_83_clk, 229.56, 48.96, 0.0168464
FILLER_0_13_478, 229.56, 48.96, 0.0168464
FILLER_0_14_477, 229.56, 48.96, 0.0168464
FILLER_0_15_489, 229.56, 48.96, 0.0168464
_7003_, 242.265, 48.96, 0.0169764
_7906_, 242.265, 48.96, 0.0169764
hold589, 242.265, 48.96, 0.0169764
hold837, 242.265, 48.96, 0.0169764
FILLER_0_13_513, 242.265, 48.96, 0.0169764
FILLER_0_14_510, 242.265, 48.96, 0.0169764
FILLER_0_15_519, 242.265, 48.96, 0.0169764
_6771_, 254.97, 48.96, 0.0170879
_7083_, 254.97, 48.96, 0.0170879
_7084_, 254.97, 48.96, 0.0170879
_7942_, 254.97, 48.96, 0.0170879
hold493, 254.97, 48.96, 0.0170879
_6997_, 267.675, 48.96, 0.01717
_7037_, 267.675, 48.96, 0.01717
_7038_, 267.675, 48.96, 0.01717
_7064_, 267.675, 48.96, 0.01717
_7078_, 267.675, 48.96, 0.01717
_5911_, 280.38, 48.96, 0.0172488
_5919_, 280.38, 48.96, 0.0172488
_7065_, 280.38, 48.96, 0.0172488
FILLER_0_14_584, 280.38, 48.96, 0.0172488
FILLER_0_14_589, 280.38, 48.96, 0.0172488
FILLER_0_14_608, 280.38, 48.96, 0.0172488
_5915_, 293.085, 48.96, 0.0173054
_5916_, 293.085, 48.96, 0.0173054
_5918_, 293.085, 48.96, 0.0173054
_5936_, 293.085, 48.96, 0.0173054
_7070_, 293.085, 48.96, 0.0173054
_7071_, 293.085, 48.96, 0.0173054
FILLER_0_15_626, 293.085, 48.96, 0.0173054
_7057_, 305.79, 48.96, 0.0173411
_7930_, 305.79, 48.96, 0.0173411
hold500, 305.79, 48.96, 0.0173411
hold502, 305.79, 48.96, 0.0173411
hold505, 305.79, 48.96, 0.0173411
PHY_22, 5.52, 43.52, 0.00743504
PHY_24, 5.52, 43.52, 0.00743504
input8, 5.52, 43.52, 0.00743504
PHY_23, 331.2, 43.52, 0.0162038
PHY_25, 331.2, 43.52, 0.0162038
FILLER_0_11_697, 331.2, 43.52, 0.0162038
FILLER_0_12_701, 331.2, 43.52, 0.0162038
FILLER_0_12_18, 15.33, 43.52, 0.00743476
_4759_, 37.94, 43.52, 0.00823254
_4760_, 37.94, 43.52, 0.00823254
_4761_, 37.94, 43.52, 0.00823254
_4762_, 37.94, 43.52, 0.00823254
hold562, 37.94, 43.52, 0.00823254
FILLER_0_11_69, 37.94, 43.52, 0.00823254
FILLER_0_12_65, 37.94, 43.52, 0.00823254
_4687_, 50.74, 43.52, 0.00899592
_4689_, 50.74, 43.52, 0.00899592
_4747_, 50.74, 43.52, 0.00899592
_4749_, 50.74, 43.52, 0.00899592
_4775_, 50.74, 43.52, 0.00899592
FILLER_0_11_97, 50.74, 43.52, 0.00899592
FILLER_0_12_110, 50.74, 43.52, 0.00899592
FILLER_0_13_106, 50.74, 43.52, 0.00899592
_4736_, 63.54, 43.52, 0.00973518
_4737_, 63.54, 43.52, 0.00973518
_4739_, 63.54, 43.52, 0.00973518
_4743_, 63.54, 43.52, 0.00973518
_4752_, 63.54, 43.52, 0.00973518
hold739, 63.54, 43.52, 0.00973518
FILLER_0_12_123, 63.54, 43.52, 0.00973518
_4683_, 76.34, 43.52, 0.0104408
_7370_, 76.34, 43.52, 0.0104408
FILLER_0_11_148, 76.34, 43.52, 0.0104408
FILLER_0_13_160, 76.34, 43.52, 0.0104408
_3953_, 89.14, 43.52, 0.0111258
_3982_, 89.14, 43.52, 0.0111258
_4684_, 89.14, 43.52, 0.0111258
_7109_, 89.14, 43.52, 0.0111258
FILLER_0_13_188, 89.14, 43.52, 0.0111258
_3959_, 101.94, 43.52, 0.0117605
_3980_, 101.94, 43.52, 0.0117605
_3981_, 101.94, 43.52, 0.0117605
FILLER_0_11_198, 101.94, 43.52, 0.0117605
FILLER_0_13_216, 101.94, 43.52, 0.0117605
_3648_, 114.74, 43.52, 0.0123824
_4692_, 114.74, 43.52, 0.0123824
_7110_, 114.74, 43.52, 0.0123824
_7347_, 114.74, 43.52, 0.0123824
hold437, 114.74, 43.52, 0.0123824
FILLER_0_11_225, 114.74, 43.52, 0.0123824
FILLER_0_12_234, 114.74, 43.52, 0.0123824
FILLER_0_12_249, 114.74, 43.52, 0.0123824
FILLER_0_13_239, 114.74, 43.52, 0.0123824
_3633_, 127.54, 43.52, 0.0129557
_3636_, 127.54, 43.52, 0.0129557
_3649_, 127.54, 43.52, 0.0129557
_6913_, 127.54, 43.52, 0.0129557
_7875_, 127.54, 43.52, 0.0129557
FILLER_0_12_256, 127.54, 43.52, 0.0129557
FILLER_0_13_271, 127.54, 43.52, 0.0129557
_6843_, 140.34, 43.52, 0.0134842
_6912_, 140.34, 43.52, 0.0134842
_7869_, 140.34, 43.52, 0.0134842
FILLER_0_12_295, 140.34, 43.52, 0.0134842
FILLER_0_13_297, 140.34, 43.52, 0.0134842
_5489_, 153.14, 43.52, 0.0139962
_6898_, 153.14, 43.52, 0.0139962
_6926_, 153.14, 43.52, 0.0139962
_6931_, 153.14, 43.52, 0.0139962
_7880_, 153.14, 43.52, 0.0139962
hold638, 153.14, 43.52, 0.0139962
_6836_, 165.94, 43.52, 0.0144807
_6866_, 165.94, 43.52, 0.0144807
_6885_, 165.94, 43.52, 0.0144807
_6890_, 165.94, 43.52, 0.0144807
_7851_, 165.94, 43.52, 0.0144807
FILLER_0_12_352, 165.94, 43.52, 0.0144807
FILLER_0_13_360, 165.94, 43.52, 0.0144807
_3622_, 191.445, 43.52, 0.0151984
_3623_, 191.445, 43.52, 0.0151984
_6790_, 191.445, 43.52, 0.0151984
_6793_, 191.445, 43.52, 0.0151984
_6829_, 191.445, 43.52, 0.0151984
FILLER_0_11_400, 191.445, 43.52, 0.0151984
FILLER_0_12_391, 191.445, 43.52, 0.0151984
FILLER_0_12_417, 191.445, 43.52, 0.0151984
FILLER_0_13_409, 191.445, 43.52, 0.0151984
_6797_, 204.15, 43.52, 0.0154289
_7825_, 204.15, 43.52, 0.0154289
hold614, 204.15, 43.52, 0.0154289
hold793, 204.15, 43.52, 0.0154289
_6099_, 216.855, 43.52, 0.0156206
_7834_, 216.855, 43.52, 0.0156206
FILLER_0_12_472, 216.855, 43.52, 0.0156206
_5194_, 229.56, 43.52, 0.0157861
hold806, 229.56, 43.52, 0.0157861
FILLER_0_12_484, 229.56, 43.52, 0.0157861
FILLER_0_12_492, 229.56, 43.52, 0.0157861
_6967_, 242.265, 43.52, 0.0159148
_6979_, 242.265, 43.52, 0.0159148
_6980_, 242.265, 43.52, 0.0159148
_6981_, 242.265, 43.52, 0.0159148
_6982_, 242.265, 43.52, 0.0159148
_7002_, 242.265, 43.52, 0.0159148
FILLER_0_11_508, 242.265, 43.52, 0.0159148
FILLER_0_13_526, 242.265, 43.52, 0.0159148
_6953_, 254.97, 43.52, 0.0160188
_6983_, 254.97, 43.52, 0.0160188
FILLER_0_12_533, 254.97, 43.52, 0.0160188
_6770_, 267.675, 43.52, 0.0161175
_6947_, 267.675, 43.52, 0.0161175
_6949_, 267.675, 43.52, 0.0161175
_7051_, 267.675, 43.52, 0.0161175
_7887_, 267.675, 43.52, 0.0161175
hold857, 267.675, 43.52, 0.0161175
FILLER_0_12_564, 267.675, 43.52, 0.0161175
FILLER_0_12_575, 267.675, 43.52, 0.0161175
_5905_, 280.38, 43.52, 0.0161791
_5906_, 280.38, 43.52, 0.0161791
_5910_, 280.38, 43.52, 0.0161791
_5913_, 280.38, 43.52, 0.0161791
FILLER_0_12_589, 280.38, 43.52, 0.0161791
FILLER_0_12_608, 280.38, 43.52, 0.0161791
_5912_, 293.085, 43.52, 0.0162038
_5917_, 293.085, 43.52, 0.0162038
_7936_, 293.085, 43.52, 0.0162038
FILLER_0_13_627, 293.085, 43.52, 0.0162038
FILLER_0_12_640, 305.79, 43.52, 0.0162038
FILLER_0_13_666, 305.79, 43.52, 0.0162038
FILLER_0_12_693, 318.495, 43.52, 0.0162038
PHY_18, 5.52, 38.08, 0.0061427
PHY_20, 5.52, 38.08, 0.0061427
PHY_19, 331.2, 38.08, 0.0161273
PHY_21, 331.2, 38.08, 0.0161273
FILLER_0_9_697, 331.2, 38.08, 0.0161273
FILLER_0_10_701, 331.2, 38.08, 0.0161273
_4774_, 37.94, 38.08, 0.00698003
FILLER_0_10_77, 37.94, 38.08, 0.00698003
FILLER_0_11_83, 37.94, 38.08, 0.00698003
_4746_, 50.74, 38.08, 0.00781659
FILLER_0_10_109, 50.74, 38.08, 0.00781659
FILLER_0_11_103, 50.74, 38.08, 0.00781659
_4685_, 63.54, 38.08, 0.00865013
_4738_, 63.54, 38.08, 0.00865013
_4751_, 63.54, 38.08, 0.00865013
FILLER_0_10_133, 63.54, 38.08, 0.00865013
FILLER_0_11_133, 63.54, 38.08, 0.00865013
_4686_, 76.34, 38.08, 0.00947114
_4690_, 76.34, 38.08, 0.00947114
_7346_, 76.34, 38.08, 0.00947114
clkbuf_leaf_105_clk, 76.34, 38.08, 0.00947114
hold504, 76.34, 38.08, 0.00947114
FILLER_0_9_145, 76.34, 38.08, 0.00947114
FILLER_0_11_165, 76.34, 38.08, 0.00947114
_3645_, 89.14, 38.08, 0.0102143
_3952_, 89.14, 38.08, 0.0102143
_7179_, 89.14, 38.08, 0.0102143
hold490, 89.14, 38.08, 0.0102143
hold698, 89.14, 38.08, 0.0102143
FILLER_0_10_176, 89.14, 38.08, 0.0102143
_3955_, 101.94, 38.08, 0.0109141
_3958_, 101.94, 38.08, 0.0109141
_7182_, 101.94, 38.08, 0.0109141
hold759, 101.94, 38.08, 0.0109141
FILLER_0_10_197, 101.94, 38.08, 0.0109141
_3961_, 114.74, 38.08, 0.0115769
_7183_, 114.74, 38.08, 0.0115769
hold665, 114.74, 38.08, 0.0115769
FILLER_0_9_225, 114.74, 38.08, 0.0115769
FILLER_0_10_247, 114.74, 38.08, 0.0115769
FILLER_0_11_251, 114.74, 38.08, 0.0115769
_3627_, 127.54, 38.08, 0.0122096
_3639_, 127.54, 38.08, 0.0122096
_6920_, 127.54, 38.08, 0.0122096
_6921_, 127.54, 38.08, 0.0122096
_7872_, 127.54, 38.08, 0.0122096
hold693, 127.54, 38.08, 0.0122096
FILLER_0_10_253, 127.54, 38.08, 0.0122096
_3630_, 140.34, 38.08, 0.0127992
_5471_, 140.34, 38.08, 0.0127992
_6906_, 140.34, 38.08, 0.0127992
_6907_, 140.34, 38.08, 0.0127992
_7866_, 140.34, 38.08, 0.0127992
hold632, 140.34, 38.08, 0.0127992
FILLER_0_10_296, 140.34, 38.08, 0.0127992
_6857_, 153.14, 38.08, 0.0133381
_6858_, 153.14, 38.08, 0.0133381
_6860_, 153.14, 38.08, 0.0133381
_6865_, 153.14, 38.08, 0.0133381
_6899_, 153.14, 38.08, 0.0133381
_7848_, 153.14, 38.08, 0.0133381
hold617, 153.14, 38.08, 0.0133381
FILLER_0_9_312, 153.14, 38.08, 0.0133381
FILLER_0_10_324, 153.14, 38.08, 0.0133381
_5499_, 165.94, 38.08, 0.013858
_6879_, 165.94, 38.08, 0.013858
_7857_, 165.94, 38.08, 0.013858
hold537, 165.94, 38.08, 0.013858
FILLER_0_9_337, 165.94, 38.08, 0.013858
FILLER_0_10_343, 165.94, 38.08, 0.013858
_5459_, 191.445, 38.08, 0.0147673
_6791_, 191.445, 38.08, 0.0147673
_7824_, 191.445, 38.08, 0.0147673
hold672, 191.445, 38.08, 0.0147673
FILLER_0_11_411, 191.445, 38.08, 0.0147673
_3621_, 204.15, 38.08, 0.0151268
_6794_, 204.15, 38.08, 0.0151268
_6795_, 204.15, 38.08, 0.0151268
_6813_, 204.15, 38.08, 0.0151268
_6826_, 204.15, 38.08, 0.0151268
clkbuf_leaf_85_clk, 204.15, 38.08, 0.0151268
FILLER_0_10_431, 204.15, 38.08, 0.0151268
_6820_, 216.855, 38.08, 0.0154111
_6823_, 216.855, 38.08, 0.0154111
_6824_, 216.855, 38.08, 0.0154111
_7896_, 216.855, 38.08, 0.0154111
hold755, 216.855, 38.08, 0.0154111
FILLER_0_10_446, 216.855, 38.08, 0.0154111
FILLER_0_10_470, 216.855, 38.08, 0.0154111
_3619_, 229.56, 38.08, 0.0156455
_3620_, 229.56, 38.08, 0.0156455
_6815_, 229.56, 38.08, 0.0156455
_6971_, 229.56, 38.08, 0.0156455
_6976_, 229.56, 38.08, 0.0156455
_6977_, 229.56, 38.08, 0.0156455
_6978_, 229.56, 38.08, 0.0156455
_6768_, 242.265, 38.08, 0.0158372
_6769_, 242.265, 38.08, 0.0158372
_6955_, 242.265, 38.08, 0.0158372
_6969_, 242.265, 38.08, 0.0158372
_6970_, 242.265, 38.08, 0.0158372
_7889_, 242.265, 38.08, 0.0158372
FILLER_0_9_505, 242.265, 38.08, 0.0158372
FILLER_0_11_522, 242.265, 38.08, 0.0158372
_6944_, 254.97, 38.08, 0.0159768
_6950_, 254.97, 38.08, 0.0159768
_6951_, 254.97, 38.08, 0.0159768
_6952_, 254.97, 38.08, 0.0159768
_6954_, 254.97, 38.08, 0.0159768
clkbuf_leaf_80_clk, 254.97, 38.08, 0.0159768
hold407, 254.97, 38.08, 0.0159768
hold408, 254.97, 38.08, 0.0159768
FILLER_0_9_530, 254.97, 38.08, 0.0159768
FILLER_0_10_546, 254.97, 38.08, 0.0159768
FILLER_0_11_554, 254.97, 38.08, 0.0159768
_6943_, 267.675, 38.08, 0.0160429
_6945_, 267.675, 38.08, 0.0160429
_6948_, 267.675, 38.08, 0.0160429
FILLER_0_9_557, 267.675, 38.08, 0.0160429
FILLER_0_10_579, 267.675, 38.08, 0.0160429
_5907_, 280.38, 38.08, 0.0160969
_6956_, 280.38, 38.08, 0.0160969
_6958_, 280.38, 38.08, 0.0160969
_6965_, 280.38, 38.08, 0.0160969
hold660, 280.38, 38.08, 0.0160969
FILLER_0_10_589, 280.38, 38.08, 0.0160969
FILLER_0_10_596, 280.38, 38.08, 0.0160969
FILLER_0_10_610, 280.38, 38.08, 0.0160969
FILLER_0_11_610, 280.38, 38.08, 0.0160969
_7893_, 293.085, 38.08, 0.0161273
hold662, 293.085, 38.08, 0.0161273
FILLER_0_9_613, 293.085, 38.08, 0.0161273
FILLER_0_9_617, 293.085, 38.08, 0.0161273
FILLER_0_10_636, 293.085, 38.08, 0.0161273
FILLER_0_11_665, 305.79, 38.08, 0.0161273
FILLER_0_10_693, 318.495, 38.08, 0.0161273
PHY_14, 5.52, 32.64, 0.00473539
PHY_16, 5.52, 32.64, 0.00473539
PHY_15, 331.2, 32.64, 0.0153966
PHY_17, 331.2, 32.64, 0.0153966
output50, 331.2, 32.64, 0.0153966
FILLER_0_7_697, 331.2, 32.64, 0.0153966
FILLER_0_8_701, 331.2, 32.64, 0.0153966
FILLER_0_8_77, 37.94, 32.64, 0.00551516
FILLER_0_9_105, 50.74, 32.64, 0.00629493
FILLER_0_8_133, 63.54, 32.64, 0.0070747
FILLER_0_9_137, 63.54, 32.64, 0.0070747
_7344_, 76.34, 32.64, 0.00785447
FILLER_0_7_149, 76.34, 32.64, 0.00785447
FILLER_0_8_141, 76.34, 32.64, 0.00785447
FILLER_0_8_167, 76.34, 32.64, 0.00785447
_7343_, 89.14, 32.64, 0.00861802
FILLER_0_8_191, 89.14, 32.64, 0.00861802
_7180_, 101.94, 32.64, 0.00936612
hold652, 101.94, 32.64, 0.00936612
FILLER_0_7_205, 101.94, 32.64, 0.00936612
FILLER_0_8_197, 101.94, 32.64, 0.00936612
_3960_, 114.74, 32.64, 0.0100905
FILLER_0_7_237, 114.74, 32.64, 0.0100905
FILLER_0_8_232, 114.74, 32.64, 0.0100905
FILLER_0_8_245, 114.74, 32.64, 0.0100905
FILLER_0_9_249, 114.74, 32.64, 0.0100905
_6914_, 127.54, 32.64, 0.0108103
clkbuf_leaf_102_clk, 127.54, 32.64, 0.0108103
FILLER_0_7_256, 127.54, 32.64, 0.0108103
_5498_, 140.34, 32.64, 0.0114645
_6900_, 140.34, 32.64, 0.0114645
_6901_, 140.34, 32.64, 0.0114645
hold676, 140.34, 32.64, 0.0114645
hold686, 140.34, 32.64, 0.0114645
FILLER_0_7_292, 140.34, 32.64, 0.0114645
FILLER_0_8_301, 140.34, 32.64, 0.0114645
_5462_, 153.14, 32.64, 0.0121018
_5464_, 153.14, 32.64, 0.0121018
_6859_, 153.14, 32.64, 0.0121018
hold519, 153.14, 32.64, 0.0121018
FILLER_0_8_309, 153.14, 32.64, 0.0121018
FILLER_0_9_333, 153.14, 32.64, 0.0121018
_5472_, 165.94, 32.64, 0.0127281
_6872_, 165.94, 32.64, 0.0127281
hold501, 165.94, 32.64, 0.0127281
hold580, 165.94, 32.64, 0.0127281
FILLER_0_7_337, 165.94, 32.64, 0.0127281
FILLER_0_8_348, 165.94, 32.64, 0.0127281
FILLER_0_9_350, 165.94, 32.64, 0.0127281
_6802_, 191.445, 32.64, 0.0136518
_6804_, 191.445, 32.64, 0.0136518
_6811_, 191.445, 32.64, 0.0136518
FILLER_0_7_397, 191.445, 32.64, 0.0136518
FILLER_0_9_417, 191.445, 32.64, 0.0136518
_6827_, 204.15, 32.64, 0.0139566
_6828_, 204.15, 32.64, 0.0139566
hold679, 204.15, 32.64, 0.0139566
hold839, 204.15, 32.64, 0.0139566
FILLER_0_8_429, 204.15, 32.64, 0.0139566
_6801_, 216.855, 32.64, 0.0142393
_6814_, 216.855, 32.64, 0.0142393
_6816_, 216.855, 32.64, 0.0142393
_6817_, 216.855, 32.64, 0.0142393
_6822_, 216.855, 32.64, 0.0142393
_6825_, 216.855, 32.64, 0.0142393
_6968_, 229.56, 32.64, 0.0144912
_6972_, 229.56, 32.64, 0.0144912
_7894_, 229.56, 32.64, 0.0144912
FILLER_0_7_481, 229.56, 32.64, 0.0144912
FILLER_0_8_477, 229.56, 32.64, 0.0144912
FILLER_0_9_499, 229.56, 32.64, 0.0144912
_6974_, 242.265, 32.64, 0.0147152
_7895_, 242.265, 32.64, 0.0147152
hold807, 242.265, 32.64, 0.0147152
FILLER_0_7_501, 242.265, 32.64, 0.0147152
FILLER_0_8_521, 242.265, 32.64, 0.0147152
FILLER_0_9_522, 242.265, 32.64, 0.0147152
_7888_, 254.97, 32.64, 0.0149078
hold548, 254.97, 32.64, 0.0149078
FILLER_0_8_529, 254.97, 32.64, 0.0149078
FILLER_0_8_555, 254.97, 32.64, 0.0149078
FILLER_0_9_545, 254.97, 32.64, 0.0149078
_6946_, 267.675, 32.64, 0.0150776
_7886_, 267.675, 32.64, 0.0150776
FILLER_0_7_557, 267.675, 32.64, 0.0150776
FILLER_0_8_582, 267.675, 32.64, 0.0150776
FILLER_0_9_574, 267.675, 32.64, 0.0150776
_6957_, 280.38, 32.64, 0.01522
_6959_, 280.38, 32.64, 0.01522
_6960_, 280.38, 32.64, 0.01522
_6962_, 280.38, 32.64, 0.01522
_6963_, 280.38, 32.64, 0.01522
_6966_, 280.38, 32.64, 0.01522
hold750, 280.38, 32.64, 0.01522
FILLER_0_7_596, 280.38, 32.64, 0.01522
FILLER_0_8_589, 280.38, 32.64, 0.01522
_6964_, 293.085, 32.64, 0.015337
_7892_, 293.085, 32.64, 0.015337
clkbuf_leaf_79_clk, 293.085, 32.64, 0.015337
FILLER_0_7_620, 293.085, 32.64, 0.015337
FILLER_0_8_636, 293.085, 32.64, 0.015337
_4281_, 305.79, 32.64, 0.0153742
_4323_, 305.79, 32.64, 0.0153742
_7257_, 305.79, 32.64, 0.0153742
FILLER_0_9_666, 305.79, 32.64, 0.0153742
hold794, 318.495, 32.64, 0.0153873
PHY_10, 5.52, 27.2, 0.00435045
PHY_12, 5.52, 27.2, 0.00435045
PHY_11, 331.2, 27.2, 0.0142938
PHY_13, 331.2, 27.2, 0.0142938
FILLER_0_5_698, 331.2, 27.2, 0.0142938
FILLER_0_6_697, 331.2, 27.2, 0.0142938
FILLER_0_6_701, 331.2, 27.2, 0.0142938
FILLER_0_6_77, 37.94, 27.2, 0.00511443
FILLER_0_7_105, 50.74, 27.2, 0.00587841
FILLER_0_6_133, 63.54, 27.2, 0.00664239
hold602, 76.34, 27.2, 0.00740638
FILLER_0_7_157, 76.34, 27.2, 0.00740638
FILLER_0_6_189, 89.14, 27.2, 0.00816183
_3954_, 101.94, 27.2, 0.00891728
FILLER_0_6_221, 101.94, 27.2, 0.00891728
FILLER_0_7_219, 101.94, 27.2, 0.00891728
_4303_, 114.74, 27.2, 0.00966817
_4304_, 114.74, 27.2, 0.00966817
_7252_, 114.74, 27.2, 0.00966817
_7601_, 114.74, 27.2, 0.00966817
FILLER_0_6_229, 114.74, 27.2, 0.00966817
FILLER_0_7_244, 114.74, 27.2, 0.00966817
_6915_, 127.54, 27.2, 0.0103743
_6916_, 127.54, 27.2, 0.0103743
_6917_, 127.54, 27.2, 0.0103743
_7873_, 127.54, 27.2, 0.0103743
FILLER_0_5_254, 127.54, 27.2, 0.0103743
FILLER_0_5_262, 127.54, 27.2, 0.0103743
FILLER_0_6_253, 127.54, 27.2, 0.0103743
FILLER_0_6_276, 127.54, 27.2, 0.0103743
FILLER_0_7_269, 127.54, 27.2, 0.0103743
FILLER_0_7_277, 127.54, 27.2, 0.0103743
_5482_, 140.34, 27.2, 0.0110691
_6902_, 140.34, 27.2, 0.0110691
_6903_, 140.34, 27.2, 0.0110691
_7867_, 140.34, 27.2, 0.0110691
hold531, 140.34, 27.2, 0.0110691
FILLER_0_5_281, 140.34, 27.2, 0.0110691
_5463_, 153.14, 27.2, 0.0117277
_5467_, 153.14, 27.2, 0.0117277
_5468_, 153.14, 27.2, 0.0117277
_5469_, 153.14, 27.2, 0.0117277
_6862_, 153.14, 27.2, 0.0117277
_7849_, 153.14, 27.2, 0.0117277
FILLER_0_6_321, 153.14, 27.2, 0.0117277
_5466_, 165.94, 27.2, 0.0123627
_5483_, 165.94, 27.2, 0.0123627
_6861_, 165.94, 27.2, 0.0123627
_6873_, 165.94, 27.2, 0.0123627
_6875_, 165.94, 27.2, 0.0123627
hold593, 165.94, 27.2, 0.0123627
FILLER_0_6_353, 165.94, 27.2, 0.0123627
_6803_, 191.445, 27.2, 0.0132448
_6805_, 191.445, 27.2, 0.0132448
_6807_, 191.445, 27.2, 0.0132448
_6808_, 191.445, 27.2, 0.0132448
_6809_, 191.445, 27.2, 0.0132448
_7828_, 191.445, 27.2, 0.0132448
FILLER_0_5_401, 191.445, 27.2, 0.0132448
FILLER_0_6_399, 191.445, 27.2, 0.0132448
FILLER_0_6_412, 191.445, 27.2, 0.0132448
_7835_, 204.15, 27.2, 0.0134718
FILLER_0_6_421, 204.15, 27.2, 0.0134718
FILLER_0_7_440, 204.15, 27.2, 0.0134718
_6818_, 216.855, 27.2, 0.0136801
_7832_, 216.855, 27.2, 0.0136801
hold835, 216.855, 27.2, 0.0136801
FILLER_0_6_472, 216.855, 27.2, 0.0136801
_5869_, 229.56, 27.2, 0.0138564
_6973_, 229.56, 27.2, 0.0138564
_6975_, 229.56, 27.2, 0.0138564
clkbuf_leaf_84_clk, 229.56, 27.2, 0.0138564
FILLER_0_6_477, 229.56, 27.2, 0.0138564
_5857_, 242.265, 27.2, 0.0139731
hold763, 242.265, 27.2, 0.0139731
FILLER_0_5_501, 242.265, 27.2, 0.0139731
FILLER_0_5_513, 242.265, 27.2, 0.0139731
FILLER_0_6_517, 242.265, 27.2, 0.0139731
FILLER_0_6_527, 242.265, 27.2, 0.0139731
_5856_, 254.97, 27.2, 0.0140812
hold767, 254.97, 27.2, 0.0140812
FILLER_0_7_549, 254.97, 27.2, 0.0140812
_5852_, 267.675, 27.2, 0.0141759
_7890_, 267.675, 27.2, 0.0141759
FILLER_0_6_574, 267.675, 27.2, 0.0141759
FILLER_0_6_581, 267.675, 27.2, 0.0141759
_6961_, 280.38, 27.2, 0.014243
_7891_, 280.38, 27.2, 0.014243
hold749, 280.38, 27.2, 0.014243
hold789, 280.38, 27.2, 0.014243
FILLER_0_6_589, 280.38, 27.2, 0.014243
FILLER_0_7_602, 280.38, 27.2, 0.014243
_4282_, 293.085, 27.2, 0.014275
_7247_, 293.085, 27.2, 0.014275
FILLER_0_5_617, 293.085, 27.2, 0.014275
_4324_, 305.79, 27.2, 0.0142882
hold826, 305.79, 27.2, 0.0142882
FILLER_0_6_641, 305.79, 27.2, 0.0142882
FILLER_0_6_653, 305.79, 27.2, 0.0142882
_5880_, 318.495, 27.2, 0.0142938
_5881_, 318.495, 27.2, 0.0142938
FILLER_0_5_673, 318.495, 27.2, 0.0142938
FILLER_0_6_689, 318.495, 27.2, 0.0142938
PHY_6, 5.52, 21.76, 0.00443584
PHY_8, 5.52, 21.76, 0.00443584
input25, 5.52, 21.76, 0.00443584
PHY_7, 331.2, 21.76, 0.0134468
PHY_9, 331.2, 21.76, 0.0134468
FILLER_0_3_697, 331.2, 21.76, 0.0134468
FILLER_0_4_697, 331.2, 21.76, 0.0134468
FILLER_0_4_701, 331.2, 21.76, 0.0134468
FILLER_0_4_18, 15.33, 21.76, 0.00443526
FILLER_0_4_77, 37.94, 21.76, 0.00517402
FILLER_0_5_105, 50.74, 21.76, 0.00591334
FILLER_0_4_133, 63.54, 21.76, 0.00665267
FILLER_0_5_161, 76.34, 21.76, 0.007392
FILLER_0_4_189, 89.14, 21.76, 0.00813133
FILLER_0_4_221, 101.94, 21.76, 0.00887066
FILLER_0_5_217, 101.94, 21.76, 0.00887066
_5834_, 114.74, 21.76, 0.00960999
_5835_, 114.74, 21.76, 0.00960999
FILLER_0_4_244, 114.74, 21.76, 0.00960999
_6909_, 127.54, 21.76, 0.0103369
_6922_, 127.54, 21.76, 0.0103369
_6923_, 127.54, 21.76, 0.0103369
_7870_, 127.54, 21.76, 0.0103369
_7876_, 127.54, 21.76, 0.0103369
hold666, 127.54, 21.76, 0.0103369
FILLER_0_5_277, 127.54, 21.76, 0.0103369
_5506_, 140.34, 21.76, 0.0110347
_5514_, 140.34, 21.76, 0.0110347
_6908_, 140.34, 21.76, 0.0110347
hold586, 140.34, 21.76, 0.0110347
FILLER_0_4_293, 140.34, 21.76, 0.0110347
FILLER_0_5_305, 140.34, 21.76, 0.0110347
_5490_, 153.14, 21.76, 0.0117025
_6870_, 153.14, 21.76, 0.0117025
clkbuf_leaf_101_clk, 153.14, 21.76, 0.0117025
FILLER_0_4_317, 153.14, 21.76, 0.0117025
FILLER_0_5_333, 153.14, 21.76, 0.0117025
_5491_, 165.94, 21.76, 0.0123099
_5507_, 165.94, 21.76, 0.0123099
_5515_, 165.94, 21.76, 0.0123099
_6882_, 165.94, 21.76, 0.0123099
_7855_, 165.94, 21.76, 0.0123099
FILLER_0_4_335, 165.94, 21.76, 0.0123099
FILLER_0_4_348, 165.94, 21.76, 0.0123099
_6806_, 191.445, 21.76, 0.0129997
_7829_, 191.445, 21.76, 0.0129997
hold818, 191.445, 21.76, 0.0129997
_6819_, 204.15, 21.76, 0.0130972
FILLER_0_4_445, 204.15, 21.76, 0.0130972
FILLER_0_5_432, 204.15, 21.76, 0.0130972
_6821_, 216.855, 21.76, 0.0131881
_7833_, 216.855, 21.76, 0.0131881
_5868_, 229.56, 21.76, 0.013256
_7609_, 229.56, 21.76, 0.013256
FILLER_0_4_477, 229.56, 21.76, 0.013256
_7606_, 242.265, 21.76, 0.0133082
FILLER_0_4_524, 242.265, 21.76, 0.0133082
FILLER_0_5_555, 254.97, 21.76, 0.0133459
_5851_, 267.675, 21.76, 0.0133836
_7605_, 267.675, 21.76, 0.0133836
FILLER_0_4_569, 267.675, 21.76, 0.0133836
FILLER_0_4_637, 293.085, 21.76, 0.0134152
FILLER_0_5_663, 305.79, 21.76, 0.013431
_7612_, 318.495, 21.76, 0.0134468
hold795, 318.495, 21.76, 0.0134468
ANTENNA_16, 318.495, 21.76, 0.0134468
FILLER_0_4_669, 318.495, 21.76, 0.0134468
PHY_2, 5.52, 16.32, 0.00447183
PHY_4, 5.52, 16.32, 0.00447183
PHY_3, 331.2, 16.32, 0.0126398
PHY_5, 331.2, 16.32, 0.0126398
FILLER_0_1_697, 331.2, 16.32, 0.0126398
FILLER_0_2_701, 331.2, 16.32, 0.0126398
FILLER_0_2_77, 37.94, 16.32, 0.00517314
FILLER_0_3_105, 50.74, 16.32, 0.00587446
FILLER_0_2_133, 63.54, 16.32, 0.00657577
FILLER_0_3_161, 76.34, 16.32, 0.00727709
FILLER_0_2_189, 89.14, 16.32, 0.0079784
FILLER_0_3_217, 101.94, 16.32, 0.00867972
FILLER_0_2_245, 114.74, 16.32, 0.00938103
FILLER_0_3_249, 114.74, 16.32, 0.00938103
_6918_, 127.54, 16.32, 0.0100824
_6919_, 127.54, 16.32, 0.0100824
_6924_, 127.54, 16.32, 0.0100824
_6925_, 127.54, 16.32, 0.0100824
_7874_, 127.54, 16.32, 0.0100824
_7877_, 127.54, 16.32, 0.0100824
hold712, 127.54, 16.32, 0.0100824
FILLER_0_1_259, 127.54, 16.32, 0.0100824
_6904_, 140.34, 16.32, 0.0107607
_6910_, 140.34, 16.32, 0.0107607
_6911_, 140.34, 16.32, 0.0107607
_7868_, 140.34, 16.32, 0.0107607
hold552, 140.34, 16.32, 0.0107607
_7850_, 153.14, 16.32, 0.0114084
_7852_, 153.14, 16.32, 0.0114084
_7853_, 153.14, 16.32, 0.0114084
hold625, 153.14, 16.32, 0.0114084
FILLER_0_3_328, 153.14, 16.32, 0.0114084
_6867_, 165.94, 16.32, 0.0120261
_6880_, 165.94, 16.32, 0.0120261
_6883_, 165.94, 16.32, 0.0120261
hold581, 165.94, 16.32, 0.0120261
FILLER_0_1_346, 165.94, 16.32, 0.0120261
FILLER_0_2_350, 165.94, 16.32, 0.0120261
FILLER_0_2_410, 191.445, 16.32, 0.0126398
FILLER_0_3_441, 204.15, 16.32, 0.0126398
FILLER_0_2_469, 216.855, 16.32, 0.0126398
FILLER_0_3_497, 229.56, 16.32, 0.0126398
FILLER_0_2_525, 242.265, 16.32, 0.0126398
FILLER_0_3_553, 254.97, 16.32, 0.0126398
FILLER_0_2_581, 267.675, 16.32, 0.0126398
FILLER_0_3_609, 280.38, 16.32, 0.0126398
FILLER_0_2_637, 293.085, 16.32, 0.0126398
FILLER_0_3_665, 305.79, 16.32, 0.0126398
FILLER_0_2_693, 318.495, 16.32, 0.0126398
PHY_0, 5.52, 10.88, 0.00451172
input14, 5.52, 10.88, 0.00451172
PHY_1, 331.2, 10.88, 0.0132128
output38, 331.2, 10.88, 0.0132128
input11, 15.33, 10.88, 0.00451047
FILLER_0_0_19, 15.33, 10.88, 0.00451047
input22, 37.94, 10.88, 0.00521199
FILLER_0_0_69, 37.94, 10.88, 0.00521199
FILLER_0_0_77, 37.94, 10.88, 0.00521199
FILLER_0_0_109, 50.74, 10.88, 0.00591459
FILLER_0_1_105, 50.74, 10.88, 0.00591459
output36, 63.54, 10.88, 0.0066172
FILLER_0_0_133, 63.54, 10.88, 0.0066172
FILLER_0_0_165, 76.34, 10.88, 0.00730342
FILLER_0_1_161, 76.34, 10.88, 0.00730342
input6, 89.14, 10.88, 0.00798965
FILLER_0_0_187, 89.14, 10.88, 0.00798965
input23, 101.94, 10.88, 0.00867446
FILLER_0_0_209, 101.94, 10.88, 0.00867446
FILLER_0_0_217, 101.94, 10.88, 0.00867446
FILLER_0_1_217, 101.94, 10.88, 0.00867446
FILLER_0_0_249, 114.74, 10.88, 0.00935895
FILLER_0_1_249, 114.74, 10.88, 0.00935895
input17, 127.54, 10.88, 0.0100434
FILLER_0_0_265, 127.54, 10.88, 0.0100434
FILLER_0_0_272, 127.54, 10.88, 0.0100434
_6905_, 140.34, 10.88, 0.0107275
_7871_, 140.34, 10.88, 0.0107275
hold635, 140.34, 10.88, 0.0107275
hold700, 140.34, 10.88, 0.0107275
FILLER_0_0_302, 140.34, 10.88, 0.0107275
_6863_, 153.14, 10.88, 0.0113862
_6864_, 153.14, 10.88, 0.0113862
_6868_, 153.14, 10.88, 0.0113862
_6869_, 153.14, 10.88, 0.0113862
output57, 153.14, 10.88, 0.0113862
_6881_, 165.94, 10.88, 0.0120282
_7858_, 165.94, 10.88, 0.0120282
input26, 165.94, 10.88, 0.0120282
hold506, 165.94, 10.88, 0.0120282
hold654, 165.94, 10.88, 0.0120282
output51, 191.445, 10.88, 0.0127374
FILLER_0_0_413, 191.445, 10.88, 0.0127374
FILLER_0_0_445, 204.15, 10.88, 0.0128081
FILLER_0_1_441, 204.15, 10.88, 0.0128081
input31, 216.855, 10.88, 0.0128788
FILLER_0_0_449, 216.855, 10.88, 0.0128788
FILLER_0_0_473, 216.855, 10.88, 0.0128788
output47, 229.56, 10.88, 0.0129491
FILLER_0_0_489, 229.56, 10.88, 0.0129491
FILLER_0_1_497, 229.56, 10.88, 0.0129491
output44, 254.97, 10.88, 0.0130686
FILLER_0_0_529, 254.97, 10.88, 0.0130686
FILLER_0_0_545, 254.97, 10.88, 0.0130686
FILLER_0_0_555, 254.97, 10.88, 0.0130686
FILLER_0_1_553, 254.97, 10.88, 0.0130686
output43, 280.38, 10.88, 0.0131552
FILLER_0_0_585, 280.38, 10.88, 0.0131552
FILLER_0_0_589, 280.38, 10.88, 0.0131552
FILLER_0_1_609, 280.38, 10.88, 0.0131552
output49, 293.085, 10.88, 0.0131822
FILLER_0_0_629, 293.085, 10.88, 0.0131822
FILLER_0_1_665, 305.79, 10.88, 0.0131928
input19, 318.495, 10.88, 0.0132035
FILLER_0_0_669, 318.495, 10.88, 0.0132035
FILLER_0_0_685, 318.495, 10.88, 0.0132035
FILLER_0_0_693, 318.495, 10.88, 0.0132035

