Instance name,  X location,  Y location,  Voltage 
input16, 329.04, 334.56, 1.76829
FILLER_0_118_690, 329.04, 334.56, 1.76829
PHY_235, 329.04, 329.12, 1.76818
PHY_237, 329.04, 329.12, 1.76818
input3, 329.04, 329.12, 1.76818
FILLER_0_116_693, 329.04, 329.12, 1.76818
FILLER_0_117_697, 329.04, 329.12, 1.76818
PHY_231, 329.04, 323.68, 1.76821
PHY_233, 329.04, 323.68, 1.76821
FILLER_0_114_693, 329.04, 323.68, 1.76821
FILLER_0_114_701, 329.04, 323.68, 1.76821
FILLER_0_115_697, 329.04, 323.68, 1.76821
PHY_227, 329.04, 318.24, 1.76826
PHY_229, 329.04, 318.24, 1.76826
FILLER_0_112_693, 329.04, 318.24, 1.76826
FILLER_0_112_701, 329.04, 318.24, 1.76826
FILLER_0_113_697, 329.04, 318.24, 1.76826
PHY_223, 329.04, 312.8, 1.76824
PHY_225, 329.04, 312.8, 1.76824
FILLER_0_110_693, 329.04, 312.8, 1.76824
FILLER_0_110_701, 329.04, 312.8, 1.76824
FILLER_0_111_697, 329.04, 312.8, 1.76824
PHY_219, 329.04, 307.36, 1.76831
PHY_221, 329.04, 307.36, 1.76831
FILLER_0_108_693, 329.04, 307.36, 1.76831
FILLER_0_108_701, 329.04, 307.36, 1.76831
FILLER_0_109_697, 329.04, 307.36, 1.76831
PHY_215, 329.04, 301.92, 1.76836
PHY_217, 329.04, 301.92, 1.76836
input10, 329.04, 301.92, 1.76836
FILLER_0_106_693, 329.04, 301.92, 1.76836
FILLER_0_106_701, 329.04, 301.92, 1.76836
FILLER_0_107_697, 329.04, 301.92, 1.76836
PHY_211, 329.04, 296.48, 1.76843
PHY_213, 329.04, 296.48, 1.76843
FILLER_0_104_693, 329.04, 296.48, 1.76843
FILLER_0_104_701, 329.04, 296.48, 1.76843
FILLER_0_105_697, 329.04, 296.48, 1.76843
PHY_207, 329.04, 291.04, 1.76847
PHY_209, 329.04, 291.04, 1.76847
FILLER_0_102_693, 329.04, 291.04, 1.76847
FILLER_0_102_701, 329.04, 291.04, 1.76847
FILLER_0_103_697, 329.04, 291.04, 1.76847
PHY_203, 329.04, 285.6, 1.76855
PHY_205, 329.04, 285.6, 1.76855
FILLER_0_100_697, 329.04, 285.6, 1.76855
FILLER_0_100_701, 329.04, 285.6, 1.76855
FILLER_0_101_697, 329.04, 285.6, 1.76855
PHY_199, 329.04, 280.16, 1.76863
PHY_201, 329.04, 280.16, 1.76863
output60, 329.04, 280.16, 1.76863
FILLER_0_98_701, 329.04, 280.16, 1.76863
FILLER_0_99_697, 329.04, 280.16, 1.76863
PHY_195, 329.04, 274.72, 1.76868
PHY_197, 329.04, 274.72, 1.76868
hold771, 329.04, 274.72, 1.76868
FILLER_0_96_691, 329.04, 274.72, 1.76868
FILLER_0_96_701, 329.04, 274.72, 1.76868
FILLER_0_97_701, 329.04, 274.72, 1.76868
PHY_191, 329.04, 269.28, 1.76877
PHY_193, 329.04, 269.28, 1.76877
FILLER_0_94_691, 329.04, 269.28, 1.76877
FILLER_0_94_701, 329.04, 269.28, 1.76877
FILLER_0_95_697, 329.04, 269.28, 1.76877
PHY_187, 329.04, 263.84, 1.76888
PHY_189, 329.04, 263.84, 1.76888
FILLER_0_92_701, 329.04, 263.84, 1.76888
FILLER_0_93_697, 329.04, 263.84, 1.76888
PHY_183, 329.04, 258.4, 1.76904
PHY_185, 329.04, 258.4, 1.76904
input18, 329.04, 258.4, 1.76904
FILLER_0_90_697, 329.04, 258.4, 1.76904
FILLER_0_90_701, 329.04, 258.4, 1.76904
FILLER_0_91_697, 329.04, 258.4, 1.76904
PHY_179, 329.04, 252.96, 1.76914
PHY_181, 329.04, 252.96, 1.76914
FILLER_0_88_693, 329.04, 252.96, 1.76914
FILLER_0_88_701, 329.04, 252.96, 1.76914
FILLER_0_89_697, 329.04, 252.96, 1.76914
PHY_175, 329.04, 247.52, 1.76922
PHY_177, 329.04, 247.52, 1.76922
FILLER_0_86_701, 329.04, 247.52, 1.76922
FILLER_0_87_697, 329.04, 247.52, 1.76922
PHY_171, 329.04, 242.08, 1.76939
PHY_173, 329.04, 242.08, 1.76939
FILLER_0_84_697, 329.04, 242.08, 1.76939
FILLER_0_84_701, 329.04, 242.08, 1.76939
_5865_, 329.04, 236.64, 1.76929
PHY_167, 329.04, 236.64, 1.76929
PHY_169, 329.04, 236.64, 1.76929
output46, 329.04, 236.64, 1.76929
_5864_, 329.04, 231.2, 1.7696
_6200_, 329.04, 231.2, 1.7696
PHY_163, 329.04, 231.2, 1.7696
PHY_165, 329.04, 231.2, 1.7696
_6188_, 329.04, 225.76, 1.76985
PHY_159, 329.04, 225.76, 1.76985
PHY_161, 329.04, 225.76, 1.76985
hold718, 329.04, 225.76, 1.76985
FILLER_0_78_701, 329.04, 225.76, 1.76985
PHY_155, 329.04, 220.32, 1.77009
PHY_157, 329.04, 220.32, 1.77009
FILLER_0_76_701, 329.04, 220.32, 1.77009
FILLER_0_77_702, 329.04, 220.32, 1.77009
PHY_151, 329.04, 214.88, 1.77027
PHY_153, 329.04, 214.88, 1.77027
output35, 329.04, 214.88, 1.77027
ANTENNA_13, 329.04, 214.88, 1.77027
FILLER_0_74_691, 329.04, 214.88, 1.77027
FILLER_0_75_694, 329.04, 214.88, 1.77027
FILLER_0_75_702, 329.04, 214.88, 1.77027
_6178_, 329.04, 209.44, 1.77033
PHY_147, 329.04, 209.44, 1.77033
PHY_149, 329.04, 209.44, 1.77033
FILLER_0_72_701, 329.04, 209.44, 1.77033
_6163_, 329.04, 204, 1.77068
_6177_, 329.04, 204, 1.77068
PHY_143, 329.04, 204, 1.77068
PHY_145, 329.04, 204, 1.77068
FILLER_0_71_698, 329.04, 204, 1.77068
PHY_139, 329.04, 198.56, 1.77091
PHY_141, 329.04, 198.56, 1.77091
FILLER_0_68_695, 329.04, 198.56, 1.77091
FILLER_0_68_701, 329.04, 198.56, 1.77091
PHY_135, 329.04, 193.12, 1.77117
PHY_137, 329.04, 193.12, 1.77117
output40, 329.04, 193.12, 1.77117
FILLER_0_67_697, 329.04, 193.12, 1.77117
PHY_131, 329.04, 187.68, 1.77142
PHY_133, 329.04, 187.68, 1.77142
FILLER_0_64_697, 329.04, 187.68, 1.77142
FILLER_0_64_701, 329.04, 187.68, 1.77142
FILLER_0_65_698, 329.04, 187.68, 1.77142
PHY_127, 329.04, 182.24, 1.77161
PHY_129, 329.04, 182.24, 1.77161
FILLER_0_62_701, 329.04, 182.24, 1.77161
FILLER_0_63_696, 329.04, 182.24, 1.77161
_6111_, 329.04, 176.8, 1.77187
PHY_123, 329.04, 176.8, 1.77187
PHY_125, 329.04, 176.8, 1.77187
FILLER_0_60_691, 329.04, 176.8, 1.77187
FILLER_0_60_701, 329.04, 176.8, 1.77187
FILLER_0_61_700, 329.04, 176.8, 1.77187
_6303_, 329.04, 171.36, 1.77214
PHY_119, 329.04, 171.36, 1.77214
PHY_121, 329.04, 171.36, 1.77214
FILLER_0_58_697, 329.04, 171.36, 1.77214
FILLER_0_58_701, 329.04, 171.36, 1.77214
FILLER_0_59_702, 329.04, 171.36, 1.77214
PHY_115, 329.04, 165.92, 1.77243
PHY_117, 329.04, 165.92, 1.77243
input34, 329.04, 165.92, 1.77243
FILLER_0_56_701, 329.04, 165.92, 1.77243
FILLER_0_57_696, 329.04, 165.92, 1.77243
PHY_111, 329.04, 160.48, 1.77268
PHY_113, 329.04, 160.48, 1.77268
FILLER_0_54_701, 329.04, 160.48, 1.77268
FILLER_0_55_701, 329.04, 160.48, 1.77268
_5839_, 329.04, 155.04, 1.77298
PHY_107, 329.04, 155.04, 1.77298
PHY_109, 329.04, 155.04, 1.77298
hold852, 329.04, 155.04, 1.77298
FILLER_0_52_701, 329.04, 155.04, 1.77298
FILLER_0_53_693, 329.04, 155.04, 1.77298
_5838_, 329.04, 149.6, 1.7732
PHY_103, 329.04, 149.6, 1.7732
PHY_105, 329.04, 149.6, 1.7732
hold801, 329.04, 149.6, 1.7732
FILLER_0_50_701, 329.04, 149.6, 1.7732
FILLER_0_51_700, 329.04, 149.6, 1.7732
PHY_99, 329.04, 144.16, 1.7735
PHY_101, 329.04, 144.16, 1.7735
input21, 329.04, 144.16, 1.7735
ANTENNA_11, 329.04, 144.16, 1.7735
ANTENNA_12, 329.04, 144.16, 1.7735
FILLER_0_49_702, 329.04, 144.16, 1.7735
_6366_, 329.04, 138.72, 1.77371
PHY_95, 329.04, 138.72, 1.77371
PHY_97, 329.04, 138.72, 1.77371
FILLER_0_46_701, 329.04, 138.72, 1.77371
_6365_, 329.04, 133.28, 1.77403
PHY_91, 329.04, 133.28, 1.77403
PHY_93, 329.04, 133.28, 1.77403
FILLER_0_44_693, 329.04, 133.28, 1.77403
FILLER_0_44_701, 329.04, 133.28, 1.77403
FILLER_0_45_700, 329.04, 133.28, 1.77403
_6336_, 329.04, 127.84, 1.77442
_6337_, 329.04, 127.84, 1.77442
PHY_87, 329.04, 127.84, 1.77442
PHY_89, 329.04, 127.84, 1.77442
FILLER_0_42_701, 329.04, 127.84, 1.77442
PHY_83, 329.04, 122.4, 1.77483
PHY_85, 329.04, 122.4, 1.77483
input9, 329.04, 122.4, 1.77483
ANTENNA_7, 329.04, 122.4, 1.77483
ANTENNA_8, 329.04, 122.4, 1.77483
_6335_, 329.04, 116.96, 1.7752
_6340_, 329.04, 116.96, 1.7752
PHY_79, 329.04, 116.96, 1.7752
PHY_81, 329.04, 116.96, 1.7752
FILLER_0_38_692, 329.04, 116.96, 1.7752
FILLER_0_38_701, 329.04, 116.96, 1.7752
FILLER_0_39_701, 329.04, 116.96, 1.7752
PHY_75, 329.04, 111.52, 1.77546
PHY_77, 329.04, 111.52, 1.77546
FILLER_0_36_691, 329.04, 111.52, 1.77546
FILLER_0_36_701, 329.04, 111.52, 1.77546
FILLER_0_37_700, 329.04, 111.52, 1.77546
PHY_71, 329.04, 106.08, 1.77591
PHY_73, 329.04, 106.08, 1.77591
FILLER_0_34_697, 329.04, 106.08, 1.77591
FILLER_0_34_701, 329.04, 106.08, 1.77591
FILLER_0_35_696, 329.04, 106.08, 1.77591
PHY_67, 329.04, 100.64, 1.77616
PHY_69, 329.04, 100.64, 1.77616
input4, 329.04, 100.64, 1.77616
FILLER_0_32_693, 329.04, 100.64, 1.77616
FILLER_0_32_701, 329.04, 100.64, 1.77616
FILLER_0_33_697, 329.04, 100.64, 1.77616
PHY_63, 329.04, 95.2, 1.77667
PHY_65, 329.04, 95.2, 1.77667
FILLER_0_30_693, 329.04, 95.2, 1.77667
FILLER_0_30_701, 329.04, 95.2, 1.77667
FILLER_0_31_697, 329.04, 95.2, 1.77667
PHY_59, 329.04, 89.76, 1.77697
PHY_61, 329.04, 89.76, 1.77697
FILLER_0_28_692, 329.04, 89.76, 1.77697
FILLER_0_28_701, 329.04, 89.76, 1.77697
FILLER_0_29_697, 329.04, 89.76, 1.77697
PHY_55, 329.04, 84.32, 1.77735
PHY_57, 329.04, 84.32, 1.77735
FILLER_0_26_697, 329.04, 84.32, 1.77735
FILLER_0_26_701, 329.04, 84.32, 1.77735
FILLER_0_27_696, 329.04, 84.32, 1.77735
PHY_51, 329.04, 78.88, 1.77767
PHY_53, 329.04, 78.88, 1.77767
FILLER_0_24_696, 329.04, 78.88, 1.77767
FILLER_0_24_701, 329.04, 78.88, 1.77767
FILLER_0_25_694, 329.04, 78.88, 1.77767
FILLER_0_25_702, 329.04, 78.88, 1.77767
PHY_47, 329.04, 73.44, 1.77813
PHY_49, 329.04, 73.44, 1.77813
output52, 329.04, 73.44, 1.77813
FILLER_0_22_695, 329.04, 73.44, 1.77813
FILLER_0_22_701, 329.04, 73.44, 1.77813
PHY_43, 329.04, 68, 1.77852
PHY_45, 329.04, 68, 1.77852
FILLER_0_20_695, 329.04, 68, 1.77852
FILLER_0_20_701, 329.04, 68, 1.77852
FILLER_0_21_701, 329.04, 68, 1.77852
PHY_39, 329.04, 62.56, 1.77887
PHY_41, 329.04, 62.56, 1.77887
FILLER_0_18_701, 329.04, 62.56, 1.77887
PHY_35, 329.04, 57.12, 1.77928
PHY_37, 329.04, 57.12, 1.77928
FILLER_0_16_697, 329.04, 57.12, 1.77928
FILLER_0_16_701, 329.04, 57.12, 1.77928
FILLER_0_17_697, 329.04, 57.12, 1.77928
PHY_31, 329.04, 51.68, 1.7797
PHY_33, 329.04, 51.68, 1.7797
input2, 329.04, 51.68, 1.7797
FILLER_0_14_701, 329.04, 51.68, 1.7797
FILLER_0_15_697, 329.04, 51.68, 1.7797
PHY_27, 329.04, 46.24, 1.78004
PHY_29, 329.04, 46.24, 1.78004
FILLER_0_12_693, 329.04, 46.24, 1.78004
FILLER_0_12_701, 329.04, 46.24, 1.78004
FILLER_0_13_697, 329.04, 46.24, 1.78004
PHY_23, 329.04, 40.8, 1.78039
PHY_25, 329.04, 40.8, 1.78039
FILLER_0_10_693, 329.04, 40.8, 1.78039
FILLER_0_10_701, 329.04, 40.8, 1.78039
FILLER_0_11_697, 329.04, 40.8, 1.78039
PHY_19, 329.04, 35.36, 1.78075
PHY_21, 329.04, 35.36, 1.78075
FILLER_0_8_701, 329.04, 35.36, 1.78075
FILLER_0_9_697, 329.04, 35.36, 1.78075
PHY_15, 329.04, 29.92, 1.7811
PHY_17, 329.04, 29.92, 1.7811
output50, 329.04, 29.92, 1.7811
FILLER_0_6_697, 329.04, 29.92, 1.7811
FILLER_0_6_701, 329.04, 29.92, 1.7811
FILLER_0_7_697, 329.04, 29.92, 1.7811
PHY_11, 329.04, 24.48, 1.78129
PHY_13, 329.04, 24.48, 1.78129
hold795, 329.04, 24.48, 1.78129
FILLER_0_4_697, 329.04, 24.48, 1.78129
FILLER_0_4_701, 329.04, 24.48, 1.78129
FILLER_0_5_698, 329.04, 24.48, 1.78129
PHY_7, 329.04, 19.04, 1.7814
PHY_9, 329.04, 19.04, 1.7814
FILLER_0_2_693, 329.04, 19.04, 1.7814
FILLER_0_2_701, 329.04, 19.04, 1.7814
FILLER_0_3_697, 329.04, 19.04, 1.7814
PHY_1, 329.04, 13.6, 1.78139
PHY_3, 329.04, 13.6, 1.78139
PHY_5, 329.04, 13.6, 1.78139
output38, 329.04, 13.6, 1.78139
FILLER_0_0_693, 329.04, 13.6, 1.78139
FILLER_0_1_697, 329.04, 13.6, 1.78139
FILLER_0_118_365, 175.44, 334.56, 1.76812
_4319_, 175.44, 329.12, 1.76788
_5758_, 175.44, 329.12, 1.76788
_7591_, 175.44, 329.12, 1.76788
hold639, 175.44, 329.12, 1.76788
FILLER_0_116_356, 175.44, 329.12, 1.76788
FILLER_0_117_357, 175.44, 329.12, 1.76788
FILLER_0_118_373, 175.44, 329.12, 1.76788
_5741_, 175.44, 323.68, 1.76787
_5743_, 175.44, 323.68, 1.76787
_5745_, 175.44, 323.68, 1.76787
_5756_, 175.44, 323.68, 1.76787
_5757_, 175.44, 323.68, 1.76787
_7256_, 175.44, 323.68, 1.76787
hold350, 175.44, 323.68, 1.76787
FILLER_0_114_356, 175.44, 323.68, 1.76787
FILLER_0_115_357, 175.44, 323.68, 1.76787
FILLER_0_115_382, 175.44, 323.68, 1.76787
FILLER_0_116_379, 175.44, 323.68, 1.76787
_5662_, 175.44, 318.24, 1.76785
_5744_, 175.44, 318.24, 1.76785
_5753_, 175.44, 318.24, 1.76785
_5754_, 175.44, 318.24, 1.76785
_5755_, 175.44, 318.24, 1.76785
_5768_, 175.44, 318.24, 1.76785
_5769_, 175.44, 318.24, 1.76785
_5664_, 175.44, 312.8, 1.7678
FILLER_0_110_361, 175.44, 312.8, 1.7678
FILLER_0_110_365, 175.44, 312.8, 1.7678
FILLER_0_111_372, 175.44, 312.8, 1.7678
_5749_, 175.44, 307.36, 1.76783
_5750_, 175.44, 307.36, 1.76783
_5751_, 175.44, 307.36, 1.76783
_5752_, 175.44, 307.36, 1.76783
FILLER_0_108_359, 175.44, 307.36, 1.76783
FILLER_0_108_365, 175.44, 307.36, 1.76783
FILLER_0_109_361, 175.44, 307.36, 1.76783
_5763_, 175.44, 301.92, 1.76793
_7562_, 175.44, 301.92, 1.76793
FILLER_0_107_380, 175.44, 301.92, 1.76793
FILLER_0_108_377, 175.44, 301.92, 1.76793
_5657_, 175.44, 296.48, 1.76795
_5659_, 175.44, 296.48, 1.76795
FILLER_0_105_356, 175.44, 296.48, 1.76795
_5656_, 175.44, 291.04, 1.76808
_5708_, 175.44, 291.04, 1.76808
_5710_, 175.44, 291.04, 1.76808
_5711_, 175.44, 291.04, 1.76808
_5712_, 175.44, 291.04, 1.76808
_5713_, 175.44, 291.04, 1.76808
FILLER_0_103_369, 175.44, 291.04, 1.76808
FILLER_0_104_377, 175.44, 291.04, 1.76808
_5701_, 175.44, 285.6, 1.7681
_5703_, 175.44, 285.6, 1.7681
_7587_, 175.44, 285.6, 1.7681
hold442, 175.44, 285.6, 1.7681
hold649, 175.44, 285.6, 1.7681
FILLER_0_101_362, 175.44, 285.6, 1.7681
_5653_, 175.44, 280.16, 1.76819
_5654_, 175.44, 280.16, 1.76819
_7560_, 175.44, 280.16, 1.76819
hold846, 175.44, 280.16, 1.76819
FILLER_0_98_358, 175.44, 280.16, 1.76819
FILLER_0_99_368, 175.44, 280.16, 1.76819
_4668_, 175.44, 274.72, 1.76817
_7595_, 175.44, 274.72, 1.76817
clkbuf_leaf_45_clk, 175.44, 274.72, 1.76817
FILLER_0_96_365, 175.44, 274.72, 1.76817
FILLER_0_98_373, 175.44, 274.72, 1.76817
_5688_, 175.44, 269.28, 1.76825
_5690_, 175.44, 269.28, 1.76825
_7578_, 175.44, 269.28, 1.76825
_7596_, 175.44, 269.28, 1.76825
FILLER_0_94_358, 175.44, 269.28, 1.76825
_5692_, 175.44, 263.84, 1.76842
_7574_, 175.44, 263.84, 1.76842
hold687, 175.44, 263.84, 1.76842
FILLER_0_92_365, 175.44, 263.84, 1.76842
_7499_, 175.44, 258.4, 1.7686
hold796, 175.44, 258.4, 1.7686
FILLER_0_91_368, 175.44, 258.4, 1.7686
_5343_, 175.44, 252.96, 1.76873
_5345_, 175.44, 252.96, 1.76873
FILLER_0_88_365, 175.44, 252.96, 1.76873
FILLER_0_89_361, 175.44, 252.96, 1.76873
FILLER_0_89_382, 175.44, 252.96, 1.76873
_5333_, 175.44, 247.52, 1.76876
_5344_, 175.44, 247.52, 1.76876
_5346_, 175.44, 247.52, 1.76876
_5351_, 175.44, 247.52, 1.76876
hold622, 175.44, 247.52, 1.76876
FILLER_0_86_365, 175.44, 247.52, 1.76876
FILLER_0_88_378, 175.44, 247.52, 1.76876
_5338_, 175.44, 242.08, 1.76894
_5339_, 175.44, 242.08, 1.76894
_5340_, 175.44, 242.08, 1.76894
_5341_, 175.44, 242.08, 1.76894
_5342_, 175.44, 242.08, 1.76894
_5350_, 175.44, 242.08, 1.76894
FILLER_0_84_359, 175.44, 242.08, 1.76894
_5328_, 175.44, 236.64, 1.76905
_5329_, 175.44, 236.64, 1.76905
_5330_, 175.44, 236.64, 1.76905
_5331_, 175.44, 236.64, 1.76905
_5337_, 175.44, 236.64, 1.76905
FILLER_0_82_361, 175.44, 236.64, 1.76905
_5201_, 175.44, 231.2, 1.76916
_5302_, 175.44, 231.2, 1.76916
_7495_, 175.44, 231.2, 1.76916
FILLER_0_82_377, 175.44, 231.2, 1.76916
_5299_, 175.44, 225.76, 1.76959
_5300_, 175.44, 225.76, 1.76959
_5301_, 175.44, 225.76, 1.76959
_5310_, 175.44, 225.76, 1.76959
_5311_, 175.44, 225.76, 1.76959
_5321_, 175.44, 225.76, 1.76959
hold495, 175.44, 225.76, 1.76959
_5296_, 175.44, 220.32, 1.76986
_5297_, 175.44, 220.32, 1.76986
max_cap66, 175.44, 220.32, 1.76986
FILLER_0_76_361, 175.44, 220.32, 1.76986
FILLER_0_76_365, 175.44, 220.32, 1.76986
FILLER_0_77_358, 175.44, 220.32, 1.76986
_5210_, 175.44, 214.88, 1.77
_5293_, 175.44, 214.88, 1.77
_5294_, 175.44, 214.88, 1.77
_5295_, 175.44, 214.88, 1.77
_7493_, 175.44, 214.88, 1.77
FILLER_0_74_358, 175.44, 214.88, 1.77
FILLER_0_75_365, 175.44, 214.88, 1.77
_5202_, 175.44, 209.44, 1.77009
_5257_, 175.44, 209.44, 1.77009
_5256_, 175.44, 204, 1.77045
_5267_, 175.44, 204, 1.77045
_5269_, 175.44, 204, 1.77045
_7492_, 175.44, 204, 1.77045
hold441, 175.44, 204, 1.77045
FILLER_0_70_360, 175.44, 204, 1.77045
FILLER_0_71_369, 175.44, 204, 1.77045
_5230_, 175.44, 198.56, 1.77082
_5392_, 175.44, 198.56, 1.77082
_5393_, 175.44, 198.56, 1.77082
hold702, 175.44, 198.56, 1.77082
FILLER_0_69_368, 175.44, 198.56, 1.77082
_7478_, 175.44, 193.12, 1.77114
clkbuf_leaf_39_clk, 175.44, 193.12, 1.77114
_5229_, 175.44, 187.68, 1.77147
_5687_, 175.44, 187.68, 1.77147
_7519_, 175.44, 187.68, 1.77147
hold766, 175.44, 187.68, 1.77147
_5436_, 175.44, 182.24, 1.77164
_5437_, 175.44, 182.24, 1.77164
hold69, 175.44, 182.24, 1.77164
FILLER_0_62_360, 175.44, 182.24, 1.77164
FILLER_0_62_365, 175.44, 182.24, 1.77164
FILLER_0_63_362, 175.44, 182.24, 1.77164
FILLER_0_64_382, 175.44, 182.24, 1.77164
_5411_, 175.44, 176.8, 1.77208
_5693_, 175.44, 176.8, 1.77208
_5902_, 175.44, 176.8, 1.77208
_7512_, 175.44, 176.8, 1.77208
_3927_, 175.44, 171.36, 1.77222
_5410_, 175.44, 171.36, 1.77222
_7539_, 175.44, 171.36, 1.77222
FILLER_0_58_358, 175.44, 171.36, 1.77222
_5397_, 175.44, 165.92, 1.77267
_5398_, 175.44, 165.92, 1.77267
_5448_, 175.44, 165.92, 1.77267
fanout72, 175.44, 165.92, 1.77267
hold76, 175.44, 165.92, 1.77267
FILLER_0_57_362, 175.44, 165.92, 1.77267
_7525_, 175.44, 160.48, 1.77304
_7538_, 175.44, 160.48, 1.77304
hold684, 175.44, 160.48, 1.77304
load_slew10, 175.44, 160.48, 1.77304
FILLER_0_54_361, 175.44, 160.48, 1.77304
FILLER_0_55_366, 175.44, 160.48, 1.77304
FILLER_0_56_374, 175.44, 160.48, 1.77304
_5409_, 175.44, 155.04, 1.77336
hold678, 175.44, 155.04, 1.77336
FILLER_0_53_360, 175.44, 155.04, 1.77336
_5443_, 175.44, 149.6, 1.77355
_5595_, 175.44, 149.6, 1.77355
_5691_, 175.44, 149.6, 1.77355
_7522_, 175.44, 149.6, 1.77355
FILLER_0_52_378, 175.44, 149.6, 1.77355
_5442_, 175.44, 144.16, 1.774
_7552_, 175.44, 144.16, 1.774
hold757, 175.44, 144.16, 1.774
FILLER_0_48_359, 175.44, 144.16, 1.774
FILLER_0_48_365, 175.44, 144.16, 1.774
FILLER_0_49_357, 175.44, 144.16, 1.774
_5591_, 175.44, 138.72, 1.77415
_5594_, 175.44, 138.72, 1.77415
_5596_, 175.44, 138.72, 1.77415
_5603_, 175.44, 138.72, 1.77415
_5604_, 175.44, 138.72, 1.77415
_5605_, 175.44, 138.72, 1.77415
FILLER_0_46_365, 175.44, 138.72, 1.77415
FILLER_0_47_367, 175.44, 138.72, 1.77415
FILLER_0_47_382, 175.44, 138.72, 1.77415
FILLER_0_48_380, 175.44, 138.72, 1.77415
_5597_, 175.44, 133.28, 1.77461
_5601_, 175.44, 133.28, 1.77461
_5602_, 175.44, 133.28, 1.77461
_5609_, 175.44, 133.28, 1.77461
_5610_, 175.44, 133.28, 1.77461
FILLER_0_44_361, 175.44, 133.28, 1.77461
FILLER_0_44_365, 175.44, 133.28, 1.77461
FILLER_0_45_369, 175.44, 133.28, 1.77461
FILLER_0_45_383, 175.44, 133.28, 1.77461
_5582_, 175.44, 127.84, 1.77514
_5592_, 175.44, 127.84, 1.77514
_5593_, 175.44, 127.84, 1.77514
_5606_, 175.44, 127.84, 1.77514
_5607_, 175.44, 127.84, 1.77514
_5608_, 175.44, 127.84, 1.77514
FILLER_0_42_360, 175.44, 127.84, 1.77514
_5519_, 175.44, 122.4, 1.77575
_5567_, 175.44, 122.4, 1.77575
_5568_, 175.44, 122.4, 1.77575
_5580_, 175.44, 122.4, 1.77575
_7537_, 175.44, 122.4, 1.77575
FILLER_0_40_358, 175.44, 122.4, 1.77575
FILLER_0_41_375, 175.44, 122.4, 1.77575
_5561_, 175.44, 116.96, 1.77627
_5569_, 175.44, 116.96, 1.77627
_7548_, 175.44, 116.96, 1.77627
FILLER_0_38_357, 175.44, 116.96, 1.77627
FILLER_0_38_365, 175.44, 116.96, 1.77627
FILLER_0_39_363, 175.44, 116.96, 1.77627
_5395_, 175.44, 111.52, 1.77657
_5396_, 175.44, 111.52, 1.77657
_5560_, 175.44, 111.52, 1.77657
_5563_, 175.44, 111.52, 1.77657
_5571_, 175.44, 111.52, 1.77657
_5572_, 175.44, 111.52, 1.77657
_5573_, 175.44, 111.52, 1.77657
clkbuf_leaf_92_clk, 175.44, 111.52, 1.77657
FILLER_0_36_365, 175.44, 111.52, 1.77657
FILLER_0_37_380, 175.44, 111.52, 1.77657
FILLER_0_38_380, 175.44, 111.52, 1.77657
_5394_, 175.44, 106.08, 1.77721
_5549_, 175.44, 106.08, 1.77721
_5550_, 175.44, 106.08, 1.77721
_5566_, 175.44, 106.08, 1.77721
FILLER_0_34_357, 175.44, 106.08, 1.77721
FILLER_0_34_365, 175.44, 106.08, 1.77721
FILLER_0_35_363, 175.44, 106.08, 1.77721
_5548_, 175.44, 100.64, 1.77761
_5551_, 175.44, 100.64, 1.77761
_5552_, 175.44, 100.64, 1.77761
_5894_, 175.44, 100.64, 1.77761
_5511_, 175.44, 95.2, 1.77816
_6767_, 175.44, 95.2, 1.77816
_7534_, 175.44, 95.2, 1.77816
_7536_, 175.44, 95.2, 1.77816
hold612, 175.44, 95.2, 1.77816
hold810, 175.44, 95.2, 1.77816
_3726_, 175.44, 89.76, 1.77847
_3940_, 175.44, 89.76, 1.77847
_6775_, 175.44, 89.76, 1.77847
FILLER_0_28_361, 175.44, 89.76, 1.77847
FILLER_0_28_365, 175.44, 89.76, 1.77847
FILLER_0_29_381, 175.44, 89.76, 1.77847
_6784_, 175.44, 84.32, 1.77919
_7270_, 175.44, 84.32, 1.77919
hold72, 175.44, 84.32, 1.77919
hold629, 175.44, 84.32, 1.77919
FILLER_0_26_356, 175.44, 84.32, 1.77919
_6839_, 175.44, 78.88, 1.7797
_6840_, 175.44, 78.88, 1.7797
_7840_, 175.44, 78.88, 1.7797
hold475, 175.44, 78.88, 1.7797
FILLER_0_24_361, 175.44, 78.88, 1.7797
FILLER_0_24_365, 175.44, 78.88, 1.7797
FILLER_0_26_376, 175.44, 78.88, 1.7797
_3638_, 175.44, 73.44, 1.78051
_5504_, 175.44, 73.44, 1.78051
_5508_, 175.44, 73.44, 1.78051
_5509_, 175.44, 73.44, 1.78051
_6838_, 175.44, 73.44, 1.78051
_7107_, 175.44, 73.44, 1.78051
FILLER_0_23_365, 175.44, 73.44, 1.78051
FILLER_0_23_373, 175.44, 73.44, 1.78051
_3637_, 175.44, 68, 1.78108
hold601, 175.44, 68, 1.78108
FILLER_0_21_357, 175.44, 68, 1.78108
_3640_, 175.44, 62.56, 1.78158
_6897_, 175.44, 62.56, 1.78158
_7108_, 175.44, 62.56, 1.78158
_7836_, 175.44, 62.56, 1.78158
hold587, 175.44, 62.56, 1.78158
FILLER_0_20_377, 175.44, 62.56, 1.78158
_5517_, 175.44, 57.12, 1.78224
_6841_, 175.44, 57.12, 1.78224
_6842_, 175.44, 57.12, 1.78224
_7841_, 175.44, 57.12, 1.78224
hold482, 175.44, 57.12, 1.78224
hold636, 175.44, 57.12, 1.78224
_3632_, 175.44, 51.68, 1.78284
_5484_, 175.44, 51.68, 1.78284
_6834_, 175.44, 51.68, 1.78284
_6891_, 175.44, 51.68, 1.78284
_7105_, 175.44, 51.68, 1.78284
_7837_, 175.44, 51.68, 1.78284
FILLER_0_14_361, 175.44, 51.68, 1.78284
FILLER_0_15_363, 175.44, 51.68, 1.78284
FILLER_0_16_375, 175.44, 51.68, 1.78284
_3631_, 175.44, 46.24, 1.78338
_5493_, 175.44, 46.24, 1.78338
_6835_, 175.44, 46.24, 1.78338
_6836_, 175.44, 46.24, 1.78338
_7838_, 175.44, 46.24, 1.78338
wire68, 175.44, 46.24, 1.78338
hold479, 175.44, 46.24, 1.78338
FILLER_0_13_360, 175.44, 46.24, 1.78338
_5458_, 175.44, 40.8, 1.78398
_5488_, 175.44, 40.8, 1.78398
_6871_, 175.44, 40.8, 1.78398
_6878_, 175.44, 40.8, 1.78398
_6879_, 175.44, 40.8, 1.78398
FILLER_0_11_371, 175.44, 40.8, 1.78398
_5457_, 175.44, 35.36, 1.78447
_5470_, 175.44, 35.36, 1.78447
_7854_, 175.44, 35.36, 1.78447
clkbuf_leaf_86_clk, 175.44, 35.36, 1.78447
hold580, 175.44, 35.36, 1.78447
FILLER_0_10_374, 175.44, 35.36, 1.78447
_5461_, 175.44, 29.92, 1.78527
_6873_, 175.44, 29.92, 1.78527
_6874_, 175.44, 29.92, 1.78527
_6875_, 175.44, 29.92, 1.78527
hold525, 175.44, 29.92, 1.78527
hold593, 175.44, 29.92, 1.78527
_6810_, 175.44, 24.48, 1.78547
_6812_, 175.44, 24.48, 1.78547
_7831_, 175.44, 24.48, 1.78547
_7855_, 175.44, 24.48, 1.78547
_7859_, 175.44, 24.48, 1.78547
hold646, 175.44, 24.48, 1.78547
_6876_, 175.44, 19.04, 1.78562
_6877_, 175.44, 19.04, 1.78562
_7830_, 175.44, 19.04, 1.78562
hold581, 175.44, 19.04, 1.78562
hold609, 175.44, 19.04, 1.78562
FILLER_0_3_383, 175.44, 19.04, 1.78562
_7856_, 175.44, 13.6, 1.78564
input26, 175.44, 13.6, 1.78564
hold550, 175.44, 13.6, 1.78564
FILLER_0_117_47, 21.84, 329.12, 1.76849
FILLER_0_115_45, 21.84, 323.68, 1.76857
load_slew4, 21.84, 274.72, 1.76906
FILLER_0_95_47, 21.84, 269.28, 1.76918
FILLER_0_91_49, 21.84, 258.4, 1.76947
_3833_, 21.84, 252.96, 1.76967
_7146_, 21.84, 252.96, 1.76967
FILLER_0_88_29, 21.84, 252.96, 1.76967
FILLER_0_89_27, 21.84, 252.96, 1.76967
_3832_, 21.84, 247.52, 1.76984
_3835_, 21.84, 247.52, 1.76984
hold715, 21.84, 247.52, 1.76984
FILLER_0_87_33, 21.84, 247.52, 1.76984
FILLER_0_87_45, 21.84, 247.52, 1.76984
FILLER_0_88_43, 21.84, 247.52, 1.76984
_3818_, 21.84, 242.08, 1.76993
_3819_, 21.84, 242.08, 1.76993
_3820_, 21.84, 242.08, 1.76993
_3821_, 21.84, 242.08, 1.76993
_3822_, 21.84, 242.08, 1.76993
_3824_, 21.84, 242.08, 1.76993
_3828_, 21.84, 242.08, 1.76993
FILLER_0_84_29, 21.84, 242.08, 1.76993
FILLER_0_85_45, 21.84, 242.08, 1.76993
FILLER_0_86_41, 21.84, 242.08, 1.76993
_3809_, 21.84, 236.64, 1.77019
_3817_, 21.84, 236.64, 1.77019
_3823_, 21.84, 236.64, 1.77019
_3826_, 21.84, 236.64, 1.77019
FILLER_0_83_34, 21.84, 236.64, 1.77019
FILLER_0_84_41, 21.84, 236.64, 1.77019
_3810_, 21.84, 231.2, 1.77024
_3811_, 21.84, 231.2, 1.77024
_3816_, 21.84, 231.2, 1.77024
hold484, 21.84, 231.2, 1.77024
_3801_, 21.84, 225.76, 1.77067
_3802_, 21.84, 225.76, 1.77067
_3803_, 21.84, 225.76, 1.77067
_3813_, 21.84, 225.76, 1.77067
FILLER_0_78_29, 21.84, 225.76, 1.77067
FILLER_0_79_46, 21.84, 225.76, 1.77067
_3800_, 21.84, 220.32, 1.77095
_3814_, 21.84, 220.32, 1.77095
_3815_, 21.84, 220.32, 1.77095
hold364, 21.84, 220.32, 1.77095
FILLER_0_77_48, 21.84, 220.32, 1.77095
_3785_, 21.84, 214.88, 1.77112
_3787_, 21.84, 214.88, 1.77112
_3788_, 21.84, 214.88, 1.77112
_3799_, 21.84, 214.88, 1.77112
clkbuf_leaf_20_clk, 21.84, 214.88, 1.77112
FILLER_0_74_29, 21.84, 214.88, 1.77112
FILLER_0_76_37, 21.84, 214.88, 1.77112
_3770_, 21.84, 209.44, 1.77136
_3772_, 21.84, 209.44, 1.77136
_3773_, 21.84, 209.44, 1.77136
_3798_, 21.84, 209.44, 1.77136
FILLER_0_72_29, 21.84, 209.44, 1.77136
FILLER_0_73_34, 21.84, 209.44, 1.77136
FILLER_0_73_42, 21.84, 209.44, 1.77136
FILLER_0_73_48, 21.84, 209.44, 1.77136
_3768_, 21.84, 204, 1.77163
_3769_, 21.84, 204, 1.77163
_3784_, 21.84, 204, 1.77163
_7141_, 21.84, 204, 1.77163
hold492, 21.84, 204, 1.77163
FILLER_0_71_47, 21.84, 204, 1.77163
FILLER_0_72_40, 21.84, 204, 1.77163
_3756_, 21.84, 198.56, 1.77202
_3767_, 21.84, 198.56, 1.77202
_3771_, 21.84, 198.56, 1.77202
_3783_, 21.84, 198.56, 1.77202
FILLER_0_68_29, 21.84, 198.56, 1.77202
FILLER_0_69_36, 21.84, 198.56, 1.77202
FILLER_0_69_45, 21.84, 198.56, 1.77202
_3754_, 21.84, 193.12, 1.77241
_3755_, 21.84, 193.12, 1.77241
_3757_, 21.84, 193.12, 1.77241
hold357, 21.84, 193.12, 1.77241
FILLER_0_67_47, 21.84, 193.12, 1.77241
_3700_, 21.84, 187.68, 1.77278
_3753_, 21.84, 187.68, 1.77278
hold736, 21.84, 187.68, 1.77278
FILLER_0_65_48, 21.84, 187.68, 1.77278
_3728_, 21.84, 182.24, 1.77306
_3731_, 21.84, 182.24, 1.77306
_3738_, 21.84, 182.24, 1.77306
_3739_, 21.84, 182.24, 1.77306
_3740_, 21.84, 182.24, 1.77306
_3741_, 21.84, 182.24, 1.77306
FILLER_0_64_36, 21.84, 182.24, 1.77306
_3721_, 21.84, 176.8, 1.77359
_3736_, 21.84, 176.8, 1.77359
load_slew6, 21.84, 176.8, 1.77359
_3662_, 21.84, 171.36, 1.77404
_3720_, 21.84, 171.36, 1.77404
_3732_, 21.84, 171.36, 1.77404
_3737_, 21.84, 171.36, 1.77404
FILLER_0_59_45, 21.84, 171.36, 1.77404
_3665_, 21.84, 165.92, 1.77454
_3733_, 21.84, 165.92, 1.77454
_3735_, 21.84, 165.92, 1.77454
_7138_, 21.84, 165.92, 1.77454
hold540, 21.84, 165.92, 1.77454
FILLER_0_56_29, 21.84, 165.92, 1.77454
_3734_, 21.84, 160.48, 1.775
_7112_, 21.84, 160.48, 1.775
clkbuf_leaf_4_clk, 21.84, 160.48, 1.775
FILLER_0_55_37, 21.84, 160.48, 1.775
FILLER_0_55_45, 21.84, 160.48, 1.775
_3666_, 21.84, 155.04, 1.77554
_4533_, 21.84, 155.04, 1.77554
hold51, 21.84, 155.04, 1.77554
hold315, 21.84, 155.04, 1.77554
FILLER_0_52_29, 21.84, 155.04, 1.77554
_7113_, 21.84, 149.6, 1.77603
hold248, 21.84, 149.6, 1.77603
load_slew5, 21.84, 149.6, 1.77603
FILLER_0_50_29, 21.84, 149.6, 1.77603
_7315_, 21.84, 144.16, 1.7766
hold52, 21.84, 144.16, 1.7766
hold247, 21.84, 144.16, 1.7766
_4535_, 21.84, 138.72, 1.77715
_4607_, 21.84, 138.72, 1.77715
_7316_, 21.84, 138.72, 1.77715
clkbuf_leaf_3_clk, 21.84, 138.72, 1.77715
FILLER_0_46_29, 21.84, 138.72, 1.77715
FILLER_0_47_48, 21.84, 138.72, 1.77715
FILLER_0_48_37, 21.84, 138.72, 1.77715
_4606_, 21.84, 133.28, 1.7779
_4616_, 21.84, 133.28, 1.7779
_4617_, 21.84, 133.28, 1.7779
hold46, 21.84, 133.28, 1.7779
_4608_, 21.84, 127.84, 1.77855
_4611_, 21.84, 127.84, 1.77855
_4612_, 21.84, 127.84, 1.77855
_4618_, 21.84, 127.84, 1.77855
_4627_, 21.84, 127.84, 1.77855
_4631_, 21.84, 127.84, 1.77855
_7333_, 21.84, 127.84, 1.77855
FILLER_0_43_41, 21.84, 127.84, 1.77855
_4614_, 21.84, 122.4, 1.77928
_4624_, 21.84, 122.4, 1.77928
_4625_, 21.84, 122.4, 1.77928
_4632_, 21.84, 122.4, 1.77928
FILLER_0_41_41, 21.84, 122.4, 1.77928
FILLER_0_41_48, 21.84, 122.4, 1.77928
_4602_, 21.84, 116.96, 1.77996
_4603_, 21.84, 116.96, 1.77996
_4604_, 21.84, 116.96, 1.77996
_4605_, 21.84, 116.96, 1.77996
_4615_, 21.84, 116.96, 1.77996
_4628_, 21.84, 116.96, 1.77996
_4592_, 21.84, 111.52, 1.78057
_4629_, 21.84, 111.52, 1.78057
clkbuf_leaf_2_clk, 21.84, 111.52, 1.78057
hold265, 21.84, 111.52, 1.78057
FILLER_0_37_34, 21.84, 111.52, 1.78057
_4590_, 21.84, 106.08, 1.7814
_7331_, 21.84, 106.08, 1.7814
FILLER_0_34_29, 21.84, 106.08, 1.7814
_4568_, 21.84, 100.64, 1.78206
_4591_, 21.84, 100.64, 1.78206
_4594_, 21.84, 100.64, 1.78206
_4510_, 21.84, 95.2, 1.78297
_4573_, 21.84, 95.2, 1.78297
_4574_, 21.84, 95.2, 1.78297
_4578_, 21.84, 95.2, 1.78297
_4579_, 21.84, 95.2, 1.78297
_4580_, 21.84, 95.2, 1.78297
FILLER_0_30_33, 21.84, 95.2, 1.78297
FILLER_0_31_49, 21.84, 95.2, 1.78297
_4555_, 21.84, 89.76, 1.78379
_4566_, 21.84, 89.76, 1.78379
_4575_, 21.84, 89.76, 1.78379
_4577_, 21.84, 89.76, 1.78379
hold302, 21.84, 89.76, 1.78379
FILLER_0_29_30, 21.84, 89.76, 1.78379
_4561_, 21.84, 84.32, 1.78455
_4563_, 21.84, 84.32, 1.78455
clkbuf_leaf_107_clk, 21.84, 84.32, 1.78455
hold737, 21.84, 84.32, 1.78455
_3937_, 21.84, 78.88, 1.7855
_4511_, 21.84, 78.88, 1.7855
_7304_, 21.84, 78.88, 1.7855
FILLER_0_24_32, 21.84, 78.88, 1.7855
FILLER_0_26_37, 21.84, 78.88, 1.7855
_3936_, 21.84, 73.44, 1.78649
_4710_, 21.84, 73.44, 1.78649
_7169_, 21.84, 73.44, 1.78649
hold787, 21.84, 73.44, 1.78649
FILLER_0_24_40, 21.84, 73.44, 1.78649
clkbuf_leaf_106_clk, 21.84, 68, 1.78746
FILLER_0_22_49, 21.84, 68, 1.78746
FILLER_0_20_41, 21.84, 62.56, 1.78844
FILLER_0_14_41, 21.84, 46.24, 1.79169
FILLER_0_14_49, 21.84, 46.24, 1.79169
input11, 21.84, 13.6, 1.79571
FILLER_0_0_46, 21.84, 13.6, 1.79571
PHY_236, 5.52, 334.56, 1.76857
FILLER_0_118_53, 34.64, 334.56, 1.76853
FILLER_0_118_57, 34.64, 334.56, 1.76853
input29, 60.24, 334.56, 1.76845
FILLER_0_118_137, 73.04, 334.56, 1.76841
FILLER_0_118_163, 85.84, 334.56, 1.76837
_6272_, 98.64, 334.56, 1.76833
FILLER_0_118_193, 98.64, 334.56, 1.76833
FILLER_0_118_197, 98.64, 334.56, 1.76833
FILLER_0_118_221, 111.44, 334.56, 1.76829
input20, 124.24, 334.56, 1.76825
FILLER_0_118_245, 124.24, 334.56, 1.76825
FILLER_0_118_277, 137.04, 334.56, 1.76822
hold724, 149.84, 334.56, 1.76818
FILLER_0_118_303, 149.84, 334.56, 1.76818
FILLER_0_118_329, 162.64, 334.56, 1.76815
FILLER_0_118_337, 162.64, 334.56, 1.76815
hold773, 188.24, 334.56, 1.76813
FILLER_0_118_384, 188.24, 334.56, 1.76813
FILLER_0_118_443, 213.84, 334.56, 1.76815
_5872_, 226.64, 334.56, 1.76816
FILLER_0_118_473, 226.64, 334.56, 1.76816
_6520_, 239.44, 334.56, 1.76817
FILLER_0_118_500, 239.44, 334.56, 1.76817
input1, 252.24, 334.56, 1.76818
FILLER_0_118_561, 265.04, 334.56, 1.7682
FILLER_0_118_583, 277.84, 334.56, 1.76822
_6440_, 290.64, 334.56, 1.76823
FILLER_0_118_609, 290.64, 334.56, 1.76823
FILLER_0_118_617, 290.64, 334.56, 1.76823
FILLER_0_118_641, 303.44, 334.56, 1.76825
input27, 316.24, 334.56, 1.76827
FILLER_0_118_669, 316.24, 334.56, 1.76827
_7251_, 5.52, 329.12, 1.76845
PHY_232, 5.52, 329.12, 1.76845
PHY_234, 5.52, 329.12, 1.76845
output56, 5.52, 329.12, 1.76845
_4298_, 13.68, 329.12, 1.76847
FILLER_0_118_21, 13.68, 329.12, 1.76847
input15, 34.64, 329.12, 1.76837
FILLER_0_117_105, 47.44, 329.12, 1.76824
FILLER_0_118_97, 47.44, 329.12, 1.76824
FILLER_0_118_105, 47.44, 329.12, 1.76824
_6269_, 60.24, 329.12, 1.76811
_6270_, 60.24, 329.12, 1.76811
_7694_, 60.24, 329.12, 1.76811
_7254_, 73.04, 329.12, 1.76803
output59, 73.04, 329.12, 1.76803
FILLER_0_118_153, 73.04, 329.12, 1.76803
_4311_, 85.84, 329.12, 1.76798
hold742, 85.84, 329.12, 1.76798
_6271_, 98.64, 329.12, 1.76793
_7695_, 98.64, 329.12, 1.76793
input30, 98.64, 329.12, 1.76793
FILLER_0_116_197, 98.64, 329.12, 1.76793
FILLER_0_117_189, 98.64, 329.12, 1.76793
FILLER_0_118_203, 98.64, 329.12, 1.76793
FILLER_0_117_217, 111.44, 329.12, 1.7679
FILLER_0_118_237, 111.44, 329.12, 1.7679
FILLER_0_116_248, 124.24, 329.12, 1.76787
_7603_, 137.04, 329.12, 1.76784
output41, 137.04, 329.12, 1.76784
FILLER_0_117_273, 137.04, 329.12, 1.76784
FILLER_0_118_293, 137.04, 329.12, 1.76784
_5843_, 149.84, 329.12, 1.76784
FILLER_0_116_305, 149.84, 329.12, 1.76784
_5877_, 162.64, 329.12, 1.76785
_7611_, 162.64, 329.12, 1.76785
output37, 162.64, 329.12, 1.76785
hold707, 162.64, 329.12, 1.76785
FILLER_0_116_333, 162.64, 329.12, 1.76785
_4320_, 188.24, 329.12, 1.76771
_7592_, 188.24, 329.12, 1.76771
output61, 188.24, 329.12, 1.76771
FILLER_0_117_396, 188.24, 329.12, 1.76771
_7613_, 201.04, 329.12, 1.76757
output39, 201.04, 329.12, 1.76757
hold508, 201.04, 329.12, 1.76757
FILLER_0_118_433, 201.04, 329.12, 1.76757
_6473_, 213.84, 329.12, 1.76746
_7754_, 213.84, 329.12, 1.76746
hold180, 213.84, 329.12, 1.76746
hold726, 213.84, 329.12, 1.76746
FILLER_0_116_447, 213.84, 329.12, 1.76746
_5873_, 226.64, 329.12, 1.76739
_7610_, 226.64, 329.12, 1.76739
_7767_, 226.64, 329.12, 1.76739
output48, 226.64, 329.12, 1.76739
hold735, 226.64, 329.12, 1.76739
FILLER_0_116_471, 226.64, 329.12, 1.76739
FILLER_0_116_477, 226.64, 329.12, 1.76739
FILLER_0_117_489, 226.64, 329.12, 1.76739
_6451_, 239.44, 329.12, 1.76736
_6519_, 239.44, 329.12, 1.76736
_6521_, 239.44, 329.12, 1.76736
_6534_, 239.44, 329.12, 1.76736
_6535_, 239.44, 329.12, 1.76736
FILLER_0_116_500, 239.44, 329.12, 1.76736
FILLER_0_117_518, 239.44, 329.12, 1.76736
FILLER_0_118_509, 239.44, 329.12, 1.76736
_6472_, 252.24, 329.12, 1.76737
_6507_, 252.24, 329.12, 1.76737
_7753_, 252.24, 329.12, 1.76737
hold228, 252.24, 329.12, 1.76737
_4307_, 265.04, 329.12, 1.76742
_4308_, 265.04, 329.12, 1.76742
_7253_, 265.04, 329.12, 1.76742
_7741_, 265.04, 329.12, 1.76742
output58, 265.04, 329.12, 1.76742
hold785, 265.04, 329.12, 1.76742
FILLER_0_116_551, 265.04, 329.12, 1.76742
_6450_, 277.84, 329.12, 1.76751
_7736_, 277.84, 329.12, 1.76751
_7740_, 277.84, 329.12, 1.76751
FILLER_0_117_593, 277.84, 329.12, 1.76751
FILLER_0_118_601, 277.84, 329.12, 1.76751
_5650_, 290.64, 329.12, 1.76764
_6437_, 290.64, 329.12, 1.76764
_6438_, 290.64, 329.12, 1.76764
_6439_, 290.64, 329.12, 1.76764
input28, 290.64, 329.12, 1.76764
FILLER_0_116_609, 290.64, 329.12, 1.76764
FILLER_0_116_637, 303.44, 329.12, 1.76782
FILLER_0_117_661, 303.44, 329.12, 1.76782
FILLER_0_117_669, 316.24, 329.12, 1.768
_4299_, 5.52, 323.68, 1.76856
PHY_228, 5.52, 323.68, 1.76856
PHY_230, 5.52, 323.68, 1.76856
ANTENNA_15, 5.52, 323.68, 1.76856
FILLER_0_115_3, 5.52, 323.68, 1.76856
FILLER_0_116_3, 5.52, 323.68, 1.76856
FILLER_0_116_20, 13.68, 323.68, 1.76857
FILLER_0_115_53, 34.64, 323.68, 1.76847
FILLER_0_116_77, 34.64, 323.68, 1.76847
FILLER_0_115_105, 47.44, 323.68, 1.76837
FILLER_0_116_130, 60.24, 323.68, 1.76826
_4312_, 73.04, 323.68, 1.76816
FILLER_0_114_133, 73.04, 323.68, 1.76816
FILLER_0_116_153, 73.04, 323.68, 1.76816
FILLER_0_115_161, 85.84, 323.68, 1.76806
_5376_, 98.64, 323.68, 1.76796
_7416_, 98.64, 323.68, 1.76796
FILLER_0_114_189, 98.64, 323.68, 1.76796
FILLER_0_114_197, 98.64, 323.68, 1.76796
FILLER_0_116_211, 98.64, 323.68, 1.76796
hold862, 111.44, 323.68, 1.76793
FILLER_0_115_217, 111.44, 323.68, 1.76793
_5187_, 137.04, 323.68, 1.76787
_5844_, 137.04, 323.68, 1.76787
hold681, 137.04, 323.68, 1.76787
FILLER_0_115_273, 137.04, 323.68, 1.76787
hold721, 149.84, 323.68, 1.76785
_5746_, 162.64, 323.68, 1.76785
_5876_, 162.64, 323.68, 1.76785
_7590_, 162.64, 323.68, 1.76785
FILLER_0_114_329, 162.64, 323.68, 1.76785
FILLER_0_115_329, 162.64, 323.68, 1.76785
FILLER_0_116_344, 162.64, 323.68, 1.76785
_5767_, 188.24, 323.68, 1.7677
_5771_, 188.24, 323.68, 1.7677
_5773_, 188.24, 323.68, 1.7677
clkbuf_leaf_47_clk, 188.24, 323.68, 1.7677
FILLER_0_115_393, 188.24, 323.68, 1.7677
FILLER_0_116_410, 188.24, 323.68, 1.7677
_5663_, 201.04, 323.68, 1.7676
_5884_, 201.04, 323.68, 1.7676
_5885_, 201.04, 323.68, 1.7676
_7564_, 201.04, 323.68, 1.7676
_6530_, 213.84, 323.68, 1.76753
_6531_, 213.84, 323.68, 1.76753
_6532_, 213.84, 323.68, 1.76753
_7755_, 213.84, 323.68, 1.76753
hold179, 213.84, 323.68, 1.76753
FILLER_0_115_442, 213.84, 323.68, 1.76753
FILLER_0_116_464, 213.84, 323.68, 1.76753
_6522_, 226.64, 323.68, 1.76751
_6544_, 226.64, 323.68, 1.76751
_6545_, 226.64, 323.68, 1.76751
_6549_, 226.64, 323.68, 1.76751
FILLER_0_114_477, 226.64, 323.68, 1.76751
FILLER_0_115_475, 226.64, 323.68, 1.76751
_6508_, 239.44, 323.68, 1.7675
_6523_, 239.44, 323.68, 1.7675
_6524_, 239.44, 323.68, 1.7675
_6525_, 239.44, 323.68, 1.7675
hold414, 239.44, 323.68, 1.7675
FILLER_0_115_500, 239.44, 323.68, 1.7675
FILLER_0_115_517, 239.44, 323.68, 1.7675
_6449_, 252.24, 323.68, 1.76752
_6506_, 252.24, 323.68, 1.76752
_6509_, 252.24, 323.68, 1.76752
FILLER_0_114_533, 252.24, 323.68, 1.76752
_6452_, 265.04, 323.68, 1.76755
clkbuf_leaf_53_clk, 265.04, 323.68, 1.76755
hold719, 265.04, 323.68, 1.76755
FILLER_0_115_557, 265.04, 323.68, 1.76755
FILLER_0_115_568, 265.04, 323.68, 1.76755
_6454_, 277.84, 323.68, 1.76764
_7742_, 277.84, 323.68, 1.76764
hold245, 277.84, 323.68, 1.76764
FILLER_0_115_594, 277.84, 323.68, 1.76764
FILLER_0_115_602, 277.84, 323.68, 1.76764
_7735_, 290.64, 323.68, 1.76776
FILLER_0_115_613, 290.64, 323.68, 1.76776
_5647_, 303.44, 323.68, 1.7679
FILLER_0_114_641, 303.44, 323.68, 1.7679
FILLER_0_115_667, 316.24, 323.68, 1.76806
PHY_224, 5.52, 318.24, 1.76856
PHY_226, 5.52, 318.24, 1.76856
FILLER_0_113_51, 34.64, 318.24, 1.76839
FILLER_0_114_77, 34.64, 318.24, 1.76839
FILLER_0_113_105, 47.44, 318.24, 1.76822
clkbuf_leaf_26_clk, 73.04, 318.24, 1.76788
FILLER_0_112_133, 73.04, 318.24, 1.76788
_7415_, 85.84, 318.24, 1.76776
FILLER_0_112_173, 85.84, 318.24, 1.76776
FILLER_0_113_161, 85.84, 318.24, 1.76776
FILLER_0_113_169, 85.84, 318.24, 1.76776
_4977_, 98.64, 318.24, 1.76766
_4979_, 98.64, 318.24, 1.76766
hold667, 98.64, 318.24, 1.76766
FILLER_0_112_197, 98.64, 318.24, 1.76766
_4993_, 111.44, 318.24, 1.76758
_7417_, 111.44, 318.24, 1.76758
clkbuf_leaf_30_clk, 111.44, 318.24, 1.76758
FILLER_0_113_221, 111.44, 318.24, 1.76758
FILLER_0_113_225, 111.44, 318.24, 1.76758
FILLER_0_114_244, 111.44, 318.24, 1.76758
_5179_, 124.24, 318.24, 1.76757
_7460_, 124.24, 318.24, 1.76757
FILLER_0_112_249, 124.24, 318.24, 1.76757
FILLER_0_112_253, 124.24, 318.24, 1.76757
FILLER_0_114_265, 124.24, 318.24, 1.76757
_5178_, 137.04, 318.24, 1.76759
_5180_, 137.04, 318.24, 1.76759
_5182_, 137.04, 318.24, 1.76759
_5188_, 137.04, 318.24, 1.76759
_7461_, 137.04, 318.24, 1.76759
FILLER_0_113_296, 137.04, 318.24, 1.76759
_5193_, 149.84, 318.24, 1.76765
_7462_, 149.84, 318.24, 1.76765
hold685, 149.84, 318.24, 1.76765
FILLER_0_113_327, 149.84, 318.24, 1.76765
_5737_, 162.64, 318.24, 1.76775
_5747_, 162.64, 318.24, 1.76775
_5748_, 162.64, 318.24, 1.76775
_5766_, 162.64, 318.24, 1.76775
FILLER_0_113_355, 162.64, 318.24, 1.76775
_5770_, 188.24, 318.24, 1.76775
_5772_, 188.24, 318.24, 1.76775
_5784_, 188.24, 318.24, 1.76775
_5786_, 188.24, 318.24, 1.76775
FILLER_0_112_389, 188.24, 318.24, 1.76775
FILLER_0_113_386, 188.24, 318.24, 1.76775
FILLER_0_113_410, 188.24, 318.24, 1.76775
FILLER_0_114_405, 188.24, 318.24, 1.76775
_5665_, 201.04, 318.24, 1.76766
_7565_, 201.04, 318.24, 1.76766
hold209, 201.04, 318.24, 1.76766
_6453_, 213.84, 318.24, 1.76759
_6474_, 213.84, 318.24, 1.76759
_6533_, 213.84, 318.24, 1.76759
_6540_, 213.84, 318.24, 1.76759
hold210, 213.84, 318.24, 1.76759
FILLER_0_112_445, 213.84, 318.24, 1.76759
FILLER_0_113_457, 213.84, 318.24, 1.76759
_6529_, 226.64, 318.24, 1.76757
_6536_, 226.64, 318.24, 1.76757
_6550_, 226.64, 318.24, 1.76757
hold227, 226.64, 318.24, 1.76757
hold416, 226.64, 318.24, 1.76757
FILLER_0_112_467, 226.64, 318.24, 1.76757
FILLER_0_113_486, 226.64, 318.24, 1.76757
FILLER_0_114_489, 226.64, 318.24, 1.76757
_6510_, 239.44, 318.24, 1.76758
_6526_, 239.44, 318.24, 1.76758
_6528_, 239.44, 318.24, 1.76758
FILLER_0_113_510, 239.44, 318.24, 1.76758
FILLER_0_114_522, 239.44, 318.24, 1.76758
_6497_, 252.24, 318.24, 1.76762
_6498_, 252.24, 318.24, 1.76762
_6499_, 252.24, 318.24, 1.76762
_6512_, 252.24, 318.24, 1.76762
_6513_, 252.24, 318.24, 1.76762
hold343, 252.24, 318.24, 1.76762
FILLER_0_112_527, 252.24, 318.24, 1.76762
_6501_, 265.04, 318.24, 1.76768
_6503_, 265.04, 318.24, 1.76768
_7765_, 265.04, 318.24, 1.76768
FILLER_0_112_555, 265.04, 318.24, 1.76768
FILLER_0_113_557, 265.04, 318.24, 1.76768
FILLER_0_114_569, 265.04, 318.24, 1.76768
_6640_, 277.84, 318.24, 1.76777
hold202, 277.84, 318.24, 1.76777
FILLER_0_112_589, 277.84, 318.24, 1.76777
FILLER_0_113_581, 277.84, 318.24, 1.76777
FILLER_0_113_597, 277.84, 318.24, 1.76777
hold169, 290.64, 318.24, 1.76788
hold246, 290.64, 318.24, 1.76788
FILLER_0_114_633, 290.64, 318.24, 1.76788
FILLER_0_112_638, 303.44, 318.24, 1.76801
FILLER_0_113_661, 303.44, 318.24, 1.76801
FILLER_0_113_669, 316.24, 318.24, 1.76813
PHY_220, 5.52, 312.8, 1.76858
PHY_222, 5.52, 312.8, 1.76858
input33, 5.52, 312.8, 1.76858
FILLER_0_112_18, 13.68, 312.8, 1.76858
FILLER_0_111_51, 34.64, 312.8, 1.76837
FILLER_0_112_77, 34.64, 312.8, 1.76837
FILLER_0_111_105, 47.44, 312.8, 1.76817
_7504_, 60.24, 312.8, 1.76797
_7599_, 60.24, 312.8, 1.76797
_7414_, 73.04, 312.8, 1.76784
_4967_, 85.84, 312.8, 1.76773
_4968_, 85.84, 312.8, 1.76773
_4970_, 85.84, 312.8, 1.76773
_4980_, 85.84, 312.8, 1.76773
_4982_, 85.84, 312.8, 1.76773
FILLER_0_110_162, 85.84, 312.8, 1.76773
FILLER_0_111_162, 85.84, 312.8, 1.76773
FILLER_0_111_169, 85.84, 312.8, 1.76773
FILLER_0_112_187, 85.84, 312.8, 1.76773
_4972_, 98.64, 312.8, 1.76763
_4976_, 98.64, 312.8, 1.76763
_4978_, 98.64, 312.8, 1.76763
_4984_, 98.64, 312.8, 1.76763
FILLER_0_111_199, 98.64, 312.8, 1.76763
_4983_, 111.44, 312.8, 1.76755
_4986_, 111.44, 312.8, 1.76755
_4988_, 111.44, 312.8, 1.76755
_4990_, 111.44, 312.8, 1.76755
_4991_, 111.44, 312.8, 1.76755
_4992_, 111.44, 312.8, 1.76755
_5378_, 111.44, 312.8, 1.76755
_7505_, 111.44, 312.8, 1.76755
FILLER_0_110_217, 111.44, 312.8, 1.76755
_4672_, 124.24, 312.8, 1.7675
_5181_, 124.24, 312.8, 1.7675
_5190_, 124.24, 312.8, 1.7675
_5377_, 124.24, 312.8, 1.7675
_5175_, 137.04, 312.8, 1.76751
_5186_, 137.04, 312.8, 1.76751
_5191_, 137.04, 312.8, 1.76751
FILLER_0_111_273, 137.04, 312.8, 1.76751
FILLER_0_111_293, 137.04, 312.8, 1.76751
_5183_, 149.84, 312.8, 1.76753
_5185_, 149.84, 312.8, 1.76753
_5192_, 149.84, 312.8, 1.76753
_5735_, 149.84, 312.8, 1.76753
clkbuf_leaf_32_clk, 149.84, 312.8, 1.76753
FILLER_0_111_325, 149.84, 312.8, 1.76753
_5729_, 162.64, 312.8, 1.76764
_5732_, 162.64, 312.8, 1.76764
_5733_, 162.64, 312.8, 1.76764
_5734_, 162.64, 312.8, 1.76764
_5738_, 162.64, 312.8, 1.76764
_5739_, 162.64, 312.8, 1.76764
_5740_, 162.64, 312.8, 1.76764
FILLER_0_110_337, 162.64, 312.8, 1.76764
FILLER_0_111_333, 162.64, 312.8, 1.76764
FILLER_0_111_346, 162.64, 312.8, 1.76764
_5764_, 188.24, 312.8, 1.76763
_5765_, 188.24, 312.8, 1.76763
_5774_, 188.24, 312.8, 1.76763
_5785_, 188.24, 312.8, 1.76763
FILLER_0_111_393, 188.24, 312.8, 1.76763
FILLER_0_112_404, 188.24, 312.8, 1.76763
_5661_, 201.04, 312.8, 1.76749
_5780_, 201.04, 312.8, 1.76749
_5781_, 201.04, 312.8, 1.76749
_7563_, 201.04, 312.8, 1.76749
FILLER_0_110_424, 201.04, 312.8, 1.76749
FILLER_0_111_412, 201.04, 312.8, 1.76749
_6541_, 213.84, 312.8, 1.76738
_6542_, 213.84, 312.8, 1.76738
_6546_, 213.84, 312.8, 1.76738
_6538_, 226.64, 312.8, 1.76729
_6543_, 226.64, 312.8, 1.76729
_6548_, 226.64, 312.8, 1.76729
_6553_, 226.64, 312.8, 1.76729
_6566_, 226.64, 312.8, 1.76729
clkbuf_leaf_49_clk, 226.64, 312.8, 1.76729
FILLER_0_110_477, 226.64, 312.8, 1.76729
FILLER_0_111_484, 226.64, 312.8, 1.76729
FILLER_0_111_493, 226.64, 312.8, 1.76729
_6514_, 239.44, 312.8, 1.76728
_6515_, 239.44, 312.8, 1.76728
_6516_, 239.44, 312.8, 1.76728
_6518_, 239.44, 312.8, 1.76728
_6527_, 239.44, 312.8, 1.76728
_6537_, 239.44, 312.8, 1.76728
_6547_, 239.44, 312.8, 1.76728
FILLER_0_112_517, 239.44, 312.8, 1.76728
_6504_, 252.24, 312.8, 1.76732
_6511_, 252.24, 312.8, 1.76732
_6517_, 252.24, 312.8, 1.76732
_7766_, 252.24, 312.8, 1.76732
FILLER_0_111_540, 252.24, 312.8, 1.76732
FILLER_0_112_545, 252.24, 312.8, 1.76732
_6447_, 265.04, 312.8, 1.76738
_6500_, 265.04, 312.8, 1.76738
_6502_, 265.04, 312.8, 1.76738
_6505_, 265.04, 312.8, 1.76738
hold303, 265.04, 312.8, 1.76738
FILLER_0_111_567, 265.04, 312.8, 1.76738
_6448_, 277.84, 312.8, 1.76748
_6641_, 277.84, 312.8, 1.76748
_7739_, 277.84, 312.8, 1.76748
_7795_, 277.84, 312.8, 1.76748
hold168, 277.84, 312.8, 1.76748
FILLER_0_110_589, 277.84, 312.8, 1.76748
_7794_, 290.64, 312.8, 1.76763
_7796_, 290.64, 312.8, 1.76763
FILLER_0_111_610, 290.64, 312.8, 1.76763
FILLER_0_111_664, 316.24, 312.8, 1.76803
PHY_216, 5.52, 307.36, 1.76865
PHY_218, 5.52, 307.36, 1.76865
FILLER_0_109_51, 34.64, 307.36, 1.76847
FILLER_0_110_77, 34.64, 307.36, 1.76847
_5829_, 47.44, 307.36, 1.76829
FILLER_0_109_105, 47.44, 307.36, 1.76829
FILLER_0_110_97, 47.44, 307.36, 1.76829
_5374_, 60.24, 307.36, 1.76811
_5375_, 60.24, 307.36, 1.76811
_5828_, 60.24, 307.36, 1.76811
FILLER_0_109_122, 60.24, 307.36, 1.76811
_4954_, 73.04, 307.36, 1.76795
_4955_, 73.04, 307.36, 1.76795
FILLER_0_109_143, 73.04, 307.36, 1.76795
FILLER_0_109_160, 73.04, 307.36, 1.76795
_4940_, 85.84, 307.36, 1.7678
_4942_, 85.84, 307.36, 1.7678
_4952_, 85.84, 307.36, 1.7678
_4964_, 85.84, 307.36, 1.7678
_4969_, 85.84, 307.36, 1.7678
_4981_, 85.84, 307.36, 1.7678
FILLER_0_109_187, 85.84, 307.36, 1.7678
FILLER_0_110_180, 85.84, 307.36, 1.7678
FILLER_0_110_187, 85.84, 307.36, 1.7678
_4958_, 98.64, 307.36, 1.76768
_4962_, 98.64, 307.36, 1.76768
_4971_, 98.64, 307.36, 1.76768
_4973_, 98.64, 307.36, 1.76768
_4974_, 98.64, 307.36, 1.76768
_4975_, 98.64, 307.36, 1.76768
FILLER_0_108_192, 98.64, 307.36, 1.76768
FILLER_0_109_200, 98.64, 307.36, 1.76768
FILLER_0_110_209, 98.64, 307.36, 1.76768
_4985_, 111.44, 307.36, 1.76759
_4987_, 111.44, 307.36, 1.76759
_4989_, 111.44, 307.36, 1.76759
_4999_, 111.44, 307.36, 1.76759
FILLER_0_108_225, 111.44, 307.36, 1.76759
FILLER_0_109_218, 111.44, 307.36, 1.76759
FILLER_0_109_225, 111.44, 307.36, 1.76759
FILLER_0_109_235, 111.44, 307.36, 1.76759
FILLER_0_109_243, 111.44, 307.36, 1.76759
_3859_, 124.24, 307.36, 1.76752
_4673_, 124.24, 307.36, 1.76752
_4674_, 124.24, 307.36, 1.76752
_7341_, 124.24, 307.36, 1.76752
clkbuf_leaf_31_clk, 124.24, 307.36, 1.76752
FILLER_0_110_262, 124.24, 307.36, 1.76752
_5166_, 137.04, 307.36, 1.76756
_5167_, 137.04, 307.36, 1.76756
_5176_, 137.04, 307.36, 1.76756
_5177_, 137.04, 307.36, 1.76756
_5184_, 137.04, 307.36, 1.76756
_5189_, 137.04, 307.36, 1.76756
hold659, 137.04, 307.36, 1.76756
FILLER_0_109_277, 137.04, 307.36, 1.76756
FILLER_0_110_290, 137.04, 307.36, 1.76756
_5736_, 149.84, 307.36, 1.76763
_7589_, 149.84, 307.36, 1.76763
FILLER_0_108_301, 149.84, 307.36, 1.76763
FILLER_0_110_314, 149.84, 307.36, 1.76763
_5660_, 162.64, 307.36, 1.76772
_5726_, 162.64, 307.36, 1.76772
_5728_, 162.64, 307.36, 1.76772
_5742_, 162.64, 307.36, 1.76772
hold485, 162.64, 307.36, 1.76772
FILLER_0_108_333, 162.64, 307.36, 1.76772
FILLER_0_109_337, 162.64, 307.36, 1.76772
_5761_, 188.24, 307.36, 1.7677
_5762_, 188.24, 307.36, 1.7677
_5775_, 188.24, 307.36, 1.7677
load_slew8, 188.24, 307.36, 1.7677
FILLER_0_109_388, 188.24, 307.36, 1.7677
FILLER_0_109_393, 188.24, 307.36, 1.7677
FILLER_0_109_405, 188.24, 307.36, 1.7677
_7593_, 201.04, 307.36, 1.7676
clkbuf_leaf_48_clk, 201.04, 307.36, 1.7676
hold740, 201.04, 307.36, 1.7676
_6552_, 213.84, 307.36, 1.76757
_6554_, 213.84, 307.36, 1.76757
_6555_, 213.84, 307.36, 1.76757
_6563_, 213.84, 307.36, 1.76757
hold464, 213.84, 307.36, 1.76757
FILLER_0_109_449, 213.84, 307.36, 1.76757
FILLER_0_110_453, 213.84, 307.36, 1.76757
_6551_, 226.64, 307.36, 1.76756
_6556_, 226.64, 307.36, 1.76756
_6561_, 226.64, 307.36, 1.76756
_6562_, 226.64, 307.36, 1.76756
_6564_, 226.64, 307.36, 1.76756
_6565_, 226.64, 307.36, 1.76756
_7768_, 226.64, 307.36, 1.76756
_6471_, 239.44, 307.36, 1.76758
_6539_, 239.44, 307.36, 1.76758
FILLER_0_108_503, 239.44, 307.36, 1.76758
FILLER_0_110_516, 239.44, 307.36, 1.76758
_6486_, 252.24, 307.36, 1.76762
_6496_, 252.24, 307.36, 1.76762
hold102, 252.24, 307.36, 1.76762
FILLER_0_108_525, 252.24, 307.36, 1.76762
FILLER_0_109_529, 252.24, 307.36, 1.76762
FILLER_0_109_543, 252.24, 307.36, 1.76762
FILLER_0_109_550, 252.24, 307.36, 1.76762
_6488_, 265.04, 307.36, 1.76768
_6490_, 265.04, 307.36, 1.76768
_6491_, 265.04, 307.36, 1.76768
_6494_, 265.04, 307.36, 1.76768
FILLER_0_110_573, 265.04, 307.36, 1.76768
_6445_, 277.84, 307.36, 1.76775
_6639_, 277.84, 307.36, 1.76775
_6642_, 277.84, 307.36, 1.76775
hold172, 277.84, 307.36, 1.76775
FILLER_0_109_593, 277.84, 307.36, 1.76775
clkbuf_leaf_54_clk, 290.64, 307.36, 1.76785
hold173, 290.64, 307.36, 1.76785
FILLER_0_109_606, 290.64, 307.36, 1.76785
FILLER_0_108_638, 303.44, 307.36, 1.768
FILLER_0_109_661, 303.44, 307.36, 1.768
FILLER_0_109_669, 316.24, 307.36, 1.76816
PHY_212, 5.52, 301.92, 1.76872
PHY_214, 5.52, 301.92, 1.76872
FILLER_0_107_51, 34.64, 301.92, 1.76856
FILLER_0_108_77, 34.64, 301.92, 1.76856
FILLER_0_107_105, 47.44, 301.92, 1.76839
_4671_, 60.24, 301.92, 1.76823
_7340_, 60.24, 301.92, 1.76823
FILLER_0_107_113, 60.24, 301.92, 1.76823
FILLER_0_108_121, 60.24, 301.92, 1.76823
_4944_, 73.04, 301.92, 1.76809
_4953_, 73.04, 301.92, 1.76809
_7413_, 73.04, 301.92, 1.76809
FILLER_0_106_136, 73.04, 301.92, 1.76809
FILLER_0_107_145, 73.04, 301.92, 1.76809
FILLER_0_107_154, 73.04, 301.92, 1.76809
FILLER_0_108_158, 73.04, 301.92, 1.76809
_4941_, 85.84, 301.92, 1.76799
_4949_, 85.84, 301.92, 1.76799
_4965_, 85.84, 301.92, 1.76799
_4966_, 85.84, 301.92, 1.76799
hold812, 85.84, 301.92, 1.76799
_4956_, 98.64, 301.92, 1.76791
_4957_, 98.64, 301.92, 1.76791
_4959_, 98.64, 301.92, 1.76791
_4960_, 98.64, 301.92, 1.76791
_4961_, 98.64, 301.92, 1.76791
FILLER_0_106_193, 98.64, 301.92, 1.76791
_4997_, 111.44, 301.92, 1.76785
_4998_, 111.44, 301.92, 1.76785
_5000_, 111.44, 301.92, 1.76785
_5001_, 111.44, 301.92, 1.76785
_5002_, 111.44, 301.92, 1.76785
hold648, 111.44, 301.92, 1.76785
FILLER_0_106_217, 111.44, 301.92, 1.76785
FILLER_0_107_225, 111.44, 301.92, 1.76785
FILLER_0_107_236, 111.44, 301.92, 1.76785
_7459_, 124.24, 301.92, 1.76782
FILLER_0_107_248, 124.24, 301.92, 1.76782
FILLER_0_108_262, 124.24, 301.92, 1.76782
FILLER_0_108_270, 124.24, 301.92, 1.76782
_5158_, 137.04, 301.92, 1.76782
_5160_, 137.04, 301.92, 1.76782
_5168_, 137.04, 301.92, 1.76782
_5169_, 137.04, 301.92, 1.76782
_5170_, 137.04, 301.92, 1.76782
_5172_, 137.04, 301.92, 1.76782
_5173_, 137.04, 301.92, 1.76782
_5174_, 137.04, 301.92, 1.76782
FILLER_0_107_277, 137.04, 301.92, 1.76782
FILLER_0_108_293, 137.04, 301.92, 1.76782
_7458_, 149.84, 301.92, 1.76784
FILLER_0_106_303, 149.84, 301.92, 1.76784
FILLER_0_106_309, 149.84, 301.92, 1.76784
_5725_, 162.64, 301.92, 1.76788
_5727_, 162.64, 301.92, 1.76788
_5730_, 162.64, 301.92, 1.76788
_5731_, 162.64, 301.92, 1.76788
FILLER_0_106_335, 162.64, 301.92, 1.76788
FILLER_0_107_333, 162.64, 301.92, 1.76788
FILLER_0_107_337, 162.64, 301.92, 1.76788
FILLER_0_107_345, 162.64, 301.92, 1.76788
_5759_, 188.24, 301.92, 1.76777
_5760_, 188.24, 301.92, 1.76777
_5779_, 188.24, 301.92, 1.76777
_5782_, 188.24, 301.92, 1.76777
_5787_, 188.24, 301.92, 1.76777
_5788_, 188.24, 301.92, 1.76777
_7561_, 188.24, 301.92, 1.76777
fanout73, 188.24, 301.92, 1.76777
_7566_, 201.04, 301.92, 1.76766
_7769_, 201.04, 301.92, 1.76766
_7770_, 201.04, 301.92, 1.76766
FILLER_0_107_414, 201.04, 301.92, 1.76766
FILLER_0_107_422, 201.04, 301.92, 1.76766
_6475_, 213.84, 301.92, 1.7676
_6560_, 213.84, 301.92, 1.7676
hold128, 213.84, 301.92, 1.7676
hold422, 213.84, 301.92, 1.7676
hold710, 213.84, 301.92, 1.7676
FILLER_0_107_452, 213.84, 301.92, 1.7676
_6567_, 226.64, 301.92, 1.76756
_6568_, 226.64, 301.92, 1.76756
_6574_, 226.64, 301.92, 1.76756
_6575_, 226.64, 301.92, 1.76756
_6576_, 226.64, 301.92, 1.76756
_6577_, 226.64, 301.92, 1.76756
FILLER_0_107_489, 226.64, 301.92, 1.76756
_7752_, 239.44, 301.92, 1.76754
hold769, 239.44, 301.92, 1.76754
FILLER_0_106_507, 239.44, 301.92, 1.76754
FILLER_0_107_505, 239.44, 301.92, 1.76754
_6487_, 252.24, 301.92, 1.76754
_6495_, 252.24, 301.92, 1.76754
_7751_, 252.24, 301.92, 1.76754
fanout74, 252.24, 301.92, 1.76754
FILLER_0_106_529, 252.24, 301.92, 1.76754
FILLER_0_107_550, 252.24, 301.92, 1.76754
_6482_, 265.04, 301.92, 1.7676
_6489_, 265.04, 301.92, 1.7676
_6493_, 265.04, 301.92, 1.7676
_7764_, 265.04, 301.92, 1.7676
clkbuf_leaf_52_clk, 265.04, 301.92, 1.7676
_6446_, 277.84, 301.92, 1.76773
_7738_, 277.84, 301.92, 1.76773
hold436, 277.84, 301.92, 1.76773
FILLER_0_107_581, 277.84, 301.92, 1.76773
FILLER_0_107_607, 290.64, 301.92, 1.76788
FILLER_0_107_665, 316.24, 301.92, 1.7682
PHY_208, 5.52, 296.48, 1.76875
PHY_210, 5.52, 296.48, 1.76875
input13, 5.52, 296.48, 1.76875
FILLER_0_106_77, 34.64, 296.48, 1.76857
FILLER_0_105_105, 47.44, 296.48, 1.76838
_4670_, 60.24, 296.48, 1.76819
_7411_, 60.24, 296.48, 1.76819
FILLER_0_104_109, 60.24, 296.48, 1.76819
FILLER_0_106_121, 60.24, 296.48, 1.76819
_4943_, 73.04, 296.48, 1.76802
_4945_, 73.04, 296.48, 1.76802
FILLER_0_104_135, 73.04, 296.48, 1.76802
FILLER_0_105_137, 73.04, 296.48, 1.76802
FILLER_0_105_157, 73.04, 296.48, 1.76802
_4937_, 85.84, 296.48, 1.76786
_4938_, 85.84, 296.48, 1.76786
_4947_, 85.84, 296.48, 1.76786
_4948_, 85.84, 296.48, 1.76786
_4951_, 85.84, 296.48, 1.76786
hold361, 85.84, 296.48, 1.76786
FILLER_0_105_165, 85.84, 296.48, 1.76786
FILLER_0_106_184, 85.84, 296.48, 1.76786
_5015_, 98.64, 296.48, 1.76774
_7420_, 98.64, 296.48, 1.76774
hold564, 98.64, 296.48, 1.76774
FILLER_0_105_198, 98.64, 296.48, 1.76774
FILLER_0_105_214, 98.64, 296.48, 1.76774
_4994_, 111.44, 296.48, 1.76765
_4995_, 111.44, 296.48, 1.76765
_4996_, 111.44, 296.48, 1.76765
_5006_, 111.44, 296.48, 1.76765
_5009_, 111.44, 296.48, 1.76765
_5016_, 111.44, 296.48, 1.76765
_7418_, 111.44, 296.48, 1.76765
clkbuf_leaf_29_clk, 111.44, 296.48, 1.76765
FILLER_0_105_225, 111.44, 296.48, 1.76765
_7457_, 124.24, 296.48, 1.76765
FILLER_0_104_248, 124.24, 296.48, 1.76765
FILLER_0_104_253, 124.24, 296.48, 1.76765
FILLER_0_105_245, 124.24, 296.48, 1.76765
FILLER_0_106_265, 124.24, 296.48, 1.76765
_5146_, 137.04, 296.48, 1.76767
_5159_, 137.04, 296.48, 1.76767
_5162_, 137.04, 296.48, 1.76767
_5171_, 137.04, 296.48, 1.76767
hold780, 137.04, 296.48, 1.76767
FILLER_0_104_281, 137.04, 296.48, 1.76767
FILLER_0_105_274, 137.04, 296.48, 1.76767
FILLER_0_106_291, 137.04, 296.48, 1.76767
_5164_, 149.84, 296.48, 1.76772
_5165_, 149.84, 296.48, 1.76772
_5722_, 149.84, 296.48, 1.76772
_7588_, 149.84, 296.48, 1.76772
hold848, 149.84, 296.48, 1.76772
FILLER_0_105_300, 149.84, 296.48, 1.76772
FILLER_0_105_314, 149.84, 296.48, 1.76772
_5658_, 162.64, 296.48, 1.76781
_5716_, 162.64, 296.48, 1.76781
_5717_, 162.64, 296.48, 1.76781
_5718_, 162.64, 296.48, 1.76781
_5719_, 162.64, 296.48, 1.76781
_5721_, 162.64, 296.48, 1.76781
_5723_, 162.64, 296.48, 1.76781
_5724_, 162.64, 296.48, 1.76781
hold529, 162.64, 296.48, 1.76781
_5666_, 188.24, 296.48, 1.76785
_5709_, 188.24, 296.48, 1.76785
_5777_, 188.24, 296.48, 1.76785
clkbuf_leaf_46_clk, 188.24, 296.48, 1.76785
FILLER_0_104_394, 188.24, 296.48, 1.76785
FILLER_0_105_389, 188.24, 296.48, 1.76785
FILLER_0_105_393, 188.24, 296.48, 1.76785
_5667_, 201.04, 296.48, 1.76781
hold231, 201.04, 296.48, 1.76781
FILLER_0_104_413, 201.04, 296.48, 1.76781
FILLER_0_105_425, 201.04, 296.48, 1.76781
_6455_, 213.84, 296.48, 1.76777
_6558_, 213.84, 296.48, 1.76777
hold101, 213.84, 296.48, 1.76777
hold129, 213.84, 296.48, 1.76777
FILLER_0_105_449, 213.84, 296.48, 1.76777
FILLER_0_106_456, 213.84, 296.48, 1.76777
FILLER_0_106_463, 213.84, 296.48, 1.76777
_6559_, 226.64, 296.48, 1.76774
_6570_, 226.64, 296.48, 1.76774
_6572_, 226.64, 296.48, 1.76774
_6573_, 226.64, 296.48, 1.76774
_7771_, 226.64, 296.48, 1.76774
FILLER_0_104_477, 226.64, 296.48, 1.76774
FILLER_0_105_487, 226.64, 296.48, 1.76774
_6456_, 239.44, 296.48, 1.76776
_6470_, 239.44, 296.48, 1.76776
_6643_, 239.44, 296.48, 1.76776
_7743_, 239.44, 296.48, 1.76776
hold294, 239.44, 296.48, 1.76776
hold295, 239.44, 296.48, 1.76776
FILLER_0_106_521, 239.44, 296.48, 1.76776
_6623_, 252.24, 296.48, 1.76779
_7763_, 252.24, 296.48, 1.76779
FILLER_0_104_526, 252.24, 296.48, 1.76779
FILLER_0_105_528, 252.24, 296.48, 1.76779
_6483_, 265.04, 296.48, 1.76783
_6485_, 265.04, 296.48, 1.76783
_6492_, 265.04, 296.48, 1.76783
_6719_, 265.04, 296.48, 1.76783
hold438, 265.04, 296.48, 1.76783
FILLER_0_104_557, 265.04, 296.48, 1.76783
_6621_, 277.84, 296.48, 1.7679
_7797_, 277.84, 296.48, 1.7679
hold451, 277.84, 296.48, 1.7679
FILLER_0_104_589, 277.84, 296.48, 1.7679
FILLER_0_105_593, 277.84, 296.48, 1.7679
_6697_, 290.64, 296.48, 1.76801
_6698_, 290.64, 296.48, 1.76801
_7810_, 290.64, 296.48, 1.76801
hold444, 290.64, 296.48, 1.76801
FILLER_0_105_611, 290.64, 296.48, 1.76801
FILLER_0_105_617, 290.64, 296.48, 1.76801
_6706_, 303.44, 296.48, 1.76814
_6707_, 303.44, 296.48, 1.76814
FILLER_0_105_665, 316.24, 296.48, 1.76828
PHY_204, 5.52, 291.04, 1.76891
PHY_206, 5.52, 291.04, 1.76891
FILLER_0_103_51, 34.64, 291.04, 1.76879
FILLER_0_104_77, 34.64, 291.04, 1.76879
FILLER_0_103_105, 47.44, 291.04, 1.76867
_4916_, 60.24, 291.04, 1.76855
_4917_, 60.24, 291.04, 1.76855
_4918_, 60.24, 291.04, 1.76855
FILLER_0_103_113, 60.24, 291.04, 1.76855
_4920_, 73.04, 291.04, 1.76844
_4929_, 73.04, 291.04, 1.76844
_4934_, 73.04, 291.04, 1.76844
_4963_, 73.04, 291.04, 1.76844
FILLER_0_102_137, 73.04, 291.04, 1.76844
FILLER_0_102_141, 73.04, 291.04, 1.76844
FILLER_0_103_158, 73.04, 291.04, 1.76844
_4935_, 85.84, 291.04, 1.76834
_4936_, 85.84, 291.04, 1.76834
_4946_, 85.84, 291.04, 1.76834
_4950_, 85.84, 291.04, 1.76834
FILLER_0_102_164, 85.84, 291.04, 1.76834
FILLER_0_104_188, 85.84, 291.04, 1.76834
_5017_, 98.64, 291.04, 1.76826
FILLER_0_102_193, 98.64, 291.04, 1.76826
FILLER_0_103_201, 98.64, 291.04, 1.76826
_5007_, 111.44, 291.04, 1.76818
_5008_, 111.44, 291.04, 1.76818
_5019_, 111.44, 291.04, 1.76818
_7419_, 111.44, 291.04, 1.76818
_5151_, 124.24, 291.04, 1.76814
_5152_, 124.24, 291.04, 1.76814
FILLER_0_102_247, 124.24, 291.04, 1.76814
FILLER_0_103_260, 124.24, 291.04, 1.76814
_5144_, 137.04, 291.04, 1.76809
_5145_, 137.04, 291.04, 1.76809
_5147_, 137.04, 291.04, 1.76809
_5149_, 137.04, 291.04, 1.76809
_5150_, 137.04, 291.04, 1.76809
_5156_, 137.04, 291.04, 1.76809
_5161_, 137.04, 291.04, 1.76809
_5163_, 137.04, 291.04, 1.76809
_5720_, 149.84, 291.04, 1.76808
FILLER_0_102_309, 149.84, 291.04, 1.76808
FILLER_0_104_317, 149.84, 291.04, 1.76808
_5714_, 162.64, 291.04, 1.76808
_5715_, 162.64, 291.04, 1.76808
FILLER_0_104_344, 162.64, 291.04, 1.76808
FILLER_0_104_354, 162.64, 291.04, 1.76808
_5776_, 188.24, 291.04, 1.76796
_5778_, 188.24, 291.04, 1.76796
_5793_, 188.24, 291.04, 1.76796
_5796_, 188.24, 291.04, 1.76796
_5797_, 188.24, 291.04, 1.76796
hold290, 188.24, 291.04, 1.76796
hold471, 188.24, 291.04, 1.76796
FILLER_0_102_390, 188.24, 291.04, 1.76796
FILLER_0_103_401, 188.24, 291.04, 1.76796
_5669_, 201.04, 291.04, 1.76788
_5791_, 201.04, 291.04, 1.76788
_6476_, 201.04, 291.04, 1.76788
_7594_, 201.04, 291.04, 1.76788
_7756_, 201.04, 291.04, 1.76788
_6557_, 213.84, 291.04, 1.76783
hold32, 213.84, 291.04, 1.76783
hold33, 213.84, 291.04, 1.76783
FILLER_0_103_457, 213.84, 291.04, 1.76783
FILLER_0_104_455, 213.84, 291.04, 1.76783
FILLER_0_104_466, 213.84, 291.04, 1.76783
_6569_, 226.64, 291.04, 1.76778
_6571_, 226.64, 291.04, 1.76778
_6579_, 226.64, 291.04, 1.76778
_6582_, 226.64, 291.04, 1.76778
_6584_, 226.64, 291.04, 1.76778
_6586_, 226.64, 291.04, 1.76778
hold817, 226.64, 291.04, 1.76778
FILLER_0_103_479, 226.64, 291.04, 1.76778
FILLER_0_104_490, 226.64, 291.04, 1.76778
_7744_, 239.44, 291.04, 1.76776
_7798_, 239.44, 291.04, 1.76776
hold137, 239.44, 291.04, 1.76776
FILLER_0_103_500, 239.44, 291.04, 1.76776
FILLER_0_103_505, 239.44, 291.04, 1.76776
_6443_, 252.24, 291.04, 1.76776
_7750_, 252.24, 291.04, 1.76776
hold136, 252.24, 291.04, 1.76776
hold396, 252.24, 291.04, 1.76776
FILLER_0_102_526, 252.24, 291.04, 1.76776
FILLER_0_102_533, 252.24, 291.04, 1.76776
FILLER_0_103_550, 252.24, 291.04, 1.76776
FILLER_0_104_542, 252.24, 291.04, 1.76776
_6444_, 265.04, 291.04, 1.76779
_6484_, 265.04, 291.04, 1.76779
_7737_, 265.04, 291.04, 1.76779
_7811_, 265.04, 291.04, 1.76779
_6710_, 277.84, 291.04, 1.76786
_6711_, 277.84, 291.04, 1.76786
_6713_, 277.84, 291.04, 1.76786
_6714_, 277.84, 291.04, 1.76786
_6717_, 277.84, 291.04, 1.76786
_6718_, 277.84, 291.04, 1.76786
_6726_, 277.84, 291.04, 1.76786
_6699_, 290.64, 291.04, 1.76797
_6700_, 290.64, 291.04, 1.76797
_6702_, 290.64, 291.04, 1.76797
_6708_, 290.64, 291.04, 1.76797
_6709_, 290.64, 291.04, 1.76797
_6712_, 290.64, 291.04, 1.76797
hold205, 290.64, 291.04, 1.76797
_6703_, 303.44, 291.04, 1.76813
_6715_, 303.44, 291.04, 1.76813
FILLER_0_103_663, 316.24, 291.04, 1.7683
PHY_200, 5.52, 285.6, 1.76893
PHY_202, 5.52, 285.6, 1.76893
FILLER_0_101_51, 34.64, 285.6, 1.76873
FILLER_0_102_77, 34.64, 285.6, 1.76873
_7410_, 47.44, 285.6, 1.76852
FILLER_0_101_81, 47.44, 285.6, 1.76852
_4905_, 60.24, 285.6, 1.76834
_4909_, 60.24, 285.6, 1.76834
_4914_, 60.24, 285.6, 1.76834
_4915_, 60.24, 285.6, 1.76834
_4921_, 60.24, 285.6, 1.76834
hold616, 60.24, 285.6, 1.76834
FILLER_0_101_106, 60.24, 285.6, 1.76834
FILLER_0_101_121, 60.24, 285.6, 1.76834
FILLER_0_101_129, 60.24, 285.6, 1.76834
_4928_, 73.04, 285.6, 1.76819
_4930_, 73.04, 285.6, 1.76819
_4931_, 73.04, 285.6, 1.76819
_4932_, 73.04, 285.6, 1.76819
hold428, 73.04, 285.6, 1.76819
FILLER_0_100_141, 73.04, 285.6, 1.76819
FILLER_0_101_139, 73.04, 285.6, 1.76819
_4923_, 85.84, 285.6, 1.76809
_4924_, 85.84, 285.6, 1.76809
_4926_, 85.84, 285.6, 1.76809
_4933_, 85.84, 285.6, 1.76809
_4939_, 85.84, 285.6, 1.76809
_7412_, 85.84, 285.6, 1.76809
FILLER_0_101_165, 85.84, 285.6, 1.76809
FILLER_0_101_169, 85.84, 285.6, 1.76809
FILLER_0_102_175, 85.84, 285.6, 1.76809
FILLER_0_102_183, 85.84, 285.6, 1.76809
_5012_, 98.64, 285.6, 1.76803
_5013_, 98.64, 285.6, 1.76803
_5014_, 98.64, 285.6, 1.76803
FILLER_0_100_197, 98.64, 285.6, 1.76803
FILLER_0_101_216, 98.64, 285.6, 1.76803
FILLER_0_102_209, 98.64, 285.6, 1.76803
_5003_, 111.44, 285.6, 1.76799
_5004_, 111.44, 285.6, 1.76799
_5005_, 111.44, 285.6, 1.76799
_5010_, 111.44, 285.6, 1.76799
_5018_, 111.44, 285.6, 1.76799
_5142_, 124.24, 285.6, 1.76797
_5143_, 124.24, 285.6, 1.76797
FILLER_0_100_249, 124.24, 285.6, 1.76797
FILLER_0_101_262, 124.24, 285.6, 1.76797
_5137_, 137.04, 285.6, 1.76795
_5138_, 137.04, 285.6, 1.76795
_5148_, 137.04, 285.6, 1.76795
_5155_, 137.04, 285.6, 1.76795
_5157_, 137.04, 285.6, 1.76795
FILLER_0_100_281, 137.04, 285.6, 1.76795
FILLER_0_102_298, 137.04, 285.6, 1.76795
_5115_, 149.84, 285.6, 1.76797
_5117_, 149.84, 285.6, 1.76797
_5118_, 149.84, 285.6, 1.76797
_5128_, 149.84, 285.6, 1.76797
_5153_, 149.84, 285.6, 1.76797
_5154_, 149.84, 285.6, 1.76797
_7454_, 149.84, 285.6, 1.76797
_5702_, 162.64, 285.6, 1.76802
_5704_, 162.64, 285.6, 1.76802
_5706_, 162.64, 285.6, 1.76802
_5707_, 162.64, 285.6, 1.76802
hold443, 162.64, 285.6, 1.76802
FILLER_0_100_337, 162.64, 285.6, 1.76802
FILLER_0_102_352, 162.64, 285.6, 1.76802
_5789_, 188.24, 285.6, 1.768
_5790_, 188.24, 285.6, 1.768
_5792_, 188.24, 285.6, 1.768
_5794_, 188.24, 285.6, 1.768
_5795_, 188.24, 285.6, 1.768
FILLER_0_100_392, 188.24, 285.6, 1.768
FILLER_0_101_386, 188.24, 285.6, 1.768
FILLER_0_101_393, 188.24, 285.6, 1.768
_5668_, 201.04, 285.6, 1.76791
_7567_, 201.04, 285.6, 1.76791
_7757_, 201.04, 285.6, 1.76791
hold296, 201.04, 285.6, 1.76791
FILLER_0_100_414, 201.04, 285.6, 1.76791
FILLER_0_101_418, 201.04, 285.6, 1.76791
_6457_, 213.84, 285.6, 1.76786
_6477_, 213.84, 285.6, 1.76786
_7772_, 213.84, 285.6, 1.76786
hold293, 213.84, 285.6, 1.76786
FILLER_0_100_447, 213.84, 285.6, 1.76786
FILLER_0_101_443, 213.84, 285.6, 1.76786
FILLER_0_101_449, 213.84, 285.6, 1.76786
_6580_, 226.64, 285.6, 1.76782
_6581_, 226.64, 285.6, 1.76782
_6583_, 226.64, 285.6, 1.76782
_6585_, 226.64, 285.6, 1.76782
hold395, 226.64, 285.6, 1.76782
FILLER_0_100_470, 226.64, 285.6, 1.76782
FILLER_0_101_478, 226.64, 285.6, 1.76782
FILLER_0_102_494, 226.64, 285.6, 1.76782
_6458_, 239.44, 285.6, 1.76781
_6459_, 239.44, 285.6, 1.76781
clkbuf_leaf_50_clk, 239.44, 285.6, 1.76781
hold306, 239.44, 285.6, 1.76781
FILLER_0_100_497, 239.44, 285.6, 1.76781
_6625_, 252.24, 285.6, 1.76787
_7799_, 252.24, 285.6, 1.76787
hold213, 252.24, 285.6, 1.76787
hold214, 252.24, 285.6, 1.76787
_6469_, 265.04, 285.6, 1.76793
_7812_, 265.04, 285.6, 1.76793
FILLER_0_100_562, 265.04, 285.6, 1.76793
_6720_, 277.84, 285.6, 1.76802
_6724_, 277.84, 285.6, 1.76802
_6725_, 277.84, 285.6, 1.76802
_6729_, 277.84, 285.6, 1.76802
hold627, 277.84, 285.6, 1.76802
FILLER_0_101_596, 277.84, 285.6, 1.76802
FILLER_0_102_601, 277.84, 285.6, 1.76802
_6689_, 290.64, 285.6, 1.76813
_6690_, 290.64, 285.6, 1.76813
_6701_, 290.64, 285.6, 1.76813
_6716_, 290.64, 285.6, 1.76813
FILLER_0_100_606, 290.64, 285.6, 1.76813
FILLER_0_101_629, 290.64, 285.6, 1.76813
FILLER_0_102_628, 290.64, 285.6, 1.76813
_6694_, 303.44, 285.6, 1.76826
_6705_, 303.44, 285.6, 1.76826
hold491, 303.44, 285.6, 1.76826
FILLER_0_100_636, 303.44, 285.6, 1.76826
FILLER_0_101_667, 316.24, 285.6, 1.76841
PHY_196, 5.52, 280.16, 1.76904
PHY_198, 5.52, 280.16, 1.76904
FILLER_0_99_51, 34.64, 280.16, 1.76886
FILLER_0_100_77, 34.64, 280.16, 1.76886
_4904_, 47.44, 280.16, 1.76867
_4907_, 47.44, 280.16, 1.76867
FILLER_0_99_93, 47.44, 280.16, 1.76867
FILLER_0_99_101, 47.44, 280.16, 1.76867
_4898_, 60.24, 280.16, 1.76849
_4899_, 60.24, 280.16, 1.76849
_4902_, 60.24, 280.16, 1.76849
_4903_, 60.24, 280.16, 1.76849
_4906_, 60.24, 280.16, 1.76849
_4908_, 60.24, 280.16, 1.76849
_4910_, 60.24, 280.16, 1.76849
FILLER_0_99_116, 60.24, 280.16, 1.76849
FILLER_0_100_122, 60.24, 280.16, 1.76849
_4911_, 73.04, 280.16, 1.76833
_4913_, 73.04, 280.16, 1.76833
clkbuf_leaf_27_clk, 73.04, 280.16, 1.76833
_4862_, 85.84, 280.16, 1.76822
_4922_, 85.84, 280.16, 1.76822
_4925_, 85.84, 280.16, 1.76822
hold429, 85.84, 280.16, 1.76822
FILLER_0_98_173, 85.84, 280.16, 1.76822
FILLER_0_99_164, 85.84, 280.16, 1.76822
FILLER_0_99_184, 85.84, 280.16, 1.76822
_4861_, 98.64, 280.16, 1.76813
_4865_, 98.64, 280.16, 1.76813
_5011_, 98.64, 280.16, 1.76813
_5020_, 98.64, 280.16, 1.76813
_5021_, 98.64, 280.16, 1.76813
FILLER_0_98_191, 98.64, 280.16, 1.76813
FILLER_0_99_199, 98.64, 280.16, 1.76813
_5022_, 111.44, 280.16, 1.76808
_7456_, 111.44, 280.16, 1.76808
hold410, 111.44, 280.16, 1.76808
hold831, 111.44, 280.16, 1.76808
FILLER_0_99_234, 111.44, 280.16, 1.76808
FILLER_0_100_236, 111.44, 280.16, 1.76808
_5133_, 124.24, 280.16, 1.76806
_5136_, 124.24, 280.16, 1.76806
_5141_, 124.24, 280.16, 1.76806
hold615, 124.24, 280.16, 1.76806
FILLER_0_98_253, 124.24, 280.16, 1.76806
_5139_, 137.04, 280.16, 1.76807
_5140_, 137.04, 280.16, 1.76807
FILLER_0_98_281, 137.04, 280.16, 1.76807
FILLER_0_99_276, 137.04, 280.16, 1.76807
FILLER_0_100_296, 137.04, 280.16, 1.76807
_5110_, 149.84, 280.16, 1.76807
_5113_, 149.84, 280.16, 1.76807
_5114_, 149.84, 280.16, 1.76807
_5119_, 149.84, 280.16, 1.76807
_5126_, 149.84, 280.16, 1.76807
FILLER_0_98_309, 149.84, 280.16, 1.76807
FILLER_0_99_305, 149.84, 280.16, 1.76807
FILLER_0_99_317, 149.84, 280.16, 1.76807
FILLER_0_99_325, 149.84, 280.16, 1.76807
_3718_, 162.64, 280.16, 1.76811
_5108_, 162.64, 280.16, 1.76811
_5705_, 162.64, 280.16, 1.76811
_7586_, 162.64, 280.16, 1.76811
FILLER_0_98_332, 162.64, 280.16, 1.76811
FILLER_0_99_333, 162.64, 280.16, 1.76811
FILLER_0_100_349, 162.64, 280.16, 1.76811
_5803_, 188.24, 280.16, 1.76813
_5804_, 188.24, 280.16, 1.76813
_5805_, 188.24, 280.16, 1.76813
_5806_, 188.24, 280.16, 1.76813
hold704, 188.24, 280.16, 1.76813
_5672_, 201.04, 280.16, 1.7681
_5801_, 201.04, 280.16, 1.7681
_7568_, 201.04, 280.16, 1.7681
FILLER_0_98_414, 201.04, 280.16, 1.7681
FILLER_0_98_421, 201.04, 280.16, 1.7681
FILLER_0_99_431, 201.04, 280.16, 1.7681
FILLER_0_100_430, 201.04, 280.16, 1.7681
_7758_, 213.84, 280.16, 1.76808
hold292, 213.84, 280.16, 1.76808
FILLER_0_98_444, 213.84, 280.16, 1.76808
FILLER_0_98_452, 213.84, 280.16, 1.76808
_6578_, 226.64, 280.16, 1.76808
_6590_, 226.64, 280.16, 1.76808
_6591_, 226.64, 280.16, 1.76808
_6594_, 226.64, 280.16, 1.76808
FILLER_0_99_481, 226.64, 280.16, 1.76808
FILLER_0_99_494, 226.64, 280.16, 1.76808
FILLER_0_100_482, 226.64, 280.16, 1.76808
FILLER_0_100_489, 226.64, 280.16, 1.76808
_6460_, 239.44, 280.16, 1.76809
_6589_, 239.44, 280.16, 1.76809
_6644_, 239.44, 280.16, 1.76809
FILLER_0_98_501, 239.44, 280.16, 1.76809
FILLER_0_100_509, 239.44, 280.16, 1.76809
_6645_, 252.24, 280.16, 1.76811
hold54, 252.24, 280.16, 1.76811
hold55, 252.24, 280.16, 1.76811
hold434, 252.24, 280.16, 1.76811
FILLER_0_98_529, 252.24, 280.16, 1.76811
FILLER_0_99_525, 252.24, 280.16, 1.76811
_6727_, 265.04, 280.16, 1.76813
_6728_, 265.04, 280.16, 1.76813
_6737_, 265.04, 280.16, 1.76813
_6738_, 265.04, 280.16, 1.76813
hold640, 265.04, 280.16, 1.76813
_6619_, 277.84, 280.16, 1.76816
_6723_, 277.84, 280.16, 1.76816
_6730_, 277.84, 280.16, 1.76816
_6731_, 277.84, 280.16, 1.76816
hold160, 277.84, 280.16, 1.76816
FILLER_0_98_589, 277.84, 280.16, 1.76816
FILLER_0_99_580, 277.84, 280.16, 1.76816
FILLER_0_99_591, 277.84, 280.16, 1.76816
_6687_, 290.64, 280.16, 1.76824
_6688_, 290.64, 280.16, 1.76824
_6691_, 290.64, 280.16, 1.76824
_6693_, 290.64, 280.16, 1.76824
_6704_, 290.64, 280.16, 1.76824
max_cap64, 290.64, 280.16, 1.76824
FILLER_0_99_610, 290.64, 280.16, 1.76824
FILLER_0_99_626, 290.64, 280.16, 1.76824
_6695_, 303.44, 280.16, 1.76835
_6696_, 303.44, 280.16, 1.76835
_7809_, 303.44, 280.16, 1.76835
FILLER_0_99_665, 316.24, 280.16, 1.76849
FILLER_0_100_689, 316.24, 280.16, 1.76849
PHY_192, 5.52, 274.72, 1.76905
PHY_194, 5.52, 274.72, 1.76905
FILLER_0_97_3, 5.52, 274.72, 1.76905
_4285_, 13.68, 274.72, 1.76905
fanout71, 13.68, 274.72, 1.76905
FILLER_0_96_9, 13.68, 274.72, 1.76905
FILLER_0_97_11, 13.68, 274.72, 1.76905
FILLER_0_97_69, 34.64, 274.72, 1.76879
FILLER_0_97_77, 34.64, 274.72, 1.76879
FILLER_0_98_77, 34.64, 274.72, 1.76879
_3860_, 47.44, 274.72, 1.76852
_3862_, 47.44, 274.72, 1.76852
_7151_, 47.44, 274.72, 1.76852
_7409_, 47.44, 274.72, 1.76852
FILLER_0_96_81, 47.44, 274.72, 1.76852
_3861_, 60.24, 274.72, 1.76832
_4856_, 60.24, 274.72, 1.76832
_4900_, 60.24, 274.72, 1.76832
_4901_, 60.24, 274.72, 1.76832
FILLER_0_96_117, 60.24, 274.72, 1.76832
FILLER_0_97_122, 60.24, 274.72, 1.76832
FILLER_0_98_119, 60.24, 274.72, 1.76832
FILLER_0_98_130, 60.24, 274.72, 1.76832
_4858_, 73.04, 274.72, 1.76814
_4912_, 73.04, 274.72, 1.76814
_4927_, 73.04, 274.72, 1.76814
FILLER_0_96_141, 73.04, 274.72, 1.76814
FILLER_0_98_156, 73.04, 274.72, 1.76814
_4860_, 85.84, 274.72, 1.76797
_4863_, 85.84, 274.72, 1.76797
_7386_, 85.84, 274.72, 1.76797
_7387_, 85.84, 274.72, 1.76797
FILLER_0_97_161, 85.84, 274.72, 1.76797
FILLER_0_97_176, 85.84, 274.72, 1.76797
_5061_, 98.64, 274.72, 1.76783
_7388_, 98.64, 274.72, 1.76783
clkbuf_leaf_28_clk, 98.64, 274.72, 1.76783
hold309, 98.64, 274.72, 1.76783
FILLER_0_98_204, 98.64, 274.72, 1.76783
_7421_, 111.44, 274.72, 1.76779
_7441_, 111.44, 274.72, 1.76779
_7442_, 111.44, 274.72, 1.76779
FILLER_0_96_218, 111.44, 274.72, 1.76779
FILLER_0_97_221, 111.44, 274.72, 1.76779
_5059_, 124.24, 274.72, 1.7678
_5131_, 124.24, 274.72, 1.7678
_5132_, 124.24, 274.72, 1.7678
hold411, 124.24, 274.72, 1.7678
FILLER_0_97_253, 124.24, 274.72, 1.7678
FILLER_0_97_261, 124.24, 274.72, 1.7678
FILLER_0_97_267, 124.24, 274.72, 1.7678
_5121_, 137.04, 274.72, 1.76784
_5124_, 137.04, 274.72, 1.76784
_5125_, 137.04, 274.72, 1.76784
_5127_, 137.04, 274.72, 1.76784
_5129_, 137.04, 274.72, 1.76784
_5135_, 137.04, 274.72, 1.76784
FILLER_0_97_293, 137.04, 274.72, 1.76784
_5036_, 149.84, 274.72, 1.7679
_5092_, 149.84, 274.72, 1.7679
_5106_, 149.84, 274.72, 1.7679
_5107_, 149.84, 274.72, 1.7679
_5109_, 149.84, 274.72, 1.7679
_5111_, 149.84, 274.72, 1.7679
_5120_, 149.84, 274.72, 1.7679
FILLER_0_96_304, 149.84, 274.72, 1.7679
FILLER_0_97_308, 149.84, 274.72, 1.7679
FILLER_0_97_321, 149.84, 274.72, 1.7679
_4896_, 162.64, 274.72, 1.76801
_5682_, 162.64, 274.72, 1.76801
_7573_, 162.64, 274.72, 1.76801
_7577_, 162.64, 274.72, 1.76801
FILLER_0_96_336, 162.64, 274.72, 1.76801
_5798_, 188.24, 274.72, 1.7681
_5799_, 188.24, 274.72, 1.7681
_5800_, 188.24, 274.72, 1.7681
_5802_, 188.24, 274.72, 1.7681
hold858, 188.24, 274.72, 1.7681
FILLER_0_96_388, 188.24, 274.72, 1.7681
FILLER_0_97_387, 188.24, 274.72, 1.7681
FILLER_0_97_410, 188.24, 274.72, 1.7681
_5671_, 201.04, 274.72, 1.76805
_5674_, 201.04, 274.72, 1.76805
hold347, 201.04, 274.72, 1.76805
FILLER_0_96_416, 201.04, 274.72, 1.76805
FILLER_0_97_429, 201.04, 274.72, 1.76805
_6478_, 213.84, 274.72, 1.76801
_7759_, 213.84, 274.72, 1.76801
_7773_, 213.84, 274.72, 1.76801
hold162, 213.84, 274.72, 1.76801
FILLER_0_97_445, 213.84, 274.72, 1.76801
FILLER_0_97_456, 213.84, 274.72, 1.76801
_6588_, 226.64, 274.72, 1.76799
_6592_, 226.64, 274.72, 1.76799
_6593_, 226.64, 274.72, 1.76799
_6602_, 226.64, 274.72, 1.76799
_6603_, 226.64, 274.72, 1.76799
hold362, 226.64, 274.72, 1.76799
FILLER_0_96_471, 226.64, 274.72, 1.76799
FILLER_0_97_471, 226.64, 274.72, 1.76799
FILLER_0_97_478, 226.64, 274.72, 1.76799
FILLER_0_98_490, 226.64, 274.72, 1.76799
_6462_, 239.44, 274.72, 1.76799
_6587_, 239.44, 274.72, 1.76799
_7745_, 239.44, 274.72, 1.76799
FILLER_0_96_499, 239.44, 274.72, 1.76799
_6627_, 252.24, 274.72, 1.768
_7800_, 252.24, 274.72, 1.768
_7813_, 252.24, 274.72, 1.768
FILLER_0_96_529, 252.24, 274.72, 1.768
FILLER_0_96_533, 252.24, 274.72, 1.768
FILLER_0_98_541, 252.24, 274.72, 1.768
_6732_, 265.04, 274.72, 1.76803
_6734_, 265.04, 274.72, 1.76803
_6735_, 265.04, 274.72, 1.76803
_6736_, 265.04, 274.72, 1.76803
_6742_, 265.04, 274.72, 1.76803
_6743_, 265.04, 274.72, 1.76803
_6746_, 265.04, 274.72, 1.76803
FILLER_0_96_559, 265.04, 274.72, 1.76803
FILLER_0_97_561, 265.04, 274.72, 1.76803
_6638_, 277.84, 274.72, 1.76811
_6721_, 277.84, 274.72, 1.76811
_6722_, 277.84, 274.72, 1.76811
_6733_, 277.84, 274.72, 1.76811
FILLER_0_96_584, 277.84, 274.72, 1.76811
_6675_, 290.64, 274.72, 1.7682
_6692_, 290.64, 274.72, 1.7682
hold206, 290.64, 274.72, 1.7682
FILLER_0_97_617, 290.64, 274.72, 1.7682
FILLER_0_97_624, 290.64, 274.72, 1.7682
FILLER_0_98_633, 290.64, 274.72, 1.7682
_6045_, 303.44, 274.72, 1.76831
clkbuf_leaf_55_clk, 303.44, 274.72, 1.76831
FILLER_0_96_637, 303.44, 274.72, 1.76831
FILLER_0_97_661, 303.44, 274.72, 1.76831
_4315_, 316.24, 274.72, 1.76848
_4316_, 316.24, 274.72, 1.76848
_7255_, 316.24, 274.72, 1.76848
FILLER_0_96_665, 316.24, 274.72, 1.76848
_4286_, 5.52, 269.28, 1.76914
PHY_188, 5.52, 269.28, 1.76914
PHY_190, 5.52, 269.28, 1.76914
output53, 5.52, 269.28, 1.76914
hold705, 5.52, 269.28, 1.76914
fanout70, 13.68, 269.28, 1.76916
FILLER_0_96_21, 13.68, 269.28, 1.76916
clkbuf_leaf_23_clk, 47.44, 269.28, 1.76864
FILLER_0_95_105, 47.44, 269.28, 1.76864
_3857_, 60.24, 269.28, 1.76841
_4897_, 60.24, 269.28, 1.76841
_7397_, 60.24, 269.28, 1.76841
hold282, 60.24, 269.28, 1.76841
hold426, 60.24, 269.28, 1.76841
FILLER_0_94_115, 60.24, 269.28, 1.76841
FILLER_0_95_119, 60.24, 269.28, 1.76841
_4857_, 73.04, 269.28, 1.76824
_7384_, 73.04, 269.28, 1.76824
_7398_, 73.04, 269.28, 1.76824
hold305, 73.04, 269.28, 1.76824
FILLER_0_95_140, 73.04, 269.28, 1.76824
FILLER_0_95_159, 73.04, 269.28, 1.76824
_4859_, 85.84, 269.28, 1.76811
_7400_, 85.84, 269.28, 1.76811
hold5, 85.84, 269.28, 1.76811
hold12, 85.84, 269.28, 1.76811
_4866_, 98.64, 269.28, 1.76802
_5057_, 98.64, 269.28, 1.76802
hold3, 98.64, 269.28, 1.76802
hold6, 98.64, 269.28, 1.76802
FILLER_0_94_190, 98.64, 269.28, 1.76802
_5060_, 111.44, 269.28, 1.76797
_7440_, 111.44, 269.28, 1.76797
hold4, 111.44, 269.28, 1.76797
hold310, 111.44, 269.28, 1.76797
FILLER_0_95_233, 111.44, 269.28, 1.76797
_5039_, 124.24, 269.28, 1.76796
_5122_, 124.24, 269.28, 1.76796
_5123_, 124.24, 269.28, 1.76796
_7393_, 124.24, 269.28, 1.76796
FILLER_0_94_246, 124.24, 269.28, 1.76796
_5134_, 137.04, 269.28, 1.76799
_7455_, 137.04, 269.28, 1.76799
hold279, 137.04, 269.28, 1.76799
FILLER_0_94_284, 137.04, 269.28, 1.76799
_5034_, 149.84, 269.28, 1.76803
_5094_, 149.84, 269.28, 1.76803
_5096_, 149.84, 269.28, 1.76803
_5097_, 149.84, 269.28, 1.76803
_5112_, 149.84, 269.28, 1.76803
hold694, 149.84, 269.28, 1.76803
FILLER_0_95_320, 149.84, 269.28, 1.76803
clkbuf_leaf_33_clk, 162.64, 269.28, 1.76811
FILLER_0_95_333, 162.64, 269.28, 1.76811
_5809_, 188.24, 269.28, 1.7681
_5812_, 188.24, 269.28, 1.7681
_5813_, 188.24, 269.28, 1.7681
_5814_, 188.24, 269.28, 1.7681
_5823_, 188.24, 269.28, 1.7681
FILLER_0_94_386, 188.24, 269.28, 1.7681
_5673_, 201.04, 269.28, 1.76797
_5810_, 201.04, 269.28, 1.76797
_5811_, 201.04, 269.28, 1.76797
_5819_, 201.04, 269.28, 1.76797
_7569_, 201.04, 269.28, 1.76797
clkbuf_leaf_44_clk, 201.04, 269.28, 1.76797
FILLER_0_94_417, 201.04, 269.28, 1.76797
FILLER_0_95_415, 201.04, 269.28, 1.76797
hold163, 213.84, 269.28, 1.76791
wire7, 213.84, 269.28, 1.76791
FILLER_0_95_449, 213.84, 269.28, 1.76791
FILLER_0_95_460, 213.84, 269.28, 1.76791
_6463_, 226.64, 269.28, 1.76787
_6598_, 226.64, 269.28, 1.76787
_6601_, 226.64, 269.28, 1.76787
hold530, 226.64, 269.28, 1.76787
FILLER_0_94_473, 226.64, 269.28, 1.76787
FILLER_0_96_485, 226.64, 269.28, 1.76787
_6597_, 239.44, 269.28, 1.76786
_6599_, 239.44, 269.28, 1.76786
_7746_, 239.44, 269.28, 1.76786
_7747_, 239.44, 269.28, 1.76786
hold63, 239.44, 269.28, 1.76786
FILLER_0_94_502, 239.44, 269.28, 1.76786
FILLER_0_95_517, 239.44, 269.28, 1.76786
_6629_, 252.24, 269.28, 1.76787
_7801_, 252.24, 269.28, 1.76787
clkbuf_leaf_51_clk, 252.24, 269.28, 1.76787
hold43, 252.24, 269.28, 1.76787
FILLER_0_94_528, 252.24, 269.28, 1.76787
_6739_, 265.04, 269.28, 1.76794
_6740_, 265.04, 269.28, 1.76794
_6741_, 265.04, 269.28, 1.76794
_6744_, 265.04, 269.28, 1.76794
_6747_, 265.04, 269.28, 1.76794
FILLER_0_94_556, 265.04, 269.28, 1.76794
FILLER_0_95_568, 265.04, 269.28, 1.76794
_6617_, 277.84, 269.28, 1.76803
_6745_, 277.84, 269.28, 1.76803
_7793_, 277.84, 269.28, 1.76803
_7814_, 277.84, 269.28, 1.76803
hold833, 277.84, 269.28, 1.76803
FILLER_0_95_580, 277.84, 269.28, 1.76803
FILLER_0_95_595, 277.84, 269.28, 1.76803
_6676_, 290.64, 269.28, 1.76819
_6677_, 290.64, 269.28, 1.76819
_6678_, 290.64, 269.28, 1.76819
max_cap1, 290.64, 269.28, 1.76819
FILLER_0_94_610, 290.64, 269.28, 1.76819
FILLER_0_95_610, 290.64, 269.28, 1.76819
FILLER_0_95_617, 290.64, 269.28, 1.76819
FILLER_0_96_624, 290.64, 269.28, 1.76819
_6685_, 303.44, 269.28, 1.76837
_7808_, 303.44, 269.28, 1.76837
hold576, 303.44, 269.28, 1.76837
FILLER_0_95_667, 316.24, 269.28, 1.76857
_7248_, 5.52, 263.84, 1.76932
PHY_184, 5.52, 263.84, 1.76932
PHY_186, 5.52, 263.84, 1.76932
FILLER_0_94_23, 13.68, 263.84, 1.76933
FILLER_0_93_51, 34.64, 263.84, 1.76909
FILLER_0_94_77, 34.64, 263.84, 1.76909
_7150_, 47.44, 263.84, 1.76883
FILLER_0_92_85, 47.44, 263.84, 1.76883
FILLER_0_93_81, 47.44, 263.84, 1.76883
_4882_, 60.24, 263.84, 1.76861
_7396_, 60.24, 263.84, 1.76861
hold266, 60.24, 263.84, 1.76861
hold267, 60.24, 263.84, 1.76861
FILLER_0_94_130, 60.24, 263.84, 1.76861
_4854_, 73.04, 263.84, 1.76843
_4855_, 73.04, 263.84, 1.76843
_7383_, 73.04, 263.84, 1.76843
hold304, 73.04, 263.84, 1.76843
FILLER_0_93_143, 73.04, 263.84, 1.76843
FILLER_0_93_157, 73.04, 263.84, 1.76843
_4883_, 85.84, 263.84, 1.76828
_4886_, 85.84, 263.84, 1.76828
_7385_, 85.84, 263.84, 1.76828
_7399_, 85.84, 263.84, 1.76828
hold11, 85.84, 263.84, 1.76828
hold23, 85.84, 263.84, 1.76828
FILLER_0_93_177, 85.84, 263.84, 1.76828
_5056_, 98.64, 263.84, 1.76819
_7438_, 98.64, 263.84, 1.76819
hold141, 98.64, 263.84, 1.76819
load_slew12, 98.64, 263.84, 1.76819
FILLER_0_93_203, 98.64, 263.84, 1.76819
_5058_, 111.44, 263.84, 1.76815
_5062_, 111.44, 263.84, 1.76815
_7439_, 111.44, 263.84, 1.76815
_4875_, 124.24, 263.84, 1.76814
clkbuf_leaf_34_clk, 124.24, 263.84, 1.76814
hold203, 124.24, 263.84, 1.76814
FILLER_0_92_249, 124.24, 263.84, 1.76814
FILLER_0_93_248, 124.24, 263.84, 1.76814
_4876_, 137.04, 263.84, 1.76818
_5130_, 137.04, 263.84, 1.76818
FILLER_0_94_294, 137.04, 263.84, 1.76818
_5093_, 149.84, 263.84, 1.76823
_5095_, 149.84, 263.84, 1.76823
_5103_, 149.84, 263.84, 1.76823
_5105_, 149.84, 263.84, 1.76823
_5116_, 149.84, 263.84, 1.76823
_7453_, 149.84, 263.84, 1.76823
FILLER_0_92_304, 149.84, 263.84, 1.76823
FILLER_0_92_309, 149.84, 263.84, 1.76823
FILLER_0_94_321, 149.84, 263.84, 1.76823
_7576_, 162.64, 263.84, 1.76831
hold455, 162.64, 263.84, 1.76831
hold850, 162.64, 263.84, 1.76831
FILLER_0_92_332, 162.64, 263.84, 1.76831
FILLER_0_93_337, 162.64, 263.84, 1.76831
FILLER_0_94_347, 162.64, 263.84, 1.76831
_5808_, 188.24, 263.84, 1.7683
_5818_, 188.24, 263.84, 1.7683
_5824_, 188.24, 263.84, 1.7683
FILLER_0_93_384, 188.24, 263.84, 1.7683
FILLER_0_93_393, 188.24, 263.84, 1.7683
_5675_, 201.04, 263.84, 1.7682
_5807_, 201.04, 263.84, 1.7682
_5820_, 201.04, 263.84, 1.7682
_5822_, 201.04, 263.84, 1.7682
_7570_, 201.04, 263.84, 1.7682
_7597_, 201.04, 263.84, 1.7682
hold594, 201.04, 263.84, 1.7682
FILLER_0_92_413, 201.04, 263.84, 1.7682
_5676_, 213.84, 263.84, 1.76815
_6461_, 213.84, 263.84, 1.76815
_7760_, 213.84, 263.84, 1.76815
hold326, 213.84, 263.84, 1.76815
FILLER_0_92_448, 213.84, 263.84, 1.76815
FILLER_0_93_449, 213.84, 263.84, 1.76815
FILLER_0_94_458, 213.84, 263.84, 1.76815
_6479_, 226.64, 263.84, 1.76811
_6596_, 226.64, 263.84, 1.76811
_6600_, 226.64, 263.84, 1.76811
_7774_, 226.64, 263.84, 1.76811
hold170, 226.64, 263.84, 1.76811
_6464_, 239.44, 263.84, 1.76809
_6595_, 239.44, 263.84, 1.76809
_6605_, 239.44, 263.84, 1.76809
_6606_, 239.44, 263.84, 1.76809
_7802_, 239.44, 263.84, 1.76809
hold533, 239.44, 263.84, 1.76809
FILLER_0_93_501, 239.44, 263.84, 1.76809
_6646_, 252.24, 263.84, 1.76811
_6754_, 252.24, 263.84, 1.76811
_7815_, 252.24, 263.84, 1.76811
hold44, 252.24, 263.84, 1.76811
hold64, 252.24, 263.84, 1.76811
hold830, 252.24, 263.84, 1.76811
_6751_, 265.04, 263.84, 1.76816
_6752_, 265.04, 263.84, 1.76816
_6762_, 265.04, 263.84, 1.76816
FILLER_0_94_577, 265.04, 263.84, 1.76816
_6637_, 277.84, 263.84, 1.76823
_7792_, 277.84, 263.84, 1.76823
_7807_, 277.84, 263.84, 1.76823
hold161, 277.84, 263.84, 1.76823
_6615_, 290.64, 263.84, 1.76835
_6665_, 290.64, 263.84, 1.76835
_6666_, 290.64, 263.84, 1.76835
_6667_, 290.64, 263.84, 1.76835
_6673_, 290.64, 263.84, 1.76835
_6679_, 290.64, 263.84, 1.76835
_6680_, 290.64, 263.84, 1.76835
hold449, 290.64, 263.84, 1.76835
_6681_, 303.44, 263.84, 1.76851
_6682_, 303.44, 263.84, 1.76851
_6683_, 303.44, 263.84, 1.76851
_6684_, 303.44, 263.84, 1.76851
_6686_, 303.44, 263.84, 1.76851
max_cap65, 303.44, 263.84, 1.76851
FILLER_0_93_635, 303.44, 263.84, 1.76851
PHY_180, 5.52, 258.4, 1.76945
PHY_182, 5.52, 258.4, 1.76945
clkbuf_leaf_24_clk, 13.68, 258.4, 1.76945
_3844_, 34.64, 258.4, 1.76922
_7147_, 34.64, 258.4, 1.76922
FILLER_0_90_53, 34.64, 258.4, 1.76922
FILLER_0_91_57, 34.64, 258.4, 1.76922
FILLER_0_92_77, 34.64, 258.4, 1.76922
_3858_, 47.44, 258.4, 1.769
_7206_, 47.44, 258.4, 1.769
hold783, 47.44, 258.4, 1.769
FILLER_0_90_80, 47.44, 258.4, 1.769
FILLER_0_91_87, 47.44, 258.4, 1.769
FILLER_0_92_93, 47.44, 258.4, 1.769
FILLER_0_92_99, 47.44, 258.4, 1.769
_4881_, 60.24, 258.4, 1.76879
hold281, 60.24, 258.4, 1.76879
hold389, 60.24, 258.4, 1.76879
FILLER_0_90_117, 60.24, 258.4, 1.76879
FILLER_0_91_128, 60.24, 258.4, 1.76879
_4107_, 73.04, 258.4, 1.76861
_7210_, 73.04, 258.4, 1.76861
clkbuf_leaf_22_clk, 73.04, 258.4, 1.76861
hold140, 73.04, 258.4, 1.76861
FILLER_0_90_141, 73.04, 258.4, 1.76861
_4885_, 85.84, 258.4, 1.76852
_4887_, 85.84, 258.4, 1.76852
hold17, 85.84, 258.4, 1.76852
hold18, 85.84, 258.4, 1.76852
FILLER_0_90_164, 85.84, 258.4, 1.76852
_4867_, 98.64, 258.4, 1.76845
_4868_, 98.64, 258.4, 1.76845
_7437_, 98.64, 258.4, 1.76845
hold107, 98.64, 258.4, 1.76845
FILLER_0_90_197, 98.64, 258.4, 1.76845
_7443_, 111.44, 258.4, 1.76842
hold108, 111.44, 258.4, 1.76842
hold204, 111.44, 258.4, 1.76842
hold420, 111.44, 258.4, 1.76842
FILLER_0_90_229, 111.44, 258.4, 1.76842
FILLER_0_91_217, 111.44, 258.4, 1.76842
FILLER_0_91_233, 111.44, 258.4, 1.76842
_5041_, 124.24, 258.4, 1.76842
_7447_, 124.24, 258.4, 1.76842
hold122, 124.24, 258.4, 1.76842
FILLER_0_90_253, 124.24, 258.4, 1.76842
FILLER_0_92_262, 124.24, 258.4, 1.76842
_5032_, 137.04, 258.4, 1.76842
_5050_, 137.04, 258.4, 1.76842
_5081_, 137.04, 258.4, 1.76842
_5082_, 137.04, 258.4, 1.76842
_5091_, 137.04, 258.4, 1.76842
hold121, 137.04, 258.4, 1.76842
FILLER_0_90_275, 137.04, 258.4, 1.76842
FILLER_0_91_277, 137.04, 258.4, 1.76842
FILLER_0_92_295, 137.04, 258.4, 1.76842
_5080_, 149.84, 258.4, 1.76845
_5090_, 149.84, 258.4, 1.76845
_5098_, 149.84, 258.4, 1.76845
_5099_, 149.84, 258.4, 1.76845
_5100_, 149.84, 258.4, 1.76845
_5104_, 149.84, 258.4, 1.76845
FILLER_0_90_305, 149.84, 258.4, 1.76845
FILLER_0_90_309, 149.84, 258.4, 1.76845
FILLER_0_91_302, 149.84, 258.4, 1.76845
FILLER_0_91_326, 149.84, 258.4, 1.76845
_5686_, 162.64, 258.4, 1.7685
_7452_, 162.64, 258.4, 1.7685
_7575_, 162.64, 258.4, 1.7685
FILLER_0_91_337, 162.64, 258.4, 1.7685
_5684_, 188.24, 258.4, 1.76854
_5815_, 188.24, 258.4, 1.76854
_5816_, 188.24, 258.4, 1.76854
_5817_, 188.24, 258.4, 1.76854
hold647, 188.24, 258.4, 1.76854
FILLER_0_90_394, 188.24, 258.4, 1.76854
FILLER_0_91_393, 188.24, 258.4, 1.76854
_7598_, 201.04, 258.4, 1.76851
hold623, 201.04, 258.4, 1.76851
FILLER_0_90_414, 201.04, 258.4, 1.76851
FILLER_0_90_421, 201.04, 258.4, 1.76851
FILLER_0_91_425, 201.04, 258.4, 1.76851
_5678_, 213.84, 258.4, 1.76851
hold171, 213.84, 258.4, 1.76851
hold285, 213.84, 258.4, 1.76851
FILLER_0_90_445, 213.84, 258.4, 1.76851
FILLER_0_91_440, 213.84, 258.4, 1.76851
FILLER_0_91_449, 213.84, 258.4, 1.76851
FILLER_0_91_460, 213.84, 258.4, 1.76851
_6604_, 226.64, 258.4, 1.7685
_7761_, 226.64, 258.4, 1.7685
hold191, 226.64, 258.4, 1.7685
hold192, 226.64, 258.4, 1.7685
FILLER_0_90_473, 226.64, 258.4, 1.7685
FILLER_0_91_473, 226.64, 258.4, 1.7685
FILLER_0_92_484, 226.64, 258.4, 1.7685
_6466_, 239.44, 258.4, 1.76851
_6648_, 239.44, 258.4, 1.76851
_7775_, 239.44, 258.4, 1.76851
hold268, 239.44, 258.4, 1.76851
FILLER_0_90_504, 239.44, 258.4, 1.76851
FILLER_0_91_495, 239.44, 258.4, 1.76851
_6631_, 252.24, 258.4, 1.76855
_6647_, 252.24, 258.4, 1.76855
hold156, 252.24, 258.4, 1.76855
FILLER_0_91_532, 252.24, 258.4, 1.76855
FILLER_0_91_544, 252.24, 258.4, 1.76855
_6749_, 265.04, 258.4, 1.76858
_6750_, 265.04, 258.4, 1.76858
_6753_, 265.04, 258.4, 1.76858
_6755_, 265.04, 258.4, 1.76858
_6763_, 265.04, 258.4, 1.76858
FILLER_0_92_572, 265.04, 258.4, 1.76858
hold448, 277.84, 258.4, 1.76863
FILLER_0_90_580, 277.84, 258.4, 1.76863
_6659_, 290.64, 258.4, 1.7687
_6661_, 290.64, 258.4, 1.7687
_6668_, 290.64, 258.4, 1.7687
_6672_, 290.64, 258.4, 1.7687
FILLER_0_91_629, 290.64, 258.4, 1.7687
_3745_, 303.44, 258.4, 1.76879
_6674_, 303.44, 258.4, 1.76879
FILLER_0_90_638, 303.44, 258.4, 1.76879
FILLER_0_91_666, 316.24, 258.4, 1.76891
PHY_176, 5.52, 252.96, 1.76967
PHY_178, 5.52, 252.96, 1.76967
_3827_, 34.64, 252.96, 1.76944
_3831_, 34.64, 252.96, 1.76944
_3841_, 34.64, 252.96, 1.76944
_3843_, 34.64, 252.96, 1.76944
_7148_, 34.64, 252.96, 1.76944
ANTENNA_14, 34.64, 252.96, 1.76944
FILLER_0_88_61, 34.64, 252.96, 1.76944
FILLER_0_89_50, 34.64, 252.96, 1.76944
FILLER_0_89_57, 34.64, 252.96, 1.76944
_3850_, 47.44, 252.96, 1.76924
_7232_, 47.44, 252.96, 1.76924
hold572, 47.44, 252.96, 1.76924
load_slew3, 47.44, 252.96, 1.76924
FILLER_0_90_93, 47.44, 252.96, 1.76924
_4098_, 60.24, 252.96, 1.76908
_4099_, 60.24, 252.96, 1.76908
_4101_, 60.24, 252.96, 1.76908
_4146_, 60.24, 252.96, 1.76908
_7207_, 60.24, 252.96, 1.76908
_4103_, 73.04, 252.96, 1.76895
_7211_, 73.04, 252.96, 1.76895
FILLER_0_89_141, 73.04, 252.96, 1.76895
_4105_, 85.84, 252.96, 1.76885
_7209_, 85.84, 252.96, 1.76885
_7401_, 85.84, 252.96, 1.76885
_4869_, 98.64, 252.96, 1.76879
_4870_, 98.64, 252.96, 1.76879
_4888_, 98.64, 252.96, 1.76879
_4889_, 98.64, 252.96, 1.76879
_7389_, 98.64, 252.96, 1.76879
FILLER_0_88_197, 98.64, 252.96, 1.76879
FILLER_0_89_189, 98.64, 252.96, 1.76879
_4115_, 111.44, 252.96, 1.76873
_7390_, 111.44, 252.96, 1.76873
hold147, 111.44, 252.96, 1.76873
hold391, 111.44, 252.96, 1.76873
FILLER_0_88_219, 111.44, 252.96, 1.76873
_4892_, 124.24, 252.96, 1.76869
_5063_, 124.24, 252.96, 1.76869
_5066_, 124.24, 252.96, 1.76869
_7444_, 124.24, 252.96, 1.76869
hold146, 124.24, 252.96, 1.76869
_4715_, 137.04, 252.96, 1.76866
_5083_, 137.04, 252.96, 1.76866
hold406, 137.04, 252.96, 1.76866
FILLER_0_88_277, 137.04, 252.96, 1.76866
FILLER_0_90_289, 137.04, 252.96, 1.76866
_5085_, 149.84, 252.96, 1.76865
_5086_, 149.84, 252.96, 1.76865
_5088_, 149.84, 252.96, 1.76865
_5089_, 149.84, 252.96, 1.76865
_5101_, 149.84, 252.96, 1.76865
_5102_, 149.84, 252.96, 1.76865
hold725, 149.84, 252.96, 1.76865
FILLER_0_88_303, 149.84, 252.96, 1.76865
FILLER_0_89_332, 162.64, 252.96, 1.76869
_5352_, 188.24, 252.96, 1.7686
_5825_, 188.24, 252.96, 1.7686
_5826_, 188.24, 252.96, 1.7686
_7500_, 188.24, 252.96, 1.7686
hold859, 188.24, 252.96, 1.7686
FILLER_0_89_393, 188.24, 252.96, 1.7686
FILLER_0_89_411, 188.24, 252.96, 1.7686
_5361_, 201.04, 252.96, 1.76852
_5827_, 201.04, 252.96, 1.76852
_7501_, 201.04, 252.96, 1.76852
FILLER_0_88_416, 201.04, 252.96, 1.76852
_5677_, 213.84, 252.96, 1.76846
_5679_, 213.84, 252.96, 1.76846
_7571_, 213.84, 252.96, 1.76846
FILLER_0_88_440, 213.84, 252.96, 1.76846
FILLER_0_89_444, 213.84, 252.96, 1.76846
FILLER_0_89_459, 213.84, 252.96, 1.76846
_6480_, 226.64, 252.96, 1.76842
clkbuf_leaf_43_clk, 226.64, 252.96, 1.76842
hold342, 226.64, 252.96, 1.76842
FILLER_0_88_477, 226.64, 252.96, 1.76842
FILLER_0_89_467, 226.64, 252.96, 1.76842
FILLER_0_89_477, 226.64, 252.96, 1.76842
_7803_, 239.44, 252.96, 1.76843
hold157, 239.44, 252.96, 1.76843
FILLER_0_89_505, 239.44, 252.96, 1.76843
_6761_, 252.24, 252.96, 1.76844
_7816_, 252.24, 252.96, 1.76844
hold650, 252.24, 252.96, 1.76844
FILLER_0_88_528, 252.24, 252.96, 1.76844
FILLER_0_89_537, 252.24, 252.96, 1.76844
FILLER_0_90_545, 252.24, 252.96, 1.76844
_6748_, 265.04, 252.96, 1.76849
_6756_, 265.04, 252.96, 1.76849
_6757_, 265.04, 252.96, 1.76849
_6758_, 265.04, 252.96, 1.76849
_6759_, 265.04, 252.96, 1.76849
_6760_, 265.04, 252.96, 1.76849
_7805_, 265.04, 252.96, 1.76849
FILLER_0_88_553, 265.04, 252.96, 1.76849
FILLER_0_89_570, 265.04, 252.96, 1.76849
_6611_, 277.84, 252.96, 1.76858
_6650_, 277.84, 252.96, 1.76858
_6651_, 277.84, 252.96, 1.76858
_6652_, 277.84, 252.96, 1.76858
_6653_, 277.84, 252.96, 1.76858
FILLER_0_90_602, 277.84, 252.96, 1.76858
_6660_, 290.64, 252.96, 1.76869
_6662_, 290.64, 252.96, 1.76869
_6669_, 290.64, 252.96, 1.76869
_6670_, 290.64, 252.96, 1.76869
_6671_, 290.64, 252.96, 1.76869
FILLER_0_88_615, 290.64, 252.96, 1.76869
FILLER_0_89_625, 290.64, 252.96, 1.76869
FILLER_0_88_634, 303.44, 252.96, 1.76884
PHY_172, 5.52, 247.52, 1.76982
PHY_174, 5.52, 247.52, 1.76982
output42, 5.52, 247.52, 1.76982
_3829_, 34.64, 247.52, 1.76962
_3830_, 34.64, 247.52, 1.76962
_3834_, 34.64, 247.52, 1.76962
_3837_, 34.64, 247.52, 1.76962
_3839_, 34.64, 247.52, 1.76962
_3840_, 34.64, 247.52, 1.76962
_3849_, 34.64, 247.52, 1.76962
_3851_, 34.64, 247.52, 1.76962
FILLER_0_86_61, 34.64, 247.52, 1.76962
_3836_, 47.44, 247.52, 1.76944
_3838_, 47.44, 247.52, 1.76944
_4148_, 47.44, 247.52, 1.76944
FILLER_0_86_88, 47.44, 247.52, 1.76944
FILLER_0_88_93, 47.44, 247.52, 1.76944
_4100_, 60.24, 247.52, 1.76926
_4147_, 60.24, 247.52, 1.76926
_4152_, 60.24, 247.52, 1.76926
_7208_, 60.24, 247.52, 1.76926
hold402, 60.24, 247.52, 1.76926
FILLER_0_87_106, 60.24, 247.52, 1.76926
FILLER_0_87_113, 60.24, 247.52, 1.76926
FILLER_0_87_127, 60.24, 247.52, 1.76926
FILLER_0_88_124, 60.24, 247.52, 1.76926
_4102_, 73.04, 247.52, 1.76911
_4109_, 73.04, 247.52, 1.76911
FILLER_0_88_160, 73.04, 247.52, 1.76911
_7402_, 85.84, 247.52, 1.76897
hold153, 85.84, 247.52, 1.76897
hold387, 85.84, 247.52, 1.76897
FILLER_0_87_162, 85.84, 247.52, 1.76897
FILLER_0_87_169, 85.84, 247.52, 1.76897
_7403_, 98.64, 247.52, 1.76885
hold2, 98.64, 247.52, 1.76885
hold152, 98.64, 247.52, 1.76885
hold280, 98.64, 247.52, 1.76885
_4119_, 111.44, 247.52, 1.76874
_7406_, 111.44, 247.52, 1.76874
clkbuf_leaf_35_clk, 111.44, 247.52, 1.76874
hold311, 111.44, 247.52, 1.76874
hold312, 111.44, 247.52, 1.76874
FILLER_0_87_221, 111.44, 247.52, 1.76874
FILLER_0_88_232, 111.44, 247.52, 1.76874
_4871_, 124.24, 247.52, 1.7687
_4872_, 124.24, 247.52, 1.7687
_5044_, 124.24, 247.52, 1.7687
_7391_, 124.24, 247.52, 1.7687
hold388, 124.24, 247.52, 1.7687
FILLER_0_86_249, 124.24, 247.52, 1.7687
_7445_, 137.04, 247.52, 1.76868
hold254, 137.04, 247.52, 1.76868
_5073_, 149.84, 247.52, 1.76866
_5077_, 149.84, 247.52, 1.76866
_5078_, 149.84, 247.52, 1.76866
_5084_, 149.84, 247.52, 1.76866
_5087_, 149.84, 247.52, 1.76866
_7451_, 149.84, 247.52, 1.76866
hold255, 149.84, 247.52, 1.76866
hold631, 149.84, 247.52, 1.76866
_5847_, 162.64, 247.52, 1.76869
_5848_, 162.64, 247.52, 1.76869
_7498_, 162.64, 247.52, 1.76869
_7604_, 162.64, 247.52, 1.76869
FILLER_0_88_354, 162.64, 247.52, 1.76869
_5353_, 188.24, 247.52, 1.76852
_5354_, 188.24, 247.52, 1.76852
clkbuf_3_6__f_clk, 188.24, 247.52, 1.76852
FILLER_0_86_397, 188.24, 247.52, 1.76852
_5359_, 201.04, 247.52, 1.76845
_5360_, 201.04, 247.52, 1.76845
_5362_, 201.04, 247.52, 1.76845
hold688, 201.04, 247.52, 1.76845
FILLER_0_87_413, 201.04, 247.52, 1.76845
FILLER_0_88_429, 201.04, 247.52, 1.76845
_5680_, 213.84, 247.52, 1.7684
_7503_, 213.84, 247.52, 1.7684
_7572_, 213.84, 247.52, 1.7684
FILLER_0_86_444, 213.84, 247.52, 1.7684
FILLER_0_87_443, 213.84, 247.52, 1.7684
FILLER_0_87_449, 213.84, 247.52, 1.7684
FILLER_0_88_463, 213.84, 247.52, 1.7684
_6465_, 226.64, 247.52, 1.76837
_7748_, 226.64, 247.52, 1.76837
_7762_, 226.64, 247.52, 1.76837
hold208, 226.64, 247.52, 1.76837
hold510, 226.64, 247.52, 1.76837
_6467_, 239.44, 247.52, 1.76837
_6633_, 239.44, 247.52, 1.76837
_7749_, 239.44, 247.52, 1.76837
hold324, 239.44, 247.52, 1.76837
FILLER_0_87_498, 239.44, 247.52, 1.76837
FILLER_0_87_522, 239.44, 247.52, 1.76837
FILLER_0_88_513, 239.44, 247.52, 1.76837
_6766_, 252.24, 247.52, 1.76838
_7817_, 252.24, 247.52, 1.76838
hold509, 252.24, 247.52, 1.76838
FILLER_0_86_529, 252.24, 247.52, 1.76838
FILLER_0_87_537, 252.24, 247.52, 1.76838
_6654_, 265.04, 247.52, 1.76842
_6764_, 265.04, 247.52, 1.76842
clkbuf_leaf_56_clk, 265.04, 247.52, 1.76842
FILLER_0_86_560, 265.04, 247.52, 1.76842
FILLER_0_87_551, 265.04, 247.52, 1.76842
FILLER_0_88_569, 265.04, 247.52, 1.76842
_5648_, 277.84, 247.52, 1.76854
_6663_, 277.84, 247.52, 1.76854
FILLER_0_88_595, 277.84, 247.52, 1.76854
_6655_, 290.64, 247.52, 1.76867
_6656_, 290.64, 247.52, 1.76867
_6658_, 290.64, 247.52, 1.76867
_6664_, 290.64, 247.52, 1.76867
hold624, 290.64, 247.52, 1.76867
FILLER_0_87_606, 290.64, 247.52, 1.76867
FILLER_0_88_623, 290.64, 247.52, 1.76867
_6657_, 303.44, 247.52, 1.76883
_7688_, 303.44, 247.52, 1.76883
_7687_, 316.24, 247.52, 1.76902
FILLER_0_87_666, 316.24, 247.52, 1.76902
PHY_168, 5.52, 242.08, 1.76992
PHY_170, 5.52, 242.08, 1.76992
_3807_, 13.68, 242.08, 1.76992
_3808_, 13.68, 242.08, 1.76992
FILLER_0_84_15, 13.68, 242.08, 1.76992
FILLER_0_85_15, 13.68, 242.08, 1.76992
_3825_, 34.64, 242.08, 1.76959
_3848_, 34.64, 242.08, 1.76959
_3852_, 34.64, 242.08, 1.76959
_3853_, 34.64, 242.08, 1.76959
FILLER_0_84_57, 34.64, 242.08, 1.76959
FILLER_0_85_53, 34.64, 242.08, 1.76959
FILLER_0_85_69, 34.64, 242.08, 1.76959
_4149_, 47.44, 242.08, 1.76926
_4150_, 47.44, 242.08, 1.76926
_7233_, 47.44, 242.08, 1.76926
FILLER_0_84_78, 47.44, 242.08, 1.76926
FILLER_0_84_85, 47.44, 242.08, 1.76926
FILLER_0_86_96, 47.44, 242.08, 1.76926
_4151_, 60.24, 242.08, 1.76896
_4153_, 60.24, 242.08, 1.76896
_4154_, 60.24, 242.08, 1.76896
_4155_, 60.24, 242.08, 1.76896
_4163_, 60.24, 242.08, 1.76896
FILLER_0_84_108, 60.24, 242.08, 1.76896
FILLER_0_85_128, 60.24, 242.08, 1.76896
_4166_, 73.04, 242.08, 1.76867
_4167_, 73.04, 242.08, 1.76867
_4174_, 73.04, 242.08, 1.76867
_4175_, 73.04, 242.08, 1.76867
_4179_, 73.04, 242.08, 1.76867
_4181_, 73.04, 242.08, 1.76867
_4192_, 73.04, 242.08, 1.76867
_7235_, 73.04, 242.08, 1.76867
FILLER_0_84_134, 73.04, 242.08, 1.76867
FILLER_0_84_146, 73.04, 242.08, 1.76867
_4104_, 85.84, 242.08, 1.76843
_4176_, 85.84, 242.08, 1.76843
_4884_, 85.84, 242.08, 1.76843
_7212_, 85.84, 242.08, 1.76843
clkbuf_leaf_15_clk, 85.84, 242.08, 1.76843
_3661_, 98.64, 242.08, 1.76834
_4113_, 98.64, 242.08, 1.76834
_4853_, 98.64, 242.08, 1.76834
_7216_, 98.64, 242.08, 1.76834
hold1, 98.64, 242.08, 1.76834
FILLER_0_84_192, 98.64, 242.08, 1.76834
FILLER_0_86_205, 98.64, 242.08, 1.76834
_7214_, 111.44, 242.08, 1.7683
hold331, 111.44, 242.08, 1.7683
hold332, 111.44, 242.08, 1.7683
hold418, 111.44, 242.08, 1.7683
FILLER_0_85_221, 111.44, 242.08, 1.7683
_4874_, 124.24, 242.08, 1.76828
_7392_, 124.24, 242.08, 1.76828
clkbuf_3_3__f_clk, 124.24, 242.08, 1.76828
hold232, 124.24, 242.08, 1.76828
hold379, 124.24, 242.08, 1.76828
FILLER_0_84_249, 124.24, 242.08, 1.76828
FILLER_0_86_262, 124.24, 242.08, 1.76828
_5046_, 137.04, 242.08, 1.76842
_5065_, 137.04, 242.08, 1.76842
_7446_, 137.04, 242.08, 1.76842
hold158, 137.04, 242.08, 1.76842
hold159, 137.04, 242.08, 1.76842
FILLER_0_85_275, 137.04, 242.08, 1.76842
_5030_, 149.84, 242.08, 1.76858
_5074_, 149.84, 242.08, 1.76858
_5075_, 149.84, 242.08, 1.76858
_5076_, 149.84, 242.08, 1.76858
_5079_, 149.84, 242.08, 1.76858
FILLER_0_84_305, 149.84, 242.08, 1.76858
FILLER_0_85_310, 149.84, 242.08, 1.76858
FILLER_0_85_321, 149.84, 242.08, 1.76858
_5332_, 162.64, 242.08, 1.76875
_5334_, 162.64, 242.08, 1.76875
hold680, 162.64, 242.08, 1.76875
FILLER_0_84_337, 162.64, 242.08, 1.76875
FILLER_0_85_349, 162.64, 242.08, 1.76875
_5245_, 188.24, 242.08, 1.76885
_5246_, 188.24, 242.08, 1.76885
_5347_, 188.24, 242.08, 1.76885
_5348_, 188.24, 242.08, 1.76885
_5349_, 188.24, 242.08, 1.76885
_7486_, 188.24, 242.08, 1.76885
hold409, 188.24, 242.08, 1.76885
FILLER_0_84_384, 188.24, 242.08, 1.76885
FILLER_0_85_386, 188.24, 242.08, 1.76885
FILLER_0_86_405, 188.24, 242.08, 1.76885
FILLER_0_86_411, 188.24, 242.08, 1.76885
_5358_, 201.04, 242.08, 1.76879
_5369_, 201.04, 242.08, 1.76879
_5370_, 201.04, 242.08, 1.76879
_5371_, 201.04, 242.08, 1.76879
_5372_, 201.04, 242.08, 1.76879
FILLER_0_84_413, 201.04, 242.08, 1.76879
FILLER_0_84_421, 201.04, 242.08, 1.76879
FILLER_0_86_429, 201.04, 242.08, 1.76879
_5227_, 213.84, 242.08, 1.76875
_5373_, 213.84, 242.08, 1.76875
hold415, 213.84, 242.08, 1.76875
FILLER_0_84_443, 213.84, 242.08, 1.76875
FILLER_0_85_443, 213.84, 242.08, 1.76875
FILLER_0_85_449, 213.84, 242.08, 1.76875
_6468_, 226.64, 242.08, 1.76873
_6481_, 226.64, 242.08, 1.76873
_7477_, 226.64, 242.08, 1.76873
hold207, 226.64, 242.08, 1.76873
FILLER_0_85_471, 226.64, 242.08, 1.76873
FILLER_0_85_484, 226.64, 242.08, 1.76873
_5217_, 239.44, 242.08, 1.76871
_6635_, 239.44, 242.08, 1.76871
_6649_, 239.44, 242.08, 1.76871
_7804_, 239.44, 242.08, 1.76871
hold325, 239.44, 242.08, 1.76871
FILLER_0_85_505, 239.44, 242.08, 1.76871
FILLER_0_86_515, 239.44, 242.08, 1.76871
_6442_, 252.24, 242.08, 1.76871
FILLER_0_84_533, 252.24, 242.08, 1.76871
FILLER_0_85_550, 252.24, 242.08, 1.76871
_5649_, 265.04, 242.08, 1.76873
_6765_, 265.04, 242.08, 1.76873
_7558_, 265.04, 242.08, 1.76873
FILLER_0_84_557, 265.04, 242.08, 1.76873
FILLER_0_85_568, 265.04, 242.08, 1.76873
_6613_, 277.84, 242.08, 1.7688
_7690_, 277.84, 242.08, 1.7688
_7806_, 277.84, 242.08, 1.7688
FILLER_0_85_591, 277.84, 242.08, 1.7688
_7689_, 290.64, 242.08, 1.76892
FILLER_0_84_609, 290.64, 242.08, 1.76892
FILLER_0_85_608, 290.64, 242.08, 1.76892
_6224_, 303.44, 242.08, 1.76906
_6225_, 303.44, 242.08, 1.76906
_6229_, 303.44, 242.08, 1.76906
hold703, 303.44, 242.08, 1.76906
FILLER_0_84_639, 303.44, 242.08, 1.76906
FILLER_0_84_645, 303.44, 242.08, 1.76906
_6214_, 316.24, 242.08, 1.76922
_6215_, 316.24, 242.08, 1.76922
_6216_, 316.24, 242.08, 1.76922
hold637, 316.24, 242.08, 1.76922
PHY_164, 5.52, 236.64, 1.77018
PHY_166, 5.52, 236.64, 1.77018
_3806_, 13.68, 236.64, 1.77018
hold861, 13.68, 236.64, 1.77018
FILLER_0_83_15, 13.68, 236.64, 1.77018
_3679_, 34.64, 236.64, 1.76991
_3846_, 34.64, 236.64, 1.76991
_7145_, 34.64, 236.64, 1.76991
hold743, 34.64, 236.64, 1.76991
FILLER_0_82_53, 34.64, 236.64, 1.76991
_3681_, 47.44, 236.64, 1.76967
_3710_, 47.44, 236.64, 1.76967
_4371_, 47.44, 236.64, 1.76967
_7133_, 47.44, 236.64, 1.76967
FILLER_0_83_78, 47.44, 236.64, 1.76967
FILLER_0_83_90, 47.44, 236.64, 1.76967
_4160_, 60.24, 236.64, 1.76952
_4161_, 60.24, 236.64, 1.76952
_4162_, 60.24, 236.64, 1.76952
_4178_, 60.24, 236.64, 1.76952
FILLER_0_83_106, 60.24, 236.64, 1.76952
_4159_, 73.04, 236.64, 1.76941
_4169_, 73.04, 236.64, 1.76941
_4180_, 73.04, 236.64, 1.76941
hold399, 73.04, 236.64, 1.76941
FILLER_0_83_155, 73.04, 236.64, 1.76941
_4170_, 85.84, 236.64, 1.76931
_4171_, 85.84, 236.64, 1.76931
_7240_, 85.84, 236.64, 1.76931
FILLER_0_82_172, 85.84, 236.64, 1.76931
FILLER_0_83_162, 85.84, 236.64, 1.76931
FILLER_0_83_169, 85.84, 236.64, 1.76931
_7213_, 98.64, 236.64, 1.76924
hold803, 98.64, 236.64, 1.76924
FILLER_0_82_189, 98.64, 236.64, 1.76924
_4114_, 111.44, 236.64, 1.76918
_4890_, 111.44, 236.64, 1.76918
_4891_, 111.44, 236.64, 1.76918
_7404_, 111.44, 236.64, 1.76918
hold233, 111.44, 236.64, 1.76918
FILLER_0_83_234, 111.44, 236.64, 1.76918
_4873_, 124.24, 236.64, 1.76914
hold221, 124.24, 236.64, 1.76914
FILLER_0_83_268, 124.24, 236.64, 1.76914
_5048_, 137.04, 236.64, 1.7691
_5064_, 137.04, 236.64, 1.7691
hold189, 137.04, 236.64, 1.7691
hold190, 137.04, 236.64, 1.7691
FILLER_0_83_299, 137.04, 236.64, 1.7691
FILLER_0_84_293, 137.04, 236.64, 1.7691
_5028_, 149.84, 236.64, 1.76905
_5070_, 149.84, 236.64, 1.76905
_5071_, 149.84, 236.64, 1.76905
_7497_, 149.84, 236.64, 1.76905
_5323_, 162.64, 236.64, 1.76904
_5324_, 162.64, 236.64, 1.76904
_5325_, 162.64, 236.64, 1.76904
_5326_, 162.64, 236.64, 1.76904
_5336_, 162.64, 236.64, 1.76904
_5218_, 188.24, 236.64, 1.76869
_5327_, 188.24, 236.64, 1.76869
FILLER_0_83_388, 188.24, 236.64, 1.76869
FILLER_0_83_393, 188.24, 236.64, 1.76869
FILLER_0_83_409, 188.24, 236.64, 1.76869
_5355_, 201.04, 236.64, 1.76833
_5356_, 201.04, 236.64, 1.76833
_5366_, 201.04, 236.64, 1.76833
_5367_, 201.04, 236.64, 1.76833
clkbuf_leaf_41_clk, 201.04, 236.64, 1.76833
FILLER_0_83_437, 201.04, 236.64, 1.76833
_5253_, 213.84, 236.64, 1.76805
_5254_, 213.84, 236.64, 1.76805
_7490_, 213.84, 236.64, 1.76805
_7502_, 213.84, 236.64, 1.76805
hold670, 213.84, 236.64, 1.76805
FILLER_0_83_445, 213.84, 236.64, 1.76805
FILLER_0_83_457, 213.84, 236.64, 1.76805
_5220_, 226.64, 236.64, 1.7678
_5228_, 226.64, 236.64, 1.7678
clkbuf_leaf_42_clk, 226.64, 236.64, 1.7678
hold435, 226.64, 236.64, 1.7678
_6441_, 239.44, 236.64, 1.76768
_7472_, 239.44, 236.64, 1.76768
hold149, 239.44, 236.64, 1.76768
hold456, 239.44, 236.64, 1.76768
hold457, 239.44, 236.64, 1.76768
FILLER_0_83_497, 239.44, 236.64, 1.76768
_4275_, 252.24, 236.64, 1.76766
_5651_, 252.24, 236.64, 1.76766
_5652_, 252.24, 236.64, 1.76766
_7559_, 252.24, 236.64, 1.76766
hold148, 252.24, 236.64, 1.76766
FILLER_0_82_533, 252.24, 236.64, 1.76766
_4850_, 265.04, 236.64, 1.76771
_6256_, 265.04, 236.64, 1.76771
_6263_, 265.04, 236.64, 1.76771
_7691_, 265.04, 236.64, 1.76771
_6246_, 277.84, 236.64, 1.76783
clkbuf_3_7__f_clk, 277.84, 236.64, 1.76783
hold722, 277.84, 236.64, 1.76783
hold855, 277.84, 236.64, 1.76783
FILLER_0_82_582, 277.84, 236.64, 1.76783
FILLER_0_83_590, 277.84, 236.64, 1.76783
FILLER_0_83_601, 277.84, 236.64, 1.76783
_6235_, 290.64, 236.64, 1.76813
_6237_, 290.64, 236.64, 1.76813
_6238_, 290.64, 236.64, 1.76813
_6239_, 290.64, 236.64, 1.76813
_6244_, 290.64, 236.64, 1.76813
_6245_, 290.64, 236.64, 1.76813
hold706, 290.64, 236.64, 1.76813
_6205_, 303.44, 236.64, 1.76846
_6208_, 303.44, 236.64, 1.76846
_6217_, 303.44, 236.64, 1.76846
_6218_, 303.44, 236.64, 1.76846
_6222_, 303.44, 236.64, 1.76846
_6223_, 303.44, 236.64, 1.76846
_6230_, 303.44, 236.64, 1.76846
_6236_, 303.44, 236.64, 1.76846
FILLER_0_82_640, 303.44, 236.64, 1.76846
_6226_, 316.24, 236.64, 1.76884
_6228_, 316.24, 236.64, 1.76884
_7686_, 316.24, 236.64, 1.76884
clkbuf_leaf_58_clk, 316.24, 236.64, 1.76884
FILLER_0_83_668, 316.24, 236.64, 1.76884
_7144_, 5.52, 231.2, 1.77021
PHY_160, 5.52, 231.2, 1.77021
PHY_162, 5.52, 231.2, 1.77021
_3812_, 13.68, 231.2, 1.77022
FILLER_0_81_15, 13.68, 231.2, 1.77022
_3708_, 34.64, 231.2, 1.76977
_3847_, 34.64, 231.2, 1.76977
_7132_, 34.64, 231.2, 1.76977
clkbuf_3_2__f_clk, 34.64, 231.2, 1.76977
FILLER_0_81_69, 34.64, 231.2, 1.76977
FILLER_0_82_71, 34.64, 231.2, 1.76977
_3685_, 47.44, 231.2, 1.76947
_3709_, 47.44, 231.2, 1.76947
clkbuf_leaf_21_clk, 47.44, 231.2, 1.76947
hold751, 47.44, 231.2, 1.76947
_4157_, 60.24, 231.2, 1.76922
_4158_, 60.24, 231.2, 1.76922
_4164_, 60.24, 231.2, 1.76922
_4177_, 60.24, 231.2, 1.76922
hold744, 60.24, 231.2, 1.76922
FILLER_0_81_121, 60.24, 231.2, 1.76922
_4156_, 73.04, 231.2, 1.76899
_4168_, 73.04, 231.2, 1.76899
_4172_, 73.04, 231.2, 1.76899
_4173_, 73.04, 231.2, 1.76899
_4188_, 73.04, 231.2, 1.76899
hold349, 73.04, 231.2, 1.76899
FILLER_0_80_133, 73.04, 231.2, 1.76899
FILLER_0_81_133, 73.04, 231.2, 1.76899
FILLER_0_81_144, 73.04, 231.2, 1.76899
FILLER_0_81_155, 73.04, 231.2, 1.76899
_3948_, 85.84, 231.2, 1.7688
_4242_, 85.84, 231.2, 1.7688
FILLER_0_81_163, 85.84, 231.2, 1.7688
FILLER_0_81_169, 85.84, 231.2, 1.7688
FILLER_0_81_184, 85.84, 231.2, 1.7688
_4111_, 98.64, 231.2, 1.76869
_4235_, 98.64, 231.2, 1.76869
_4236_, 98.64, 231.2, 1.76869
_4237_, 98.64, 231.2, 1.76869
_4246_, 98.64, 231.2, 1.76869
_4247_, 98.64, 231.2, 1.76869
_4248_, 98.64, 231.2, 1.76869
_4117_, 111.44, 231.2, 1.76861
_4245_, 111.44, 231.2, 1.76861
_7405_, 111.44, 231.2, 1.76861
hold222, 111.44, 231.2, 1.76861
hold363, 111.44, 231.2, 1.76861
FILLER_0_81_225, 111.44, 231.2, 1.76861
_3653_, 124.24, 231.2, 1.76854
_4880_, 124.24, 231.2, 1.76854
_7395_, 124.24, 231.2, 1.76854
FILLER_0_81_268, 124.24, 231.2, 1.76854
FILLER_0_82_262, 124.24, 231.2, 1.76854
_5069_, 137.04, 231.2, 1.76859
_7449_, 137.04, 231.2, 1.76859
_7450_, 137.04, 231.2, 1.76859
clkbuf_leaf_36_clk, 137.04, 231.2, 1.76859
FILLER_0_81_281, 137.04, 231.2, 1.76859
_5072_, 149.84, 231.2, 1.76871
_7382_, 149.84, 231.2, 1.76871
clkbuf_leaf_37_clk, 149.84, 231.2, 1.76871
hold460, 149.84, 231.2, 1.76871
FILLER_0_80_301, 149.84, 231.2, 1.76871
FILLER_0_80_309, 149.84, 231.2, 1.76871
_4094_, 162.64, 231.2, 1.76891
_5316_, 162.64, 231.2, 1.76891
_5318_, 162.64, 231.2, 1.76891
_5319_, 162.64, 231.2, 1.76891
_5320_, 162.64, 231.2, 1.76891
FILLER_0_82_347, 162.64, 231.2, 1.76891
_5243_, 188.24, 231.2, 1.76898
_7485_, 188.24, 231.2, 1.76898
hold682, 188.24, 231.2, 1.76898
_5244_, 201.04, 231.2, 1.76881
_5357_, 201.04, 231.2, 1.76881
_5363_, 201.04, 231.2, 1.76881
_5364_, 201.04, 231.2, 1.76881
_5368_, 201.04, 231.2, 1.76881
FILLER_0_80_417, 201.04, 231.2, 1.76881
FILLER_0_80_421, 201.04, 231.2, 1.76881
_7489_, 213.84, 231.2, 1.76865
hold465, 213.84, 231.2, 1.76865
FILLER_0_80_448, 213.84, 231.2, 1.76865
FILLER_0_81_440, 213.84, 231.2, 1.76865
FILLER_0_82_461, 213.84, 231.2, 1.76865
_5219_, 226.64, 231.2, 1.76851
_5225_, 226.64, 231.2, 1.76851
_5226_, 226.64, 231.2, 1.76851
_7473_, 226.64, 231.2, 1.76851
_7476_, 226.64, 231.2, 1.76851
FILLER_0_81_478, 226.64, 231.2, 1.76851
_5027_, 239.44, 231.2, 1.76838
_5335_, 239.44, 231.2, 1.76838
_5670_, 239.44, 231.2, 1.76838
_7423_, 239.44, 231.2, 1.76838
hold73, 239.44, 231.2, 1.76838
FILLER_0_82_515, 239.44, 231.2, 1.76838
_5026_, 252.24, 231.2, 1.76838
_5478_, 252.24, 231.2, 1.76838
_7692_, 252.24, 231.2, 1.76838
_6253_, 265.04, 231.2, 1.7685
_6254_, 265.04, 231.2, 1.7685
_6255_, 265.04, 231.2, 1.7685
_6260_, 265.04, 231.2, 1.7685
_6261_, 265.04, 231.2, 1.7685
_6262_, 265.04, 231.2, 1.7685
hold516, 265.04, 231.2, 1.7685
FILLER_0_80_553, 265.04, 231.2, 1.7685
FILLER_0_81_554, 265.04, 231.2, 1.7685
FILLER_0_81_561, 265.04, 231.2, 1.7685
FILLER_0_81_573, 265.04, 231.2, 1.7685
_6240_, 277.84, 231.2, 1.76866
_6243_, 277.84, 231.2, 1.76866
_6248_, 277.84, 231.2, 1.76866
_6251_, 277.84, 231.2, 1.76866
_6252_, 277.84, 231.2, 1.76866
FILLER_0_80_582, 277.84, 231.2, 1.76866
FILLER_0_80_592, 277.84, 231.2, 1.76866
FILLER_0_81_585, 277.84, 231.2, 1.76866
_6219_, 290.64, 231.2, 1.76885
_6220_, 290.64, 231.2, 1.76885
_6221_, 290.64, 231.2, 1.76885
_6231_, 290.64, 231.2, 1.76885
_6232_, 290.64, 231.2, 1.76885
_6234_, 290.64, 231.2, 1.76885
_6247_, 290.64, 231.2, 1.76885
FILLER_0_80_608, 290.64, 231.2, 1.76885
FILLER_0_81_617, 290.64, 231.2, 1.76885
FILLER_0_82_625, 290.64, 231.2, 1.76885
_6202_, 303.44, 231.2, 1.76906
_6203_, 303.44, 231.2, 1.76906
_6204_, 303.44, 231.2, 1.76906
_6227_, 303.44, 231.2, 1.76906
clkbuf_leaf_57_clk, 303.44, 231.2, 1.76906
FILLER_0_80_637, 303.44, 231.2, 1.76906
FILLER_0_81_659, 303.44, 231.2, 1.76906
FILLER_0_82_650, 303.44, 231.2, 1.76906
FILLER_0_82_658, 303.44, 231.2, 1.76906
_6201_, 316.24, 231.2, 1.76932
_6213_, 316.24, 231.2, 1.76932
_7608_, 316.24, 231.2, 1.76932
FILLER_0_80_667, 316.24, 231.2, 1.76932
_7143_, 5.52, 225.76, 1.77063
PHY_156, 5.52, 225.76, 1.77063
PHY_158, 5.52, 225.76, 1.77063
input12, 5.52, 225.76, 1.77063
_3791_, 13.68, 225.76, 1.77064
_3795_, 13.68, 225.76, 1.77064
_3804_, 13.68, 225.76, 1.77064
_3805_, 13.68, 225.76, 1.77064
FILLER_0_78_11, 13.68, 225.76, 1.77064
_3704_, 34.64, 225.76, 1.77044
_3707_, 34.64, 225.76, 1.77044
_3845_, 34.64, 225.76, 1.77044
_3854_, 34.64, 225.76, 1.77044
_3855_, 34.64, 225.76, 1.77044
_7130_, 34.64, 225.76, 1.77044
hold782, 34.64, 225.76, 1.77044
_3714_, 47.44, 225.76, 1.77024
_7135_, 47.44, 225.76, 1.77024
_7149_, 47.44, 225.76, 1.77024
FILLER_0_78_80, 47.44, 225.76, 1.77024
FILLER_0_79_83, 47.44, 225.76, 1.77024
_3713_, 60.24, 225.76, 1.77007
_7234_, 60.24, 225.76, 1.77007
_7236_, 60.24, 225.76, 1.77007
FILLER_0_79_118, 60.24, 225.76, 1.77007
FILLER_0_79_126, 60.24, 225.76, 1.77007
_4106_, 73.04, 225.76, 1.76993
_4193_, 73.04, 225.76, 1.76993
FILLER_0_78_134, 73.04, 225.76, 1.76993
FILLER_0_78_141, 73.04, 225.76, 1.76993
_4191_, 85.84, 225.76, 1.7698
_4194_, 85.84, 225.76, 1.7698
_4205_, 85.84, 225.76, 1.7698
_4224_, 85.84, 225.76, 1.7698
_4231_, 85.84, 225.76, 1.7698
_4239_, 85.84, 225.76, 1.7698
_4240_, 85.84, 225.76, 1.7698
_4241_, 85.84, 225.76, 1.7698
FILLER_0_79_174, 85.84, 225.76, 1.7698
FILLER_0_79_182, 85.84, 225.76, 1.7698
_4222_, 98.64, 225.76, 1.76971
_4223_, 98.64, 225.76, 1.76971
_4238_, 98.64, 225.76, 1.76971
_4249_, 98.64, 225.76, 1.76971
_4250_, 98.64, 225.76, 1.76971
_4251_, 98.64, 225.76, 1.76971
_7241_, 98.64, 225.76, 1.76971
FILLER_0_79_201, 98.64, 225.76, 1.76971
_4116_, 111.44, 225.76, 1.76965
_4243_, 111.44, 225.76, 1.76965
_7215_, 111.44, 225.76, 1.76965
hold723, 111.44, 225.76, 1.76965
FILLER_0_79_242, 111.44, 225.76, 1.76965
_4877_, 124.24, 225.76, 1.76962
_4878_, 124.24, 225.76, 1.76962
_4879_, 124.24, 225.76, 1.76962
hold380, 124.24, 225.76, 1.76962
hold381, 124.24, 225.76, 1.76962
_4097_, 137.04, 225.76, 1.76958
_5054_, 137.04, 225.76, 1.76958
_7205_, 137.04, 225.76, 1.76958
hold175, 137.04, 225.76, 1.76958
hold353, 137.04, 225.76, 1.76958
FILLER_0_78_276, 137.04, 225.76, 1.76958
FILLER_0_79_276, 137.04, 225.76, 1.76958
_4851_, 149.84, 225.76, 1.76957
_4852_, 149.84, 225.76, 1.76957
_5068_, 149.84, 225.76, 1.76957
FILLER_0_78_304, 149.84, 225.76, 1.76957
_5312_, 162.64, 225.76, 1.76956
_5314_, 162.64, 225.76, 1.76956
_5315_, 162.64, 225.76, 1.76956
_5317_, 162.64, 225.76, 1.76956
hold447, 162.64, 225.76, 1.76956
FILLER_0_79_329, 162.64, 225.76, 1.76956
FILLER_0_79_337, 162.64, 225.76, 1.76956
FILLER_0_79_348, 162.64, 225.76, 1.76956
FILLER_0_80_354, 162.64, 225.76, 1.76956
_5216_, 188.24, 225.76, 1.76943
_7494_, 188.24, 225.76, 1.76943
clkbuf_leaf_40_clk, 188.24, 225.76, 1.76943
hold507, 188.24, 225.76, 1.76943
FILLER_0_78_394, 188.24, 225.76, 1.76943
FILLER_0_79_384, 188.24, 225.76, 1.76943
_5221_, 201.04, 225.76, 1.76934
_5248_, 201.04, 225.76, 1.76934
_5365_, 201.04, 225.76, 1.76934
_7487_, 201.04, 225.76, 1.76934
FILLER_0_78_417, 201.04, 225.76, 1.76934
FILLER_0_78_421, 201.04, 225.76, 1.76934
FILLER_0_79_415, 201.04, 225.76, 1.76934
FILLER_0_80_432, 201.04, 225.76, 1.76934
_5222_, 213.84, 225.76, 1.76927
_5249_, 213.84, 225.76, 1.76927
_5251_, 213.84, 225.76, 1.76927
_5252_, 213.84, 225.76, 1.76927
_7488_, 213.84, 225.76, 1.76927
FILLER_0_79_454, 213.84, 225.76, 1.76927
FILLER_0_80_463, 213.84, 225.76, 1.76927
_7474_, 226.64, 225.76, 1.76921
FILLER_0_78_468, 226.64, 225.76, 1.76921
_7680_, 239.44, 225.76, 1.76917
clkbuf_leaf_64_clk, 239.44, 225.76, 1.76917
hold77, 239.44, 225.76, 1.76917
hold78, 239.44, 225.76, 1.76917
FILLER_0_79_499, 239.44, 225.76, 1.76917
FILLER_0_79_505, 239.44, 225.76, 1.76917
_6129_, 252.24, 225.76, 1.76919
_6139_, 252.24, 225.76, 1.76919
_7693_, 252.24, 225.76, 1.76919
hold119, 252.24, 225.76, 1.76919
hold522, 252.24, 225.76, 1.76919
_6140_, 265.04, 225.76, 1.76923
_6257_, 265.04, 225.76, 1.76923
_6258_, 265.04, 225.76, 1.76923
_6264_, 265.04, 225.76, 1.76923
_6265_, 265.04, 225.76, 1.76923
_6267_, 265.04, 225.76, 1.76923
_6268_, 265.04, 225.76, 1.76923
_6121_, 277.84, 225.76, 1.76931
_6138_, 277.84, 225.76, 1.76931
_6241_, 277.84, 225.76, 1.76931
_6242_, 277.84, 225.76, 1.76931
_6249_, 277.84, 225.76, 1.76931
_6250_, 277.84, 225.76, 1.76931
hold238, 277.84, 225.76, 1.76931
hold239, 277.84, 225.76, 1.76931
FILLER_0_79_600, 277.84, 225.76, 1.76931
_6193_, 290.64, 225.76, 1.7694
_6233_, 290.64, 225.76, 1.7694
hold453, 290.64, 225.76, 1.7694
FILLER_0_78_612, 290.64, 225.76, 1.7694
FILLER_0_79_611, 290.64, 225.76, 1.7694
_6194_, 303.44, 225.76, 1.76951
_6195_, 303.44, 225.76, 1.76951
_6206_, 303.44, 225.76, 1.76951
_6207_, 303.44, 225.76, 1.76951
hold277, 303.44, 225.76, 1.76951
FILLER_0_78_638, 303.44, 225.76, 1.76951
FILLER_0_80_650, 303.44, 225.76, 1.76951
_6187_, 316.24, 225.76, 1.76966
_6198_, 316.24, 225.76, 1.76966
_6210_, 316.24, 225.76, 1.76966
_6211_, 316.24, 225.76, 1.76966
ANTENNA_4, 316.24, 225.76, 1.76966
FILLER_0_80_683, 316.24, 225.76, 1.76966
PHY_152, 5.52, 220.32, 1.77093
PHY_154, 5.52, 220.32, 1.77093
FILLER_0_78_3, 5.52, 220.32, 1.77093
_3782_, 13.68, 220.32, 1.77093
_3789_, 13.68, 220.32, 1.77093
_3790_, 13.68, 220.32, 1.77093
_3792_, 13.68, 220.32, 1.77093
_3675_, 34.64, 220.32, 1.77076
_3703_, 34.64, 220.32, 1.77076
_3856_, 34.64, 220.32, 1.77076
hold713, 34.64, 220.32, 1.77076
FILLER_0_76_62, 34.64, 220.32, 1.77076
FILLER_0_77_66, 34.64, 220.32, 1.77076
_3705_, 47.44, 220.32, 1.77057
hold413, 47.44, 220.32, 1.77057
hold605, 47.44, 220.32, 1.77057
FILLER_0_77_84, 47.44, 220.32, 1.77057
FILLER_0_77_101, 47.44, 220.32, 1.77057
FILLER_0_78_105, 47.44, 220.32, 1.77057
_4165_, 60.24, 220.32, 1.77039
_5023_, 60.24, 220.32, 1.77039
_5024_, 60.24, 220.32, 1.77039
FILLER_0_77_109, 60.24, 220.32, 1.77039
FILLER_0_77_113, 60.24, 220.32, 1.77039
FILLER_0_77_128, 60.24, 220.32, 1.77039
_4184_, 73.04, 220.32, 1.77022
_4185_, 73.04, 220.32, 1.77022
_4186_, 73.04, 220.32, 1.77022
_4187_, 73.04, 220.32, 1.77022
_4189_, 73.04, 220.32, 1.77022
_4190_, 73.04, 220.32, 1.77022
_4196_, 73.04, 220.32, 1.77022
hold645, 73.04, 220.32, 1.77022
FILLER_0_77_146, 73.04, 220.32, 1.77022
FILLER_0_77_158, 73.04, 220.32, 1.77022
_4227_, 85.84, 220.32, 1.77009
_4230_, 85.84, 220.32, 1.77009
_4234_, 85.84, 220.32, 1.77009
_7239_, 85.84, 220.32, 1.77009
FILLER_0_77_181, 85.84, 220.32, 1.77009
FILLER_0_78_186, 85.84, 220.32, 1.77009
_4225_, 98.64, 220.32, 1.76999
_4244_, 98.64, 220.32, 1.76999
hold314, 98.64, 220.32, 1.76999
FILLER_0_76_200, 98.64, 220.32, 1.76999
FILLER_0_78_209, 98.64, 220.32, 1.76999
_4257_, 111.44, 220.32, 1.76991
_7242_, 111.44, 220.32, 1.76991
hold200, 111.44, 220.32, 1.76991
FILLER_0_77_237, 111.44, 220.32, 1.76991
_7394_, 124.24, 220.32, 1.76985
hold220, 124.24, 220.32, 1.76985
hold327, 124.24, 220.32, 1.76985
hold328, 124.24, 220.32, 1.76985
FILLER_0_78_262, 124.24, 220.32, 1.76985
_4096_, 137.04, 220.32, 1.76981
_7448_, 137.04, 220.32, 1.76981
hold174, 137.04, 220.32, 1.76981
FILLER_0_77_281, 137.04, 220.32, 1.76981
_4095_, 149.84, 220.32, 1.76978
_4849_, 149.84, 220.32, 1.76978
_5052_, 149.84, 220.32, 1.76978
_7496_, 149.84, 220.32, 1.76978
FILLER_0_76_309, 149.84, 220.32, 1.76978
FILLER_0_77_313, 149.84, 220.32, 1.76978
FILLER_0_78_327, 149.84, 220.32, 1.76978
_5304_, 162.64, 220.32, 1.7698
_5306_, 162.64, 220.32, 1.7698
_5308_, 162.64, 220.32, 1.7698
_5309_, 162.64, 220.32, 1.7698
_5313_, 162.64, 220.32, 1.7698
_5322_, 162.64, 220.32, 1.7698
FILLER_0_76_330, 162.64, 220.32, 1.7698
FILLER_0_77_337, 162.64, 220.32, 1.7698
_5289_, 188.24, 220.32, 1.76978
_5290_, 188.24, 220.32, 1.76978
_5291_, 188.24, 220.32, 1.76978
_5292_, 188.24, 220.32, 1.76978
FILLER_0_76_389, 188.24, 220.32, 1.76978
FILLER_0_77_393, 188.24, 220.32, 1.76978
FILLER_0_77_411, 188.24, 220.32, 1.76978
_5208_, 201.04, 220.32, 1.76972
_5247_, 201.04, 220.32, 1.76972
_5250_, 201.04, 220.32, 1.76972
_5281_, 201.04, 220.32, 1.76972
_5284_, 201.04, 220.32, 1.76972
_5286_, 201.04, 220.32, 1.76972
_5287_, 201.04, 220.32, 1.76972
_5298_, 201.04, 220.32, 1.76972
FILLER_0_78_433, 201.04, 220.32, 1.76972
_5223_, 213.84, 220.32, 1.76969
_5241_, 213.84, 220.32, 1.76969
_7484_, 213.84, 220.32, 1.76969
hold440, 213.84, 220.32, 1.76969
FILLER_0_76_446, 213.84, 220.32, 1.76969
FILLER_0_77_465, 213.84, 220.32, 1.76969
_5211_, 226.64, 220.32, 1.76967
_5224_, 226.64, 220.32, 1.76967
hold74, 226.64, 220.32, 1.76967
hold711, 226.64, 220.32, 1.76967
FILLER_0_76_472, 226.64, 220.32, 1.76967
FILLER_0_76_477, 226.64, 220.32, 1.76967
FILLER_0_77_490, 226.64, 220.32, 1.76967
_6143_, 239.44, 220.32, 1.76966
_7676_, 239.44, 220.32, 1.76966
hold109, 239.44, 220.32, 1.76966
hold446, 239.44, 220.32, 1.76966
FILLER_0_77_505, 239.44, 220.32, 1.76966
_6141_, 252.24, 220.32, 1.76966
_6142_, 252.24, 220.32, 1.76966
_6266_, 252.24, 220.32, 1.76966
hold110, 252.24, 220.32, 1.76966
hold423, 252.24, 220.32, 1.76966
FILLER_0_77_549, 252.24, 220.32, 1.76966
FILLER_0_78_550, 252.24, 220.32, 1.76966
_6123_, 265.04, 220.32, 1.76968
_6125_, 265.04, 220.32, 1.76968
_6259_, 265.04, 220.32, 1.76968
hold120, 265.04, 220.32, 1.76968
hold400, 265.04, 220.32, 1.76968
hold421, 265.04, 220.32, 1.76968
hold452, 265.04, 220.32, 1.76968
FILLER_0_77_557, 265.04, 220.32, 1.76968
_6119_, 277.84, 220.32, 1.76971
_7675_, 277.84, 220.32, 1.76971
FILLER_0_77_586, 277.84, 220.32, 1.76971
FILLER_0_78_598, 277.84, 220.32, 1.76971
_6135_, 290.64, 220.32, 1.76976
_6192_, 290.64, 220.32, 1.76976
_7673_, 290.64, 220.32, 1.76976
hold401, 290.64, 220.32, 1.76976
FILLER_0_76_611, 290.64, 220.32, 1.76976
FILLER_0_77_611, 290.64, 220.32, 1.76976
_6114_, 303.44, 220.32, 1.76985
_6182_, 303.44, 220.32, 1.76985
_6183_, 303.44, 220.32, 1.76985
_6212_, 303.44, 220.32, 1.76985
FILLER_0_77_648, 303.44, 220.32, 1.76985
FILLER_0_78_650, 303.44, 220.32, 1.76985
_6184_, 316.24, 220.32, 1.76996
_6186_, 316.24, 220.32, 1.76996
_6190_, 316.24, 220.32, 1.76996
_6199_, 316.24, 220.32, 1.76996
FILLER_0_76_671, 316.24, 220.32, 1.76996
FILLER_0_77_666, 316.24, 220.32, 1.76996
FILLER_0_77_673, 316.24, 220.32, 1.76996
FILLER_0_77_681, 316.24, 220.32, 1.76996
FILLER_0_78_680, 316.24, 220.32, 1.76996
_7142_, 5.52, 214.88, 1.77109
PHY_148, 5.52, 214.88, 1.77109
PHY_150, 5.52, 214.88, 1.77109
FILLER_0_76_3, 5.52, 214.88, 1.77109
_3673_, 13.68, 214.88, 1.7711
FILLER_0_75_24, 13.68, 214.88, 1.7711
_3677_, 34.64, 214.88, 1.77084
_3706_, 34.64, 214.88, 1.77084
_3774_, 34.64, 214.88, 1.77084
_3786_, 34.64, 214.88, 1.77084
_3797_, 34.64, 214.88, 1.77084
_7131_, 34.64, 214.88, 1.77084
FILLER_0_75_62, 34.64, 214.88, 1.77084
_3683_, 47.44, 214.88, 1.77061
_3711_, 47.44, 214.88, 1.77061
_3712_, 47.44, 214.88, 1.77061
_7134_, 47.44, 214.88, 1.77061
FILLER_0_74_85, 47.44, 214.88, 1.77061
FILLER_0_75_85, 47.44, 214.88, 1.77061
_4182_, 60.24, 214.88, 1.77038
_7422_, 60.24, 214.88, 1.77038
FILLER_0_76_124, 60.24, 214.88, 1.77038
_4183_, 73.04, 214.88, 1.77017
_4197_, 73.04, 214.88, 1.77017
_4202_, 73.04, 214.88, 1.77017
_4203_, 73.04, 214.88, 1.77017
_4232_, 73.04, 214.88, 1.77017
_4271_, 73.04, 214.88, 1.77017
FILLER_0_74_135, 73.04, 214.88, 1.77017
FILLER_0_74_141, 73.04, 214.88, 1.77017
FILLER_0_75_139, 73.04, 214.88, 1.77017
FILLER_0_75_147, 73.04, 214.88, 1.77017
FILLER_0_75_160, 73.04, 214.88, 1.77017
FILLER_0_76_153, 73.04, 214.88, 1.77017
_4216_, 85.84, 214.88, 1.77002
_4217_, 85.84, 214.88, 1.77002
_4226_, 85.84, 214.88, 1.77002
_4228_, 85.84, 214.88, 1.77002
_4229_, 85.84, 214.88, 1.77002
_4233_, 85.84, 214.88, 1.77002
FILLER_0_75_169, 85.84, 214.88, 1.77002
FILLER_0_75_177, 85.84, 214.88, 1.77002
_4112_, 98.64, 214.88, 1.76988
_4221_, 98.64, 214.88, 1.76988
_4258_, 98.64, 214.88, 1.76988
_4266_, 98.64, 214.88, 1.76988
FILLER_0_74_190, 98.64, 214.88, 1.76988
FILLER_0_75_208, 98.64, 214.88, 1.76988
_4118_, 111.44, 214.88, 1.76975
_4252_, 111.44, 214.88, 1.76975
_4256_, 111.44, 214.88, 1.76975
_7408_, 111.44, 214.88, 1.76975
clkbuf_leaf_14_clk, 111.44, 214.88, 1.76975
hold823, 111.44, 214.88, 1.76975
FILLER_0_74_221, 111.44, 214.88, 1.76975
FILLER_0_75_234, 111.44, 214.88, 1.76975
_4092_, 124.24, 214.88, 1.76969
_4093_, 124.24, 214.88, 1.76969
_4894_, 124.24, 214.88, 1.76969
_4895_, 124.24, 214.88, 1.76969
hold199, 124.24, 214.88, 1.76969
FILLER_0_74_248, 124.24, 214.88, 1.76969
FILLER_0_75_261, 124.24, 214.88, 1.76969
_3778_, 137.04, 214.88, 1.76965
_4893_, 137.04, 214.88, 1.76965
_5067_, 137.04, 214.88, 1.76965
_7433_, 137.04, 214.88, 1.76965
hold431, 137.04, 214.88, 1.76965
FILLER_0_75_276, 137.04, 214.88, 1.76965
_4091_, 149.84, 214.88, 1.76973
_4848_, 149.84, 214.88, 1.76973
_7381_, 149.84, 214.88, 1.76973
FILLER_0_74_303, 149.84, 214.88, 1.76973
FILLER_0_74_309, 149.84, 214.88, 1.76973
FILLER_0_75_304, 149.84, 214.88, 1.76973
_5212_, 162.64, 214.88, 1.76986
_5303_, 162.64, 214.88, 1.76986
_5305_, 162.64, 214.88, 1.76986
_5307_, 162.64, 214.88, 1.76986
hold851, 162.64, 214.88, 1.76986
FILLER_0_74_334, 162.64, 214.88, 1.76986
FILLER_0_75_328, 162.64, 214.88, 1.76986
_5279_, 188.24, 214.88, 1.76991
_5280_, 188.24, 214.88, 1.76991
_5285_, 188.24, 214.88, 1.76991
_5288_, 188.24, 214.88, 1.76991
hold467, 188.24, 214.88, 1.76991
FILLER_0_75_393, 188.24, 214.88, 1.76991
_5209_, 201.04, 214.88, 1.76984
_5282_, 201.04, 214.88, 1.76984
_5283_, 201.04, 214.88, 1.76984
max_cap67, 201.04, 214.88, 1.76984
max_cap2, 201.04, 214.88, 1.76984
FILLER_0_74_424, 201.04, 214.88, 1.76984
FILLER_0_75_423, 201.04, 214.88, 1.76984
_5214_, 213.84, 214.88, 1.76978
_5242_, 213.84, 214.88, 1.76978
FILLER_0_75_440, 213.84, 214.88, 1.76978
FILLER_0_75_449, 213.84, 214.88, 1.76978
_5213_, 226.64, 214.88, 1.76973
_7469_, 226.64, 214.88, 1.76973
_7475_, 226.64, 214.88, 1.76973
_7470_, 239.44, 214.88, 1.76971
_7471_, 239.44, 214.88, 1.76971
hold58, 239.44, 214.88, 1.76971
FILLER_0_75_499, 239.44, 214.88, 1.76971
FILLER_0_76_510, 239.44, 214.88, 1.76971
_6127_, 252.24, 214.88, 1.76971
_6626_, 252.24, 214.88, 1.76971
_7679_, 252.24, 214.88, 1.76971
hold59, 252.24, 214.88, 1.76971
hold345, 252.24, 214.88, 1.76971
hold351, 252.24, 214.88, 1.76971
FILLER_0_74_536, 252.24, 214.88, 1.76971
FILLER_0_75_545, 252.24, 214.88, 1.76971
FILLER_0_76_544, 252.24, 214.88, 1.76971
_5968_, 265.04, 214.88, 1.76975
_6128_, 265.04, 214.88, 1.76975
_7674_, 265.04, 214.88, 1.76975
_7677_, 265.04, 214.88, 1.76975
FILLER_0_75_557, 265.04, 214.88, 1.76975
FILLER_0_75_572, 265.04, 214.88, 1.76975
_6136_, 277.84, 214.88, 1.76981
hold193, 277.84, 214.88, 1.76981
FILLER_0_74_589, 277.84, 214.88, 1.76981
FILLER_0_75_605, 277.84, 214.88, 1.76981
FILLER_0_76_601, 277.84, 214.88, 1.76981
_6134_, 290.64, 214.88, 1.76988
_7672_, 290.64, 214.88, 1.76988
hold450, 290.64, 214.88, 1.76988
FILLER_0_75_613, 290.64, 214.88, 1.76988
FILLER_0_75_617, 290.64, 214.88, 1.76988
FILLER_0_75_630, 290.64, 214.88, 1.76988
_6112_, 303.44, 214.88, 1.76998
_6181_, 303.44, 214.88, 1.76998
_6196_, 303.44, 214.88, 1.76998
_6197_, 303.44, 214.88, 1.76998
hold352, 303.44, 214.88, 1.76998
FILLER_0_75_643, 303.44, 214.88, 1.76998
_6180_, 316.24, 214.88, 1.77011
_6189_, 316.24, 214.88, 1.77011
_6191_, 316.24, 214.88, 1.77011
_7685_, 316.24, 214.88, 1.77011
hold299, 316.24, 214.88, 1.77011
FILLER_0_74_669, 316.24, 214.88, 1.77011
FILLER_0_75_668, 316.24, 214.88, 1.77011
PHY_144, 5.52, 209.44, 1.77135
PHY_146, 5.52, 209.44, 1.77135
FILLER_0_73_3, 5.52, 209.44, 1.77135
FILLER_0_74_3, 5.52, 209.44, 1.77135
_3779_, 13.68, 209.44, 1.77135
_3780_, 13.68, 209.44, 1.77135
_3781_, 13.68, 209.44, 1.77135
_3794_, 13.68, 209.44, 1.77135
_3654_, 34.64, 209.44, 1.77099
_3775_, 34.64, 209.44, 1.77099
_3776_, 34.64, 209.44, 1.77099
_6942_, 34.64, 209.44, 1.77099
FILLER_0_73_66, 34.64, 209.44, 1.77099
FILLER_0_73_75, 34.64, 209.44, 1.77099
FILLER_0_74_67, 34.64, 209.44, 1.77099
_3715_, 47.44, 209.44, 1.77074
_3716_, 47.44, 209.44, 1.77074
_3729_, 47.44, 209.44, 1.77074
_7136_, 47.44, 209.44, 1.77074
hold336, 47.44, 209.44, 1.77074
hold337, 47.44, 209.44, 1.77074
_4278_, 60.24, 209.44, 1.77053
FILLER_0_73_128, 60.24, 209.44, 1.77053
_4204_, 73.04, 209.44, 1.77032
_4206_, 73.04, 209.44, 1.77032
_4207_, 73.04, 209.44, 1.77032
FILLER_0_72_134, 73.04, 209.44, 1.77032
FILLER_0_72_141, 73.04, 209.44, 1.77032
_4198_, 85.84, 209.44, 1.77014
_4215_, 85.84, 209.44, 1.77014
_4218_, 85.84, 209.44, 1.77014
_4220_, 85.84, 209.44, 1.77014
FILLER_0_72_172, 85.84, 209.44, 1.77014
FILLER_0_73_164, 85.84, 209.44, 1.77014
FILLER_0_73_169, 85.84, 209.44, 1.77014
FILLER_0_73_188, 85.84, 209.44, 1.77014
_4259_, 98.64, 209.44, 1.76998
_4264_, 98.64, 209.44, 1.76998
_4267_, 98.64, 209.44, 1.76998
_4864_, 98.64, 209.44, 1.76998
FILLER_0_72_197, 98.64, 209.44, 1.76998
_4121_, 111.44, 209.44, 1.76992
_4253_, 111.44, 209.44, 1.76992
_4254_, 111.44, 209.44, 1.76992
_4255_, 111.44, 209.44, 1.76992
_7407_, 111.44, 209.44, 1.76992
FILLER_0_73_234, 111.44, 209.44, 1.76992
_7204_, 124.24, 209.44, 1.76988
_7431_, 124.24, 209.44, 1.76988
FILLER_0_72_253, 124.24, 209.44, 1.76988
_5047_, 137.04, 209.44, 1.76989
_5049_, 137.04, 209.44, 1.76989
_7435_, 137.04, 209.44, 1.76989
hold374, 137.04, 209.44, 1.76989
_7483_, 149.84, 209.44, 1.76991
hold289, 149.84, 209.44, 1.76991
hold373, 149.84, 209.44, 1.76991
_5200_, 162.64, 209.44, 1.76994
_5240_, 162.64, 209.44, 1.76994
_7491_, 162.64, 209.44, 1.76994
_5266_, 188.24, 209.44, 1.76976
_5275_, 188.24, 209.44, 1.76976
_5276_, 188.24, 209.44, 1.76976
_5277_, 188.24, 209.44, 1.76976
_5278_, 188.24, 209.44, 1.76976
FILLER_0_74_408, 188.24, 209.44, 1.76976
_5206_, 201.04, 209.44, 1.76947
_5271_, 201.04, 209.44, 1.76947
_5272_, 201.04, 209.44, 1.76947
_5273_, 201.04, 209.44, 1.76947
_5274_, 201.04, 209.44, 1.76947
_7468_, 201.04, 209.44, 1.76947
FILLER_0_73_430, 201.04, 209.44, 1.76947
_5207_, 213.84, 209.44, 1.76921
_5697_, 213.84, 209.44, 1.76921
_7467_, 213.84, 209.44, 1.76921
FILLER_0_72_448, 213.84, 209.44, 1.76921
FILLER_0_73_443, 213.84, 209.44, 1.76921
FILLER_0_74_466, 213.84, 209.44, 1.76921
_5203_, 226.64, 209.44, 1.76905
_5205_, 226.64, 209.44, 1.76905
_5215_, 226.64, 209.44, 1.76905
_7465_, 226.64, 209.44, 1.76905
clkbuf_leaf_65_clk, 226.64, 209.44, 1.76905
FILLER_0_72_472, 226.64, 209.44, 1.76905
FILLER_0_72_477, 226.64, 209.44, 1.76905
FILLER_0_74_489, 226.64, 209.44, 1.76905
_6634_, 239.44, 209.44, 1.76899
hold445, 239.44, 209.44, 1.76899
FILLER_0_72_500, 239.44, 209.44, 1.76899
FILLER_0_73_505, 239.44, 209.44, 1.76899
FILLER_0_73_516, 239.44, 209.44, 1.76899
_5655_, 252.24, 209.44, 1.76893
_6118_, 252.24, 209.44, 1.76893
_7667_, 252.24, 209.44, 1.76893
_7678_, 252.24, 209.44, 1.76893
hold80, 252.24, 209.44, 1.76893
FILLER_0_72_533, 252.24, 209.44, 1.76893
_6130_, 265.04, 209.44, 1.76905
_6630_, 265.04, 209.44, 1.76905
_7666_, 265.04, 209.44, 1.76905
clkbuf_leaf_63_clk, 265.04, 209.44, 1.76905
_6116_, 277.84, 209.44, 1.76925
_6120_, 277.84, 209.44, 1.76925
_6137_, 277.84, 209.44, 1.76925
_7662_, 277.84, 209.44, 1.76925
hold194, 277.84, 209.44, 1.76925
FILLER_0_72_589, 277.84, 209.44, 1.76925
FILLER_0_73_589, 277.84, 209.44, 1.76925
_6133_, 290.64, 209.44, 1.76946
_7670_, 290.64, 209.44, 1.76946
_7671_, 290.64, 209.44, 1.76946
hold346, 290.64, 209.44, 1.76946
FILLER_0_72_608, 290.64, 209.44, 1.76946
FILLER_0_74_621, 290.64, 209.44, 1.76946
_6169_, 303.44, 209.44, 1.76973
_6170_, 303.44, 209.44, 1.76973
FILLER_0_72_638, 303.44, 209.44, 1.76973
FILLER_0_72_645, 303.44, 209.44, 1.76973
FILLER_0_73_638, 303.44, 209.44, 1.76973
_6171_, 316.24, 209.44, 1.77
_6172_, 316.24, 209.44, 1.77
_6176_, 316.24, 209.44, 1.77
_6179_, 316.24, 209.44, 1.77
_6185_, 316.24, 209.44, 1.77
_6209_, 316.24, 209.44, 1.77
_7684_, 316.24, 209.44, 1.77
FILLER_0_72_667, 316.24, 209.44, 1.77
PHY_140, 5.52, 204, 1.77162
PHY_142, 5.52, 204, 1.77162
input24, 5.52, 204, 1.77162
FILLER_0_71_7, 5.52, 204, 1.77162
FILLER_0_72_3, 5.52, 204, 1.77162
_3793_, 13.68, 204, 1.77162
hold844, 13.68, 204, 1.77162
FILLER_0_71_20, 13.68, 204, 1.77162
_3777_, 34.64, 204, 1.77121
_6941_, 34.64, 204, 1.77121
_7885_, 34.64, 204, 1.77121
FILLER_0_71_65, 34.64, 204, 1.77121
_3664_, 47.44, 204, 1.77082
_3687_, 47.44, 204, 1.77082
_7246_, 47.44, 204, 1.77082
hold834, 47.44, 204, 1.77082
FILLER_0_71_83, 47.44, 204, 1.77082
_4276_, 60.24, 204, 1.77052
_4277_, 60.24, 204, 1.77052
_7237_, 60.24, 204, 1.77052
_7245_, 60.24, 204, 1.77052
FILLER_0_71_109, 60.24, 204, 1.77052
FILLER_0_71_123, 60.24, 204, 1.77052
_4108_, 73.04, 204, 1.7703
_4199_, 73.04, 204, 1.7703
_4212_, 73.04, 204, 1.7703
clkbuf_leaf_16_clk, 73.04, 204, 1.7703
hold398, 73.04, 204, 1.7703
FILLER_0_72_149, 73.04, 204, 1.7703
_4201_, 85.84, 204, 1.77015
_4208_, 85.84, 204, 1.77015
_4209_, 85.84, 204, 1.77015
_4210_, 85.84, 204, 1.77015
_4211_, 85.84, 204, 1.77015
_4213_, 85.84, 204, 1.77015
_4214_, 85.84, 204, 1.77015
FILLER_0_71_164, 85.84, 204, 1.77015
FILLER_0_71_188, 85.84, 204, 1.77015
FILLER_0_72_188, 85.84, 204, 1.77015
_4261_, 98.64, 204, 1.77003
_4263_, 98.64, 204, 1.77003
_4265_, 98.64, 204, 1.77003
_7243_, 98.64, 204, 1.77003
hold630, 98.64, 204, 1.77003
FILLER_0_71_205, 98.64, 204, 1.77003
_3951_, 111.44, 204, 1.76996
_4120_, 111.44, 204, 1.76996
_4260_, 111.44, 204, 1.76996
_4262_, 111.44, 204, 1.76996
_7217_, 111.44, 204, 1.76996
FILLER_0_70_223, 111.44, 204, 1.76996
FILLER_0_71_225, 111.44, 204, 1.76996
_5045_, 124.24, 204, 1.77001
hold219, 124.24, 204, 1.77001
hold424, 124.24, 204, 1.77001
FILLER_0_70_248, 124.24, 204, 1.77001
FILLER_0_71_262, 124.24, 204, 1.77001
FILLER_0_71_270, 124.24, 204, 1.77001
FILLER_0_72_267, 124.24, 204, 1.77001
_5055_, 137.04, 204, 1.77006
_7285_, 137.04, 204, 1.77006
_7432_, 137.04, 204, 1.77006
hold283, 137.04, 204, 1.77006
hold288, 137.04, 204, 1.77006
hold430, 137.04, 204, 1.77006
FILLER_0_72_294, 137.04, 204, 1.77006
_4367_, 149.84, 204, 1.77013
_5053_, 149.84, 204, 1.77013
_7281_, 149.84, 204, 1.77013
clkbuf_leaf_38_clk, 149.84, 204, 1.77013
FILLER_0_71_313, 149.84, 204, 1.77013
FILLER_0_72_325, 149.84, 204, 1.77013
_5258_, 162.64, 204, 1.77028
_7482_, 162.64, 204, 1.77028
FILLER_0_71_337, 162.64, 204, 1.77028
_5263_, 188.24, 204, 1.77029
_5264_, 188.24, 204, 1.77029
_5265_, 188.24, 204, 1.77029
_5270_, 188.24, 204, 1.77029
hold716, 188.24, 204, 1.77029
FILLER_0_70_392, 188.24, 204, 1.77029
FILLER_0_72_405, 188.24, 204, 1.77029
_5234_, 201.04, 204, 1.77016
_5259_, 201.04, 204, 1.77016
_5262_, 201.04, 204, 1.77016
_7480_, 201.04, 204, 1.77016
hold503, 201.04, 204, 1.77016
hold747, 201.04, 204, 1.77016
hold748, 201.04, 204, 1.77016
FILLER_0_70_421, 201.04, 204, 1.77016
_5204_, 213.84, 204, 1.77011
_5232_, 213.84, 204, 1.77011
_7585_, 213.84, 204, 1.77011
hold167, 213.84, 204, 1.77011
FILLER_0_71_441, 213.84, 204, 1.77011
FILLER_0_71_464, 213.84, 204, 1.77011
_7466_, 226.64, 204, 1.77008
hold776, 226.64, 204, 1.77008
FILLER_0_70_473, 226.64, 204, 1.77008
_7785_, 239.44, 204, 1.77008
_7789_, 239.44, 204, 1.77008
hold313, 239.44, 204, 1.77008
FILLER_0_71_499, 239.44, 204, 1.77008
_6636_, 252.24, 204, 1.77011
hold97, 252.24, 204, 1.77011
hold382, 252.24, 204, 1.77011
hold405, 252.24, 204, 1.77011
FILLER_0_71_535, 252.24, 204, 1.77011
FILLER_0_71_543, 252.24, 204, 1.77011
_6126_, 265.04, 204, 1.77014
_7665_, 265.04, 204, 1.77014
hold385, 265.04, 204, 1.77014
hold425, 265.04, 204, 1.77014
FILLER_0_71_561, 265.04, 204, 1.77014
_6131_, 277.84, 204, 1.77018
_6132_, 277.84, 204, 1.77018
_7668_, 277.84, 204, 1.77018
_7669_, 277.84, 204, 1.77018
hold98, 277.84, 204, 1.77018
FILLER_0_70_582, 277.84, 204, 1.77018
FILLER_0_71_593, 277.84, 204, 1.77018
_6150_, 290.64, 204, 1.77028
hold392, 290.64, 204, 1.77028
FILLER_0_70_610, 290.64, 204, 1.77028
_6110_, 303.44, 204, 1.7704
_6148_, 303.44, 204, 1.7704
_6149_, 303.44, 204, 1.7704
_6158_, 303.44, 204, 1.7704
_6168_, 303.44, 204, 1.7704
FILLER_0_70_637, 303.44, 204, 1.7704
_6164_, 316.24, 204, 1.77053
_6167_, 316.24, 204, 1.77053
_6174_, 316.24, 204, 1.77053
_6175_, 316.24, 204, 1.77053
hold372, 316.24, 204, 1.77053
FILLER_0_70_670, 316.24, 204, 1.77053
FILLER_0_71_667, 316.24, 204, 1.77053
FILLER_0_71_673, 316.24, 204, 1.77053
FILLER_0_72_680, 316.24, 204, 1.77053
_3701_, 5.52, 198.56, 1.77198
_7129_, 5.52, 198.56, 1.77198
PHY_136, 5.52, 198.56, 1.77198
PHY_138, 5.52, 198.56, 1.77198
FILLER_0_69_3, 5.52, 198.56, 1.77198
_3671_, 13.68, 198.56, 1.77199
_3702_, 13.68, 198.56, 1.77199
FILLER_0_69_24, 13.68, 198.56, 1.77199
FILLER_0_70_24, 13.68, 198.56, 1.77199
_3760_, 34.64, 198.56, 1.77169
_3763_, 34.64, 198.56, 1.77169
_3766_, 34.64, 198.56, 1.77169
_3796_, 34.64, 198.56, 1.77169
_3698_, 47.44, 198.56, 1.77137
_7127_, 47.44, 198.56, 1.77137
hold366, 47.44, 198.56, 1.77137
FILLER_0_68_85, 47.44, 198.56, 1.77137
FILLER_0_69_79, 47.44, 198.56, 1.77137
FILLER_0_70_102, 47.44, 198.56, 1.77137
_4272_, 60.24, 198.56, 1.77109
_4273_, 60.24, 198.56, 1.77109
_4274_, 60.24, 198.56, 1.77109
FILLER_0_69_131, 60.24, 198.56, 1.77109
FILLER_0_70_127, 60.24, 198.56, 1.77109
_4200_, 73.04, 198.56, 1.77084
_7220_, 73.04, 198.56, 1.77084
FILLER_0_69_160, 73.04, 198.56, 1.77084
_4219_, 85.84, 198.56, 1.77062
_4525_, 85.84, 198.56, 1.77062
_7238_, 85.84, 198.56, 1.77062
FILLER_0_68_164, 85.84, 198.56, 1.77062
_3697_, 98.64, 198.56, 1.77054
_4268_, 98.64, 198.56, 1.77054
_4269_, 98.64, 198.56, 1.77054
hold520, 98.64, 198.56, 1.77054
FILLER_0_68_191, 98.64, 198.56, 1.77054
FILLER_0_69_197, 98.64, 198.56, 1.77054
_4124_, 111.44, 198.56, 1.77048
_4270_, 111.44, 198.56, 1.77048
_7218_, 111.44, 198.56, 1.77048
_7244_, 111.44, 198.56, 1.77048
hold360, 111.44, 198.56, 1.77048
hold557, 111.44, 198.56, 1.77048
FILLER_0_69_219, 111.44, 198.56, 1.77048
FILLER_0_69_225, 111.44, 198.56, 1.77048
_3962_, 124.24, 198.56, 1.77047
_4123_, 124.24, 198.56, 1.77047
_7436_, 124.24, 198.56, 1.77047
FILLER_0_68_245, 124.24, 198.56, 1.77047
_4372_, 137.04, 198.56, 1.77054
hold138, 137.04, 198.56, 1.77054
hold284, 137.04, 198.56, 1.77054
_4368_, 149.84, 198.56, 1.77061
_4370_, 149.84, 198.56, 1.77061
_7284_, 149.84, 198.56, 1.77061
hold177, 149.84, 198.56, 1.77061
hold178, 149.84, 198.56, 1.77061
FILLER_0_69_326, 149.84, 198.56, 1.77061
_5238_, 162.64, 198.56, 1.7707
_5255_, 162.64, 198.56, 1.7707
_5891_, 162.64, 198.56, 1.7707
_7616_, 162.64, 198.56, 1.7707
hold800, 162.64, 198.56, 1.7707
FILLER_0_68_329, 162.64, 198.56, 1.7707
FILLER_0_69_340, 162.64, 198.56, 1.7707
FILLER_0_70_350, 162.64, 198.56, 1.7707
_5236_, 188.24, 198.56, 1.77071
_5260_, 188.24, 198.56, 1.77071
_5261_, 188.24, 198.56, 1.77071
_5694_, 188.24, 198.56, 1.77071
_7521_, 188.24, 198.56, 1.77071
FILLER_0_68_395, 188.24, 198.56, 1.77071
FILLER_0_69_386, 188.24, 198.56, 1.77071
_5233_, 201.04, 198.56, 1.77064
_5441_, 201.04, 198.56, 1.77064
_5700_, 213.84, 198.56, 1.77058
_7479_, 213.84, 198.56, 1.77058
hold166, 213.84, 198.56, 1.77058
hold775, 213.84, 198.56, 1.77058
FILLER_0_69_449, 213.84, 198.56, 1.77058
_7639_, 226.64, 198.56, 1.77055
_7790_, 226.64, 198.56, 1.77055
hold230, 226.64, 198.56, 1.77055
FILLER_0_69_484, 226.64, 198.56, 1.77055
_5966_, 239.44, 198.56, 1.77054
_5973_, 239.44, 198.56, 1.77054
hold94, 239.44, 198.56, 1.77054
hold224, 239.44, 198.56, 1.77054
hold229, 239.44, 198.56, 1.77054
FILLER_0_68_499, 239.44, 198.56, 1.77054
FILLER_0_69_499, 239.44, 198.56, 1.77054
_6624_, 252.24, 198.56, 1.77053
_6632_, 252.24, 198.56, 1.77053
_7787_, 252.24, 198.56, 1.77053
_7788_, 252.24, 198.56, 1.77053
hold335, 252.24, 198.56, 1.77053
FILLER_0_68_529, 252.24, 198.56, 1.77053
hold261, 265.04, 198.56, 1.77054
FILLER_0_68_563, 265.04, 198.56, 1.77054
FILLER_0_69_557, 265.04, 198.56, 1.77054
_7663_, 277.84, 198.56, 1.77055
_7681_, 277.84, 198.56, 1.77055
FILLER_0_68_584, 277.84, 198.56, 1.77055
FILLER_0_69_593, 277.84, 198.56, 1.77055
_6103_, 290.64, 198.56, 1.77059
_6144_, 290.64, 198.56, 1.77059
_6145_, 290.64, 198.56, 1.77059
_6147_, 290.64, 198.56, 1.77059
_6157_, 290.64, 198.56, 1.77059
hold329, 290.64, 198.56, 1.77059
_6146_, 303.44, 198.56, 1.77065
_6155_, 303.44, 198.56, 1.77065
_6156_, 303.44, 198.56, 1.77065
_6159_, 303.44, 198.56, 1.77065
_6160_, 303.44, 198.56, 1.77065
_6173_, 303.44, 198.56, 1.77065
FILLER_0_69_656, 303.44, 198.56, 1.77065
_6161_, 316.24, 198.56, 1.77073
_6162_, 316.24, 198.56, 1.77073
_6166_, 316.24, 198.56, 1.77073
_7683_, 316.24, 198.56, 1.77073
clkbuf_leaf_59_clk, 316.24, 198.56, 1.77073
hold249, 316.24, 198.56, 1.77073
FILLER_0_68_668, 316.24, 198.56, 1.77073
PHY_132, 5.52, 193.12, 1.77241
PHY_134, 5.52, 193.12, 1.77241
FILLER_0_67_3, 5.52, 193.12, 1.77241
_3669_, 13.68, 193.12, 1.77241
_3672_, 13.68, 193.12, 1.77241
FILLER_0_67_20, 13.68, 193.12, 1.77241
_3761_, 34.64, 193.12, 1.77213
_3762_, 34.64, 193.12, 1.77213
_3765_, 34.64, 193.12, 1.77213
_7140_, 34.64, 193.12, 1.77213
FILLER_0_67_65, 34.64, 193.12, 1.77213
FILLER_0_67_75, 34.64, 193.12, 1.77213
_3682_, 47.44, 193.12, 1.77189
_3684_, 47.44, 193.12, 1.77189
_3686_, 47.44, 193.12, 1.77189
_7122_, 47.44, 193.12, 1.77189
clkbuf_leaf_18_clk, 47.44, 193.12, 1.77189
_4543_, 60.24, 193.12, 1.77172
_7325_, 60.24, 193.12, 1.77172
hold365, 60.24, 193.12, 1.77172
FILLER_0_67_129, 60.24, 193.12, 1.77172
_4128_, 73.04, 193.12, 1.77157
_4336_, 73.04, 193.12, 1.77157
hold384, 73.04, 193.12, 1.77157
FILLER_0_66_141, 73.04, 193.12, 1.77157
_3935_, 85.84, 193.12, 1.77143
_4110_, 85.84, 193.12, 1.77143
hold675, 85.84, 193.12, 1.77143
FILLER_0_67_162, 85.84, 193.12, 1.77143
FILLER_0_67_179, 85.84, 193.12, 1.77143
FILLER_0_67_188, 85.84, 193.12, 1.77143
FILLER_0_68_178, 85.84, 193.12, 1.77143
_7286_, 98.64, 193.12, 1.7713
hold808, 98.64, 193.12, 1.7713
FILLER_0_66_197, 98.64, 193.12, 1.7713
FILLER_0_67_214, 98.64, 193.12, 1.7713
_4144_, 111.44, 193.12, 1.7712
_7231_, 111.44, 193.12, 1.7712
hold37, 111.44, 193.12, 1.7712
hold480, 111.44, 193.12, 1.7712
FILLER_0_67_225, 111.44, 193.12, 1.7712
_7280_, 124.24, 193.12, 1.77112
clkbuf_leaf_13_clk, 124.24, 193.12, 1.77112
hold139, 124.24, 193.12, 1.77112
FILLER_0_68_262, 124.24, 193.12, 1.77112
_7434_, 137.04, 193.12, 1.7711
hold124, 137.04, 193.12, 1.7711
FILLER_0_66_273, 137.04, 193.12, 1.7711
FILLER_0_68_298, 137.04, 193.12, 1.7711
_4317_, 149.84, 193.12, 1.7711
_4325_, 149.84, 193.12, 1.7711
hold142, 149.84, 193.12, 1.7711
hold143, 149.84, 193.12, 1.7711
hold404, 149.84, 193.12, 1.7711
FILLER_0_66_304, 149.84, 193.12, 1.7711
_5685_, 162.64, 193.12, 1.7711
_5890_, 162.64, 193.12, 1.7711
_7508_, 162.64, 193.12, 1.7711
hold86, 162.64, 193.12, 1.7711
ANTENNA_3, 162.64, 193.12, 1.7711
FILLER_0_67_329, 162.64, 193.12, 1.7711
_7481_, 188.24, 193.12, 1.77101
hold727, 188.24, 193.12, 1.77101
hold728, 188.24, 193.12, 1.77101
hold758, 188.24, 193.12, 1.77101
hold822, 188.24, 193.12, 1.77101
_5440_, 201.04, 193.12, 1.77094
_7518_, 201.04, 193.12, 1.77094
_7582_, 201.04, 193.12, 1.77094
FILLER_0_66_414, 201.04, 193.12, 1.77094
FILLER_0_66_421, 201.04, 193.12, 1.77094
FILLER_0_67_435, 201.04, 193.12, 1.77094
FILLER_0_68_433, 201.04, 193.12, 1.77094
_5434_, 213.84, 193.12, 1.7709
_5435_, 213.84, 193.12, 1.7709
_5699_, 213.84, 193.12, 1.7709
_7584_, 213.84, 193.12, 1.7709
hold243, 213.84, 193.12, 1.7709
FILLER_0_66_452, 213.84, 193.12, 1.7709
FILLER_0_67_445, 213.84, 193.12, 1.7709
FILLER_0_67_458, 213.84, 193.12, 1.7709
_5901_, 226.64, 193.12, 1.77087
hold113, 226.64, 193.12, 1.77087
hold114, 226.64, 193.12, 1.77087
FILLER_0_67_486, 226.64, 193.12, 1.77087
FILLER_0_67_494, 226.64, 193.12, 1.77087
_5972_, 239.44, 193.12, 1.77085
_7784_, 239.44, 193.12, 1.77085
hold134, 239.44, 193.12, 1.77085
hold135, 239.44, 193.12, 1.77085
hold223, 239.44, 193.12, 1.77085
FILLER_0_67_513, 239.44, 193.12, 1.77085
FILLER_0_68_510, 239.44, 193.12, 1.77085
_7786_, 252.24, 193.12, 1.77084
hold403, 252.24, 193.12, 1.77084
FILLER_0_66_533, 252.24, 193.12, 1.77084
_6311_, 265.04, 193.12, 1.77084
_7720_, 265.04, 193.12, 1.77084
hold386, 265.04, 193.12, 1.77084
FILLER_0_68_573, 265.04, 193.12, 1.77084
_6122_, 277.84, 193.12, 1.77086
hold370, 277.84, 193.12, 1.77086
FILLER_0_66_579, 277.84, 193.12, 1.77086
FILLER_0_66_589, 277.84, 193.12, 1.77086
FILLER_0_67_583, 277.84, 193.12, 1.77086
_6151_, 290.64, 193.12, 1.77087
clkbuf_leaf_61_clk, 290.64, 193.12, 1.77087
FILLER_0_68_625, 290.64, 193.12, 1.77087
_6108_, 303.44, 193.12, 1.77094
_6152_, 303.44, 193.12, 1.77094
_6153_, 303.44, 193.12, 1.77094
_7682_, 303.44, 193.12, 1.77094
FILLER_0_67_641, 303.44, 193.12, 1.77094
FILLER_0_68_653, 303.44, 193.12, 1.77094
_6165_, 316.24, 193.12, 1.77105
_7657_, 316.24, 193.12, 1.77105
FILLER_0_68_682, 316.24, 193.12, 1.77105
_7115_, 5.52, 187.68, 1.77275
PHY_128, 5.52, 187.68, 1.77275
PHY_130, 5.52, 187.68, 1.77275
_7128_, 13.68, 187.68, 1.77276
FILLER_0_66_23, 13.68, 187.68, 1.77276
_3742_, 34.64, 187.68, 1.77251
_3759_, 34.64, 187.68, 1.77251
_6940_, 34.64, 187.68, 1.77251
_7884_, 34.64, 187.68, 1.77251
FILLER_0_65_57, 34.64, 187.68, 1.77251
FILLER_0_66_65, 34.64, 187.68, 1.77251
FILLER_0_66_75, 34.64, 187.68, 1.77251
_7120_, 47.44, 187.68, 1.77229
_7121_, 47.44, 187.68, 1.77229
hold393, 47.44, 187.68, 1.77229
FILLER_0_64_85, 47.44, 187.68, 1.77229
_4542_, 60.24, 187.68, 1.77209
_7261_, 60.24, 187.68, 1.77209
_7324_, 60.24, 187.68, 1.77209
hold263, 60.24, 187.68, 1.77209
hold264, 60.24, 187.68, 1.77209
FILLER_0_64_113, 60.24, 187.68, 1.77209
FILLER_0_65_113, 60.24, 187.68, 1.77209
FILLER_0_66_128, 60.24, 187.68, 1.77209
_4127_, 73.04, 187.68, 1.77192
_4335_, 73.04, 187.68, 1.77192
_7224_, 73.04, 187.68, 1.77192
hold754, 73.04, 187.68, 1.77192
FILLER_0_64_136, 73.04, 187.68, 1.77192
FILLER_0_65_160, 73.04, 187.68, 1.77192
_3934_, 85.84, 187.68, 1.77178
_4136_, 85.84, 187.68, 1.77178
_4137_, 85.84, 187.68, 1.77178
_7168_, 85.84, 187.68, 1.77178
hold674, 85.84, 187.68, 1.77178
_4373_, 98.64, 187.68, 1.77169
_4376_, 98.64, 187.68, 1.77169
_4382_, 98.64, 187.68, 1.77169
FILLER_0_64_191, 98.64, 187.68, 1.77169
FILLER_0_64_202, 98.64, 187.68, 1.77169
FILLER_0_65_196, 98.64, 187.68, 1.77169
_4145_, 111.44, 187.68, 1.77161
_4375_, 111.44, 187.68, 1.77161
_7229_, 111.44, 187.68, 1.77161
_7230_, 111.44, 187.68, 1.77161
hold92, 111.44, 187.68, 1.77161
hold106, 111.44, 187.68, 1.77161
FILLER_0_64_220, 111.44, 187.68, 1.77161
FILLER_0_65_220, 111.44, 187.68, 1.77161
FILLER_0_65_225, 111.44, 187.68, 1.77161
FILLER_0_65_237, 111.44, 187.68, 1.77161
_4309_, 124.24, 187.68, 1.77155
FILLER_0_64_253, 124.24, 187.68, 1.77155
FILLER_0_65_260, 124.24, 187.68, 1.77155
_4142_, 137.04, 187.68, 1.7715
_4366_, 137.04, 187.68, 1.7715
_5051_, 137.04, 187.68, 1.7715
_7279_, 137.04, 187.68, 1.7715
_7282_, 137.04, 187.68, 1.7715
hold125, 137.04, 187.68, 1.7715
FILLER_0_65_290, 137.04, 187.68, 1.7715
_4321_, 149.84, 187.68, 1.77147
_4347_, 149.84, 187.68, 1.77147
_7267_, 149.84, 187.68, 1.77147
FILLER_0_64_300, 149.84, 187.68, 1.77147
FILLER_0_66_324, 149.84, 187.68, 1.77147
_5892_, 162.64, 187.68, 1.77147
_5893_, 162.64, 187.68, 1.77147
FILLER_0_65_353, 162.64, 187.68, 1.77147
FILLER_0_66_348, 162.64, 187.68, 1.77147
_5414_, 188.24, 187.68, 1.77131
_7513_, 188.24, 187.68, 1.77131
_7580_, 188.24, 187.68, 1.77131
hold196, 188.24, 187.68, 1.77131
FILLER_0_65_385, 188.24, 187.68, 1.77131
FILLER_0_65_402, 188.24, 187.68, 1.77131
FILLER_0_66_402, 188.24, 187.68, 1.77131
_5423_, 201.04, 187.68, 1.77117
clkbuf_leaf_67_clk, 201.04, 187.68, 1.77117
hold242, 201.04, 187.68, 1.77117
FILLER_0_64_414, 201.04, 187.68, 1.77117
_5431_, 213.84, 187.68, 1.77111
_7517_, 213.84, 187.68, 1.77111
hold22, 213.84, 187.68, 1.77111
FILLER_0_65_445, 213.84, 187.68, 1.77111
FILLER_0_65_449, 213.84, 187.68, 1.77111
_7621_, 226.64, 187.68, 1.77106
_7623_, 226.64, 187.68, 1.77106
_7638_, 226.64, 187.68, 1.77106
hold83, 226.64, 187.68, 1.77106
FILLER_0_64_470, 226.64, 187.68, 1.77106
FILLER_0_65_494, 226.64, 187.68, 1.77106
_5858_, 239.44, 187.68, 1.77104
_5878_, 239.44, 187.68, 1.77104
_7633_, 239.44, 187.68, 1.77104
hold67, 239.44, 187.68, 1.77104
FILLER_0_64_507, 239.44, 187.68, 1.77104
FILLER_0_65_515, 239.44, 187.68, 1.77104
_5862_, 252.24, 187.68, 1.77105
_6628_, 252.24, 187.68, 1.77105
_7637_, 252.24, 187.68, 1.77105
hold150, 252.24, 187.68, 1.77105
hold151, 252.24, 187.68, 1.77105
hold262, 252.24, 187.68, 1.77105
FILLER_0_65_523, 252.24, 187.68, 1.77105
_6312_, 265.04, 187.68, 1.77107
_7664_, 265.04, 187.68, 1.77107
hold333, 265.04, 187.68, 1.77107
FILLER_0_65_554, 265.04, 187.68, 1.77107
_6308_, 277.84, 187.68, 1.77109
_7717_, 277.84, 187.68, 1.77109
hold334, 277.84, 187.68, 1.77109
hold378, 277.84, 187.68, 1.77109
FILLER_0_64_582, 277.84, 187.68, 1.77109
FILLER_0_65_604, 277.84, 187.68, 1.77109
_6104_, 290.64, 187.68, 1.77113
_6105_, 290.64, 187.68, 1.77113
_7655_, 290.64, 187.68, 1.77113
_6106_, 303.44, 187.68, 1.7712
_6115_, 303.44, 187.68, 1.7712
_6154_, 303.44, 187.68, 1.7712
hold571, 303.44, 187.68, 1.7712
FILLER_0_64_640, 303.44, 187.68, 1.7712
_6109_, 316.24, 187.68, 1.77128
_7711_, 316.24, 187.68, 1.77128
hold144, 316.24, 187.68, 1.77128
hold185, 316.24, 187.68, 1.77128
_3939_, 5.52, 182.24, 1.77298
_7170_, 5.52, 182.24, 1.77298
PHY_124, 5.52, 182.24, 1.77298
PHY_126, 5.52, 182.24, 1.77298
clkbuf_leaf_19_clk, 5.52, 182.24, 1.77298
_3730_, 13.68, 182.24, 1.77302
_3938_, 13.68, 182.24, 1.77302
_3743_, 34.64, 182.24, 1.77273
_3751_, 34.64, 182.24, 1.77273
_3758_, 34.64, 182.24, 1.77273
_6939_, 34.64, 182.24, 1.77273
_7118_, 34.64, 182.24, 1.77273
FILLER_0_63_57, 34.64, 182.24, 1.77273
FILLER_0_64_65, 34.64, 182.24, 1.77273
_4541_, 47.44, 182.24, 1.77242
hold394, 47.44, 182.24, 1.77242
FILLER_0_63_104, 47.44, 182.24, 1.77242
_7223_, 60.24, 182.24, 1.77212
hold236, 60.24, 182.24, 1.77212
hold397, 60.24, 182.24, 1.77212
FILLER_0_63_121, 60.24, 182.24, 1.77212
_7157_, 73.04, 182.24, 1.77185
clkbuf_leaf_17_clk, 73.04, 182.24, 1.77185
FILLER_0_62_141, 73.04, 182.24, 1.77185
_7287_, 85.84, 182.24, 1.77164
hold692, 85.84, 182.24, 1.77164
FILLER_0_63_169, 85.84, 182.24, 1.77164
_4284_, 98.64, 182.24, 1.77146
_4374_, 98.64, 182.24, 1.77146
_4381_, 98.64, 182.24, 1.77146
_4386_, 98.64, 182.24, 1.77146
hold613, 98.64, 182.24, 1.77146
_4129_, 111.44, 182.24, 1.77132
_4143_, 111.44, 182.24, 1.77132
_4279_, 111.44, 182.24, 1.77132
_4280_, 111.44, 182.24, 1.77132
FILLER_0_63_240, 111.44, 182.24, 1.77132
FILLER_0_64_244, 111.44, 182.24, 1.77132
_4363_, 124.24, 182.24, 1.77131
_5042_, 124.24, 182.24, 1.77131
_7430_, 124.24, 182.24, 1.77131
FILLER_0_63_252, 124.24, 182.24, 1.77131
FILLER_0_63_268, 124.24, 182.24, 1.77131
_4310_, 137.04, 182.24, 1.77133
_4365_, 137.04, 182.24, 1.77133
_7283_, 137.04, 182.24, 1.77133
hold699, 137.04, 182.24, 1.77133
FILLER_0_63_290, 137.04, 182.24, 1.77133
_4318_, 149.84, 182.24, 1.77136
_7269_, 149.84, 182.24, 1.77136
clkbuf_leaf_12_clk, 149.84, 182.24, 1.77136
hold85, 149.84, 182.24, 1.77136
hold130, 149.84, 182.24, 1.77136
_4313_, 162.64, 182.24, 1.77148
_4314_, 162.64, 182.24, 1.77148
_4349_, 162.64, 182.24, 1.77148
_7617_, 162.64, 182.24, 1.77148
hold79, 162.64, 182.24, 1.77148
_5415_, 188.24, 182.24, 1.77143
_7579_, 188.24, 182.24, 1.77143
hold9, 188.24, 182.24, 1.77143
hold10, 188.24, 182.24, 1.77143
hold195, 188.24, 182.24, 1.77143
FILLER_0_63_385, 188.24, 182.24, 1.77143
_5422_, 201.04, 182.24, 1.77123
_5696_, 201.04, 182.24, 1.77123
_7515_, 201.04, 182.24, 1.77123
_7583_, 201.04, 182.24, 1.77123
FILLER_0_62_416, 201.04, 182.24, 1.77123
_5430_, 213.84, 182.24, 1.77106
_5698_, 213.84, 182.24, 1.77106
_7531_, 213.84, 182.24, 1.77106
FILLER_0_62_444, 213.84, 182.24, 1.77106
FILLER_0_63_441, 213.84, 182.24, 1.77106
_5904_, 226.64, 182.24, 1.77091
clkbuf_leaf_66_clk, 226.64, 182.24, 1.77091
hold75, 226.64, 182.24, 1.77091
hold93, 226.64, 182.24, 1.77091
FILLER_0_62_473, 226.64, 182.24, 1.77091
FILLER_0_63_493, 226.64, 182.24, 1.77091
_5882_, 239.44, 182.24, 1.77083
_5899_, 239.44, 182.24, 1.77083
_5967_, 239.44, 182.24, 1.77083
_7634_, 239.44, 182.24, 1.77083
hold95, 239.44, 182.24, 1.77083
_5874_, 252.24, 182.24, 1.77077
_5969_, 252.24, 182.24, 1.77077
_5971_, 252.24, 182.24, 1.77077
_6302_, 252.24, 182.24, 1.77077
_7721_, 252.24, 182.24, 1.77077
hold154, 252.24, 182.24, 1.77077
hold225, 252.24, 182.24, 1.77077
hold226, 252.24, 182.24, 1.77077
FILLER_0_62_533, 252.24, 182.24, 1.77077
_6124_, 265.04, 182.24, 1.77081
clkbuf_leaf_62_clk, 265.04, 182.24, 1.77081
FILLER_0_63_557, 265.04, 182.24, 1.77081
FILLER_0_64_569, 265.04, 182.24, 1.77081
_6117_, 277.84, 182.24, 1.77092
_7661_, 277.84, 182.24, 1.77092
_7715_, 277.84, 182.24, 1.77092
_7719_, 277.84, 182.24, 1.77092
FILLER_0_62_581, 277.84, 182.24, 1.77092
FILLER_0_63_601, 277.84, 182.24, 1.77092
_6306_, 290.64, 182.24, 1.77105
_7656_, 290.64, 182.24, 1.77105
hold118, 290.64, 182.24, 1.77105
hold250, 290.64, 182.24, 1.77105
hold251, 290.64, 182.24, 1.77105
FILLER_0_63_625, 290.64, 182.24, 1.77105
FILLER_0_64_625, 290.64, 182.24, 1.77105
_7659_, 303.44, 182.24, 1.77121
hold252, 303.44, 182.24, 1.77121
FILLER_0_63_648, 303.44, 182.24, 1.77121
_6301_, 316.24, 182.24, 1.77139
_6304_, 316.24, 182.24, 1.77139
hold145, 316.24, 182.24, 1.77139
hold186, 316.24, 182.24, 1.77139
FILLER_0_64_689, 316.24, 182.24, 1.77139
PHY_120, 5.52, 176.8, 1.77357
PHY_122, 5.52, 176.8, 1.77357
output54, 5.52, 176.8, 1.77357
fanout69, 13.68, 176.8, 1.77358
hold832, 13.68, 176.8, 1.77358
_3663_, 34.64, 176.8, 1.77331
_3678_, 34.64, 176.8, 1.77331
_3744_, 34.64, 176.8, 1.77331
_3746_, 34.64, 176.8, 1.77331
_3749_, 34.64, 176.8, 1.77331
_3752_, 34.64, 176.8, 1.77331
FILLER_0_61_64, 34.64, 176.8, 1.77331
FILLER_0_62_70, 34.64, 176.8, 1.77331
_7123_, 47.44, 176.8, 1.77305
_7323_, 47.44, 176.8, 1.77305
FILLER_0_60_85, 47.44, 176.8, 1.77305
_4135_, 60.24, 176.8, 1.77281
_7326_, 60.24, 176.8, 1.77281
hold237, 60.24, 176.8, 1.77281
hold569, 60.24, 176.8, 1.77281
FILLER_0_60_110, 60.24, 176.8, 1.77281
FILLER_0_61_113, 60.24, 176.8, 1.77281
FILLER_0_62_126, 60.24, 176.8, 1.77281
_3896_, 73.04, 176.8, 1.7726
_3897_, 73.04, 176.8, 1.7726
_4354_, 73.04, 176.8, 1.7726
_4544_, 73.04, 176.8, 1.7726
_7221_, 73.04, 176.8, 1.7726
hold555, 73.04, 176.8, 1.7726
FILLER_0_60_137, 73.04, 176.8, 1.7726
FILLER_0_60_141, 73.04, 176.8, 1.7726
FILLER_0_61_140, 73.04, 176.8, 1.7726
_4353_, 85.84, 176.8, 1.77244
_4384_, 85.84, 176.8, 1.77244
_7273_, 85.84, 176.8, 1.77244
hold860, 85.84, 176.8, 1.77244
FILLER_0_60_162, 85.84, 176.8, 1.77244
FILLER_0_61_164, 85.84, 176.8, 1.77244
FILLER_0_62_175, 85.84, 176.8, 1.77244
_4283_, 98.64, 176.8, 1.77232
_4380_, 98.64, 176.8, 1.77232
_4383_, 98.64, 176.8, 1.77232
_4385_, 98.64, 176.8, 1.77232
_4393_, 98.64, 176.8, 1.77232
FILLER_0_60_197, 98.64, 176.8, 1.77232
FILLER_0_61_205, 98.64, 176.8, 1.77232
_4378_, 111.44, 176.8, 1.77221
_4379_, 111.44, 176.8, 1.77221
_7274_, 111.44, 176.8, 1.77221
FILLER_0_60_221, 111.44, 176.8, 1.77221
_5040_, 124.24, 176.8, 1.77212
_7278_, 124.24, 176.8, 1.77212
_7429_, 124.24, 176.8, 1.77212
hold762, 124.24, 176.8, 1.77212
FILLER_0_60_246, 124.24, 176.8, 1.77212
_4305_, 137.04, 176.8, 1.77208
_4369_, 137.04, 176.8, 1.77208
_7292_, 137.04, 176.8, 1.77208
hold131, 137.04, 176.8, 1.77208
FILLER_0_61_274, 137.04, 176.8, 1.77208
FILLER_0_61_281, 137.04, 176.8, 1.77208
FILLER_0_61_289, 137.04, 176.8, 1.77208
FILLER_0_61_297, 137.04, 176.8, 1.77208
_4306_, 149.84, 176.8, 1.77205
_7266_, 149.84, 176.8, 1.77205
FILLER_0_60_305, 149.84, 176.8, 1.77205
FILLER_0_60_309, 149.84, 176.8, 1.77205
FILLER_0_61_310, 149.84, 176.8, 1.77205
_4348_, 162.64, 176.8, 1.77205
_4355_, 162.64, 176.8, 1.77205
_7624_, 162.64, 176.8, 1.77205
hold96, 162.64, 176.8, 1.77205
FILLER_0_61_337, 162.64, 176.8, 1.77205
_5413_, 188.24, 176.8, 1.77192
_7528_, 188.24, 176.8, 1.77192
FILLER_0_60_392, 188.24, 176.8, 1.77192
FILLER_0_61_393, 188.24, 176.8, 1.77192
_5420_, 201.04, 176.8, 1.77178
_5421_, 201.04, 176.8, 1.77178
_5451_, 201.04, 176.8, 1.77178
hold87, 201.04, 176.8, 1.77178
FILLER_0_60_421, 201.04, 176.8, 1.77178
_5432_, 213.84, 176.8, 1.77165
_5454_, 213.84, 176.8, 1.77165
_7544_, 213.84, 176.8, 1.77165
hold21, 213.84, 176.8, 1.77165
FILLER_0_61_439, 213.84, 176.8, 1.77165
FILLER_0_61_464, 213.84, 176.8, 1.77165
FILLER_0_62_465, 213.84, 176.8, 1.77165
_5883_, 226.64, 176.8, 1.77154
_7626_, 226.64, 176.8, 1.77154
FILLER_0_60_471, 226.64, 176.8, 1.77154
FILLER_0_60_477, 226.64, 176.8, 1.77154
FILLER_0_61_490, 226.64, 176.8, 1.77154
_5863_, 239.44, 176.8, 1.77144
_5871_, 239.44, 176.8, 1.77144
hold561, 239.44, 176.8, 1.77144
FILLER_0_61_517, 239.44, 176.8, 1.77144
FILLER_0_62_514, 239.44, 176.8, 1.77144
_5870_, 252.24, 176.8, 1.77137
_6107_, 252.24, 176.8, 1.77137
_7635_, 252.24, 176.8, 1.77137
_7636_, 252.24, 176.8, 1.77137
FILLER_0_60_529, 252.24, 176.8, 1.77137
_6298_, 265.04, 176.8, 1.7714
_6309_, 265.04, 176.8, 1.7714
_6310_, 265.04, 176.8, 1.7714
_7708_, 265.04, 176.8, 1.7714
hold155, 265.04, 176.8, 1.7714
FILLER_0_60_553, 265.04, 176.8, 1.7714
FILLER_0_61_554, 265.04, 176.8, 1.7714
FILLER_0_61_568, 265.04, 176.8, 1.7714
_6291_, 277.84, 176.8, 1.77143
_6307_, 277.84, 176.8, 1.77143
hold234, 277.84, 176.8, 1.77143
FILLER_0_60_585, 277.84, 176.8, 1.77143
FILLER_0_60_589, 277.84, 176.8, 1.77143
FILLER_0_61_582, 277.84, 176.8, 1.77143
FILLER_0_61_602, 277.84, 176.8, 1.77143
_7709_, 290.64, 176.8, 1.77147
_7716_, 290.64, 176.8, 1.77147
hold217, 290.64, 176.8, 1.77147
hold218, 290.64, 176.8, 1.77147
FILLER_0_61_612, 290.64, 176.8, 1.77147
FILLER_0_61_633, 290.64, 176.8, 1.77147
_7660_, 303.44, 176.8, 1.77154
clkbuf_leaf_60_clk, 303.44, 176.8, 1.77154
hold164, 303.44, 176.8, 1.77154
FILLER_0_60_640, 303.44, 176.8, 1.77154
FILLER_0_60_645, 303.44, 176.8, 1.77154
FILLER_0_62_653, 303.44, 176.8, 1.77154
_7658_, 316.24, 176.8, 1.77169
_7713_, 316.24, 176.8, 1.77169
FILLER_0_61_666, 316.24, 176.8, 1.77169
_3719_, 5.52, 171.36, 1.774
_7137_, 5.52, 171.36, 1.774
PHY_116, 5.52, 171.36, 1.774
PHY_118, 5.52, 171.36, 1.774
FILLER_0_59_3, 5.52, 171.36, 1.774
_3727_, 13.68, 171.36, 1.77402
hold439, 13.68, 171.36, 1.77402
FILLER_0_60_24, 13.68, 171.36, 1.77402
_3680_, 34.64, 171.36, 1.77371
_7111_, 34.64, 171.36, 1.77371
_7139_, 34.64, 171.36, 1.77371
hold390, 34.64, 171.36, 1.77371
FILLER_0_59_53, 34.64, 171.36, 1.77371
_3688_, 47.44, 171.36, 1.77342
_7321_, 47.44, 171.36, 1.77342
hold286, 47.44, 171.36, 1.77342
hold367, 47.44, 171.36, 1.77342
FILLER_0_58_81, 47.44, 171.36, 1.77342
_3891_, 60.24, 171.36, 1.77315
hold568, 60.24, 171.36, 1.77315
FILLER_0_58_111, 60.24, 171.36, 1.77315
_4130_, 73.04, 171.36, 1.77289
_4131_, 73.04, 171.36, 1.77289
_4338_, 73.04, 171.36, 1.77289
hold553, 73.04, 171.36, 1.77289
hold554, 73.04, 171.36, 1.77289
FILLER_0_58_134, 73.04, 171.36, 1.77289
FILLER_0_59_134, 73.04, 171.36, 1.77289
_4344_, 85.84, 171.36, 1.77267
_4394_, 85.84, 171.36, 1.77267
hold673, 85.84, 171.36, 1.77267
FILLER_0_59_184, 85.84, 171.36, 1.77267
FILLER_0_60_185, 85.84, 171.36, 1.77267
_4387_, 98.64, 171.36, 1.77246
_4388_, 98.64, 171.36, 1.77246
_4392_, 98.64, 171.36, 1.77246
_4396_, 98.64, 171.36, 1.77246
_4397_, 98.64, 171.36, 1.77246
FILLER_0_58_197, 98.64, 171.36, 1.77246
_4356_, 111.44, 171.36, 1.77229
_4360_, 111.44, 171.36, 1.77229
_7276_, 111.44, 171.36, 1.77229
hold528, 111.44, 171.36, 1.77229
hold729, 111.44, 171.36, 1.77229
FILLER_0_58_222, 111.44, 171.36, 1.77229
FILLER_0_59_225, 111.44, 171.36, 1.77229
_4300_, 124.24, 171.36, 1.77216
_4301_, 124.24, 171.36, 1.77216
_4302_, 124.24, 171.36, 1.77216
_4364_, 124.24, 171.36, 1.77216
_4421_, 124.24, 171.36, 1.77216
_4432_, 124.24, 171.36, 1.77216
load_slew11, 124.24, 171.36, 1.77216
FILLER_0_59_246, 124.24, 171.36, 1.77216
FILLER_0_59_254, 124.24, 171.36, 1.77216
FILLER_0_59_260, 124.24, 171.36, 1.77216
FILLER_0_59_266, 124.24, 171.36, 1.77216
_4431_, 137.04, 171.36, 1.77208
_4433_, 137.04, 171.36, 1.77208
_4434_, 137.04, 171.36, 1.77208
_4442_, 137.04, 171.36, 1.77208
_4444_, 137.04, 171.36, 1.77208
hold481, 137.04, 171.36, 1.77208
FILLER_0_58_281, 137.04, 171.36, 1.77208
_5029_, 149.84, 171.36, 1.77203
_7268_, 149.84, 171.36, 1.77203
_7424_, 149.84, 171.36, 1.77203
hold781, 149.84, 171.36, 1.77203
hold854, 149.84, 171.36, 1.77203
_5031_, 162.64, 171.36, 1.77203
_7509_, 162.64, 171.36, 1.77203
clkbuf_0_clk, 162.64, 171.36, 1.77203
hold774, 162.64, 171.36, 1.77203
FILLER_0_58_335, 162.64, 171.36, 1.77203
FILLER_0_59_328, 162.64, 171.36, 1.77203
FILLER_0_59_344, 162.64, 171.36, 1.77203
_5419_, 188.24, 171.36, 1.77209
_7526_, 188.24, 171.36, 1.77209
hold112, 188.24, 171.36, 1.77209
hold836, 188.24, 171.36, 1.77209
FILLER_0_60_405, 188.24, 171.36, 1.77209
_5521_, 201.04, 171.36, 1.77197
_7541_, 201.04, 171.36, 1.77197
_7581_, 201.04, 171.36, 1.77197
hold8, 201.04, 171.36, 1.77197
hold126, 201.04, 171.36, 1.77197
FILLER_0_59_433, 201.04, 171.36, 1.77197
_5433_, 213.84, 171.36, 1.77188
hold127, 213.84, 171.36, 1.77188
hold133, 213.84, 171.36, 1.77188
FILLER_0_59_444, 213.84, 171.36, 1.77188
_5453_, 226.64, 171.36, 1.77179
_5525_, 226.64, 171.36, 1.77179
_6095_, 226.64, 171.36, 1.77179
_7652_, 226.64, 171.36, 1.77179
hold57, 226.64, 171.36, 1.77179
FILLER_0_58_470, 226.64, 171.36, 1.77179
FILLER_0_59_487, 226.64, 171.36, 1.77179
_5875_, 239.44, 171.36, 1.77173
_6096_, 239.44, 171.36, 1.77173
_6097_, 239.44, 171.36, 1.77173
_7650_, 239.44, 171.36, 1.77173
hold132, 239.44, 171.36, 1.77173
FILLER_0_58_497, 239.44, 171.36, 1.77173
FILLER_0_58_507, 239.44, 171.36, 1.77173
FILLER_0_59_501, 239.44, 171.36, 1.77173
FILLER_0_59_512, 239.44, 171.36, 1.77173
_5866_, 252.24, 171.36, 1.77172
_5970_, 252.24, 171.36, 1.77172
_7649_, 252.24, 171.36, 1.77172
FILLER_0_58_533, 252.24, 171.36, 1.77172
_6296_, 265.04, 171.36, 1.77173
_6297_, 265.04, 171.36, 1.77173
_7718_, 265.04, 171.36, 1.77173
hold235, 265.04, 171.36, 1.77173
hold828, 265.04, 171.36, 1.77173
FILLER_0_58_561, 265.04, 171.36, 1.77173
FILLER_0_59_570, 265.04, 171.36, 1.77173
_7705_, 277.84, 171.36, 1.77176
hold470, 277.84, 171.36, 1.77176
hold574, 277.84, 171.36, 1.77176
FILLER_0_58_589, 277.84, 171.36, 1.77176
_6287_, 290.64, 171.36, 1.7718
_6288_, 290.64, 171.36, 1.7718
_6299_, 290.64, 171.36, 1.7718
hold575, 290.64, 171.36, 1.7718
FILLER_0_59_617, 290.64, 171.36, 1.7718
_6113_, 303.44, 171.36, 1.77185
_6300_, 303.44, 171.36, 1.77185
_7710_, 303.44, 171.36, 1.77185
_7714_, 303.44, 171.36, 1.77185
hold253, 303.44, 171.36, 1.77185
FILLER_0_59_636, 303.44, 171.36, 1.77185
FILLER_0_59_652, 303.44, 171.36, 1.77185
FILLER_0_60_658, 303.44, 171.36, 1.77185
_5830_, 316.24, 171.36, 1.77197
_7712_, 316.24, 171.36, 1.77197
hold165, 316.24, 171.36, 1.77197
hold270, 316.24, 171.36, 1.77197
FILLER_0_58_668, 316.24, 171.36, 1.77197
FILLER_0_59_673, 316.24, 171.36, 1.77197
_4291_, 5.52, 165.92, 1.77451
_7249_, 5.52, 165.92, 1.77451
PHY_112, 5.52, 165.92, 1.77451
PHY_114, 5.52, 165.92, 1.77451
FILLER_0_57_3, 5.52, 165.92, 1.77451
_4290_, 13.68, 165.92, 1.77452
hold768, 13.68, 165.92, 1.77452
FILLER_0_58_23, 13.68, 165.92, 1.77452
_3667_, 34.64, 165.92, 1.77425
_7119_, 34.64, 165.92, 1.77425
hold287, 34.64, 165.92, 1.77425
FILLER_0_57_53, 34.64, 165.92, 1.77425
FILLER_0_57_66, 34.64, 165.92, 1.77425
FILLER_0_58_68, 34.64, 165.92, 1.77425
_4539_, 47.44, 165.92, 1.77397
_4540_, 47.44, 165.92, 1.77397
_7322_, 47.44, 165.92, 1.77397
hold291, 47.44, 165.92, 1.77397
hold368, 47.44, 165.92, 1.77397
FILLER_0_56_81, 47.44, 165.92, 1.77397
FILLER_0_56_85, 47.44, 165.92, 1.77397
FILLER_0_57_96, 47.44, 165.92, 1.77397
FILLER_0_58_100, 47.44, 165.92, 1.77397
_3892_, 60.24, 165.92, 1.7737
_4134_, 60.24, 165.92, 1.7737
_7156_, 60.24, 165.92, 1.7737
_7264_, 60.24, 165.92, 1.7737
FILLER_0_57_109, 60.24, 165.92, 1.7737
_4337_, 73.04, 165.92, 1.77347
_4341_, 73.04, 165.92, 1.77347
_7262_, 73.04, 165.92, 1.77347
_7265_, 73.04, 165.92, 1.77347
hold816, 73.04, 165.92, 1.77347
FILLER_0_58_156, 73.04, 165.92, 1.77347
_4343_, 85.84, 165.92, 1.77328
_4395_, 85.84, 165.92, 1.77328
FILLER_0_57_165, 85.84, 165.92, 1.77328
FILLER_0_58_180, 85.84, 165.92, 1.77328
_4390_, 98.64, 165.92, 1.77311
_4391_, 98.64, 165.92, 1.77311
_4403_, 98.64, 165.92, 1.77311
hold764, 98.64, 165.92, 1.77311
FILLER_0_56_192, 98.64, 165.92, 1.77311
FILLER_0_57_203, 98.64, 165.92, 1.77311
_4389_, 111.44, 165.92, 1.77296
_4402_, 111.44, 165.92, 1.77296
hold105, 111.44, 165.92, 1.77296
FILLER_0_56_229, 111.44, 165.92, 1.77296
FILLER_0_57_230, 111.44, 165.92, 1.77296
_4296_, 124.24, 165.92, 1.77282
_4422_, 124.24, 165.92, 1.77282
_4423_, 124.24, 165.92, 1.77282
_4424_, 124.24, 165.92, 1.77282
_4435_, 124.24, 165.92, 1.77282
hold36, 124.24, 165.92, 1.77282
FILLER_0_56_245, 124.24, 165.92, 1.77282
_4436_, 137.04, 165.92, 1.77273
_4443_, 137.04, 165.92, 1.77273
_4445_, 137.04, 165.92, 1.77273
_4453_, 137.04, 165.92, 1.77273
FILLER_0_56_278, 137.04, 165.92, 1.77273
FILLER_0_57_284, 137.04, 165.92, 1.77273
FILLER_0_57_292, 137.04, 165.92, 1.77273
FILLER_0_58_292, 137.04, 165.92, 1.77273
_4346_, 149.84, 165.92, 1.77267
_4359_, 149.84, 165.92, 1.77267
_4452_, 149.84, 165.92, 1.77267
_5035_, 149.84, 165.92, 1.77267
_7293_, 149.84, 165.92, 1.77267
_7425_, 162.64, 165.92, 1.77265
_7427_, 162.64, 165.92, 1.77265
hold805, 162.64, 165.92, 1.77265
FILLER_0_57_333, 162.64, 165.92, 1.77265
FILLER_0_58_347, 162.64, 165.92, 1.77265
_5449_, 188.24, 165.92, 1.77248
_7514_, 188.24, 165.92, 1.77248
clkbuf_leaf_68_clk, 188.24, 165.92, 1.77248
hold84, 188.24, 165.92, 1.77248
FILLER_0_57_389, 188.24, 165.92, 1.77248
_5408_, 201.04, 165.92, 1.77237
_5523_, 201.04, 165.92, 1.77237
_5695_, 201.04, 165.92, 1.77237
_7516_, 201.04, 165.92, 1.77237
_7540_, 201.04, 165.92, 1.77237
hold7, 201.04, 165.92, 1.77237
FILLER_0_57_429, 201.04, 165.92, 1.77237
_5426_, 213.84, 165.92, 1.77229
_5427_, 213.84, 165.92, 1.77229
_5429_, 213.84, 165.92, 1.77229
_5526_, 213.84, 165.92, 1.77229
FILLER_0_58_457, 213.84, 165.92, 1.77229
_7530_, 226.64, 165.92, 1.77221
_7543_, 226.64, 165.92, 1.77221
hold35, 226.64, 165.92, 1.77221
FILLER_0_56_467, 226.64, 165.92, 1.77221
FILLER_0_58_485, 226.64, 165.92, 1.77221
_6085_, 239.44, 165.92, 1.77216
_6087_, 239.44, 165.92, 1.77216
_6088_, 239.44, 165.92, 1.77216
_6089_, 239.44, 165.92, 1.77216
_6094_, 239.44, 165.92, 1.77216
hold34, 239.44, 165.92, 1.77216
hold111, 239.44, 165.92, 1.77216
FILLER_0_57_505, 239.44, 165.92, 1.77216
FILLER_0_57_517, 239.44, 165.92, 1.77216
FILLER_0_58_515, 239.44, 165.92, 1.77216
_6073_, 252.24, 165.92, 1.77214
_6075_, 252.24, 165.92, 1.77214
_6083_, 252.24, 165.92, 1.77214
_6084_, 252.24, 165.92, 1.77214
_6093_, 252.24, 165.92, 1.77214
hold40, 252.24, 165.92, 1.77214
FILLER_0_56_524, 252.24, 165.92, 1.77214
FILLER_0_57_540, 252.24, 165.92, 1.77214
FILLER_0_58_550, 252.24, 165.92, 1.77214
_6070_, 265.04, 165.92, 1.77213
_7707_, 265.04, 165.92, 1.77213
FILLER_0_56_557, 265.04, 165.92, 1.77213
FILLER_0_58_571, 265.04, 165.92, 1.77213
_6292_, 277.84, 165.92, 1.77213
_6435_, 277.84, 165.92, 1.77213
_6436_, 277.84, 165.92, 1.77213
_7734_, 277.84, 165.92, 1.77213
FILLER_0_56_585, 277.84, 165.92, 1.77213
FILLER_0_57_581, 277.84, 165.92, 1.77213
_7702_, 290.64, 165.92, 1.77217
_7703_, 290.64, 165.92, 1.77217
_7704_, 290.64, 165.92, 1.77217
FILLER_0_57_611, 290.64, 165.92, 1.77217
_6286_, 303.44, 165.92, 1.77223
_6305_, 303.44, 165.92, 1.77223
FILLER_0_57_651, 303.44, 165.92, 1.77223
FILLER_0_57_661, 303.44, 165.92, 1.77223
_5025_, 316.24, 165.92, 1.7723
_5831_, 316.24, 165.92, 1.7723
hold271, 316.24, 165.92, 1.7723
hold695, 316.24, 165.92, 1.7723
FILLER_0_57_668, 316.24, 165.92, 1.7723
FILLER_0_57_673, 316.24, 165.92, 1.7723
_7124_, 5.52, 160.48, 1.77496
PHY_108, 5.52, 160.48, 1.77496
PHY_110, 5.52, 160.48, 1.77496
FILLER_0_56_3, 5.52, 160.48, 1.77496
_3692_, 13.68, 160.48, 1.77497
hold45, 13.68, 160.48, 1.77497
_3668_, 34.64, 160.48, 1.77465
_3676_, 34.64, 160.48, 1.77465
_7117_, 34.64, 160.48, 1.77465
hold275, 34.64, 160.48, 1.77465
hold276, 34.64, 160.48, 1.77465
FILLER_0_55_53, 34.64, 160.48, 1.77465
_7126_, 47.44, 160.48, 1.77434
hold211, 47.44, 160.48, 1.77434
hold212, 47.44, 160.48, 1.77434
FILLER_0_55_78, 47.44, 160.48, 1.77434
_3696_, 60.24, 160.48, 1.77404
_4342_, 60.24, 160.48, 1.77404
hold323, 60.24, 160.48, 1.77404
hold567, 60.24, 160.48, 1.77404
FILLER_0_55_125, 60.24, 160.48, 1.77404
_4133_, 73.04, 160.48, 1.77376
_4339_, 73.04, 160.48, 1.77376
_7222_, 73.04, 160.48, 1.77376
_7263_, 73.04, 160.48, 1.77376
hold804, 73.04, 160.48, 1.77376
FILLER_0_55_137, 73.04, 160.48, 1.77376
FILLER_0_55_145, 73.04, 160.48, 1.77376
_3888_, 85.84, 160.48, 1.77354
_7155_, 85.84, 160.48, 1.77354
_7288_, 85.84, 160.48, 1.77354
FILLER_0_54_161, 85.84, 160.48, 1.77354
FILLER_0_55_165, 85.84, 160.48, 1.77354
FILLER_0_55_169, 85.84, 160.48, 1.77354
_4288_, 98.64, 160.48, 1.77336
_4289_, 98.64, 160.48, 1.77336
_4293_, 98.64, 160.48, 1.77336
_4398_, 98.64, 160.48, 1.77336
_4399_, 98.64, 160.48, 1.77336
FILLER_0_55_197, 98.64, 160.48, 1.77336
FILLER_0_55_205, 98.64, 160.48, 1.77336
_4287_, 111.44, 160.48, 1.77323
_4297_, 111.44, 160.48, 1.77323
_4400_, 111.44, 160.48, 1.77323
_4411_, 111.44, 160.48, 1.77323
_4412_, 111.44, 160.48, 1.77323
hold91, 111.44, 160.48, 1.77323
_4410_, 124.24, 160.48, 1.77315
_4415_, 124.24, 160.48, 1.77315
_4425_, 124.24, 160.48, 1.77315
_4426_, 124.24, 160.48, 1.77315
FILLER_0_54_253, 124.24, 160.48, 1.77315
_4446_, 137.04, 160.48, 1.77308
_4450_, 137.04, 160.48, 1.77308
_4451_, 137.04, 160.48, 1.77308
_4454_, 137.04, 160.48, 1.77308
_4458_, 137.04, 160.48, 1.77308
FILLER_0_54_277, 137.04, 160.48, 1.77308
FILLER_0_55_273, 137.04, 160.48, 1.77308
FILLER_0_55_281, 137.04, 160.48, 1.77308
FILLER_0_56_292, 137.04, 160.48, 1.77308
_4467_, 149.84, 160.48, 1.77304
_7294_, 149.84, 160.48, 1.77304
FILLER_0_54_305, 149.84, 160.48, 1.77304
FILLER_0_55_300, 149.84, 160.48, 1.77304
FILLER_0_56_321, 149.84, 160.48, 1.77304
_5681_, 162.64, 160.48, 1.77302
_7506_, 162.64, 160.48, 1.77302
hold792, 162.64, 160.48, 1.77302
FILLER_0_55_337, 162.64, 160.48, 1.77302
FILLER_0_55_353, 162.64, 160.48, 1.77302
FILLER_0_56_348, 162.64, 160.48, 1.77302
_5412_, 188.24, 160.48, 1.77291
_5418_, 188.24, 160.48, 1.77291
_5520_, 188.24, 160.48, 1.77291
hold117, 188.24, 160.48, 1.77291
FILLER_0_54_390, 188.24, 160.48, 1.77291
_5416_, 201.04, 160.48, 1.77279
_5522_, 201.04, 160.48, 1.77279
hold41, 201.04, 160.48, 1.77279
hold62, 201.04, 160.48, 1.77279
FILLER_0_54_416, 201.04, 160.48, 1.77279
FILLER_0_55_417, 201.04, 160.48, 1.77279
FILLER_0_55_438, 201.04, 160.48, 1.77279
_5424_, 213.84, 160.48, 1.77268
_5428_, 213.84, 160.48, 1.77268
_5452_, 213.84, 160.48, 1.77268
FILLER_0_55_449, 213.84, 160.48, 1.77268
FILLER_0_56_453, 213.84, 160.48, 1.77268
_5524_, 226.64, 160.48, 1.77257
_6086_, 226.64, 160.48, 1.77257
_7542_, 226.64, 160.48, 1.77257
hold31, 226.64, 160.48, 1.77257
hold66, 226.64, 160.48, 1.77257
FILLER_0_55_486, 226.64, 160.48, 1.77257
_6031_, 239.44, 160.48, 1.77248
_6090_, 239.44, 160.48, 1.77248
_6091_, 239.44, 160.48, 1.77248
_6092_, 239.44, 160.48, 1.77248
hold116, 239.44, 160.48, 1.77248
hold584, 239.44, 160.48, 1.77248
FILLER_0_54_504, 239.44, 160.48, 1.77248
FILLER_0_55_500, 239.44, 160.48, 1.77248
_6069_, 252.24, 160.48, 1.77243
_6072_, 252.24, 160.48, 1.77243
_6074_, 252.24, 160.48, 1.77243
_6076_, 252.24, 160.48, 1.77243
_6077_, 252.24, 160.48, 1.77243
_6078_, 252.24, 160.48, 1.77243
_6079_, 252.24, 160.48, 1.77243
_6080_, 252.24, 160.48, 1.77243
_6081_, 252.24, 160.48, 1.77243
_6082_, 252.24, 160.48, 1.77243
FILLER_0_54_528, 252.24, 160.48, 1.77243
_6071_, 265.04, 160.48, 1.77241
_6294_, 265.04, 160.48, 1.77241
_6295_, 265.04, 160.48, 1.77241
_6434_, 265.04, 160.48, 1.77241
FILLER_0_54_551, 265.04, 160.48, 1.77241
FILLER_0_56_565, 265.04, 160.48, 1.77241
_6289_, 277.84, 160.48, 1.77241
FILLER_0_54_585, 277.84, 160.48, 1.77241
FILLER_0_55_597, 277.84, 160.48, 1.77241
_6285_, 290.64, 160.48, 1.77242
_6290_, 290.64, 160.48, 1.77242
_7731_, 290.64, 160.48, 1.77242
FILLER_0_54_608, 290.64, 160.48, 1.77242
FILLER_0_55_613, 290.64, 160.48, 1.77242
_7729_, 303.44, 160.48, 1.77244
clkbuf_leaf_74_clk, 303.44, 160.48, 1.77244
FILLER_0_54_637, 303.44, 160.48, 1.77244
FILLER_0_54_645, 303.44, 160.48, 1.77244
FILLER_0_55_641, 303.44, 160.48, 1.77244
FILLER_0_56_657, 303.44, 160.48, 1.77244
_6384_, 316.24, 160.48, 1.77254
_6385_, 316.24, 160.48, 1.77254
_7600_, 316.24, 160.48, 1.77254
_7728_, 316.24, 160.48, 1.77254
FILLER_0_55_668, 316.24, 160.48, 1.77254
_7116_, 5.52, 155.04, 1.7755
PHY_104, 5.52, 155.04, 1.7755
PHY_106, 5.52, 155.04, 1.7755
output45, 5.52, 155.04, 1.7755
_3674_, 13.68, 155.04, 1.77551
_3694_, 13.68, 155.04, 1.77551
FILLER_0_54_23, 13.68, 155.04, 1.77551
_7320_, 34.64, 155.04, 1.77516
hold115, 34.64, 155.04, 1.77516
hold298, 34.64, 155.04, 1.77516
FILLER_0_53_52, 34.64, 155.04, 1.77516
_4538_, 47.44, 155.04, 1.77481
_4666_, 47.44, 155.04, 1.77481
_4714_, 47.44, 155.04, 1.77481
hold297, 47.44, 155.04, 1.77481
hold300, 47.44, 155.04, 1.77481
hold745, 47.44, 155.04, 1.77481
FILLER_0_54_93, 47.44, 155.04, 1.77481
_4667_, 60.24, 155.04, 1.77447
_7339_, 60.24, 155.04, 1.77447
FILLER_0_53_107, 60.24, 155.04, 1.77447
FILLER_0_54_131, 60.24, 155.04, 1.77447
_4340_, 73.04, 155.04, 1.77416
_4530_, 73.04, 155.04, 1.77416
clkbuf_leaf_6_clk, 73.04, 155.04, 1.77416
FILLER_0_53_141, 73.04, 155.04, 1.77416
_3887_, 85.84, 155.04, 1.77391
_4126_, 85.84, 155.04, 1.77391
_7219_, 85.84, 155.04, 1.77391
_4292_, 98.64, 155.04, 1.7737
_4407_, 98.64, 155.04, 1.7737
_4408_, 98.64, 155.04, 1.7737
_4414_, 98.64, 155.04, 1.7737
_7289_, 98.64, 155.04, 1.7737
hold756, 98.64, 155.04, 1.7737
hold798, 98.64, 155.04, 1.7737
FILLER_0_53_204, 98.64, 155.04, 1.7737
FILLER_0_53_216, 98.64, 155.04, 1.7737
FILLER_0_54_210, 98.64, 155.04, 1.7737
_4401_, 111.44, 155.04, 1.77354
_4409_, 111.44, 155.04, 1.77354
_4413_, 111.44, 155.04, 1.77354
_4437_, 111.44, 155.04, 1.77354
clkbuf_leaf_10_clk, 111.44, 155.04, 1.77354
_4416_, 124.24, 155.04, 1.77346
_4427_, 124.24, 155.04, 1.77346
_4439_, 124.24, 155.04, 1.77346
_4440_, 124.24, 155.04, 1.77346
_4441_, 124.24, 155.04, 1.77346
FILLER_0_52_248, 124.24, 155.04, 1.77346
FILLER_0_53_245, 124.24, 155.04, 1.77346
FILLER_0_53_266, 124.24, 155.04, 1.77346
_4455_, 137.04, 155.04, 1.7734
_4456_, 137.04, 155.04, 1.7734
_4457_, 137.04, 155.04, 1.7734
_4465_, 137.04, 155.04, 1.7734
FILLER_0_52_284, 137.04, 155.04, 1.7734
FILLER_0_53_288, 137.04, 155.04, 1.7734
FILLER_0_54_287, 137.04, 155.04, 1.7734
_4459_, 149.84, 155.04, 1.77334
_4461_, 149.84, 155.04, 1.77334
_4464_, 149.84, 155.04, 1.77334
_4466_, 149.84, 155.04, 1.77334
clkbuf_leaf_11_clk, 149.84, 155.04, 1.77334
FILLER_0_53_323, 149.84, 155.04, 1.77334
_5383_, 162.64, 155.04, 1.77334
_5384_, 162.64, 155.04, 1.77334
_5860_, 162.64, 155.04, 1.77334
_5861_, 162.64, 155.04, 1.77334
FILLER_0_53_331, 162.64, 155.04, 1.77334
_5417_, 188.24, 155.04, 1.77318
_7527_, 188.24, 155.04, 1.77318
hold753, 188.24, 155.04, 1.77318
FILLER_0_54_400, 188.24, 155.04, 1.77318
_5450_, 201.04, 155.04, 1.77303
_5636_, 201.04, 155.04, 1.77303
_5644_, 201.04, 155.04, 1.77303
_5645_, 201.04, 155.04, 1.77303
_5646_, 201.04, 155.04, 1.77303
_7557_, 201.04, 155.04, 1.77303
FILLER_0_53_420, 201.04, 155.04, 1.77303
_5425_, 213.84, 155.04, 1.77292
_7529_, 213.84, 155.04, 1.77292
hold653, 213.84, 155.04, 1.77292
FILLER_0_52_446, 213.84, 155.04, 1.77292
FILLER_0_53_442, 213.84, 155.04, 1.77292
FILLER_0_53_449, 213.84, 155.04, 1.77292
FILLER_0_54_464, 213.84, 155.04, 1.77292
_7620_, 226.64, 155.04, 1.77283
_7651_, 226.64, 155.04, 1.77283
FILLER_0_53_474, 226.64, 155.04, 1.77283
_5879_, 239.44, 155.04, 1.77278
hold30, 239.44, 155.04, 1.77278
hold90, 239.44, 155.04, 1.77278
FILLER_0_52_506, 239.44, 155.04, 1.77278
FILLER_0_54_512, 239.44, 155.04, 1.77278
_6060_, 252.24, 155.04, 1.77274
_6061_, 252.24, 155.04, 1.77274
_6063_, 252.24, 155.04, 1.77274
_6064_, 252.24, 155.04, 1.77274
hold853, 252.24, 155.04, 1.77274
FILLER_0_54_539, 252.24, 155.04, 1.77274
_6062_, 265.04, 155.04, 1.77272
_6293_, 265.04, 155.04, 1.77272
_7706_, 265.04, 155.04, 1.77272
hold809, 265.04, 155.04, 1.77272
FILLER_0_52_556, 265.04, 155.04, 1.77272
FILLER_0_53_554, 265.04, 155.04, 1.77272
FILLER_0_54_577, 265.04, 155.04, 1.77272
_6420_, 277.84, 155.04, 1.77272
_6426_, 277.84, 155.04, 1.77272
_6427_, 277.84, 155.04, 1.77272
_6428_, 277.84, 155.04, 1.77272
_6429_, 277.84, 155.04, 1.77272
_6432_, 277.84, 155.04, 1.77272
_6433_, 277.84, 155.04, 1.77272
_6409_, 290.64, 155.04, 1.77276
_6419_, 290.64, 155.04, 1.77276
hold838, 290.64, 155.04, 1.77276
FILLER_0_52_615, 290.64, 155.04, 1.77276
FILLER_0_53_629, 290.64, 155.04, 1.77276
_6393_, 303.44, 155.04, 1.77281
_6394_, 303.44, 155.04, 1.77281
_6395_, 303.44, 155.04, 1.77281
hold732, 303.44, 155.04, 1.77281
FILLER_0_52_638, 303.44, 155.04, 1.77281
FILLER_0_52_645, 303.44, 155.04, 1.77281
FILLER_0_53_652, 303.44, 155.04, 1.77281
_6375_, 316.24, 155.04, 1.77288
_6379_, 316.24, 155.04, 1.77288
_6380_, 316.24, 155.04, 1.77288
_6381_, 316.24, 155.04, 1.77288
_6386_, 316.24, 155.04, 1.77288
_6387_, 316.24, 155.04, 1.77288
FILLER_0_53_666, 316.24, 155.04, 1.77288
FILLER_0_53_687, 316.24, 155.04, 1.77288
PHY_100, 5.52, 149.6, 1.77601
PHY_102, 5.52, 149.6, 1.77601
FILLER_0_51_3, 5.52, 149.6, 1.77601
FILLER_0_52_3, 5.52, 149.6, 1.77601
_3670_, 13.68, 149.6, 1.77601
_7125_, 13.68, 149.6, 1.77601
hold81, 13.68, 149.6, 1.77601
_4517_, 34.64, 149.6, 1.77557
_4518_, 34.64, 149.6, 1.77557
_7307_, 34.64, 149.6, 1.77557
hold88, 34.64, 149.6, 1.77557
FILLER_0_51_53, 34.64, 149.6, 1.77557
FILLER_0_52_65, 34.64, 149.6, 1.77557
_7361_, 47.44, 149.6, 1.77513
clkbuf_leaf_5_clk, 47.44, 149.6, 1.77513
FILLER_0_50_81, 47.44, 149.6, 1.77513
FILLER_0_52_93, 47.44, 149.6, 1.77513
_4658_, 60.24, 149.6, 1.77476
_4659_, 60.24, 149.6, 1.77476
_4660_, 60.24, 149.6, 1.77476
_4663_, 60.24, 149.6, 1.77476
_4669_, 60.24, 149.6, 1.77476
hold546, 60.24, 149.6, 1.77476
FILLER_0_50_109, 60.24, 149.6, 1.77476
FILLER_0_52_128, 60.24, 149.6, 1.77476
_4132_, 73.04, 149.6, 1.77442
_4528_, 73.04, 149.6, 1.77442
_4531_, 73.04, 149.6, 1.77442
_7313_, 73.04, 149.6, 1.77442
FILLER_0_51_136, 73.04, 149.6, 1.77442
FILLER_0_52_150, 73.04, 149.6, 1.77442
_4122_, 85.84, 149.6, 1.7741
_4503_, 85.84, 149.6, 1.7741
hold19, 85.84, 149.6, 1.7741
FILLER_0_50_166, 85.84, 149.6, 1.7741
FILLER_0_51_169, 85.84, 149.6, 1.7741
_3863_, 98.64, 149.6, 1.7739
_3950_, 98.64, 149.6, 1.7739
FILLER_0_51_215, 98.64, 149.6, 1.7739
_4404_, 111.44, 149.6, 1.77373
_4405_, 111.44, 149.6, 1.77373
_4406_, 111.44, 149.6, 1.77373
_4419_, 111.44, 149.6, 1.77373
_4420_, 111.44, 149.6, 1.77373
_7290_, 111.44, 149.6, 1.77373
hold824, 111.44, 149.6, 1.77373
FILLER_0_50_225, 111.44, 149.6, 1.77373
FILLER_0_51_228, 111.44, 149.6, 1.77373
FILLER_0_52_234, 111.44, 149.6, 1.77373
_4417_, 124.24, 149.6, 1.77361
_4418_, 124.24, 149.6, 1.77361
_4428_, 124.24, 149.6, 1.77361
_4429_, 124.24, 149.6, 1.77361
_4430_, 124.24, 149.6, 1.77361
_4438_, 124.24, 149.6, 1.77361
FILLER_0_50_249, 124.24, 149.6, 1.77361
FILLER_0_50_253, 124.24, 149.6, 1.77361
FILLER_0_51_255, 124.24, 149.6, 1.77361
FILLER_0_51_269, 124.24, 149.6, 1.77361
_3764_, 137.04, 149.6, 1.77352
_4447_, 137.04, 149.6, 1.77352
_4448_, 137.04, 149.6, 1.77352
_4449_, 137.04, 149.6, 1.77352
_4463_, 137.04, 149.6, 1.77352
FILLER_0_50_274, 137.04, 149.6, 1.77352
FILLER_0_51_277, 137.04, 149.6, 1.77352
FILLER_0_51_281, 137.04, 149.6, 1.77352
FILLER_0_51_290, 137.04, 149.6, 1.77352
_4460_, 149.84, 149.6, 1.77347
_4462_, 149.84, 149.6, 1.77347
_4471_, 149.84, 149.6, 1.77347
_4472_, 149.84, 149.6, 1.77347
_4473_, 149.84, 149.6, 1.77347
_4475_, 149.84, 149.6, 1.77347
_4476_, 149.84, 149.6, 1.77347
_7607_, 149.84, 149.6, 1.77347
hold599, 149.84, 149.6, 1.77347
FILLER_0_51_325, 149.84, 149.6, 1.77347
_5407_, 162.64, 149.6, 1.77347
_7551_, 162.64, 149.6, 1.77347
clkbuf_leaf_94_clk, 162.64, 149.6, 1.77347
FILLER_0_51_333, 162.64, 149.6, 1.77347
FILLER_0_52_355, 162.64, 149.6, 1.77347
_5235_, 188.24, 149.6, 1.77327
_7554_, 188.24, 149.6, 1.77327
FILLER_0_51_393, 188.24, 149.6, 1.77327
_5637_, 201.04, 149.6, 1.77301
_5638_, 201.04, 149.6, 1.77301
_5639_, 201.04, 149.6, 1.77301
_5642_, 201.04, 149.6, 1.77301
FILLER_0_50_421, 201.04, 149.6, 1.77301
_5641_, 213.84, 149.6, 1.77278
_7556_, 213.84, 149.6, 1.77278
hold731, 213.84, 149.6, 1.77278
FILLER_0_52_466, 213.84, 149.6, 1.77278
_5455_, 226.64, 149.6, 1.77257
_5888_, 226.64, 149.6, 1.77257
clkbuf_leaf_69_clk, 226.64, 149.6, 1.77257
hold788, 226.64, 149.6, 1.77257
_5859_, 239.44, 149.6, 1.77255
_5867_, 239.44, 149.6, 1.77255
_6054_, 239.44, 149.6, 1.77255
_7647_, 239.44, 149.6, 1.77255
FILLER_0_51_501, 239.44, 149.6, 1.77255
_6048_, 252.24, 149.6, 1.77256
_6049_, 252.24, 149.6, 1.77256
_6050_, 252.24, 149.6, 1.77256
_6051_, 252.24, 149.6, 1.77256
_6052_, 252.24, 149.6, 1.77256
_6053_, 252.24, 149.6, 1.77256
_6067_, 252.24, 149.6, 1.77256
FILLER_0_51_529, 252.24, 149.6, 1.77256
_6068_, 265.04, 149.6, 1.77259
_7648_, 265.04, 149.6, 1.77259
_6418_, 277.84, 149.6, 1.77266
_6421_, 277.84, 149.6, 1.77266
_6425_, 277.84, 149.6, 1.77266
FILLER_0_50_589, 277.84, 149.6, 1.77266
FILLER_0_51_594, 277.84, 149.6, 1.77266
FILLER_0_52_594, 277.84, 149.6, 1.77266
_6412_, 290.64, 149.6, 1.77274
_6413_, 290.64, 149.6, 1.77274
_6415_, 290.64, 149.6, 1.77274
_6416_, 290.64, 149.6, 1.77274
_6417_, 290.64, 149.6, 1.77274
_6422_, 290.64, 149.6, 1.77274
hold849, 290.64, 149.6, 1.77274
FILLER_0_51_609, 290.64, 149.6, 1.77274
FILLER_0_52_629, 290.64, 149.6, 1.77274
_6388_, 303.44, 149.6, 1.77286
_6389_, 303.44, 149.6, 1.77286
_6392_, 303.44, 149.6, 1.77286
_6399_, 303.44, 149.6, 1.77286
_6404_, 303.44, 149.6, 1.77286
_6405_, 303.44, 149.6, 1.77286
_6414_, 303.44, 149.6, 1.77286
FILLER_0_50_645, 303.44, 149.6, 1.77286
FILLER_0_51_654, 303.44, 149.6, 1.77286
_6374_, 316.24, 149.6, 1.77301
_6376_, 316.24, 149.6, 1.77301
_6391_, 316.24, 149.6, 1.77301
_7602_, 316.24, 149.6, 1.77301
FILLER_0_51_668, 316.24, 149.6, 1.77301
FILLER_0_51_673, 316.24, 149.6, 1.77301
FILLER_0_51_686, 316.24, 149.6, 1.77301
_7114_, 5.52, 144.16, 1.77657
PHY_96, 5.52, 144.16, 1.77657
PHY_98, 5.52, 144.16, 1.77657
_4537_, 13.68, 144.16, 1.77658
_7317_, 13.68, 144.16, 1.77658
FILLER_0_48_15, 13.68, 144.16, 1.77658
FILLER_0_50_23, 13.68, 144.16, 1.77658
_4534_, 34.64, 144.16, 1.77615
_7314_, 34.64, 144.16, 1.77615
hold89, 34.64, 144.16, 1.77615
FILLER_0_50_73, 34.64, 144.16, 1.77615
_4654_, 47.44, 144.16, 1.77574
_4656_, 47.44, 144.16, 1.77574
_4665_, 47.44, 144.16, 1.77574
FILLER_0_49_90, 47.44, 144.16, 1.77574
_4661_, 60.24, 144.16, 1.77533
_7338_, 60.24, 144.16, 1.77533
hold591, 60.24, 144.16, 1.77533
FILLER_0_49_122, 60.24, 144.16, 1.77533
_4514_, 73.04, 144.16, 1.77496
_4529_, 73.04, 144.16, 1.77496
_4711_, 73.04, 144.16, 1.77496
_4721_, 73.04, 144.16, 1.77496
FILLER_0_48_141, 73.04, 144.16, 1.77496
FILLER_0_49_148, 73.04, 144.16, 1.77496
_3882_, 85.84, 144.16, 1.77475
_7367_, 85.84, 144.16, 1.77475
hold20, 85.84, 144.16, 1.77475
FILLER_0_49_163, 85.84, 144.16, 1.77475
FILLER_0_50_177, 85.84, 144.16, 1.77475
_3867_, 98.64, 144.16, 1.77457
_4125_, 98.64, 144.16, 1.77457
_7260_, 98.64, 144.16, 1.77457
FILLER_0_48_193, 98.64, 144.16, 1.77457
FILLER_0_49_189, 98.64, 144.16, 1.77457
hold843, 111.44, 144.16, 1.77442
FILLER_0_49_225, 111.44, 144.16, 1.77442
FILLER_0_49_240, 111.44, 144.16, 1.77442
_3921_, 124.24, 144.16, 1.77428
_7291_, 124.24, 144.16, 1.77428
hold668, 124.24, 144.16, 1.77428
FILLER_0_48_256, 124.24, 144.16, 1.77428
FILLER_0_49_271, 124.24, 144.16, 1.77428
_4377_, 137.04, 144.16, 1.77417
_4474_, 137.04, 144.16, 1.77417
_7295_, 137.04, 144.16, 1.77417
_4468_, 149.84, 144.16, 1.7741
_4469_, 149.84, 144.16, 1.7741
_4470_, 149.84, 144.16, 1.7741
_5447_, 149.84, 144.16, 1.7741
FILLER_0_48_301, 149.84, 144.16, 1.7741
FILLER_0_49_302, 149.84, 144.16, 1.7741
FILLER_0_49_320, 149.84, 144.16, 1.7741
_5406_, 162.64, 144.16, 1.77404
_7511_, 162.64, 144.16, 1.77404
FILLER_0_49_330, 162.64, 144.16, 1.77404
_5626_, 188.24, 144.16, 1.77371
clkbuf_leaf_93_clk, 188.24, 144.16, 1.77371
hold607, 188.24, 144.16, 1.77371
hold733, 188.24, 144.16, 1.77371
FILLER_0_50_408, 188.24, 144.16, 1.77371
_5619_, 201.04, 144.16, 1.77347
_5622_, 201.04, 144.16, 1.77347
_5628_, 201.04, 144.16, 1.77347
_5635_, 201.04, 144.16, 1.77347
_5640_, 201.04, 144.16, 1.77347
_5643_, 201.04, 144.16, 1.77347
hold786, 201.04, 144.16, 1.77347
FILLER_0_48_415, 201.04, 144.16, 1.77347
FILLER_0_49_426, 201.04, 144.16, 1.77347
_5633_, 213.84, 144.16, 1.77327
_5683_, 213.84, 144.16, 1.77327
_5889_, 213.84, 144.16, 1.77327
_7615_, 213.84, 144.16, 1.77327
hold604, 213.84, 144.16, 1.77327
FILLER_0_49_443, 213.84, 144.16, 1.77327
FILLER_0_49_449, 213.84, 144.16, 1.77327
FILLER_0_50_455, 213.84, 144.16, 1.77327
_5898_, 226.64, 144.16, 1.77312
_7646_, 226.64, 144.16, 1.77312
clkbuf_leaf_70_clk, 226.64, 144.16, 1.77312
FILLER_0_48_467, 226.64, 144.16, 1.77312
FILLER_0_48_477, 226.64, 144.16, 1.77312
_6032_, 239.44, 144.16, 1.77304
_6033_, 239.44, 144.16, 1.77304
_6042_, 239.44, 144.16, 1.77304
_6044_, 239.44, 144.16, 1.77304
hold469, 239.44, 144.16, 1.77304
_6055_, 252.24, 144.16, 1.77299
_6058_, 252.24, 144.16, 1.77299
_6059_, 252.24, 144.16, 1.77299
_6065_, 252.24, 144.16, 1.77299
_6066_, 252.24, 144.16, 1.77299
FILLER_0_48_527, 252.24, 144.16, 1.77299
FILLER_0_49_530, 252.24, 144.16, 1.77299
_6431_, 265.04, 144.16, 1.77295
_7733_, 265.04, 144.16, 1.77295
_7783_, 265.04, 144.16, 1.77295
_6430_, 277.84, 144.16, 1.77295
_7732_, 277.84, 144.16, 1.77295
clkbuf_leaf_73_clk, 277.84, 144.16, 1.77295
hold677, 277.84, 144.16, 1.77295
FILLER_0_48_584, 277.84, 144.16, 1.77295
FILLER_0_49_591, 277.84, 144.16, 1.77295
_6410_, 290.64, 144.16, 1.77305
_6411_, 290.64, 144.16, 1.77305
_6423_, 290.64, 144.16, 1.77305
_6424_, 290.64, 144.16, 1.77305
FILLER_0_48_617, 290.64, 144.16, 1.77305
FILLER_0_49_617, 290.64, 144.16, 1.77305
_6390_, 303.44, 144.16, 1.77317
_6401_, 303.44, 144.16, 1.77317
_6402_, 303.44, 144.16, 1.77317
_6403_, 303.44, 144.16, 1.77317
_6407_, 303.44, 144.16, 1.77317
hold819, 303.44, 144.16, 1.77317
_6370_, 316.24, 144.16, 1.77332
_6372_, 316.24, 144.16, 1.77332
_6373_, 316.24, 144.16, 1.77332
_7727_, 316.24, 144.16, 1.77332
FILLER_0_48_665, 316.24, 144.16, 1.77332
FILLER_0_50_679, 316.24, 144.16, 1.77332
FILLER_0_50_687, 316.24, 144.16, 1.77332
_4295_, 5.52, 138.72, 1.77713
PHY_92, 5.52, 138.72, 1.77713
PHY_94, 5.52, 138.72, 1.77713
FILLER_0_47_3, 5.52, 138.72, 1.77713
_7319_, 13.68, 138.72, 1.77713
hold82, 13.68, 138.72, 1.77713
FILLER_0_47_9, 13.68, 138.72, 1.77713
_4532_, 34.64, 138.72, 1.77667
_7336_, 34.64, 138.72, 1.77667
_7337_, 34.64, 138.72, 1.77667
FILLER_0_46_54, 34.64, 138.72, 1.77667
FILLER_0_47_69, 34.64, 138.72, 1.77667
FILLER_0_48_75, 34.64, 138.72, 1.77667
_4653_, 47.44, 138.72, 1.77622
_4655_, 47.44, 138.72, 1.77622
_4662_, 47.44, 138.72, 1.77622
hold708, 47.44, 138.72, 1.77622
hold814, 47.44, 138.72, 1.77622
FILLER_0_46_81, 47.44, 138.72, 1.77622
_4526_, 60.24, 138.72, 1.77581
_4650_, 60.24, 138.72, 1.77581
_4651_, 60.24, 138.72, 1.77581
_4652_, 60.24, 138.72, 1.77581
_4664_, 60.24, 138.72, 1.77581
FILLER_0_47_109, 60.24, 138.72, 1.77581
FILLER_0_47_130, 60.24, 138.72, 1.77581
FILLER_0_48_122, 60.24, 138.72, 1.77581
FILLER_0_48_130, 60.24, 138.72, 1.77581
_7154_, 73.04, 138.72, 1.77541
_7312_, 73.04, 138.72, 1.77541
hold318, 73.04, 138.72, 1.77541
hold845, 73.04, 138.72, 1.77541
FILLER_0_46_135, 73.04, 138.72, 1.77541
FILLER_0_47_154, 73.04, 138.72, 1.77541
_3658_, 85.84, 138.72, 1.77505
_3883_, 85.84, 138.72, 1.77505
_3932_, 85.84, 138.72, 1.77505
_7178_, 85.84, 138.72, 1.77505
hold241, 85.84, 138.72, 1.77505
FILLER_0_47_172, 85.84, 138.72, 1.77505
FILLER_0_48_176, 85.84, 138.72, 1.77505
_3949_, 98.64, 138.72, 1.7748
_4334_, 98.64, 138.72, 1.7748
clkbuf_leaf_9_clk, 98.64, 138.72, 1.7748
ANTENNA_9, 98.64, 138.72, 1.7748
ANTENNA_10, 98.64, 138.72, 1.7748
FILLER_0_46_197, 98.64, 138.72, 1.7748
_3917_, 111.44, 138.72, 1.77463
_4333_, 111.44, 138.72, 1.77463
_7162_, 111.44, 138.72, 1.77463
_7163_, 111.44, 138.72, 1.77463
hold865, 111.44, 138.72, 1.77463
FILLER_0_47_218, 111.44, 138.72, 1.77463
FILLER_0_47_228, 111.44, 138.72, 1.77463
_3925_, 124.24, 138.72, 1.77449
_7164_, 124.24, 138.72, 1.77449
hold864, 124.24, 138.72, 1.77449
FILLER_0_46_253, 124.24, 138.72, 1.77449
FILLER_0_48_270, 124.24, 138.72, 1.77449
_4486_, 137.04, 138.72, 1.77436
_4492_, 137.04, 138.72, 1.77436
FILLER_0_46_283, 137.04, 138.72, 1.77436
FILLER_0_47_293, 137.04, 138.72, 1.77436
FILLER_0_48_290, 137.04, 138.72, 1.77436
_4477_, 149.84, 138.72, 1.77425
_4478_, 149.84, 138.72, 1.77425
_4479_, 149.84, 138.72, 1.77425
_4480_, 149.84, 138.72, 1.77425
_4481_, 149.84, 138.72, 1.77425
_4483_, 149.84, 138.72, 1.77425
_5239_, 149.84, 138.72, 1.77425
_7524_, 149.84, 138.72, 1.77425
FILLER_0_46_304, 149.84, 138.72, 1.77425
FILLER_0_46_313, 149.84, 138.72, 1.77425
FILLER_0_47_318, 149.84, 138.72, 1.77425
_5405_, 162.64, 138.72, 1.77418
_5446_, 162.64, 138.72, 1.77418
_5585_, 162.64, 138.72, 1.77418
_5586_, 162.64, 138.72, 1.77418
hold829, 162.64, 138.72, 1.77418
FILLER_0_47_337, 162.64, 138.72, 1.77418
_5598_, 188.24, 138.72, 1.77355
_5599_, 188.24, 138.72, 1.77355
_5600_, 188.24, 138.72, 1.77355
_5620_, 188.24, 138.72, 1.77355
_5623_, 188.24, 138.72, 1.77355
_5624_, 188.24, 138.72, 1.77355
_5625_, 188.24, 138.72, 1.77355
_5627_, 188.24, 138.72, 1.77355
FILLER_0_47_396, 188.24, 138.72, 1.77355
_3747_, 201.04, 138.72, 1.77299
_3748_, 201.04, 138.72, 1.77299
_5611_, 201.04, 138.72, 1.77299
_5613_, 201.04, 138.72, 1.77299
_5621_, 201.04, 138.72, 1.77299
_5629_, 201.04, 138.72, 1.77299
_5631_, 201.04, 138.72, 1.77299
_5634_, 201.04, 138.72, 1.77299
FILLER_0_47_415, 201.04, 138.72, 1.77299
_5630_, 213.84, 138.72, 1.77257
_5632_, 213.84, 138.72, 1.77257
_7619_, 213.84, 138.72, 1.77257
_3651_, 226.64, 138.72, 1.77217
_3652_, 226.64, 138.72, 1.77217
_3656_, 226.64, 138.72, 1.77217
_3657_, 226.64, 138.72, 1.77217
_3926_, 226.64, 138.72, 1.77217
_4677_, 226.64, 138.72, 1.77217
_4680_, 226.64, 138.72, 1.77217
FILLER_0_46_470, 226.64, 138.72, 1.77217
_5855_, 239.44, 138.72, 1.77227
_6036_, 239.44, 138.72, 1.77227
_6043_, 239.44, 138.72, 1.77227
_6046_, 239.44, 138.72, 1.77227
_6047_, 239.44, 138.72, 1.77227
FILLER_0_47_498, 239.44, 138.72, 1.77227
FILLER_0_47_505, 239.44, 138.72, 1.77227
FILLER_0_47_514, 239.44, 138.72, 1.77227
_6057_, 252.24, 138.72, 1.7724
_6102_, 252.24, 138.72, 1.7724
FILLER_0_46_525, 252.24, 138.72, 1.7724
FILLER_0_46_533, 252.24, 138.72, 1.7724
FILLER_0_48_539, 252.24, 138.72, 1.7724
FILLER_0_48_549, 252.24, 138.72, 1.7724
_6622_, 265.04, 138.72, 1.77256
_7780_, 265.04, 138.72, 1.77256
hold201, 265.04, 138.72, 1.77256
FILLER_0_46_561, 265.04, 138.72, 1.77256
FILLER_0_47_554, 265.04, 138.72, 1.77256
FILLER_0_47_561, 265.04, 138.72, 1.77256
_6614_, 277.84, 138.72, 1.77274
_6616_, 277.84, 138.72, 1.77274
hold354, 277.84, 138.72, 1.77274
hold432, 277.84, 138.72, 1.77274
FILLER_0_47_595, 277.84, 138.72, 1.77274
_6408_, 290.64, 138.72, 1.77295
_7730_, 290.64, 138.72, 1.77295
FILLER_0_47_609, 290.64, 138.72, 1.77295
_6283_, 303.44, 138.72, 1.77319
_6396_, 303.44, 138.72, 1.77319
_6397_, 303.44, 138.72, 1.77319
_6398_, 303.44, 138.72, 1.77319
_6400_, 303.44, 138.72, 1.77319
_6406_, 303.44, 138.72, 1.77319
FILLER_0_46_641, 303.44, 138.72, 1.77319
FILLER_0_47_642, 303.44, 138.72, 1.77319
_6368_, 316.24, 138.72, 1.77344
_6369_, 316.24, 138.72, 1.77344
_6371_, 316.24, 138.72, 1.77344
_6382_, 316.24, 138.72, 1.77344
_6383_, 316.24, 138.72, 1.77344
FILLER_0_46_673, 316.24, 138.72, 1.77344
_4294_, 5.52, 133.28, 1.77785
_7250_, 5.52, 133.28, 1.77785
PHY_88, 5.52, 133.28, 1.77785
PHY_90, 5.52, 133.28, 1.77785
FILLER_0_45_3, 5.52, 133.28, 1.77785
_7318_, 13.68, 133.28, 1.77786
hold741, 13.68, 133.28, 1.77786
FILLER_0_44_9, 13.68, 133.28, 1.77786
FILLER_0_46_23, 13.68, 133.28, 1.77786
_4647_, 34.64, 133.28, 1.77749
hold709, 34.64, 133.28, 1.77749
hold761, 34.64, 133.28, 1.77749
FILLER_0_45_65, 34.64, 133.28, 1.77749
_4641_, 47.44, 133.28, 1.77709
_4642_, 47.44, 133.28, 1.77709
_4644_, 47.44, 133.28, 1.77709
_4645_, 47.44, 133.28, 1.77709
_4646_, 47.44, 133.28, 1.77709
_4649_, 47.44, 133.28, 1.77709
_4657_, 47.44, 133.28, 1.77709
FILLER_0_45_80, 47.44, 133.28, 1.77709
FILLER_0_45_105, 47.44, 133.28, 1.77709
FILLER_0_46_93, 47.44, 133.28, 1.77709
_4523_, 60.24, 133.28, 1.77673
_4524_, 60.24, 133.28, 1.77673
_4527_, 60.24, 133.28, 1.77673
_7311_, 60.24, 133.28, 1.77673
hold319, 60.24, 133.28, 1.77673
FILLER_0_45_122, 60.24, 133.28, 1.77673
_4719_, 73.04, 133.28, 1.77639
_7366_, 73.04, 133.28, 1.77639
hold383, 73.04, 133.28, 1.77639
FILLER_0_46_149, 73.04, 133.28, 1.77639
_3695_, 85.84, 133.28, 1.77605
_3933_, 85.84, 133.28, 1.77605
_7167_, 85.84, 133.28, 1.77605
hold779, 85.84, 133.28, 1.77605
ANTENNA_5, 85.84, 133.28, 1.77605
FILLER_0_46_188, 85.84, 133.28, 1.77605
_3872_, 98.64, 133.28, 1.77575
_3873_, 98.64, 133.28, 1.77575
_7152_, 98.64, 133.28, 1.77575
hold274, 98.64, 133.28, 1.77575
hold752, 98.64, 133.28, 1.77575
ANTENNA_6, 98.64, 133.28, 1.77575
FILLER_0_45_211, 98.64, 133.28, 1.77575
_3916_, 111.44, 133.28, 1.77549
_3920_, 111.44, 133.28, 1.77549
hold863, 111.44, 133.28, 1.77549
FILLER_0_45_225, 111.44, 133.28, 1.77549
FILLER_0_46_237, 111.44, 133.28, 1.77549
_3922_, 124.24, 133.28, 1.77523
_3924_, 124.24, 133.28, 1.77523
_3946_, 124.24, 133.28, 1.77523
_3947_, 124.24, 133.28, 1.77523
hold60, 124.24, 133.28, 1.77523
FILLER_0_46_268, 124.24, 133.28, 1.77523
_4078_, 137.04, 133.28, 1.775
_4482_, 137.04, 133.28, 1.775
_4485_, 137.04, 133.28, 1.775
_4488_, 137.04, 133.28, 1.775
_4493_, 137.04, 133.28, 1.775
hold53, 137.04, 133.28, 1.775
_4322_, 149.84, 133.28, 1.77484
_4484_, 149.84, 133.28, 1.77484
_7296_, 149.84, 133.28, 1.77484
_5404_, 162.64, 133.28, 1.77472
_5584_, 162.64, 133.28, 1.77472
_5589_, 162.64, 133.28, 1.77472
_5590_, 162.64, 133.28, 1.77472
FILLER_0_45_331, 162.64, 133.28, 1.77472
_5612_, 188.24, 133.28, 1.774
_5614_, 188.24, 133.28, 1.774
_5615_, 188.24, 133.28, 1.774
_5616_, 188.24, 133.28, 1.774
_5617_, 188.24, 133.28, 1.774
FILLER_0_44_387, 188.24, 133.28, 1.774
FILLER_0_46_408, 188.24, 133.28, 1.774
_5821_, 201.04, 133.28, 1.7734
_7555_, 201.04, 133.28, 1.7734
_7791_, 201.04, 133.28, 1.7734
FILLER_0_45_416, 201.04, 133.28, 1.7734
FILLER_0_45_438, 201.04, 133.28, 1.7734
_3870_, 213.84, 133.28, 1.7729
_5382_, 213.84, 133.28, 1.7729
_5896_, 213.84, 133.28, 1.7729
_5897_, 213.84, 133.28, 1.7729
max_cap62, 213.84, 133.28, 1.7729
FILLER_0_44_444, 213.84, 133.28, 1.7729
FILLER_0_45_449, 213.84, 133.28, 1.7729
FILLER_0_46_455, 213.84, 133.28, 1.7729
_3660_, 226.64, 133.28, 1.77264
_4676_, 226.64, 133.28, 1.77264
_5038_, 226.64, 133.28, 1.77264
_5043_, 226.64, 133.28, 1.77264
_4675_, 239.44, 133.28, 1.77269
_5853_, 239.44, 133.28, 1.77269
_5854_, 239.44, 133.28, 1.77269
_6024_, 239.44, 133.28, 1.77269
_6035_, 239.44, 133.28, 1.77269
FILLER_0_45_508, 239.44, 133.28, 1.77269
_6027_, 252.24, 133.28, 1.77278
_6028_, 252.24, 133.28, 1.77278
_6034_, 252.24, 133.28, 1.77278
_6038_, 252.24, 133.28, 1.77278
_6040_, 252.24, 133.28, 1.77278
_6041_, 252.24, 133.28, 1.77278
_6056_, 252.24, 133.28, 1.77278
FILLER_0_45_533, 252.24, 133.28, 1.77278
_5964_, 265.04, 133.28, 1.7729
_5965_, 265.04, 133.28, 1.7729
_7632_, 265.04, 133.28, 1.7729
FILLER_0_45_554, 265.04, 133.28, 1.7729
FILLER_0_46_573, 265.04, 133.28, 1.7729
_6612_, 277.84, 133.28, 1.77305
_6620_, 277.84, 133.28, 1.77305
_7778_, 277.84, 133.28, 1.77305
_7779_, 277.84, 133.28, 1.77305
hold198, 277.84, 133.28, 1.77305
FILLER_0_46_597, 277.84, 133.28, 1.77305
_6284_, 290.64, 133.28, 1.77325
_6618_, 290.64, 133.28, 1.77325
_7701_, 290.64, 133.28, 1.77325
hold340, 290.64, 133.28, 1.77325
hold344, 290.64, 133.28, 1.77325
FILLER_0_45_617, 290.64, 133.28, 1.77325
FILLER_0_46_633, 290.64, 133.28, 1.77325
_6361_, 303.44, 133.28, 1.77349
_6362_, 303.44, 133.28, 1.77349
FILLER_0_44_636, 303.44, 133.28, 1.77349
FILLER_0_45_648, 303.44, 133.28, 1.77349
FILLER_0_45_661, 303.44, 133.28, 1.77349
FILLER_0_46_656, 303.44, 133.28, 1.77349
_6353_, 316.24, 133.28, 1.77375
_6363_, 316.24, 133.28, 1.77375
_6364_, 316.24, 133.28, 1.77375
_6367_, 316.24, 133.28, 1.77375
_6377_, 316.24, 133.28, 1.77375
_6378_, 316.24, 133.28, 1.77375
FILLER_0_45_669, 316.24, 133.28, 1.77375
FILLER_0_45_673, 316.24, 133.28, 1.77375
PHY_84, 5.52, 127.84, 1.77851
PHY_86, 5.52, 127.84, 1.77851
output55, 5.52, 127.84, 1.77851
FILLER_0_43_3, 5.52, 127.84, 1.77851
_4536_, 13.68, 127.84, 1.77852
_4597_, 13.68, 127.84, 1.77852
_4609_, 13.68, 127.84, 1.77852
_4613_, 13.68, 127.84, 1.77852
FILLER_0_44_25, 13.68, 127.84, 1.77852
_4619_, 34.64, 127.84, 1.77814
_4622_, 34.64, 127.84, 1.77814
_4623_, 34.64, 127.84, 1.77814
_4626_, 34.64, 127.84, 1.77814
_7334_, 34.64, 127.84, 1.77814
FILLER_0_42_57, 34.64, 127.84, 1.77814
FILLER_0_44_75, 34.64, 127.84, 1.77814
_4521_, 47.44, 127.84, 1.77777
_4633_, 47.44, 127.84, 1.77777
_4634_, 47.44, 127.84, 1.77777
_4635_, 47.44, 127.84, 1.77777
_4643_, 47.44, 127.84, 1.77777
_4648_, 47.44, 127.84, 1.77777
FILLER_0_43_90, 47.44, 127.84, 1.77777
_7309_, 60.24, 127.84, 1.77741
_7310_, 60.24, 127.84, 1.77741
hold216, 60.24, 127.84, 1.77741
hold377, 60.24, 127.84, 1.77741
FILLER_0_43_109, 60.24, 127.84, 1.77741
FILLER_0_43_113, 60.24, 127.84, 1.77741
_4720_, 73.04, 127.84, 1.77707
_7365_, 73.04, 127.84, 1.77707
hold215, 73.04, 127.84, 1.77707
hold240, 73.04, 127.84, 1.77707
hold358, 73.04, 127.84, 1.77707
hold359, 73.04, 127.84, 1.77707
FILLER_0_42_141, 73.04, 127.84, 1.77707
_4705_, 85.84, 127.84, 1.77674
_7354_, 85.84, 127.84, 1.77674
FILLER_0_42_173, 85.84, 127.84, 1.77674
FILLER_0_43_169, 85.84, 127.84, 1.77674
FILLER_0_44_184, 85.84, 127.84, 1.77674
_3969_, 98.64, 127.84, 1.77642
_7190_, 98.64, 127.84, 1.77642
_7227_, 98.64, 127.84, 1.77642
hold375, 98.64, 127.84, 1.77642
_3909_, 111.44, 127.84, 1.77612
_3923_, 111.44, 127.84, 1.77612
_4140_, 111.44, 127.84, 1.77612
_7176_, 111.44, 127.84, 1.77612
hold187, 111.44, 127.84, 1.77612
FILLER_0_42_224, 111.44, 127.84, 1.77612
FILLER_0_43_233, 111.44, 127.84, 1.77612
FILLER_0_44_240, 111.44, 127.84, 1.77612
_4141_, 124.24, 127.84, 1.77583
_7177_, 124.24, 127.84, 1.77583
hold65, 124.24, 127.84, 1.77583
FILLER_0_43_270, 124.24, 127.84, 1.77583
_4195_, 137.04, 127.84, 1.77557
_4487_, 137.04, 127.84, 1.77557
_4491_, 137.04, 127.84, 1.77557
_4495_, 137.04, 127.84, 1.77557
hold182, 137.04, 127.84, 1.77557
FILLER_0_42_281, 137.04, 127.84, 1.77557
FILLER_0_43_293, 137.04, 127.84, 1.77557
_4489_, 149.84, 127.84, 1.77537
_4490_, 149.84, 127.84, 1.77537
_4919_, 149.84, 127.84, 1.77537
hold690, 149.84, 127.84, 1.77537
FILLER_0_42_302, 149.84, 127.84, 1.77537
FILLER_0_44_317, 149.84, 127.84, 1.77537
_5403_, 162.64, 127.84, 1.77525
_5583_, 162.64, 127.84, 1.77525
hold813, 162.64, 127.84, 1.77525
FILLER_0_43_331, 162.64, 127.84, 1.77525
FILLER_0_43_345, 162.64, 127.84, 1.77525
_5618_, 188.24, 127.84, 1.77465
_7553_, 188.24, 127.84, 1.77465
hold532, 188.24, 127.84, 1.77465
load_slew9, 188.24, 127.84, 1.77465
FILLER_0_43_387, 188.24, 127.84, 1.77465
FILLER_0_43_393, 188.24, 127.84, 1.77465
_5545_, 201.04, 127.84, 1.77419
_5783_, 201.04, 127.84, 1.77419
hold770, 201.04, 127.84, 1.77419
FILLER_0_43_414, 201.04, 127.84, 1.77419
_3871_, 213.84, 127.84, 1.77382
_5387_, 213.84, 127.84, 1.77382
_5388_, 213.84, 127.84, 1.77382
_7507_, 213.84, 127.84, 1.77382
hold476, 213.84, 127.84, 1.77382
_3655_, 226.64, 127.84, 1.77372
_3659_, 226.64, 127.84, 1.77372
_3864_, 226.64, 127.84, 1.77372
_3874_, 226.64, 127.84, 1.77372
_7645_, 226.64, 127.84, 1.77372
hold790, 226.64, 127.84, 1.77372
_4678_, 239.44, 127.84, 1.77367
_6023_, 239.44, 127.84, 1.77367
_6030_, 239.44, 127.84, 1.77367
clkbuf_leaf_71_clk, 239.44, 127.84, 1.77367
FILLER_0_42_504, 239.44, 127.84, 1.77367
FILLER_0_43_500, 239.44, 127.84, 1.77367
_6015_, 252.24, 127.84, 1.7737
_6016_, 252.24, 127.84, 1.7737
_6017_, 252.24, 127.84, 1.7737
_6019_, 252.24, 127.84, 1.7737
_6022_, 252.24, 127.84, 1.7737
_6029_, 252.24, 127.84, 1.7737
_6039_, 252.24, 127.84, 1.7737
hold610, 252.24, 127.84, 1.7737
FILLER_0_42_523, 252.24, 127.84, 1.7737
_5924_, 265.04, 127.84, 1.77376
_6026_, 265.04, 127.84, 1.77376
hold717, 265.04, 127.84, 1.77376
FILLER_0_42_563, 265.04, 127.84, 1.77376
FILLER_0_43_556, 265.04, 127.84, 1.77376
FILLER_0_43_578, 265.04, 127.84, 1.77376
_5518_, 277.84, 127.84, 1.77384
_7782_, 277.84, 127.84, 1.77384
hold257, 277.84, 127.84, 1.77384
hold559, 277.84, 127.84, 1.77384
FILLER_0_43_590, 277.84, 127.84, 1.77384
_7726_, 290.64, 127.84, 1.77396
FILLER_0_43_617, 290.64, 127.84, 1.77396
FILLER_0_43_625, 290.64, 127.84, 1.77396
_6281_, 303.44, 127.84, 1.77409
_6352_, 303.44, 127.84, 1.77409
_6360_, 303.44, 127.84, 1.77409
hold454, 303.44, 127.84, 1.77409
FILLER_0_42_645, 303.44, 127.84, 1.77409
_6339_, 316.24, 127.84, 1.77423
_6349_, 316.24, 127.84, 1.77423
_6354_, 316.24, 127.84, 1.77423
_6356_, 316.24, 127.84, 1.77423
_6357_, 316.24, 127.84, 1.77423
_6358_, 316.24, 127.84, 1.77423
FILLER_0_42_674, 316.24, 127.84, 1.77423
FILLER_0_43_684, 316.24, 127.84, 1.77423
_4598_, 5.52, 122.4, 1.77925
_4599_, 5.52, 122.4, 1.77925
PHY_80, 5.52, 122.4, 1.77925
PHY_82, 5.52, 122.4, 1.77925
FILLER_0_42_3, 5.52, 122.4, 1.77925
_4596_, 13.68, 122.4, 1.77926
_4610_, 13.68, 122.4, 1.77926
_4620_, 34.64, 122.4, 1.77887
_4621_, 34.64, 122.4, 1.77887
_4637_, 34.64, 122.4, 1.77887
_4638_, 34.64, 122.4, 1.77887
FILLER_0_41_57, 34.64, 122.4, 1.77887
_4519_, 47.44, 122.4, 1.77848
_4636_, 47.44, 122.4, 1.77848
FILLER_0_41_105, 47.44, 122.4, 1.77848
FILLER_0_42_105, 47.44, 122.4, 1.77848
_4717_, 60.24, 122.4, 1.7781
hold272, 60.24, 122.4, 1.7781
hold317, 60.24, 122.4, 1.7781
FILLER_0_41_121, 60.24, 122.4, 1.7781
FILLER_0_42_129, 60.24, 122.4, 1.7781
_4716_, 73.04, 122.4, 1.77771
_4718_, 73.04, 122.4, 1.77771
_7364_, 73.04, 122.4, 1.77771
clkbuf_leaf_7_clk, 73.04, 122.4, 1.77771
FILLER_0_40_141, 73.04, 122.4, 1.77771
FILLER_0_41_140, 73.04, 122.4, 1.77771
_4702_, 85.84, 122.4, 1.7774
_4704_, 85.84, 122.4, 1.7774
_4706_, 85.84, 122.4, 1.7774
_7353_, 85.84, 122.4, 1.7774
hold376, 85.84, 122.4, 1.7774
FILLER_0_41_164, 85.84, 122.4, 1.7774
FILLER_0_41_169, 85.84, 122.4, 1.7774
_3918_, 98.64, 122.4, 1.77709
_7189_, 98.64, 122.4, 1.77709
hold15, 98.64, 122.4, 1.77709
hold16, 98.64, 122.4, 1.77709
hold188, 98.64, 122.4, 1.77709
FILLER_0_40_189, 98.64, 122.4, 1.77709
FILLER_0_41_192, 98.64, 122.4, 1.77709
_3908_, 111.44, 122.4, 1.7768
_3945_, 111.44, 122.4, 1.7768
_7175_, 111.44, 122.4, 1.7768
hold273, 111.44, 122.4, 1.7768
FILLER_0_41_234, 111.44, 122.4, 1.7768
FILLER_0_42_232, 111.44, 122.4, 1.7768
_4494_, 124.24, 122.4, 1.77653
_7161_, 124.24, 122.4, 1.77653
_7228_, 124.24, 122.4, 1.77653
FILLER_0_40_253, 124.24, 122.4, 1.77653
FILLER_0_42_261, 124.24, 122.4, 1.77653
_4329_, 137.04, 122.4, 1.77629
_4496_, 137.04, 122.4, 1.77629
hold181, 137.04, 122.4, 1.77629
hold657, 137.04, 122.4, 1.77629
FILLER_0_40_278, 137.04, 122.4, 1.77629
FILLER_0_41_289, 137.04, 122.4, 1.77629
FILLER_0_42_294, 137.04, 122.4, 1.77629
_4326_, 149.84, 122.4, 1.77607
_4330_, 149.84, 122.4, 1.77607
_7297_, 149.84, 122.4, 1.77607
_7550_, 149.84, 122.4, 1.77607
FILLER_0_42_321, 149.84, 122.4, 1.77607
_5575_, 162.64, 122.4, 1.7759
_5576_, 162.64, 122.4, 1.7759
_5578_, 162.64, 122.4, 1.7759
_5579_, 162.64, 122.4, 1.7759
_5581_, 162.64, 122.4, 1.7759
_5587_, 162.64, 122.4, 1.7759
_5588_, 162.64, 122.4, 1.7759
FILLER_0_41_349, 162.64, 122.4, 1.7759
FILLER_0_42_345, 162.64, 122.4, 1.7759
_5390_, 188.24, 122.4, 1.77544
_7547_, 188.24, 122.4, 1.77544
FILLER_0_40_390, 188.24, 122.4, 1.77544
FILLER_0_40_397, 188.24, 122.4, 1.77544
FILLER_0_41_393, 188.24, 122.4, 1.77544
_5380_, 201.04, 122.4, 1.77516
_5381_, 201.04, 122.4, 1.77516
_5529_, 201.04, 122.4, 1.77516
_7545_, 201.04, 122.4, 1.77516
FILLER_0_41_421, 201.04, 122.4, 1.77516
FILLER_0_42_437, 201.04, 122.4, 1.77516
_5231_, 213.84, 122.4, 1.77491
_5528_, 213.84, 122.4, 1.77491
_7520_, 213.84, 122.4, 1.77491
_4679_, 226.64, 122.4, 1.77469
_5439_, 226.64, 122.4, 1.77469
_7641_, 226.64, 122.4, 1.77469
FILLER_0_40_472, 226.64, 122.4, 1.77469
FILLER_0_40_477, 226.64, 122.4, 1.77469
FILLER_0_41_474, 226.64, 122.4, 1.77469
_5837_, 239.44, 122.4, 1.77456
_5846_, 239.44, 122.4, 1.77456
_5849_, 239.44, 122.4, 1.77456
_5982_, 239.44, 122.4, 1.77456
_5983_, 239.44, 122.4, 1.77456
_6021_, 239.44, 122.4, 1.77456
hold592, 239.44, 122.4, 1.77456
FILLER_0_41_497, 239.44, 122.4, 1.77456
FILLER_0_41_521, 239.44, 122.4, 1.77456
_6013_, 252.24, 122.4, 1.77449
_6018_, 252.24, 122.4, 1.77449
_6020_, 252.24, 122.4, 1.77449
_7644_, 252.24, 122.4, 1.77449
hold797, 252.24, 122.4, 1.77449
FILLER_0_40_529, 252.24, 122.4, 1.77449
FILLER_0_42_542, 252.24, 122.4, 1.77449
_5957_, 265.04, 122.4, 1.77448
_6010_, 265.04, 122.4, 1.77448
_6012_, 265.04, 122.4, 1.77448
_6025_, 265.04, 122.4, 1.77448
_7631_, 265.04, 122.4, 1.77448
FILLER_0_41_556, 265.04, 122.4, 1.77448
_5940_, 277.84, 122.4, 1.77451
_5948_, 277.84, 122.4, 1.77451
_5956_, 277.84, 122.4, 1.77451
_7781_, 277.84, 122.4, 1.77451
FILLER_0_40_583, 277.84, 122.4, 1.77451
_6314_, 290.64, 122.4, 1.77456
_6315_, 290.64, 122.4, 1.77456
_6318_, 290.64, 122.4, 1.77456
hold468, 290.64, 122.4, 1.77456
FILLER_0_41_606, 290.64, 122.4, 1.77456
FILLER_0_41_621, 290.64, 122.4, 1.77456
_6321_, 303.44, 122.4, 1.77464
_6330_, 303.44, 122.4, 1.77464
_6350_, 303.44, 122.4, 1.77464
_6351_, 303.44, 122.4, 1.77464
_6338_, 316.24, 122.4, 1.77473
_6348_, 316.24, 122.4, 1.77473
_6355_, 316.24, 122.4, 1.77473
FILLER_0_41_668, 316.24, 122.4, 1.77473
FILLER_0_42_682, 316.24, 122.4, 1.77473
PHY_76, 5.52, 116.96, 1.77994
PHY_78, 5.52, 116.96, 1.77994
FILLER_0_39_3, 5.52, 116.96, 1.77994
_4595_, 13.68, 116.96, 1.77994
_4600_, 13.68, 116.96, 1.77994
_4601_, 13.68, 116.96, 1.77994
_4630_, 13.68, 116.96, 1.77994
FILLER_0_39_19, 13.68, 116.96, 1.77994
_4515_, 34.64, 116.96, 1.77952
_4639_, 34.64, 116.96, 1.77952
_4640_, 34.64, 116.96, 1.77952
_7332_, 34.64, 116.96, 1.77952
_7335_, 34.64, 116.96, 1.77952
_4520_, 47.44, 116.96, 1.77913
_7308_, 47.44, 116.96, 1.77913
FILLER_0_38_78, 47.44, 116.96, 1.77913
FILLER_0_38_85, 47.44, 116.96, 1.77913
FILLER_0_39_105, 47.44, 116.96, 1.77913
_4522_, 60.24, 116.96, 1.77874
_7363_, 60.24, 116.96, 1.77874
hold301, 60.24, 116.96, 1.77874
FILLER_0_39_113, 60.24, 116.96, 1.77874
_4701_, 73.04, 116.96, 1.77837
_4703_, 73.04, 116.96, 1.77837
hold330, 73.04, 116.96, 1.77837
FILLER_0_38_136, 73.04, 116.96, 1.77837
FILLER_0_40_149, 73.04, 116.96, 1.77837
_7188_, 85.84, 116.96, 1.778
_3967_, 98.64, 116.96, 1.77765
_3968_, 98.64, 116.96, 1.77765
_7160_, 98.64, 116.96, 1.77765
clkbuf_leaf_8_clk, 98.64, 116.96, 1.77765
FILLER_0_38_193, 98.64, 116.96, 1.77765
_3914_, 111.44, 116.96, 1.77737
_3915_, 111.44, 116.96, 1.77737
_3919_, 111.44, 116.96, 1.77737
FILLER_0_39_242, 111.44, 116.96, 1.77737
_3912_, 124.24, 116.96, 1.77709
_3913_, 124.24, 116.96, 1.77709
hold42, 124.24, 116.96, 1.77709
hold746, 124.24, 116.96, 1.77709
FILLER_0_39_254, 124.24, 116.96, 1.77709
_7174_, 137.04, 116.96, 1.77684
_7298_, 137.04, 116.96, 1.77684
FILLER_0_39_276, 137.04, 116.96, 1.77684
_5577_, 149.84, 116.96, 1.77661
_7654_, 149.84, 116.96, 1.77661
FILLER_0_40_319, 149.84, 116.96, 1.77661
_5268_, 162.64, 116.96, 1.77641
_5565_, 162.64, 116.96, 1.77641
_5574_, 162.64, 116.96, 1.77641
FILLER_0_38_329, 162.64, 116.96, 1.77641
FILLER_0_38_337, 162.64, 116.96, 1.77641
FILLER_0_39_329, 162.64, 116.96, 1.77641
FILLER_0_39_349, 162.64, 116.96, 1.77641
_5391_, 188.24, 116.96, 1.77603
hold483, 188.24, 116.96, 1.77603
FILLER_0_40_409, 188.24, 116.96, 1.77603
_5379_, 201.04, 116.96, 1.7758
_5527_, 201.04, 116.96, 1.7758
_5541_, 201.04, 116.96, 1.7758
_5542_, 201.04, 116.96, 1.7758
_5386_, 213.84, 116.96, 1.77561
_5438_, 213.84, 116.96, 1.77561
_5534_, 213.84, 116.96, 1.77561
hold777, 213.84, 116.96, 1.77561
FILLER_0_39_440, 213.84, 116.96, 1.77561
_5976_, 226.64, 116.96, 1.77545
_5977_, 226.64, 116.96, 1.77545
_5984_, 226.64, 116.96, 1.77545
_5986_, 226.64, 116.96, 1.77545
hold459, 226.64, 116.96, 1.77545
FILLER_0_39_473, 226.64, 116.96, 1.77545
FILLER_0_40_485, 226.64, 116.96, 1.77545
_5836_, 239.44, 116.96, 1.7753
_5842_, 239.44, 116.96, 1.7753
_5845_, 239.44, 116.96, 1.7753
_5850_, 239.44, 116.96, 1.7753
_5998_, 239.44, 116.96, 1.7753
FILLER_0_38_495, 239.44, 116.96, 1.7753
FILLER_0_39_505, 239.44, 116.96, 1.7753
FILLER_0_39_513, 239.44, 116.96, 1.7753
FILLER_0_40_521, 239.44, 116.96, 1.7753
_6000_, 252.24, 116.96, 1.77522
_6001_, 252.24, 116.96, 1.77522
_6014_, 252.24, 116.96, 1.77522
FILLER_0_38_533, 252.24, 116.96, 1.77522
_6011_, 265.04, 116.96, 1.77516
_7630_, 265.04, 116.96, 1.77516
FILLER_0_39_557, 265.04, 116.96, 1.77516
FILLER_0_40_565, 265.04, 116.96, 1.77516
_7722_, 277.84, 116.96, 1.77513
hold671, 277.84, 116.96, 1.77513
_6273_, 290.64, 116.96, 1.77511
_6313_, 290.64, 116.96, 1.77511
_6316_, 290.64, 116.96, 1.77511
_6317_, 290.64, 116.96, 1.77511
_6319_, 290.64, 116.96, 1.77511
_6322_, 290.64, 116.96, 1.77511
FILLER_0_38_615, 290.64, 116.96, 1.77511
FILLER_0_39_623, 290.64, 116.96, 1.77511
_6279_, 303.44, 116.96, 1.77511
_6320_, 303.44, 116.96, 1.77511
_7725_, 303.44, 116.96, 1.77511
hold658, 303.44, 116.96, 1.77511
FILLER_0_40_650, 303.44, 116.96, 1.77511
_6343_, 316.24, 116.96, 1.77514
_6346_, 316.24, 116.96, 1.77514
_6359_, 316.24, 116.96, 1.77514
hold472, 316.24, 116.96, 1.77514
FILLER_0_39_662, 316.24, 116.96, 1.77514
FILLER_0_40_683, 316.24, 116.96, 1.77514
PHY_72, 5.52, 111.52, 1.78056
PHY_74, 5.52, 111.52, 1.78056
input32, 5.52, 111.52, 1.78056
FILLER_0_37_6, 5.52, 111.52, 1.78056
FILLER_0_38_3, 5.52, 111.52, 1.78056
_4582_, 13.68, 111.52, 1.78056
_4583_, 13.68, 111.52, 1.78056
_4584_, 13.68, 111.52, 1.78056
_4585_, 13.68, 111.52, 1.78056
_4512_, 34.64, 111.52, 1.77999
_4516_, 34.64, 111.52, 1.77999
clkbuf_leaf_1_clk, 34.64, 111.52, 1.77999
hold322, 34.64, 111.52, 1.77999
FILLER_0_36_60, 34.64, 111.52, 1.77999
FILLER_0_37_53, 34.64, 111.52, 1.77999
FILLER_0_37_57, 34.64, 111.52, 1.77999
FILLER_0_37_69, 34.64, 111.52, 1.77999
_4713_, 47.44, 111.52, 1.77949
_7360_, 47.44, 111.52, 1.77949
_7362_, 47.44, 111.52, 1.77949
hold49, 47.44, 111.52, 1.77949
hold50, 47.44, 111.52, 1.77949
FILLER_0_38_101, 47.44, 111.52, 1.77949
_7378_, 60.24, 111.52, 1.77904
_7379_, 60.24, 111.52, 1.77904
_4840_, 73.04, 111.52, 1.77863
_4841_, 73.04, 111.52, 1.77863
_7352_, 73.04, 111.52, 1.77863
FILLER_0_36_137, 73.04, 111.52, 1.77863
FILLER_0_37_159, 73.04, 111.52, 1.77863
FILLER_0_38_153, 73.04, 111.52, 1.77863
_7225_, 85.84, 111.52, 1.77823
_7380_, 85.84, 111.52, 1.77823
hold13, 85.84, 111.52, 1.77823
hold14, 85.84, 111.52, 1.77823
FILLER_0_37_169, 85.84, 111.52, 1.77823
_7158_, 98.64, 111.52, 1.77786
_7226_, 98.64, 111.52, 1.77786
hold308, 98.64, 111.52, 1.77786
FILLER_0_38_204, 98.64, 111.52, 1.77786
_3900_, 111.44, 111.52, 1.77751
_3901_, 111.44, 111.52, 1.77751
_4139_, 111.44, 111.52, 1.77751
_7171_, 111.44, 111.52, 1.77751
_7173_, 111.44, 111.52, 1.77751
hold307, 111.44, 111.52, 1.77751
FILLER_0_36_226, 111.44, 111.52, 1.77751
FILLER_0_37_242, 111.44, 111.52, 1.77751
_4358_, 124.24, 111.52, 1.7772
_7275_, 124.24, 111.52, 1.7772
clkbuf_leaf_96_clk, 124.24, 111.52, 1.7772
hold61, 124.24, 111.52, 1.7772
FILLER_0_38_261, 124.24, 111.52, 1.7772
_3944_, 137.04, 111.52, 1.77697
_5199_, 137.04, 111.52, 1.77697
_6100_, 137.04, 111.52, 1.77697
_7464_, 137.04, 111.52, 1.77697
FILLER_0_36_285, 137.04, 111.52, 1.77697
FILLER_0_37_281, 137.04, 111.52, 1.77697
FILLER_0_38_294, 137.04, 111.52, 1.77697
clkbuf_leaf_95_clk, 149.84, 111.52, 1.77677
FILLER_0_36_309, 149.84, 111.52, 1.77677
_5197_, 162.64, 111.52, 1.77663
_5564_, 162.64, 111.52, 1.77663
_5886_, 162.64, 111.52, 1.77663
_5887_, 162.64, 111.52, 1.77663
FILLER_0_37_332, 162.64, 111.52, 1.77663
_5544_, 188.24, 111.52, 1.77624
_5556_, 188.24, 111.52, 1.77624
_5557_, 188.24, 111.52, 1.77624
_5558_, 188.24, 111.52, 1.77624
_5559_, 188.24, 111.52, 1.77624
_5570_, 188.24, 111.52, 1.77624
FILLER_0_36_390, 188.24, 111.52, 1.77624
_5530_, 201.04, 111.52, 1.77595
_5532_, 201.04, 111.52, 1.77595
_5536_, 201.04, 111.52, 1.77595
_5543_, 201.04, 111.52, 1.77595
clkbuf_leaf_91_clk, 201.04, 111.52, 1.77595
FILLER_0_36_413, 201.04, 111.52, 1.77595
FILLER_0_36_421, 201.04, 111.52, 1.77595
FILLER_0_37_412, 201.04, 111.52, 1.77595
_5535_, 213.84, 111.52, 1.77572
_7546_, 213.84, 111.52, 1.77572
_7640_, 213.84, 111.52, 1.77572
hold661, 213.84, 111.52, 1.77572
FILLER_0_37_464, 213.84, 111.52, 1.77572
_5974_, 226.64, 111.52, 1.77554
_5975_, 226.64, 111.52, 1.77554
_5980_, 226.64, 111.52, 1.77554
_5981_, 226.64, 111.52, 1.77554
_5985_, 226.64, 111.52, 1.77554
hold458, 226.64, 111.52, 1.77554
_5841_, 239.44, 111.52, 1.77538
_5978_, 239.44, 111.52, 1.77538
_5999_, 239.44, 111.52, 1.77538
FILLER_0_37_498, 239.44, 111.52, 1.77538
FILLER_0_38_517, 239.44, 111.52, 1.77538
_6003_, 252.24, 111.52, 1.77522
_6005_, 252.24, 111.52, 1.77522
_6008_, 252.24, 111.52, 1.77522
_6009_, 252.24, 111.52, 1.77522
_6037_, 252.24, 111.52, 1.77522
_7643_, 252.24, 111.52, 1.77522
hold799, 252.24, 111.52, 1.77522
FILLER_0_36_527, 252.24, 111.52, 1.77522
FILLER_0_37_534, 252.24, 111.52, 1.77522
FILLER_0_38_541, 252.24, 111.52, 1.77522
_5949_, 265.04, 111.52, 1.77511
_7627_, 265.04, 111.52, 1.77511
clkbuf_leaf_72_clk, 265.04, 111.52, 1.77511
FILLER_0_38_568, 265.04, 111.52, 1.77511
_5932_, 277.84, 111.52, 1.77508
_7696_, 277.84, 111.52, 1.77508
hold656, 277.84, 111.52, 1.77508
FILLER_0_36_584, 277.84, 111.52, 1.77508
FILLER_0_38_597, 277.84, 111.52, 1.77508
_6275_, 290.64, 111.52, 1.77508
_7723_, 290.64, 111.52, 1.77508
clkbuf_leaf_75_clk, 290.64, 111.52, 1.77508
FILLER_0_36_610, 290.64, 111.52, 1.77508
FILLER_0_37_611, 290.64, 111.52, 1.77508
FILLER_0_37_617, 290.64, 111.52, 1.77508
_6327_, 303.44, 111.52, 1.77516
_6328_, 303.44, 111.52, 1.77516
_6329_, 303.44, 111.52, 1.77516
_6331_, 303.44, 111.52, 1.77516
_6332_, 303.44, 111.52, 1.77516
_6344_, 303.44, 111.52, 1.77516
_6345_, 303.44, 111.52, 1.77516
FILLER_0_36_638, 303.44, 111.52, 1.77516
_6324_, 316.24, 111.52, 1.77529
_6325_, 316.24, 111.52, 1.77529
_6333_, 316.24, 111.52, 1.77529
_6341_, 316.24, 111.52, 1.77529
_6342_, 316.24, 111.52, 1.77529
_6347_, 316.24, 111.52, 1.77529
hold696, 316.24, 111.52, 1.77529
FILLER_0_37_667, 316.24, 111.52, 1.77529
_4581_, 5.52, 106.08, 1.78139
_4586_, 5.52, 106.08, 1.78139
PHY_68, 5.52, 106.08, 1.78139
PHY_70, 5.52, 106.08, 1.78139
_4588_, 13.68, 106.08, 1.78139
_4593_, 13.68, 106.08, 1.78139
FILLER_0_34_15, 13.68, 106.08, 1.78139
FILLER_0_35_15, 13.68, 106.08, 1.78139
FILLER_0_36_18, 13.68, 106.08, 1.78139
_4513_, 34.64, 106.08, 1.78091
_7305_, 34.64, 106.08, 1.78091
_7306_, 34.64, 106.08, 1.78091
FILLER_0_35_57, 34.64, 106.08, 1.78091
_7359_, 47.44, 106.08, 1.78045
hold176, 47.44, 106.08, 1.78045
FILLER_0_35_100, 47.44, 106.08, 1.78045
_4833_, 60.24, 106.08, 1.78001
_4834_, 60.24, 106.08, 1.78001
_4835_, 60.24, 106.08, 1.78001
_4839_, 60.24, 106.08, 1.78001
_4842_, 60.24, 106.08, 1.78001
_4844_, 60.24, 106.08, 1.78001
FILLER_0_34_106, 60.24, 106.08, 1.78001
FILLER_0_35_121, 60.24, 106.08, 1.78001
_4828_, 73.04, 106.08, 1.7796
_4829_, 73.04, 106.08, 1.7796
_4837_, 73.04, 106.08, 1.7796
_4845_, 73.04, 106.08, 1.7796
_4846_, 73.04, 106.08, 1.7796
_4847_, 73.04, 106.08, 1.7796
hold338, 73.04, 106.08, 1.7796
FILLER_0_34_144, 73.04, 106.08, 1.7796
_4699_, 85.84, 106.08, 1.77922
_7351_, 85.84, 106.08, 1.77922
hold356, 85.84, 106.08, 1.77922
hold626, 85.84, 106.08, 1.77922
FILLER_0_35_164, 85.84, 106.08, 1.77922
FILLER_0_35_169, 85.84, 106.08, 1.77922
_4138_, 98.64, 106.08, 1.77885
_7187_, 98.64, 106.08, 1.77885
hold48, 98.64, 106.08, 1.77885
hold320, 98.64, 106.08, 1.77885
hold321, 98.64, 106.08, 1.77885
FILLER_0_34_191, 98.64, 106.08, 1.77885
FILLER_0_36_212, 98.64, 106.08, 1.77885
_3942_, 111.44, 106.08, 1.7785
_3943_, 111.44, 106.08, 1.7785
hold39, 111.44, 106.08, 1.7785
hold47, 111.44, 106.08, 1.7785
FILLER_0_35_218, 111.44, 106.08, 1.7785
FILLER_0_35_241, 111.44, 106.08, 1.7785
_3910_, 124.24, 106.08, 1.77816
_3911_, 124.24, 106.08, 1.77816
hold856, 124.24, 106.08, 1.77816
FILLER_0_34_249, 124.24, 106.08, 1.77816
FILLER_0_35_252, 124.24, 106.08, 1.77816
_4077_, 137.04, 106.08, 1.77784
_5198_, 137.04, 106.08, 1.77784
_6101_, 137.04, 106.08, 1.77784
hold730, 137.04, 106.08, 1.77784
FILLER_0_35_275, 137.04, 106.08, 1.77784
FILLER_0_36_296, 137.04, 106.08, 1.77784
_3646_, 149.84, 106.08, 1.77754
_4500_, 149.84, 106.08, 1.77754
_7523_, 149.84, 106.08, 1.77754
_7614_, 149.84, 106.08, 1.77754
FILLER_0_34_309, 149.84, 106.08, 1.77754
FILLER_0_35_318, 149.84, 106.08, 1.77754
_5399_, 162.64, 106.08, 1.77735
_5400_, 162.64, 106.08, 1.77735
_5444_, 162.64, 106.08, 1.77735
_5562_, 162.64, 106.08, 1.77735
_7549_, 162.64, 106.08, 1.77735
hold462, 162.64, 106.08, 1.77735
hold815, 162.64, 106.08, 1.77735
_5389_, 188.24, 106.08, 1.77694
_5546_, 188.24, 106.08, 1.77694
_5547_, 188.24, 106.08, 1.77694
_5553_, 188.24, 106.08, 1.77694
_5554_, 188.24, 106.08, 1.77694
_5555_, 188.24, 106.08, 1.77694
FILLER_0_34_384, 188.24, 106.08, 1.77694
FILLER_0_35_384, 188.24, 106.08, 1.77694
FILLER_0_35_401, 188.24, 106.08, 1.77694
_5531_, 201.04, 106.08, 1.77669
_5533_, 201.04, 106.08, 1.77669
wire63, 201.04, 106.08, 1.77669
FILLER_0_34_416, 201.04, 106.08, 1.77669
FILLER_0_35_417, 201.04, 106.08, 1.77669
FILLER_0_36_436, 201.04, 106.08, 1.77669
_3563_, 213.84, 106.08, 1.77648
_5385_, 213.84, 106.08, 1.77648
_5833_, 213.84, 106.08, 1.77648
_6610_, 213.84, 106.08, 1.77648
hold348, 213.84, 106.08, 1.77648
FILLER_0_34_443, 213.84, 106.08, 1.77648
FILLER_0_35_440, 213.84, 106.08, 1.77648
FILLER_0_35_449, 213.84, 106.08, 1.77648
_3592_, 226.64, 106.08, 1.77631
_5832_, 226.64, 106.08, 1.77631
_5979_, 226.64, 106.08, 1.77631
_5987_, 226.64, 106.08, 1.77631
_5996_, 226.64, 106.08, 1.77631
FILLER_0_36_488, 226.64, 106.08, 1.77631
_5840_, 239.44, 106.08, 1.77615
_5989_, 239.44, 106.08, 1.77615
_5990_, 239.44, 106.08, 1.77615
_5992_, 239.44, 106.08, 1.77615
_5994_, 239.44, 106.08, 1.77615
_5997_, 239.44, 106.08, 1.77615
FILLER_0_35_511, 239.44, 106.08, 1.77615
FILLER_0_36_514, 239.44, 106.08, 1.77615
_5988_, 252.24, 106.08, 1.77603
_6002_, 252.24, 106.08, 1.77603
_6004_, 252.24, 106.08, 1.77603
_6006_, 252.24, 106.08, 1.77603
_6007_, 252.24, 106.08, 1.77603
FILLER_0_34_525, 252.24, 106.08, 1.77603
_5941_, 265.04, 106.08, 1.77593
_7628_, 265.04, 106.08, 1.77593
FILLER_0_35_561, 265.04, 106.08, 1.77593
_5477_, 277.84, 106.08, 1.77587
_5494_, 277.84, 106.08, 1.77587
_6274_, 277.84, 106.08, 1.77587
_6278_, 277.84, 106.08, 1.77587
_6280_, 277.84, 106.08, 1.77587
hold197, 277.84, 106.08, 1.77587
FILLER_0_34_582, 277.84, 106.08, 1.77587
FILLER_0_35_602, 277.84, 106.08, 1.77587
_6282_, 290.64, 106.08, 1.77585
hold258, 290.64, 106.08, 1.77585
FILLER_0_35_612, 290.64, 106.08, 1.77585
FILLER_0_35_625, 290.64, 106.08, 1.77585
_6277_, 303.44, 106.08, 1.77585
_7724_, 303.44, 106.08, 1.77585
hold419, 303.44, 106.08, 1.77585
FILLER_0_34_640, 303.44, 106.08, 1.77585
FILLER_0_35_649, 303.44, 106.08, 1.77585
FILLER_0_36_652, 303.44, 106.08, 1.77585
_6323_, 316.24, 106.08, 1.77587
_6326_, 316.24, 106.08, 1.77587
_6334_, 316.24, 106.08, 1.77587
FILLER_0_35_673, 316.24, 106.08, 1.77587
PHY_64, 5.52, 100.64, 1.78205
PHY_66, 5.52, 100.64, 1.78205
_4569_, 13.68, 100.64, 1.78205
_4570_, 13.68, 100.64, 1.78205
_4571_, 13.68, 100.64, 1.78205
_4587_, 13.68, 100.64, 1.78205
_4589_, 13.68, 100.64, 1.78205
_4712_, 34.64, 100.64, 1.78139
_7328_, 34.64, 100.64, 1.78139
clkbuf_3_0__f_clk, 34.64, 100.64, 1.78139
FILLER_0_32_53, 34.64, 100.64, 1.78139
FILLER_0_33_69, 34.64, 100.64, 1.78139
FILLER_0_32_85, 47.44, 100.64, 1.78088
FILLER_0_33_105, 47.44, 100.64, 1.78088
_4830_, 60.24, 100.64, 1.78038
_4831_, 60.24, 100.64, 1.78038
_4832_, 60.24, 100.64, 1.78038
_4843_, 60.24, 100.64, 1.78038
clkbuf_leaf_0_clk, 60.24, 100.64, 1.78038
FILLER_0_33_125, 60.24, 100.64, 1.78038
_4836_, 73.04, 100.64, 1.77995
_4838_, 73.04, 100.64, 1.77995
hold260, 73.04, 100.64, 1.77995
_4700_, 85.84, 100.64, 1.77955
hold355, 85.84, 100.64, 1.77955
FILLER_0_33_163, 85.84, 100.64, 1.77955
FILLER_0_33_178, 85.84, 100.64, 1.77955
_3904_, 98.64, 100.64, 1.77915
_3905_, 98.64, 100.64, 1.77915
_3966_, 98.64, 100.64, 1.77915
_7159_, 98.64, 100.64, 1.77915
_7185_, 98.64, 100.64, 1.77915
hold27, 98.64, 100.64, 1.77915
FILLER_0_32_191, 98.64, 100.64, 1.77915
FILLER_0_33_191, 98.64, 100.64, 1.77915
_3902_, 111.44, 100.64, 1.77877
_3941_, 111.44, 100.64, 1.77877
_7172_, 111.44, 100.64, 1.77877
_7277_, 111.44, 100.64, 1.77877
hold38, 111.44, 100.64, 1.77877
FILLER_0_32_222, 111.44, 100.64, 1.77877
FILLER_0_33_237, 111.44, 100.64, 1.77877
_4075_, 124.24, 100.64, 1.77844
_4080_, 124.24, 100.64, 1.77844
_4362_, 124.24, 100.64, 1.77844
_7201_, 124.24, 100.64, 1.77844
FILLER_0_32_245, 124.24, 100.64, 1.77844
FILLER_0_33_265, 124.24, 100.64, 1.77844
FILLER_0_33_271, 124.24, 100.64, 1.77844
_4076_, 137.04, 100.64, 1.77815
_4083_, 137.04, 100.64, 1.77815
_4084_, 137.04, 100.64, 1.77815
_4501_, 137.04, 100.64, 1.77815
_4502_, 137.04, 100.64, 1.77815
_7300_, 137.04, 100.64, 1.77815
FILLER_0_33_286, 137.04, 100.64, 1.77815
FILLER_0_34_292, 137.04, 100.64, 1.77815
_4779_, 149.84, 100.64, 1.7779
_5237_, 149.84, 100.64, 1.7779
_5445_, 149.84, 100.64, 1.7779
FILLER_0_33_313, 149.84, 100.64, 1.7779
_5401_, 162.64, 100.64, 1.77773
_5689_, 162.64, 100.64, 1.77773
hold802, 162.64, 100.64, 1.77773
FILLER_0_33_331, 162.64, 100.64, 1.77773
FILLER_0_33_346, 162.64, 100.64, 1.77773
_5537_, 188.24, 100.64, 1.77722
_5538_, 188.24, 100.64, 1.77722
_5539_, 188.24, 100.64, 1.77722
_5540_, 188.24, 100.64, 1.77722
FILLER_0_33_405, 188.24, 100.64, 1.77722
_7532_, 201.04, 100.64, 1.77686
hold643, 201.04, 100.64, 1.77686
hold644, 201.04, 100.64, 1.77686
FILLER_0_33_417, 201.04, 100.64, 1.77686
_3842_, 213.84, 100.64, 1.77654
_6607_, 213.84, 100.64, 1.77654
_6608_, 213.84, 100.64, 1.77654
_7777_, 213.84, 100.64, 1.77654
FILLER_0_33_444, 213.84, 100.64, 1.77654
_3558_, 226.64, 100.64, 1.77626
_6609_, 226.64, 100.64, 1.77626
_7625_, 226.64, 100.64, 1.77626
clkbuf_leaf_90_clk, 226.64, 100.64, 1.77626
_5991_, 239.44, 100.64, 1.77606
_5993_, 239.44, 100.64, 1.77606
_5995_, 239.44, 100.64, 1.77606
_7642_, 239.44, 100.64, 1.77606
hold827, 239.44, 100.64, 1.77606
FILLER_0_33_499, 239.44, 100.64, 1.77606
FILLER_0_34_512, 239.44, 100.64, 1.77606
_6996_, 252.24, 100.64, 1.7759
_7629_, 252.24, 100.64, 1.7759
hold664, 252.24, 100.64, 1.7759
FILLER_0_32_533, 252.24, 100.64, 1.7759
FILLER_0_33_534, 252.24, 100.64, 1.7759
FILLER_0_33_544, 252.24, 100.64, 1.7759
_5925_, 265.04, 100.64, 1.77577
_5933_, 265.04, 100.64, 1.77577
_6992_, 265.04, 100.64, 1.77577
_7901_, 265.04, 100.64, 1.77577
hold461, 265.04, 100.64, 1.77577
hold524, 265.04, 100.64, 1.77577
hold738, 265.04, 100.64, 1.77577
FILLER_0_33_564, 265.04, 100.64, 1.77577
_5486_, 277.84, 100.64, 1.77568
_5502_, 277.84, 100.64, 1.77568
_5510_, 277.84, 100.64, 1.77568
_5942_, 277.84, 100.64, 1.77568
_7698_, 277.84, 100.64, 1.77568
_7699_, 277.84, 100.64, 1.77568
hold256, 277.84, 100.64, 1.77568
FILLER_0_32_585, 277.84, 100.64, 1.77568
FILLER_0_33_593, 277.84, 100.64, 1.77568
_3643_, 290.64, 100.64, 1.77566
_6276_, 290.64, 100.64, 1.77566
_7697_, 290.64, 100.64, 1.77566
hold341, 290.64, 100.64, 1.77566
FILLER_0_32_606, 290.64, 100.64, 1.77566
FILLER_0_32_614, 290.64, 100.64, 1.77566
FILLER_0_34_629, 290.64, 100.64, 1.77566
_7700_, 303.44, 100.64, 1.77582
FILLER_0_32_641, 303.44, 100.64, 1.77582
FILLER_0_34_689, 316.24, 100.64, 1.77599
_7330_, 5.52, 95.2, 1.78294
PHY_60, 5.52, 95.2, 1.78294
PHY_62, 5.52, 95.2, 1.78294
_4567_, 13.68, 95.2, 1.78294
_4572_, 13.68, 95.2, 1.78294
hold269, 13.68, 95.2, 1.78294
FILLER_0_31_22, 13.68, 95.2, 1.78294
_4548_, 34.64, 95.2, 1.78243
_4553_, 34.64, 95.2, 1.78243
_4554_, 34.64, 95.2, 1.78243
_4562_, 34.64, 95.2, 1.78243
FILLER_0_30_52, 34.64, 95.2, 1.78243
FILLER_0_31_57, 34.64, 95.2, 1.78243
_4504_, 47.44, 95.2, 1.7819
_4505_, 47.44, 95.2, 1.7819
_4545_, 47.44, 95.2, 1.7819
_7301_, 47.44, 95.2, 1.7819
_7327_, 47.44, 95.2, 1.7819
hold371, 47.44, 95.2, 1.7819
_4695_, 60.24, 95.2, 1.78143
_4707_, 60.24, 95.2, 1.78143
_4820_, 60.24, 95.2, 1.78143
hold259, 60.24, 95.2, 1.78143
FILLER_0_30_114, 60.24, 95.2, 1.78143
FILLER_0_31_108, 60.24, 95.2, 1.78143
FILLER_0_31_113, 60.24, 95.2, 1.78143
_4696_, 73.04, 95.2, 1.78098
_4697_, 73.04, 95.2, 1.78098
_4819_, 73.04, 95.2, 1.78098
_7349_, 73.04, 95.2, 1.78098
_7355_, 73.04, 95.2, 1.78098
FILLER_0_31_157, 73.04, 95.2, 1.78098
_3964_, 85.84, 95.2, 1.78056
_3965_, 85.84, 95.2, 1.78056
_7350_, 85.84, 95.2, 1.78056
hold26, 85.84, 95.2, 1.78056
FILLER_0_31_165, 85.84, 95.2, 1.78056
FILLER_0_31_169, 85.84, 95.2, 1.78056
FILLER_0_31_177, 85.84, 95.2, 1.78056
FILLER_0_32_176, 85.84, 95.2, 1.78056
hold24, 98.64, 95.2, 1.78015
hold25, 98.64, 95.2, 1.78015
hold29, 98.64, 95.2, 1.78015
FILLER_0_31_203, 98.64, 95.2, 1.78015
_3898_, 111.44, 95.2, 1.77975
_3903_, 111.44, 95.2, 1.77975
_3907_, 111.44, 95.2, 1.77975
_4090_, 111.44, 95.2, 1.77975
FILLER_0_31_217, 111.44, 95.2, 1.77975
_4087_, 124.24, 95.2, 1.77935
_4088_, 124.24, 95.2, 1.77935
_4089_, 124.24, 95.2, 1.77935
hold734, 124.24, 95.2, 1.77935
FILLER_0_31_265, 124.24, 95.2, 1.77935
FILLER_0_32_271, 124.24, 95.2, 1.77935
_4071_, 137.04, 95.2, 1.77898
_4073_, 137.04, 95.2, 1.77898
_4074_, 137.04, 95.2, 1.77898
_4079_, 137.04, 95.2, 1.77898
_7202_, 137.04, 95.2, 1.77898
FILLER_0_31_277, 137.04, 95.2, 1.77898
FILLER_0_31_281, 137.04, 95.2, 1.77898
_3865_, 149.84, 95.2, 1.77866
_7272_, 149.84, 95.2, 1.77866
_7510_, 149.84, 95.2, 1.77866
FILLER_0_30_304, 149.84, 95.2, 1.77866
FILLER_0_30_309, 149.84, 95.2, 1.77866
FILLER_0_32_321, 149.84, 95.2, 1.77866
_5402_, 162.64, 95.2, 1.77838
_5895_, 162.64, 95.2, 1.77838
_6787_, 162.64, 95.2, 1.77838
_7618_, 162.64, 95.2, 1.77838
hold68, 162.64, 95.2, 1.77838
FILLER_0_30_341, 162.64, 95.2, 1.77838
FILLER_0_31_332, 162.64, 95.2, 1.77838
FILLER_0_31_348, 162.64, 95.2, 1.77838
_5495_, 188.24, 95.2, 1.7778
_7535_, 188.24, 95.2, 1.7778
hold689, 188.24, 95.2, 1.7778
FILLER_0_30_396, 188.24, 95.2, 1.7778
FILLER_0_31_386, 188.24, 95.2, 1.7778
FILLER_0_32_411, 188.24, 95.2, 1.7778
_5479_, 201.04, 95.2, 1.77747
_5487_, 201.04, 95.2, 1.77747
_7533_, 201.04, 95.2, 1.77747
_7776_, 201.04, 95.2, 1.77747
hold821, 201.04, 95.2, 1.77747
FILLER_0_30_415, 201.04, 95.2, 1.77747
FILLER_0_32_431, 201.04, 95.2, 1.77747
_3552_, 213.84, 95.2, 1.7772
_3557_, 213.84, 95.2, 1.7772
_3642_, 213.84, 95.2, 1.7772
_3717_, 213.84, 95.2, 1.7772
hold820, 213.84, 95.2, 1.7772
FILLER_0_30_442, 213.84, 95.2, 1.7772
FILLER_0_31_449, 213.84, 95.2, 1.7772
_3548_, 226.64, 95.2, 1.77702
_3549_, 226.64, 95.2, 1.77702
_5476_, 226.64, 95.2, 1.77702
_5903_, 226.64, 95.2, 1.77702
hold56, 226.64, 95.2, 1.77702
_6774_, 239.44, 95.2, 1.77692
_7823_, 239.44, 95.2, 1.77692
FILLER_0_30_504, 239.44, 95.2, 1.77692
FILLER_0_31_500, 239.44, 95.2, 1.77692
FILLER_0_31_505, 239.44, 95.2, 1.77692
FILLER_0_32_517, 239.44, 95.2, 1.77692
_6783_, 252.24, 95.2, 1.77683
_6995_, 252.24, 95.2, 1.77683
_7821_, 252.24, 95.2, 1.77683
_7903_, 252.24, 95.2, 1.77683
hold720, 252.24, 95.2, 1.77683
FILLER_0_30_528, 252.24, 95.2, 1.77683
_5958_, 265.04, 95.2, 1.77678
_5963_, 265.04, 95.2, 1.77678
_6991_, 265.04, 95.2, 1.77678
hold486, 265.04, 95.2, 1.77678
FILLER_0_31_552, 265.04, 95.2, 1.77678
FILLER_0_31_578, 265.04, 95.2, 1.77678
_7045_, 277.84, 95.2, 1.77673
_7046_, 277.84, 95.2, 1.77673
_7925_, 277.84, 95.2, 1.77673
hold560, 277.84, 95.2, 1.77673
FILLER_0_31_605, 277.84, 95.2, 1.77673
_7019_, 290.64, 95.2, 1.77671
FILLER_0_30_610, 290.64, 95.2, 1.77671
FILLER_0_30_618, 290.64, 95.2, 1.77671
FILLER_0_31_613, 290.64, 95.2, 1.77671
FILLER_0_31_617, 290.64, 95.2, 1.77671
FILLER_0_31_627, 290.64, 95.2, 1.77671
FILLER_0_32_633, 290.64, 95.2, 1.77671
_7023_, 303.44, 95.2, 1.7767
hold598, 303.44, 95.2, 1.7767
FILLER_0_30_640, 303.44, 95.2, 1.7767
FILLER_0_31_666, 316.24, 95.2, 1.77668
_7329_, 5.52, 89.76, 1.78377
PHY_56, 5.52, 89.76, 1.78377
PHY_58, 5.52, 89.76, 1.78377
_4565_, 13.68, 89.76, 1.78378
FILLER_0_28_13, 13.68, 89.76, 1.78378
_4550_, 34.64, 89.76, 1.7832
_4551_, 34.64, 89.76, 1.7832
_4552_, 34.64, 89.76, 1.7832
_4559_, 34.64, 89.76, 1.7832
_4560_, 34.64, 89.76, 1.7832
_4564_, 34.64, 89.76, 1.7832
_4576_, 34.64, 89.76, 1.7832
hold278, 34.64, 89.76, 1.7832
FILLER_0_28_56, 34.64, 89.76, 1.7832
FILLER_0_29_50, 34.64, 89.76, 1.7832
FILLER_0_29_64, 34.64, 89.76, 1.7832
_4546_, 47.44, 89.76, 1.78263
_4547_, 47.44, 89.76, 1.78263
_4549_, 47.44, 89.76, 1.78263
_4693_, 47.44, 89.76, 1.78263
_4822_, 60.24, 89.76, 1.78206
_4827_, 60.24, 89.76, 1.78206
hold369, 60.24, 89.76, 1.78206
FILLER_0_29_109, 60.24, 89.76, 1.78206
FILLER_0_29_125, 60.24, 89.76, 1.78206
_4694_, 73.04, 89.76, 1.78152
_4821_, 73.04, 89.76, 1.78152
_4826_, 73.04, 89.76, 1.78152
_7348_, 73.04, 89.76, 1.78152
_7377_, 73.04, 89.76, 1.78152
FILLER_0_29_146, 73.04, 89.76, 1.78152
_3970_, 85.84, 89.76, 1.78101
_4698_, 85.84, 89.76, 1.78101
hold28, 85.84, 89.76, 1.78101
hold339, 85.84, 89.76, 1.78101
FILLER_0_29_161, 85.84, 89.76, 1.78101
FILLER_0_29_184, 85.84, 89.76, 1.78101
_3869_, 98.64, 89.76, 1.78051
_7184_, 98.64, 89.76, 1.78051
_7186_, 98.64, 89.76, 1.78051
FILLER_0_28_192, 98.64, 89.76, 1.78051
FILLER_0_29_215, 98.64, 89.76, 1.78051
_3906_, 111.44, 89.76, 1.78005
_7203_, 111.44, 89.76, 1.78005
clkbuf_leaf_97_clk, 111.44, 89.76, 1.78005
FILLER_0_28_224, 111.44, 89.76, 1.78005
_4081_, 124.24, 89.76, 1.77966
_4082_, 124.24, 89.76, 1.77966
_4086_, 124.24, 89.76, 1.77966
FILLER_0_29_269, 124.24, 89.76, 1.77966
_4063_, 137.04, 89.76, 1.77928
_4067_, 137.04, 89.76, 1.77928
_4072_, 137.04, 89.76, 1.77928
_4085_, 137.04, 89.76, 1.77928
hold841, 137.04, 89.76, 1.77928
FILLER_0_29_281, 137.04, 89.76, 1.77928
FILLER_0_30_286, 137.04, 89.76, 1.77928
_3591_, 149.84, 89.76, 1.77893
_4345_, 149.84, 89.76, 1.77893
_4498_, 149.84, 89.76, 1.77893
FILLER_0_28_301, 149.84, 89.76, 1.77893
FILLER_0_29_326, 149.84, 89.76, 1.77893
_3750_, 162.64, 89.76, 1.77863
_5037_, 162.64, 89.76, 1.77863
_6781_, 162.64, 89.76, 1.77863
_7428_, 162.64, 89.76, 1.77863
hold427, 162.64, 89.76, 1.77863
FILLER_0_29_337, 162.64, 89.76, 1.77863
_4327_, 188.24, 89.76, 1.77796
_4350_, 188.24, 89.76, 1.77796
_5503_, 188.24, 89.76, 1.77796
clkbuf_3_4__f_clk, 188.24, 89.76, 1.77796
hold573, 188.24, 89.76, 1.77796
FILLER_0_28_392, 188.24, 89.76, 1.77796
FILLER_0_29_389, 188.24, 89.76, 1.77796
_3553_, 201.04, 89.76, 1.77763
_3725_, 201.04, 89.76, 1.77763
_5196_, 201.04, 89.76, 1.77763
FILLER_0_29_425, 201.04, 89.76, 1.77763
_3547_, 213.84, 89.76, 1.77736
_3554_, 213.84, 89.76, 1.77736
_3559_, 213.84, 89.76, 1.77736
_3561_, 213.84, 89.76, 1.77736
_3722_, 213.84, 89.76, 1.77736
_3723_, 213.84, 89.76, 1.77736
_3724_, 213.84, 89.76, 1.77736
_3650_, 226.64, 89.76, 1.7772
_5475_, 226.64, 89.76, 1.7772
_5900_, 226.64, 89.76, 1.7772
FILLER_0_28_477, 226.64, 89.76, 1.7772
FILLER_0_29_470, 226.64, 89.76, 1.7772
FILLER_0_29_483, 226.64, 89.76, 1.7772
FILLER_0_30_493, 226.64, 89.76, 1.7772
_6773_, 239.44, 89.76, 1.77706
_6788_, 239.44, 89.76, 1.77706
_6789_, 239.44, 89.76, 1.77706
_7818_, 239.44, 89.76, 1.77706
hold70, 239.44, 89.76, 1.77706
hold697, 239.44, 89.76, 1.77706
_6782_, 252.24, 89.76, 1.77696
_6986_, 252.24, 89.76, 1.77696
_7898_, 252.24, 89.76, 1.77696
hold487, 252.24, 89.76, 1.77696
FILLER_0_28_529, 252.24, 89.76, 1.77696
FILLER_0_28_533, 252.24, 89.76, 1.77696
FILLER_0_29_532, 252.24, 89.76, 1.77696
FILLER_0_30_544, 252.24, 89.76, 1.77696
_5909_, 265.04, 89.76, 1.77688
_5923_, 265.04, 89.76, 1.77688
_5926_, 265.04, 89.76, 1.77688
_5947_, 265.04, 89.76, 1.77688
_6988_, 265.04, 89.76, 1.77688
hold474, 265.04, 89.76, 1.77688
FILLER_0_28_555, 265.04, 89.76, 1.77688
FILLER_0_29_561, 265.04, 89.76, 1.77688
FILLER_0_29_573, 265.04, 89.76, 1.77688
FILLER_0_30_570, 265.04, 89.76, 1.77688
_5946_, 277.84, 89.76, 1.77681
_7050_, 277.84, 89.76, 1.77681
_7927_, 277.84, 89.76, 1.77681
clkbuf_leaf_76_clk, 277.84, 89.76, 1.77681
FILLER_0_29_602, 277.84, 89.76, 1.77681
_7014_, 290.64, 89.76, 1.77682
_7015_, 290.64, 89.76, 1.77682
_7018_, 290.64, 89.76, 1.77682
_7911_, 290.64, 89.76, 1.77682
_7913_, 290.64, 89.76, 1.77682
FILLER_0_29_611, 290.64, 89.76, 1.77682
_7022_, 303.44, 89.76, 1.77686
_7915_, 303.44, 89.76, 1.77686
hold541, 303.44, 89.76, 1.77686
hold578, 303.44, 89.76, 1.77686
FILLER_0_28_645, 303.44, 89.76, 1.77686
FILLER_0_29_667, 316.24, 89.76, 1.77692
PHY_52, 5.52, 84.32, 1.78452
PHY_54, 5.52, 84.32, 1.78452
input5, 5.52, 84.32, 1.78452
FILLER_0_27_3, 5.52, 84.32, 1.78452
_3691_, 13.68, 84.32, 1.78452
_3928_, 13.68, 84.32, 1.78452
_4556_, 13.68, 84.32, 1.78452
_4557_, 13.68, 84.32, 1.78452
_4558_, 13.68, 84.32, 1.78452
FILLER_0_26_9, 13.68, 84.32, 1.78452
_4506_, 34.64, 84.32, 1.78387
_4507_, 34.64, 84.32, 1.78387
_4508_, 34.64, 84.32, 1.78387
FILLER_0_26_54, 34.64, 84.32, 1.78387
FILLER_0_27_52, 34.64, 84.32, 1.78387
FILLER_0_27_66, 34.64, 84.32, 1.78387
FILLER_0_28_76, 34.64, 84.32, 1.78387
_7356_, 47.44, 84.32, 1.78321
_7375_, 47.44, 84.32, 1.78321
hold104, 47.44, 84.32, 1.78321
_4802_, 60.24, 84.32, 1.7826
_4804_, 60.24, 84.32, 1.7826
_4823_, 60.24, 84.32, 1.7826
_4824_, 60.24, 84.32, 1.7826
_4825_, 60.24, 84.32, 1.7826
FILLER_0_27_125, 60.24, 84.32, 1.7826
FILLER_0_28_120, 60.24, 84.32, 1.7826
_3877_, 73.04, 84.32, 1.78201
_4814_, 73.04, 84.32, 1.78201
hold811, 73.04, 84.32, 1.78201
FILLER_0_26_141, 73.04, 84.32, 1.78201
FILLER_0_27_136, 73.04, 84.32, 1.78201
_3972_, 85.84, 84.32, 1.78144
_7191_, 85.84, 84.32, 1.78144
_3868_, 98.64, 84.32, 1.78089
_3880_, 98.64, 84.32, 1.78089
_3881_, 98.64, 84.32, 1.78089
_3885_, 98.64, 84.32, 1.78089
_3886_, 98.64, 84.32, 1.78089
_3963_, 98.64, 84.32, 1.78089
_7193_, 98.64, 84.32, 1.78089
FILLER_0_26_190, 98.64, 84.32, 1.78089
_3895_, 111.44, 84.32, 1.78039
_3899_, 111.44, 84.32, 1.78039
_4027_, 111.44, 84.32, 1.78039
_7197_, 111.44, 84.32, 1.78039
FILLER_0_27_225, 111.44, 84.32, 1.78039
_7200_, 124.24, 84.32, 1.77995
clkbuf_3_1__f_clk, 124.24, 84.32, 1.77995
hold791, 124.24, 84.32, 1.77995
FILLER_0_26_246, 124.24, 84.32, 1.77995
FILLER_0_28_265, 124.24, 84.32, 1.77995
_4062_, 137.04, 84.32, 1.77969
_4064_, 137.04, 84.32, 1.77969
_4065_, 137.04, 84.32, 1.77969
_4070_, 137.04, 84.32, 1.77969
_4499_, 137.04, 84.32, 1.77969
_7299_, 137.04, 84.32, 1.77969
hold825, 137.04, 84.32, 1.77969
FILLER_0_27_275, 137.04, 84.32, 1.77969
_7271_, 149.84, 84.32, 1.7795
_7881_, 149.84, 84.32, 1.7795
ANTENNA_2, 149.84, 84.32, 1.7795
FILLER_0_26_301, 149.84, 84.32, 1.7795
FILLER_0_26_309, 149.84, 84.32, 1.7795
FILLER_0_27_316, 149.84, 84.32, 1.7795
FILLER_0_28_318, 149.84, 84.32, 1.7795
_4351_, 162.64, 84.32, 1.77933
_4352_, 162.64, 84.32, 1.77933
_4361_, 162.64, 84.32, 1.77933
hold71, 162.64, 84.32, 1.77933
FILLER_0_27_345, 162.64, 84.32, 1.77933
_3689_, 188.24, 84.32, 1.77882
_4328_, 188.24, 84.32, 1.77882
_5496_, 188.24, 84.32, 1.77882
_7258_, 188.24, 84.32, 1.77882
FILLER_0_26_384, 188.24, 84.32, 1.77882
FILLER_0_28_410, 188.24, 84.32, 1.77882
_3546_, 201.04, 84.32, 1.77849
_4497_, 201.04, 84.32, 1.77849
_5195_, 201.04, 84.32, 1.77849
_7463_, 201.04, 84.32, 1.77849
_3560_, 213.84, 84.32, 1.77821
_3566_, 213.84, 84.32, 1.77821
_3572_, 213.84, 84.32, 1.77821
_3573_, 213.84, 84.32, 1.77821
_3574_, 213.84, 84.32, 1.77821
_3577_, 213.84, 84.32, 1.77821
_3594_, 213.84, 84.32, 1.77821
FILLER_0_27_439, 213.84, 84.32, 1.77821
FILLER_0_28_456, 213.84, 84.32, 1.77821
_3545_, 226.64, 84.32, 1.77797
_3576_, 226.64, 84.32, 1.77797
_3589_, 226.64, 84.32, 1.77797
_7093_, 226.64, 84.32, 1.77797
_7622_, 226.64, 84.32, 1.77797
_6777_, 239.44, 84.32, 1.7778
_7819_, 239.44, 84.32, 1.7778
FILLER_0_27_498, 239.44, 84.32, 1.7778
FILLER_0_27_505, 239.44, 84.32, 1.7778
FILLER_0_27_513, 239.44, 84.32, 1.7778
FILLER_0_28_521, 239.44, 84.32, 1.7778
_6985_, 252.24, 84.32, 1.77765
_7899_, 252.24, 84.32, 1.77765
_7902_, 252.24, 84.32, 1.77765
hold701, 252.24, 84.32, 1.77765
FILLER_0_26_528, 252.24, 84.32, 1.77765
FILLER_0_27_540, 252.24, 84.32, 1.77765
_5922_, 265.04, 84.32, 1.77753
_5931_, 265.04, 84.32, 1.77753
_5962_, 265.04, 84.32, 1.77753
_6987_, 265.04, 84.32, 1.77753
hold478, 265.04, 84.32, 1.77753
FILLER_0_28_571, 265.04, 84.32, 1.77753
_7042_, 277.84, 84.32, 1.77742
_7049_, 277.84, 84.32, 1.77742
_7923_, 277.84, 84.32, 1.77742
hold543, 277.84, 84.32, 1.77742
FILLER_0_26_582, 277.84, 84.32, 1.77742
_5929_, 290.64, 84.32, 1.77734
_5930_, 290.64, 84.32, 1.77734
_7021_, 290.64, 84.32, 1.77734
_7027_, 290.64, 84.32, 1.77734
_7028_, 290.64, 84.32, 1.77734
_7917_, 290.64, 84.32, 1.77734
hold527, 290.64, 84.32, 1.77734
FILLER_0_26_616, 290.64, 84.32, 1.77734
FILLER_0_28_632, 290.64, 84.32, 1.77734
_5945_, 303.44, 84.32, 1.7773
_5961_, 303.44, 84.32, 1.7773
_7031_, 303.44, 84.32, 1.7773
_7035_, 303.44, 84.32, 1.7773
_7036_, 303.44, 84.32, 1.7773
_7921_, 303.44, 84.32, 1.7773
hold566, 303.44, 84.32, 1.7773
FILLER_0_27_649, 303.44, 84.32, 1.7773
_7032_, 316.24, 84.32, 1.77732
_7919_, 316.24, 84.32, 1.77732
hold585, 316.24, 84.32, 1.77732
_3929_, 5.52, 78.88, 1.78547
_7165_, 5.52, 78.88, 1.78547
PHY_48, 5.52, 78.88, 1.78547
PHY_50, 5.52, 78.88, 1.78547
FILLER_0_26_3, 5.52, 78.88, 1.78547
_3693_, 13.68, 78.88, 1.78548
FILLER_0_25_23, 13.68, 78.88, 1.78548
FILLER_0_26_22, 13.68, 78.88, 1.78548
_4509_, 34.64, 78.88, 1.7848
_7302_, 34.64, 78.88, 1.7848
_7303_, 34.64, 78.88, 1.7848
clkbuf_leaf_108_clk, 34.64, 78.88, 1.7848
hold183, 34.64, 78.88, 1.7848
FILLER_0_25_51, 34.64, 78.88, 1.7848
hold103, 47.44, 78.88, 1.78419
hold412, 47.44, 78.88, 1.78419
FILLER_0_24_81, 47.44, 78.88, 1.78419
FILLER_0_25_97, 47.44, 78.88, 1.78419
_4798_, 60.24, 78.88, 1.78359
_4799_, 60.24, 78.88, 1.78359
_4800_, 60.24, 78.88, 1.78359
_4801_, 60.24, 78.88, 1.78359
_4803_, 60.24, 78.88, 1.78359
_4808_, 60.24, 78.88, 1.78359
_4810_, 60.24, 78.88, 1.78359
_4811_, 60.24, 78.88, 1.78359
_4812_, 60.24, 78.88, 1.78359
_4813_, 60.24, 78.88, 1.78359
FILLER_0_25_108, 60.24, 78.88, 1.78359
FILLER_0_25_127, 60.24, 78.88, 1.78359
_3878_, 73.04, 78.88, 1.78302
_7153_, 73.04, 78.88, 1.78302
FILLER_0_24_133, 73.04, 78.88, 1.78302
FILLER_0_24_141, 73.04, 78.88, 1.78302
FILLER_0_25_133, 73.04, 78.88, 1.78302
FILLER_0_25_159, 73.04, 78.88, 1.78302
_3971_, 85.84, 78.88, 1.78248
_3973_, 85.84, 78.88, 1.78248
_3974_, 85.84, 78.88, 1.78248
_3975_, 85.84, 78.88, 1.78248
hold496, 85.84, 78.88, 1.78248
hold651, 85.84, 78.88, 1.78248
FILLER_0_24_168, 85.84, 78.88, 1.78248
FILLER_0_25_169, 85.84, 78.88, 1.78248
FILLER_0_25_185, 85.84, 78.88, 1.78248
_3866_, 98.64, 78.88, 1.78196
_3875_, 98.64, 78.88, 1.78196
_3876_, 98.64, 78.88, 1.78196
_3984_, 98.64, 78.88, 1.78196
_3988_, 98.64, 78.88, 1.78196
hold842, 98.64, 78.88, 1.78196
FILLER_0_25_213, 98.64, 78.88, 1.78196
FILLER_0_26_205, 98.64, 78.88, 1.78196
_3889_, 111.44, 78.88, 1.78148
_7196_, 111.44, 78.88, 1.78148
hold847, 111.44, 78.88, 1.78148
FILLER_0_25_221, 111.44, 78.88, 1.78148
_3894_, 124.24, 78.88, 1.78103
_4038_, 124.24, 78.88, 1.78103
_4059_, 124.24, 78.88, 1.78103
_4060_, 124.24, 78.88, 1.78103
_4068_, 124.24, 78.88, 1.78103
_7199_, 124.24, 78.88, 1.78103
FILLER_0_25_265, 124.24, 78.88, 1.78103
FILLER_0_26_261, 124.24, 78.88, 1.78103
_4054_, 137.04, 78.88, 1.78062
_4056_, 137.04, 78.88, 1.78062
_4058_, 137.04, 78.88, 1.78062
_4066_, 137.04, 78.88, 1.78062
_4069_, 137.04, 78.88, 1.78062
_6852_, 137.04, 78.88, 1.78062
clkbuf_leaf_98_clk, 137.04, 78.88, 1.78062
hold840, 137.04, 78.88, 1.78062
FILLER_0_25_291, 137.04, 78.88, 1.78062
_6934_, 149.84, 78.88, 1.78029
_6936_, 149.84, 78.88, 1.78029
_7882_, 149.84, 78.88, 1.78029
hold618, 149.84, 78.88, 1.78029
FILLER_0_25_321, 149.84, 78.88, 1.78029
_6893_, 162.64, 78.88, 1.77998
_6895_, 162.64, 78.88, 1.77998
_7863_, 162.64, 78.88, 1.77998
_7864_, 162.64, 78.88, 1.77998
FILLER_0_24_329, 162.64, 78.88, 1.77998
FILLER_0_25_342, 162.64, 78.88, 1.77998
FILLER_0_26_348, 162.64, 78.88, 1.77998
_3690_, 188.24, 78.88, 1.77911
_5501_, 188.24, 78.88, 1.77911
_7839_, 188.24, 78.88, 1.77911
clkbuf_leaf_88_clk, 188.24, 78.88, 1.77911
FILLER_0_25_389, 188.24, 78.88, 1.77911
FILLER_0_25_393, 188.24, 78.88, 1.77911
_3550_, 201.04, 78.88, 1.77877
_3596_, 201.04, 78.88, 1.77877
_3601_, 201.04, 78.88, 1.77877
hold558, 201.04, 78.88, 1.77877
FILLER_0_25_432, 201.04, 78.88, 1.77877
FILLER_0_26_437, 201.04, 78.88, 1.77877
_3567_, 213.84, 78.88, 1.77845
_3568_, 213.84, 78.88, 1.77845
_3575_, 213.84, 78.88, 1.77845
_3578_, 213.84, 78.88, 1.77845
_3593_, 213.84, 78.88, 1.77845
_3595_, 213.84, 78.88, 1.77845
_3598_, 213.84, 78.88, 1.77845
FILLER_0_24_447, 213.84, 78.88, 1.77845
FILLER_0_25_449, 213.84, 78.88, 1.77845
_3590_, 226.64, 78.88, 1.77816
_7097_, 226.64, 78.88, 1.77816
_7822_, 226.64, 78.88, 1.77816
clkbuf_leaf_89_clk, 226.64, 78.88, 1.77816
hold620, 226.64, 78.88, 1.77816
FILLER_0_25_468, 226.64, 78.88, 1.77816
_6776_, 239.44, 78.88, 1.77794
_6785_, 239.44, 78.88, 1.77794
_6786_, 239.44, 78.88, 1.77794
_7009_, 239.44, 78.88, 1.77794
_7904_, 239.44, 78.88, 1.77794
hold619, 239.44, 78.88, 1.77794
hold714, 239.44, 78.88, 1.77794
FILLER_0_24_497, 239.44, 78.88, 1.77794
_5959_, 252.24, 78.88, 1.77775
_6993_, 252.24, 78.88, 1.77775
_6994_, 252.24, 78.88, 1.77775
_7945_, 252.24, 78.88, 1.77775
hold521, 252.24, 78.88, 1.77775
_5914_, 265.04, 78.88, 1.77758
_5950_, 265.04, 78.88, 1.77758
_5955_, 265.04, 78.88, 1.77758
_7940_, 265.04, 78.88, 1.77758
hold497, 265.04, 78.88, 1.77758
FILLER_0_25_555, 265.04, 78.88, 1.77758
FILLER_0_25_575, 265.04, 78.88, 1.77758
_7020_, 277.84, 78.88, 1.77745
_7041_, 277.84, 78.88, 1.77745
clkbuf_3_5__f_clk, 277.84, 78.88, 1.77745
hold641, 277.84, 78.88, 1.77745
FILLER_0_25_601, 277.84, 78.88, 1.77745
_7910_, 290.64, 78.88, 1.77745
hold544, 290.64, 78.88, 1.77745
hold608, 290.64, 78.88, 1.77745
FILLER_0_24_616, 290.64, 78.88, 1.77745
FILLER_0_25_613, 290.64, 78.88, 1.77745
clkbuf_leaf_77_clk, 303.44, 78.88, 1.77748
FILLER_0_24_641, 303.44, 78.88, 1.77748
FILLER_0_24_645, 303.44, 78.88, 1.77748
FILLER_0_26_653, 303.44, 78.88, 1.77748
_4331_, 316.24, 78.88, 1.77757
_4332_, 316.24, 78.88, 1.77757
hold765, 316.24, 78.88, 1.77757
ANTENNA_1, 316.24, 78.88, 1.77757
FILLER_0_24_668, 316.24, 78.88, 1.77757
FILLER_0_25_662, 316.24, 78.88, 1.77757
FILLER_0_26_678, 316.24, 78.88, 1.77757
PHY_44, 5.52, 73.44, 1.78647
PHY_46, 5.52, 73.44, 1.78647
hold683, 5.52, 73.44, 1.78647
FILLER_0_23_3, 5.52, 73.44, 1.78647
FILLER_0_24_3, 5.52, 73.44, 1.78647
_3699_, 13.68, 73.44, 1.78648
_3930_, 13.68, 73.44, 1.78648
FILLER_0_24_20, 13.68, 73.44, 1.78648
_7357_, 34.64, 73.44, 1.78585
hold99, 34.64, 73.44, 1.78585
hold184, 34.64, 73.44, 1.78585
FILLER_0_23_51, 34.64, 73.44, 1.78585
FILLER_0_23_57, 34.64, 73.44, 1.78585
FILLER_0_24_65, 34.64, 73.44, 1.78585
_4708_, 47.44, 73.44, 1.78524
_4781_, 47.44, 73.44, 1.78524
_4782_, 47.44, 73.44, 1.78524
_4783_, 47.44, 73.44, 1.78524
_4784_, 47.44, 73.44, 1.78524
_4787_, 47.44, 73.44, 1.78524
_4794_, 47.44, 73.44, 1.78524
FILLER_0_22_79, 47.44, 73.44, 1.78524
FILLER_0_22_85, 47.44, 73.44, 1.78524
FILLER_0_23_82, 47.44, 73.44, 1.78524
FILLER_0_23_98, 47.44, 73.44, 1.78524
_4793_, 60.24, 73.44, 1.78468
_4797_, 60.24, 73.44, 1.78468
_4809_, 60.24, 73.44, 1.78468
_4816_, 60.24, 73.44, 1.78468
_4818_, 60.24, 73.44, 1.78468
FILLER_0_22_117, 60.24, 73.44, 1.78468
FILLER_0_23_108, 60.24, 73.44, 1.78468
_4817_, 73.04, 73.44, 1.78412
_7192_, 73.04, 73.44, 1.78412
hold778, 73.04, 73.44, 1.78412
FILLER_0_22_141, 73.04, 73.44, 1.78412
FILLER_0_23_139, 73.04, 73.44, 1.78412
_3976_, 85.84, 73.44, 1.78359
_3977_, 85.84, 73.44, 1.78359
_3978_, 85.84, 73.44, 1.78359
_3979_, 85.84, 73.44, 1.78359
_3986_, 85.84, 73.44, 1.78359
FILLER_0_23_162, 85.84, 73.44, 1.78359
FILLER_0_24_186, 85.84, 73.44, 1.78359
_3890_, 98.64, 73.44, 1.78307
_3985_, 98.64, 73.44, 1.78307
_3987_, 98.64, 73.44, 1.78307
_3999_, 98.64, 73.44, 1.78307
_4000_, 98.64, 73.44, 1.78307
FILLER_0_22_197, 98.64, 73.44, 1.78307
FILLER_0_23_189, 98.64, 73.44, 1.78307
FILLER_0_24_212, 98.64, 73.44, 1.78307
_4026_, 111.44, 73.44, 1.78261
FILLER_0_22_227, 111.44, 73.44, 1.78261
FILLER_0_23_225, 111.44, 73.44, 1.78261
FILLER_0_24_241, 111.44, 73.44, 1.78261
_4061_, 124.24, 73.44, 1.78215
FILLER_0_22_247, 124.24, 73.44, 1.78215
FILLER_0_23_249, 124.24, 73.44, 1.78215
FILLER_0_23_263, 124.24, 73.44, 1.78215
FILLER_0_23_271, 124.24, 73.44, 1.78215
_4055_, 137.04, 73.44, 1.7817
_4057_, 137.04, 73.44, 1.7817
_6854_, 137.04, 73.44, 1.7817
_7845_, 137.04, 73.44, 1.7817
_7846_, 137.04, 73.44, 1.7817
FILLER_0_22_277, 137.04, 73.44, 1.7817
FILLER_0_23_277, 137.04, 73.44, 1.7817
_6851_, 149.84, 73.44, 1.78129
_6933_, 149.84, 73.44, 1.78129
hold565, 149.84, 73.44, 1.78129
hold600, 149.84, 73.44, 1.78129
FILLER_0_22_301, 149.84, 73.44, 1.78129
FILLER_0_23_313, 149.84, 73.44, 1.78129
_5505_, 162.64, 73.44, 1.7809
_6892_, 162.64, 73.44, 1.7809
_6894_, 162.64, 73.44, 1.7809
hold603, 162.64, 73.44, 1.7809
FILLER_0_23_337, 162.64, 73.44, 1.7809
_3634_, 188.24, 73.44, 1.78015
_3635_, 188.24, 73.44, 1.78015
_6837_, 188.24, 73.44, 1.78015
_7106_, 188.24, 73.44, 1.78015
FILLER_0_22_389, 188.24, 73.44, 1.78015
FILLER_0_23_384, 188.24, 73.44, 1.78015
FILLER_0_24_401, 188.24, 73.44, 1.78015
_3570_, 201.04, 73.44, 1.77981
_3597_, 201.04, 73.44, 1.77981
_7092_, 201.04, 73.44, 1.77981
FILLER_0_24_429, 201.04, 73.44, 1.77981
_3565_, 213.84, 73.44, 1.77951
_3569_, 213.84, 73.44, 1.77951
_3571_, 213.84, 73.44, 1.77951
FILLER_0_23_444, 213.84, 73.44, 1.77951
FILLER_0_24_464, 213.84, 73.44, 1.77951
_3544_, 226.64, 73.44, 1.77923
_3556_, 226.64, 73.44, 1.77923
_3580_, 226.64, 73.44, 1.77923
_3582_, 226.64, 73.44, 1.77923
_3588_, 226.64, 73.44, 1.77923
FILLER_0_22_477, 226.64, 73.44, 1.77923
FILLER_0_23_473, 226.64, 73.44, 1.77923
FILLER_0_23_494, 226.64, 73.44, 1.77923
_6999_, 239.44, 73.44, 1.77898
_7008_, 239.44, 73.44, 1.77898
clkbuf_leaf_82_clk, 239.44, 73.44, 1.77898
hold691, 239.44, 73.44, 1.77898
FILLER_0_23_505, 239.44, 73.44, 1.77898
_7089_, 252.24, 73.44, 1.77878
_7090_, 252.24, 73.44, 1.77878
hold633, 252.24, 73.44, 1.77878
FILLER_0_22_529, 252.24, 73.44, 1.77878
FILLER_0_23_550, 252.24, 73.44, 1.77878
_5951_, 265.04, 73.44, 1.7786
_7039_, 265.04, 73.44, 1.7786
_7040_, 265.04, 73.44, 1.7786
_7079_, 265.04, 73.44, 1.7786
_7080_, 265.04, 73.44, 1.7786
_7922_, 265.04, 73.44, 1.7786
FILLER_0_22_557, 265.04, 73.44, 1.7786
FILLER_0_23_570, 265.04, 73.44, 1.7786
_7034_, 277.84, 73.44, 1.77844
_7914_, 277.84, 73.44, 1.77844
_7920_, 277.84, 73.44, 1.77844
hold539, 277.84, 73.44, 1.77844
FILLER_0_22_580, 277.84, 73.44, 1.77844
FILLER_0_22_589, 277.84, 73.44, 1.77844
_7012_, 290.64, 73.44, 1.77831
_7013_, 290.64, 73.44, 1.77831
_7934_, 290.64, 73.44, 1.77831
hold523, 290.64, 73.44, 1.77831
FILLER_0_22_617, 290.64, 73.44, 1.77831
FILLER_0_23_613, 290.64, 73.44, 1.77831
FILLER_0_23_617, 290.64, 73.44, 1.77831
FILLER_0_24_626, 290.64, 73.44, 1.77831
_5920_, 303.44, 73.44, 1.7782
_5921_, 303.44, 73.44, 1.7782
_7025_, 303.44, 73.44, 1.7782
_7026_, 303.44, 73.44, 1.7782
_7916_, 303.44, 73.44, 1.7782
hold515, 303.44, 73.44, 1.7782
hold582, 303.44, 73.44, 1.7782
_7259_, 316.24, 73.44, 1.77815
hold536, 316.24, 73.44, 1.77815
hold570, 316.24, 73.44, 1.77815
_3931_, 5.52, 68, 1.78744
_7166_, 5.52, 68, 1.78744
PHY_40, 5.52, 68, 1.78744
PHY_42, 5.52, 68, 1.78744
input7, 5.52, 68, 1.78744
FILLER_0_22_23, 13.68, 68, 1.78745
_4709_, 34.64, 68, 1.78679
_7358_, 34.64, 68, 1.78679
_7374_, 34.64, 68, 1.78679
hold100, 34.64, 68, 1.78679
FILLER_0_21_69, 34.64, 68, 1.78679
_4795_, 47.44, 68, 1.78617
_4796_, 47.44, 68, 1.78617
hold494, 47.44, 68, 1.78617
FILLER_0_21_92, 47.44, 68, 1.78617
FILLER_0_21_99, 47.44, 68, 1.78617
_4805_, 60.24, 68, 1.78556
_4815_, 60.24, 68, 1.78556
_7376_, 60.24, 68, 1.78556
FILLER_0_21_125, 60.24, 68, 1.78556
FILLER_0_22_130, 60.24, 68, 1.78556
_4681_, 73.04, 68, 1.78499
_4682_, 73.04, 68, 1.78499
FILLER_0_21_161, 85.84, 68, 1.78442
FILLER_0_22_187, 85.84, 68, 1.78442
_3998_, 98.64, 68, 1.78386
_4001_, 98.64, 68, 1.78386
_4003_, 98.64, 68, 1.78386
_7195_, 98.64, 68, 1.78386
FILLER_0_21_193, 98.64, 68, 1.78386
_4014_, 111.44, 68, 1.78332
_4015_, 111.44, 68, 1.78332
_4024_, 111.44, 68, 1.78332
_4025_, 111.44, 68, 1.78332
_4035_, 111.44, 68, 1.78332
_4037_, 111.44, 68, 1.78332
_4050_, 111.44, 68, 1.78332
hold463, 111.44, 68, 1.78332
_4046_, 124.24, 68, 1.78282
_7198_, 124.24, 68, 1.78282
FILLER_0_20_248, 124.24, 68, 1.78282
FILLER_0_20_253, 124.24, 68, 1.78282
FILLER_0_21_249, 124.24, 68, 1.78282
_4041_, 137.04, 68, 1.78234
_6845_, 137.04, 68, 1.78234
_6846_, 137.04, 68, 1.78234
_6853_, 137.04, 68, 1.78234
FILLER_0_20_278, 137.04, 68, 1.78234
FILLER_0_21_281, 137.04, 68, 1.78234
FILLER_0_22_288, 137.04, 68, 1.78234
_5497_, 149.84, 68, 1.78187
_6928_, 149.84, 68, 1.78187
_6935_, 149.84, 68, 1.78187
_7878_, 149.84, 68, 1.78187
hold549, 149.84, 68, 1.78187
hold588, 149.84, 68, 1.78187
FILLER_0_20_302, 149.84, 68, 1.78187
_5500_, 162.64, 68, 1.78144
_6887_, 162.64, 68, 1.78144
_7860_, 162.64, 68, 1.78144
clkbuf_leaf_99_clk, 162.64, 68, 1.78144
FILLER_0_20_334, 162.64, 68, 1.78144
FILLER_0_21_331, 162.64, 68, 1.78144
FILLER_0_22_353, 162.64, 68, 1.78144
_3625_, 188.24, 68, 1.78074
hold489, 188.24, 68, 1.78074
hold538, 188.24, 68, 1.78074
FILLER_0_21_388, 188.24, 68, 1.78074
FILLER_0_21_393, 188.24, 68, 1.78074
_3551_, 201.04, 68, 1.7804
_3599_, 201.04, 68, 1.7804
_3626_, 201.04, 68, 1.7804
_5460_, 201.04, 68, 1.7804
FILLER_0_20_421, 201.04, 68, 1.7804
FILLER_0_21_432, 201.04, 68, 1.7804
_3579_, 213.84, 68, 1.78009
_3608_, 213.84, 68, 1.78009
FILLER_0_21_440, 213.84, 68, 1.78009
FILLER_0_21_460, 213.84, 68, 1.78009
FILLER_0_22_461, 213.84, 68, 1.78009
_3543_, 226.64, 68, 1.77979
_3555_, 226.64, 68, 1.77979
_3581_, 226.64, 68, 1.77979
_3584_, 226.64, 68, 1.77979
_3586_, 226.64, 68, 1.77979
_3587_, 226.64, 68, 1.77979
_7096_, 226.64, 68, 1.77979
hold244, 226.64, 68, 1.77979
FILLER_0_20_473, 226.64, 68, 1.77979
_6998_, 239.44, 68, 1.77953
_7005_, 239.44, 68, 1.77953
_7006_, 239.44, 68, 1.77953
_7908_, 239.44, 68, 1.77953
_7909_, 239.44, 68, 1.77953
hold669, 239.44, 68, 1.77953
FILLER_0_21_496, 239.44, 68, 1.77953
_5943_, 252.24, 68, 1.77929
_7086_, 252.24, 68, 1.77929
_7943_, 252.24, 68, 1.77929
hold517, 252.24, 68, 1.77929
FILLER_0_20_533, 252.24, 68, 1.77929
FILLER_0_21_531, 252.24, 68, 1.77929
FILLER_0_22_544, 252.24, 68, 1.77929
_5954_, 265.04, 68, 1.77908
_7944_, 265.04, 68, 1.77908
hold526, 265.04, 68, 1.77908
hold611, 265.04, 68, 1.77908
FILLER_0_21_561, 265.04, 68, 1.77908
FILLER_0_22_569, 265.04, 68, 1.77908
_7033_, 277.84, 68, 1.7789
_7048_, 277.84, 68, 1.7789
_7061_, 277.84, 68, 1.7789
_7075_, 277.84, 68, 1.7789
_7932_, 277.84, 68, 1.7789
hold621, 277.84, 68, 1.7789
FILLER_0_21_591, 277.84, 68, 1.7789
FILLER_0_22_597, 277.84, 68, 1.7789
_5953_, 290.64, 68, 1.77876
_7066_, 290.64, 68, 1.77876
_7067_, 290.64, 68, 1.77876
_7076_, 290.64, 68, 1.77876
hold642, 290.64, 68, 1.77876
FILLER_0_21_625, 290.64, 68, 1.77876
FILLER_0_22_633, 290.64, 68, 1.77876
_5960_, 303.44, 68, 1.77864
_7052_, 303.44, 68, 1.77864
_7053_, 303.44, 68, 1.77864
_7077_, 303.44, 68, 1.77864
_7928_, 303.44, 68, 1.77864
_7939_, 303.44, 68, 1.77864
FILLER_0_22_653, 303.44, 68, 1.77864
_7063_, 316.24, 68, 1.77857
_7933_, 316.24, 68, 1.77857
hold590, 316.24, 68, 1.77857
FILLER_0_20_667, 316.24, 68, 1.77857
FILLER_0_21_668, 316.24, 68, 1.77857
PHY_36, 5.52, 62.56, 1.78844
PHY_38, 5.52, 62.56, 1.78844
_4772_, 34.64, 62.56, 1.78765
_4780_, 34.64, 62.56, 1.78765
_7373_, 34.64, 62.56, 1.78765
FILLER_0_18_53, 34.64, 62.56, 1.78765
FILLER_0_19_51, 34.64, 62.56, 1.78765
_4770_, 47.44, 62.56, 1.78688
_4771_, 47.44, 62.56, 1.78688
_4773_, 47.44, 62.56, 1.78688
_4785_, 47.44, 62.56, 1.78688
_4786_, 47.44, 62.56, 1.78688
_4792_, 47.44, 62.56, 1.78688
FILLER_0_19_99, 47.44, 62.56, 1.78688
_4757_, 60.24, 62.56, 1.78614
_4807_, 60.24, 62.56, 1.78614
_7368_, 60.24, 62.56, 1.78614
_7371_, 60.24, 62.56, 1.78614
hold784, 60.24, 62.56, 1.78614
FILLER_0_19_107, 60.24, 62.56, 1.78614
FILLER_0_19_113, 60.24, 62.56, 1.78614
_4722_, 73.04, 62.56, 1.78544
_7342_, 73.04, 62.56, 1.78544
clkbuf_leaf_104_clk, 73.04, 62.56, 1.78544
FILLER_0_18_134, 73.04, 62.56, 1.78544
_4730_, 85.84, 62.56, 1.78484
_7194_, 85.84, 62.56, 1.78484
_7369_, 85.84, 62.56, 1.78484
hold628, 85.84, 62.56, 1.78484
_3993_, 98.64, 62.56, 1.78427
_3994_, 98.64, 62.56, 1.78427
_4002_, 98.64, 62.56, 1.78427
_4013_, 98.64, 62.56, 1.78427
_4016_, 98.64, 62.56, 1.78427
hold511, 98.64, 62.56, 1.78427
FILLER_0_18_193, 98.64, 62.56, 1.78427
FILLER_0_20_211, 98.64, 62.56, 1.78427
_4005_, 111.44, 62.56, 1.78373
_4007_, 111.44, 62.56, 1.78373
_4010_, 111.44, 62.56, 1.78373
_4011_, 111.44, 62.56, 1.78373
_4012_, 111.44, 62.56, 1.78373
_4036_, 111.44, 62.56, 1.78373
_4049_, 111.44, 62.56, 1.78373
FILLER_0_19_220, 111.44, 62.56, 1.78373
FILLER_0_19_225, 111.44, 62.56, 1.78373
FILLER_0_20_233, 111.44, 62.56, 1.78373
_3617_, 124.24, 62.56, 1.78322
_4034_, 124.24, 62.56, 1.78322
_4039_, 124.24, 62.56, 1.78322
_4047_, 124.24, 62.56, 1.78322
_4048_, 124.24, 62.56, 1.78322
_4052_, 124.24, 62.56, 1.78322
_4053_, 124.24, 62.56, 1.78322
FILLER_0_19_257, 124.24, 62.56, 1.78322
FILLER_0_19_265, 124.24, 62.56, 1.78322
_4042_, 137.04, 62.56, 1.78275
_4043_, 137.04, 62.56, 1.78275
_4044_, 137.04, 62.56, 1.78275
_6856_, 137.04, 62.56, 1.78275
_7842_, 137.04, 62.56, 1.78275
_7847_, 137.04, 62.56, 1.78275
_5465_, 149.84, 62.56, 1.78233
_6927_, 149.84, 62.56, 1.78233
_6938_, 149.84, 62.56, 1.78233
_7883_, 149.84, 62.56, 1.78233
hold596, 149.84, 62.56, 1.78233
hold597, 149.84, 62.56, 1.78233
FILLER_0_18_302, 149.84, 62.56, 1.78233
_3641_, 162.64, 62.56, 1.78195
_5473_, 162.64, 62.56, 1.78195
_6886_, 162.64, 62.56, 1.78195
_7865_, 162.64, 62.56, 1.78195
hold663, 162.64, 62.56, 1.78195
FILLER_0_18_334, 162.64, 62.56, 1.78195
FILLER_0_19_333, 162.64, 62.56, 1.78195
FILLER_0_19_337, 162.64, 62.56, 1.78195
_5512_, 188.24, 62.56, 1.78118
_6831_, 188.24, 62.56, 1.78118
_6832_, 188.24, 62.56, 1.78118
_7103_, 188.24, 62.56, 1.78118
hold477, 188.24, 62.56, 1.78118
FILLER_0_18_390, 188.24, 62.56, 1.78118
FILLER_0_19_389, 188.24, 62.56, 1.78118
FILLER_0_19_410, 188.24, 62.56, 1.78118
_3600_, 201.04, 62.56, 1.78079
_3603_, 201.04, 62.56, 1.78079
_7091_, 201.04, 62.56, 1.78079
_7098_, 201.04, 62.56, 1.78079
hold433, 201.04, 62.56, 1.78079
FILLER_0_18_421, 201.04, 62.56, 1.78079
FILLER_0_20_435, 201.04, 62.56, 1.78079
_3604_, 213.84, 62.56, 1.78046
_3606_, 213.84, 62.56, 1.78046
_7094_, 213.84, 62.56, 1.78046
hold535, 213.84, 62.56, 1.78046
_3583_, 226.64, 62.56, 1.78016
_3585_, 226.64, 62.56, 1.78016
_7095_, 226.64, 62.56, 1.78016
FILLER_0_18_467, 226.64, 62.56, 1.78016
FILLER_0_20_481, 226.64, 62.56, 1.78016
_7004_, 239.44, 62.56, 1.77988
_7007_, 239.44, 62.56, 1.77988
_7907_, 239.44, 62.56, 1.77988
FILLER_0_19_505, 239.44, 62.56, 1.77988
FILLER_0_19_512, 239.44, 62.56, 1.77988
_5927_, 252.24, 62.56, 1.77962
_7085_, 252.24, 62.56, 1.77962
_7941_, 252.24, 62.56, 1.77962
hold583, 252.24, 62.56, 1.77962
hold655, 252.24, 62.56, 1.77962
FILLER_0_19_541, 252.24, 62.56, 1.77962
FILLER_0_20_548, 252.24, 62.56, 1.77962
_6990_, 265.04, 62.56, 1.77938
_7087_, 265.04, 62.56, 1.77938
_7088_, 265.04, 62.56, 1.77938
_7926_, 265.04, 62.56, 1.77938
clkbuf_leaf_81_clk, 265.04, 62.56, 1.77938
FILLER_0_19_561, 265.04, 62.56, 1.77938
_7044_, 277.84, 62.56, 1.77921
_7060_, 277.84, 62.56, 1.77921
_7074_, 277.84, 62.56, 1.77921
_7938_, 277.84, 62.56, 1.77921
FILLER_0_18_589, 277.84, 62.56, 1.77921
_5952_, 290.64, 62.56, 1.77908
_7073_, 290.64, 62.56, 1.77908
_7937_, 290.64, 62.56, 1.77908
hold551, 290.64, 62.56, 1.77908
FILLER_0_18_610, 290.64, 62.56, 1.77908
FILLER_0_18_618, 290.64, 62.56, 1.77908
FILLER_0_19_609, 290.64, 62.56, 1.77908
FILLER_0_20_632, 290.64, 62.56, 1.77908
_5928_, 303.44, 62.56, 1.77897
_5944_, 303.44, 62.56, 1.77897
_7058_, 303.44, 62.56, 1.77897
_7062_, 303.44, 62.56, 1.77897
FILLER_0_18_645, 303.44, 62.56, 1.77897
FILLER_0_20_653, 303.44, 62.56, 1.77897
_7059_, 316.24, 62.56, 1.77889
clkbuf_leaf_78_clk, 316.24, 62.56, 1.77889
hold513, 316.24, 62.56, 1.77889
FILLER_0_19_669, 316.24, 62.56, 1.77889
PHY_32, 5.52, 57.12, 1.78954
PHY_34, 5.52, 57.12, 1.78954
_4778_, 34.64, 57.12, 1.7888
FILLER_0_17_51, 34.64, 57.12, 1.7888
FILLER_0_17_57, 34.64, 57.12, 1.7888
FILLER_0_18_71, 34.64, 57.12, 1.7888
_4691_, 47.44, 57.12, 1.78806
_4766_, 47.44, 57.12, 1.78806
_4776_, 47.44, 57.12, 1.78806
_4791_, 47.44, 57.12, 1.78806
FILLER_0_17_82, 47.44, 57.12, 1.78806
FILLER_0_17_102, 47.44, 57.12, 1.78806
FILLER_0_18_92, 47.44, 57.12, 1.78806
_4755_, 60.24, 57.12, 1.78736
_4756_, 60.24, 57.12, 1.78736
_4788_, 60.24, 57.12, 1.78736
_4806_, 60.24, 57.12, 1.78736
_4725_, 73.04, 57.12, 1.78667
_4726_, 73.04, 57.12, 1.78667
_4728_, 73.04, 57.12, 1.78667
_4729_, 73.04, 57.12, 1.78667
_4732_, 73.04, 57.12, 1.78667
hold466, 73.04, 57.12, 1.78667
FILLER_0_17_144, 73.04, 57.12, 1.78667
_3956_, 85.84, 57.12, 1.78602
_3992_, 85.84, 57.12, 1.78602
_4723_, 85.84, 57.12, 1.78602
_4724_, 85.84, 57.12, 1.78602
_4731_, 85.84, 57.12, 1.78602
FILLER_0_18_181, 85.84, 57.12, 1.78602
_3884_, 98.64, 57.12, 1.78537
_3989_, 98.64, 57.12, 1.78537
_3995_, 98.64, 57.12, 1.78537
_4006_, 98.64, 57.12, 1.78537
_4009_, 98.64, 57.12, 1.78537
clkbuf_leaf_103_clk, 98.64, 57.12, 1.78537
_4004_, 111.44, 57.12, 1.7848
_4017_, 111.44, 57.12, 1.7848
_4022_, 111.44, 57.12, 1.7848
_4023_, 111.44, 57.12, 1.7848
_4051_, 111.44, 57.12, 1.7848
FILLER_0_17_220, 111.44, 57.12, 1.7848
FILLER_0_18_243, 111.44, 57.12, 1.7848
_4028_, 124.24, 57.12, 1.78425
_4033_, 124.24, 57.12, 1.78425
_4040_, 124.24, 57.12, 1.78425
_4045_, 124.24, 57.12, 1.78425
FILLER_0_17_271, 124.24, 57.12, 1.78425
_6848_, 137.04, 57.12, 1.78373
_6855_, 137.04, 57.12, 1.78373
FILLER_0_17_293, 137.04, 57.12, 1.78373
FILLER_0_18_288, 137.04, 57.12, 1.78373
_5513_, 149.84, 57.12, 1.78321
_6930_, 149.84, 57.12, 1.78321
_6937_, 149.84, 57.12, 1.78321
hold579, 149.84, 57.12, 1.78321
hold595, 149.84, 57.12, 1.78321
FILLER_0_16_309, 149.84, 57.12, 1.78321
FILLER_0_17_300, 149.84, 57.12, 1.78321
_5516_, 162.64, 57.12, 1.78271
_6889_, 162.64, 57.12, 1.78271
_6896_, 162.64, 57.12, 1.78271
_7861_, 162.64, 57.12, 1.78271
hold577, 162.64, 57.12, 1.78271
hold634, 162.64, 57.12, 1.78271
FILLER_0_17_333, 162.64, 57.12, 1.78271
_3628_, 188.24, 57.12, 1.7818
_5474_, 188.24, 57.12, 1.7818
_5480_, 188.24, 57.12, 1.7818
clkbuf_leaf_87_clk, 188.24, 57.12, 1.7818
hold542, 188.24, 57.12, 1.7818
_3602_, 201.04, 57.12, 1.78143
_3605_, 201.04, 57.12, 1.78143
_3629_, 201.04, 57.12, 1.78143
_7099_, 201.04, 57.12, 1.78143
FILLER_0_16_417, 201.04, 57.12, 1.78143
FILLER_0_17_421, 201.04, 57.12, 1.78143
_3562_, 213.84, 57.12, 1.78109
_3564_, 213.84, 57.12, 1.78109
_3607_, 213.84, 57.12, 1.78109
_3609_, 213.84, 57.12, 1.78109
_3610_, 213.84, 57.12, 1.78109
_3611_, 213.84, 57.12, 1.78109
_3612_, 213.84, 57.12, 1.78109
hold499, 213.84, 57.12, 1.78109
FILLER_0_17_453, 213.84, 57.12, 1.78109
_3614_, 226.64, 57.12, 1.78078
_3615_, 226.64, 57.12, 1.78078
_7101_, 226.64, 57.12, 1.78078
hold123, 226.64, 57.12, 1.78078
FILLER_0_17_491, 226.64, 57.12, 1.78078
_6780_, 239.44, 57.12, 1.78051
_7000_, 239.44, 57.12, 1.78051
_7001_, 239.44, 57.12, 1.78051
_7905_, 239.44, 57.12, 1.78051
FILLER_0_17_499, 239.44, 57.12, 1.78051
_7081_, 252.24, 57.12, 1.78024
_7082_, 252.24, 57.12, 1.78024
_7900_, 252.24, 57.12, 1.78024
hold512, 252.24, 57.12, 1.78024
FILLER_0_16_526, 252.24, 57.12, 1.78024
FILLER_0_17_526, 252.24, 57.12, 1.78024
_5939_, 265.04, 57.12, 1.78
_7047_, 265.04, 57.12, 1.78
_7924_, 265.04, 57.12, 1.78
hold488, 265.04, 57.12, 1.78
FILLER_0_17_569, 265.04, 57.12, 1.78
FILLER_0_18_570, 265.04, 57.12, 1.78
_5908_, 277.84, 57.12, 1.77978
_7017_, 277.84, 57.12, 1.77978
_7912_, 277.84, 57.12, 1.77978
hold518, 277.84, 57.12, 1.77978
FILLER_0_16_585, 277.84, 57.12, 1.77978
_5937_, 290.64, 57.12, 1.7796
_7030_, 290.64, 57.12, 1.7796
_7072_, 290.64, 57.12, 1.7796
_7918_, 290.64, 57.12, 1.7796
_7935_, 290.64, 57.12, 1.7796
hold545, 290.64, 57.12, 1.7796
_7055_, 303.44, 57.12, 1.77947
_7068_, 303.44, 57.12, 1.77947
_7069_, 303.44, 57.12, 1.77947
_7929_, 303.44, 57.12, 1.77947
_7931_, 303.44, 57.12, 1.77947
FILLER_0_16_640, 303.44, 57.12, 1.77947
FILLER_0_17_649, 303.44, 57.12, 1.77947
hold534, 316.24, 57.12, 1.77937
PHY_28, 5.52, 51.68, 1.7906
PHY_30, 5.52, 51.68, 1.7906
_4767_, 34.64, 51.68, 1.78981
_4768_, 34.64, 51.68, 1.78981
_4769_, 34.64, 51.68, 1.78981
_4777_, 34.64, 51.68, 1.78981
_7372_, 34.64, 51.68, 1.78981
FILLER_0_15_51, 34.64, 51.68, 1.78981
FILLER_0_15_57, 34.64, 51.68, 1.78981
FILLER_0_15_74, 34.64, 51.68, 1.78981
FILLER_0_16_75, 34.64, 51.68, 1.78981
_4764_, 47.44, 51.68, 1.78905
_4765_, 47.44, 51.68, 1.78905
_4789_, 47.44, 51.68, 1.78905
_4790_, 47.44, 51.68, 1.78905
_4735_, 60.24, 51.68, 1.7883
_4740_, 60.24, 51.68, 1.7883
_4744_, 60.24, 51.68, 1.7883
_4753_, 60.24, 51.68, 1.7883
_4754_, 60.24, 51.68, 1.7883
_4758_, 60.24, 51.68, 1.7883
FILLER_0_14_109, 60.24, 51.68, 1.7883
FILLER_0_15_108, 60.24, 51.68, 1.7883
FILLER_0_15_117, 60.24, 51.68, 1.7883
FILLER_0_16_124, 60.24, 51.68, 1.7883
_4727_, 73.04, 51.68, 1.78759
_4733_, 73.04, 51.68, 1.78759
_4734_, 73.04, 51.68, 1.78759
_4741_, 73.04, 51.68, 1.78759
_4742_, 73.04, 51.68, 1.78759
FILLER_0_15_140, 73.04, 51.68, 1.78759
FILLER_0_15_150, 73.04, 51.68, 1.78759
FILLER_0_15_158, 73.04, 51.68, 1.78759
_3957_, 85.84, 51.68, 1.78689
_3991_, 85.84, 51.68, 1.78689
_7181_, 85.84, 51.68, 1.78689
hold772, 85.84, 51.68, 1.78689
_3879_, 98.64, 51.68, 1.78622
_3996_, 98.64, 51.68, 1.78622
_3997_, 98.64, 51.68, 1.78622
_4008_, 98.64, 51.68, 1.78622
FILLER_0_15_213, 98.64, 51.68, 1.78622
_4018_, 111.44, 51.68, 1.78558
_4020_, 111.44, 51.68, 1.78558
_4021_, 111.44, 51.68, 1.78558
FILLER_0_15_221, 111.44, 51.68, 1.78558
FILLER_0_15_225, 111.44, 51.68, 1.78558
FILLER_0_15_244, 111.44, 51.68, 1.78558
FILLER_0_16_237, 111.44, 51.68, 1.78558
_3893_, 124.24, 51.68, 1.78495
_4029_, 124.24, 51.68, 1.78495
_4032_, 124.24, 51.68, 1.78495
_4357_, 124.24, 51.68, 1.78495
_7426_, 124.24, 51.68, 1.78495
FILLER_0_14_248, 124.24, 51.68, 1.78495
FILLER_0_15_259, 124.24, 51.68, 1.78495
FILLER_0_16_263, 124.24, 51.68, 1.78495
_5033_, 137.04, 51.68, 1.78437
_6847_, 137.04, 51.68, 1.78437
_7843_, 137.04, 51.68, 1.78437
_7844_, 137.04, 51.68, 1.78437
hold417, 137.04, 51.68, 1.78437
FILLER_0_15_272, 137.04, 51.68, 1.78437
_6778_, 149.84, 51.68, 1.78383
_6844_, 149.84, 51.68, 1.78383
_6929_, 149.84, 51.68, 1.78383
_6932_, 149.84, 51.68, 1.78383
_7879_, 149.84, 51.68, 1.78383
FILLER_0_14_305, 149.84, 51.68, 1.78383
FILLER_0_15_316, 149.84, 51.68, 1.78383
_5481_, 162.64, 51.68, 1.78334
_6888_, 162.64, 51.68, 1.78334
FILLER_0_14_340, 162.64, 51.68, 1.78334
FILLER_0_15_328, 162.64, 51.68, 1.78334
FILLER_0_15_353, 162.64, 51.68, 1.78334
_5485_, 188.24, 51.68, 1.78245
_6830_, 188.24, 51.68, 1.78245
_6833_, 188.24, 51.68, 1.78245
_7104_, 188.24, 51.68, 1.78245
hold473, 188.24, 51.68, 1.78245
hold556, 188.24, 51.68, 1.78245
FILLER_0_14_389, 188.24, 51.68, 1.78245
_6799_, 201.04, 51.68, 1.78209
_6800_, 201.04, 51.68, 1.78209
_7827_, 201.04, 51.68, 1.78209
hold316, 201.04, 51.68, 1.78209
FILLER_0_14_412, 201.04, 51.68, 1.78209
_7100_, 213.84, 51.68, 1.78176
hold498, 213.84, 51.68, 1.78176
_3616_, 226.64, 51.68, 1.78145
_7102_, 226.64, 51.68, 1.78145
_7820_, 226.64, 51.68, 1.78145
FILLER_0_14_477, 226.64, 51.68, 1.78145
FILLER_0_15_489, 226.64, 51.68, 1.78145
FILLER_0_16_489, 226.64, 51.68, 1.78145
_6772_, 239.44, 51.68, 1.78117
_6779_, 239.44, 51.68, 1.78117
_7003_, 239.44, 51.68, 1.78117
hold760, 239.44, 51.68, 1.78117
FILLER_0_15_505, 239.44, 51.68, 1.78117
FILLER_0_15_513, 239.44, 51.68, 1.78117
FILLER_0_15_519, 239.44, 51.68, 1.78117
_5935_, 252.24, 51.68, 1.78091
_6989_, 252.24, 51.68, 1.78091
_7084_, 252.24, 51.68, 1.78091
_7942_, 252.24, 51.68, 1.78091
hold589, 252.24, 51.68, 1.78091
FILLER_0_15_533, 252.24, 51.68, 1.78091
FILLER_0_16_545, 252.24, 51.68, 1.78091
_5934_, 265.04, 51.68, 1.78066
_5938_, 265.04, 51.68, 1.78066
_6984_, 265.04, 51.68, 1.78066
_6997_, 265.04, 51.68, 1.78066
_7043_, 265.04, 51.68, 1.78066
_7078_, 265.04, 51.68, 1.78066
_5919_, 277.84, 51.68, 1.78043
_7010_, 277.84, 51.68, 1.78043
_7011_, 277.84, 51.68, 1.78043
_7016_, 277.84, 51.68, 1.78043
_7024_, 277.84, 51.68, 1.78043
_7065_, 277.84, 51.68, 1.78043
FILLER_0_14_584, 277.84, 51.68, 1.78043
FILLER_0_14_589, 277.84, 51.68, 1.78043
_5916_, 290.64, 51.68, 1.78023
_7029_, 290.64, 51.68, 1.78023
hold514, 290.64, 51.68, 1.78023
FILLER_0_14_608, 290.64, 51.68, 1.78023
FILLER_0_15_626, 290.64, 51.68, 1.78023
_5936_, 303.44, 51.68, 1.78003
_7054_, 303.44, 51.68, 1.78003
_7056_, 303.44, 51.68, 1.78003
_7057_, 303.44, 51.68, 1.78003
_7070_, 303.44, 51.68, 1.78003
hold500, 303.44, 51.68, 1.78003
hold505, 303.44, 51.68, 1.78003
FILLER_0_15_669, 316.24, 51.68, 1.77987
PHY_24, 5.52, 46.24, 1.79169
PHY_26, 5.52, 46.24, 1.79169
_4762_, 34.64, 46.24, 1.79084
FILLER_0_13_51, 34.64, 46.24, 1.79084
FILLER_0_13_69, 34.64, 46.24, 1.79084
_4748_, 47.44, 46.24, 1.79
_4749_, 47.44, 46.24, 1.79
_4750_, 47.44, 46.24, 1.79
_4759_, 47.44, 46.24, 1.79
_4763_, 47.44, 46.24, 1.79
_4775_, 47.44, 46.24, 1.79
hold562, 47.44, 46.24, 1.79
FILLER_0_13_94, 47.44, 46.24, 1.79
FILLER_0_14_97, 47.44, 46.24, 1.79
_4737_, 60.24, 46.24, 1.78919
_4745_, 60.24, 46.24, 1.78919
FILLER_0_12_110, 60.24, 46.24, 1.78919
FILLER_0_13_106, 60.24, 46.24, 1.78919
FILLER_0_13_125, 60.24, 46.24, 1.78919
FILLER_0_14_119, 60.24, 46.24, 1.78919
_4688_, 73.04, 46.24, 1.78839
_4743_, 73.04, 46.24, 1.78839
_7345_, 73.04, 46.24, 1.78839
_7370_, 73.04, 46.24, 1.78839
FILLER_0_13_142, 73.04, 46.24, 1.78839
FILLER_0_13_150, 73.04, 46.24, 1.78839
FILLER_0_13_160, 73.04, 46.24, 1.78839
_3644_, 85.84, 46.24, 1.78764
_4683_, 85.84, 46.24, 1.78764
_7109_, 85.84, 46.24, 1.78764
hold563, 85.84, 46.24, 1.78764
FILLER_0_13_169, 85.84, 46.24, 1.78764
FILLER_0_13_188, 85.84, 46.24, 1.78764
_3980_, 98.64, 46.24, 1.78693
_3981_, 98.64, 46.24, 1.78693
_3982_, 98.64, 46.24, 1.78693
_3983_, 98.64, 46.24, 1.78693
_3990_, 98.64, 46.24, 1.78693
FILLER_0_13_216, 98.64, 46.24, 1.78693
FILLER_0_14_214, 98.64, 46.24, 1.78693
_3648_, 111.44, 46.24, 1.78625
_4019_, 111.44, 46.24, 1.78625
_4030_, 111.44, 46.24, 1.78625
_4031_, 111.44, 46.24, 1.78625
_4692_, 111.44, 46.24, 1.78625
FILLER_0_13_231, 111.44, 46.24, 1.78625
FILLER_0_13_239, 111.44, 46.24, 1.78625
_3647_, 124.24, 46.24, 1.78559
_3649_, 124.24, 46.24, 1.78559
_7110_, 124.24, 46.24, 1.78559
FILLER_0_12_249, 124.24, 46.24, 1.78559
FILLER_0_12_256, 124.24, 46.24, 1.78559
FILLER_0_13_271, 124.24, 46.24, 1.78559
FILLER_0_14_265, 124.24, 46.24, 1.78559
_6849_, 137.04, 46.24, 1.78499
_6850_, 137.04, 46.24, 1.78499
_6913_, 137.04, 46.24, 1.78499
hold547, 137.04, 46.24, 1.78499
FILLER_0_13_281, 137.04, 46.24, 1.78499
FILLER_0_13_297, 137.04, 46.24, 1.78499
_6843_, 149.84, 46.24, 1.7844
_6912_, 149.84, 46.24, 1.7844
_7880_, 149.84, 46.24, 1.7844
clkbuf_leaf_100_clk, 149.84, 46.24, 1.7844
_5489_, 162.64, 46.24, 1.78388
_5492_, 162.64, 46.24, 1.78388
_6866_, 162.64, 46.24, 1.78388
_6885_, 162.64, 46.24, 1.78388
_6926_, 162.64, 46.24, 1.78388
_7862_, 162.64, 46.24, 1.78388
hold606, 162.64, 46.24, 1.78388
_3624_, 188.24, 46.24, 1.78294
_6792_, 188.24, 46.24, 1.78294
_6829_, 188.24, 46.24, 1.78294
_6884_, 188.24, 46.24, 1.78294
FILLER_0_12_385, 188.24, 46.24, 1.78294
FILLER_0_12_391, 188.24, 46.24, 1.78294
FILLER_0_13_388, 188.24, 46.24, 1.78294
FILLER_0_13_393, 188.24, 46.24, 1.78294
FILLER_0_13_409, 188.24, 46.24, 1.78294
FILLER_0_14_400, 188.24, 46.24, 1.78294
_6793_, 201.04, 46.24, 1.7825
_6796_, 201.04, 46.24, 1.7825
_6797_, 201.04, 46.24, 1.7825
_6798_, 201.04, 46.24, 1.7825
_7826_, 201.04, 46.24, 1.7825
FILLER_0_12_417, 201.04, 46.24, 1.7825
_3613_, 213.84, 46.24, 1.78208
_6098_, 213.84, 46.24, 1.78208
_7653_, 213.84, 46.24, 1.78208
FILLER_0_14_453, 213.84, 46.24, 1.78208
FILLER_0_14_466, 213.84, 46.24, 1.78208
_3618_, 226.64, 46.24, 1.78169
_5194_, 226.64, 46.24, 1.78169
_7897_, 226.64, 46.24, 1.78169
clkbuf_leaf_83_clk, 226.64, 46.24, 1.78169
FILLER_0_12_472, 226.64, 46.24, 1.78169
FILLER_0_13_478, 226.64, 46.24, 1.78169
_6982_, 239.44, 46.24, 1.78141
_7002_, 239.44, 46.24, 1.78141
_7906_, 239.44, 46.24, 1.78141
hold806, 239.44, 46.24, 1.78141
hold837, 239.44, 46.24, 1.78141
FILLER_0_13_513, 239.44, 46.24, 1.78141
FILLER_0_14_510, 239.44, 46.24, 1.78141
_6771_, 252.24, 46.24, 1.78116
_6953_, 252.24, 46.24, 1.78116
_6983_, 252.24, 46.24, 1.78116
_7083_, 252.24, 46.24, 1.78116
hold493, 252.24, 46.24, 1.78116
FILLER_0_12_533, 252.24, 46.24, 1.78116
FILLER_0_13_526, 252.24, 46.24, 1.78116
_6770_, 265.04, 46.24, 1.78093
_7037_, 265.04, 46.24, 1.78093
_7038_, 265.04, 46.24, 1.78093
_7051_, 265.04, 46.24, 1.78093
_7064_, 265.04, 46.24, 1.78093
FILLER_0_12_564, 265.04, 46.24, 1.78093
_5905_, 277.84, 46.24, 1.7807
_5911_, 277.84, 46.24, 1.7807
hold857, 277.84, 46.24, 1.7807
FILLER_0_12_589, 277.84, 46.24, 1.7807
_5913_, 290.64, 46.24, 1.7805
_5915_, 290.64, 46.24, 1.7805
_5917_, 290.64, 46.24, 1.7805
_5918_, 290.64, 46.24, 1.7805
_7071_, 290.64, 46.24, 1.7805
_7936_, 290.64, 46.24, 1.7805
FILLER_0_12_608, 290.64, 46.24, 1.7805
FILLER_0_13_627, 290.64, 46.24, 1.7805
_7930_, 303.44, 46.24, 1.78033
hold502, 303.44, 46.24, 1.78033
FILLER_0_12_640, 303.44, 46.24, 1.78033
FILLER_0_13_666, 316.24, 46.24, 1.78019
PHY_20, 5.52, 40.8, 1.79286
PHY_22, 5.52, 40.8, 1.79286
input8, 5.52, 40.8, 1.79286
FILLER_0_12_18, 13.68, 40.8, 1.79286
_4760_, 34.64, 40.8, 1.792
_4761_, 34.64, 40.8, 1.792
FILLER_0_11_51, 34.64, 40.8, 1.792
FILLER_0_11_69, 34.64, 40.8, 1.792
FILLER_0_12_65, 34.64, 40.8, 1.792
_4687_, 47.44, 40.8, 1.79116
_4689_, 47.44, 40.8, 1.79116
_4746_, 47.44, 40.8, 1.79116
_4747_, 47.44, 40.8, 1.79116
_4774_, 47.44, 40.8, 1.79116
FILLER_0_11_83, 47.44, 40.8, 1.79116
FILLER_0_11_97, 47.44, 40.8, 1.79116
FILLER_0_11_103, 47.44, 40.8, 1.79116
_4736_, 60.24, 40.8, 1.79033
_4738_, 60.24, 40.8, 1.79033
_4739_, 60.24, 40.8, 1.79033
_4751_, 60.24, 40.8, 1.79033
_4752_, 60.24, 40.8, 1.79033
hold739, 60.24, 40.8, 1.79033
FILLER_0_10_109, 60.24, 40.8, 1.79033
FILLER_0_12_123, 60.24, 40.8, 1.79033
_4685_, 73.04, 40.8, 1.78953
_4690_, 73.04, 40.8, 1.78953
hold504, 73.04, 40.8, 1.78953
FILLER_0_10_133, 73.04, 40.8, 1.78953
FILLER_0_11_133, 73.04, 40.8, 1.78953
FILLER_0_11_148, 73.04, 40.8, 1.78953
_3645_, 85.84, 40.8, 1.78876
_3953_, 85.84, 40.8, 1.78876
_4684_, 85.84, 40.8, 1.78876
FILLER_0_11_165, 85.84, 40.8, 1.78876
_3959_, 98.64, 40.8, 1.788
FILLER_0_10_197, 98.64, 40.8, 1.788
FILLER_0_11_198, 98.64, 40.8, 1.788
_7347_, 111.44, 40.8, 1.78725
hold437, 111.44, 40.8, 1.78725
FILLER_0_11_225, 111.44, 40.8, 1.78725
FILLER_0_12_234, 111.44, 40.8, 1.78725
_3633_, 124.24, 40.8, 1.78652
_3636_, 124.24, 40.8, 1.78652
_3639_, 124.24, 40.8, 1.78652
_7875_, 124.24, 40.8, 1.78652
FILLER_0_10_247, 124.24, 40.8, 1.78652
FILLER_0_10_253, 124.24, 40.8, 1.78652
FILLER_0_11_251, 124.24, 40.8, 1.78652
_6907_, 137.04, 40.8, 1.78585
_7869_, 137.04, 40.8, 1.78585
hold632, 137.04, 40.8, 1.78585
hold693, 137.04, 40.8, 1.78585
FILLER_0_12_295, 137.04, 40.8, 1.78585
_5471_, 149.84, 40.8, 1.78521
_6857_, 149.84, 40.8, 1.78521
_6898_, 149.84, 40.8, 1.78521
_6931_, 149.84, 40.8, 1.78521
hold617, 149.84, 40.8, 1.78521
hold638, 149.84, 40.8, 1.78521
_6858_, 162.64, 40.8, 1.78459
_6865_, 162.64, 40.8, 1.78459
_6890_, 162.64, 40.8, 1.78459
_7851_, 162.64, 40.8, 1.78459
hold537, 162.64, 40.8, 1.78459
FILLER_0_12_352, 162.64, 40.8, 1.78459
_3622_, 188.24, 40.8, 1.78346
_3623_, 188.24, 40.8, 1.78346
_5459_, 188.24, 40.8, 1.78346
_6790_, 188.24, 40.8, 1.78346
_6791_, 188.24, 40.8, 1.78346
_7824_, 188.24, 40.8, 1.78346
FILLER_0_11_387, 188.24, 40.8, 1.78346
FILLER_0_11_400, 188.24, 40.8, 1.78346
FILLER_0_11_411, 188.24, 40.8, 1.78346
_6794_, 201.04, 40.8, 1.78299
_6795_, 201.04, 40.8, 1.78299
_7825_, 201.04, 40.8, 1.78299
hold614, 201.04, 40.8, 1.78299
hold672, 201.04, 40.8, 1.78299
hold793, 201.04, 40.8, 1.78299
_6099_, 213.84, 40.8, 1.78258
_6826_, 213.84, 40.8, 1.78258
_7834_, 213.84, 40.8, 1.78258
FILLER_0_10_446, 213.84, 40.8, 1.78258
_3620_, 226.64, 40.8, 1.78219
_7896_, 226.64, 40.8, 1.78219
FILLER_0_10_470, 226.64, 40.8, 1.78219
FILLER_0_12_484, 226.64, 40.8, 1.78219
FILLER_0_12_492, 226.64, 40.8, 1.78219
_6967_, 239.44, 40.8, 1.78184
_6969_, 239.44, 40.8, 1.78184
_6976_, 239.44, 40.8, 1.78184
_6978_, 239.44, 40.8, 1.78184
_6979_, 239.44, 40.8, 1.78184
_6980_, 239.44, 40.8, 1.78184
_6981_, 239.44, 40.8, 1.78184
FILLER_0_11_508, 239.44, 40.8, 1.78184
FILLER_0_11_522, 239.44, 40.8, 1.78184
_7889_, 252.24, 40.8, 1.78153
hold407, 252.24, 40.8, 1.78153
hold408, 252.24, 40.8, 1.78153
_6944_, 265.04, 40.8, 1.78124
_6947_, 265.04, 40.8, 1.78124
_6949_, 265.04, 40.8, 1.78124
_7887_, 265.04, 40.8, 1.78124
clkbuf_leaf_80_clk, 265.04, 40.8, 1.78124
FILLER_0_11_554, 265.04, 40.8, 1.78124
FILLER_0_12_575, 265.04, 40.8, 1.78124
_5906_, 277.84, 40.8, 1.78103
_5907_, 277.84, 40.8, 1.78103
_5910_, 277.84, 40.8, 1.78103
FILLER_0_10_579, 277.84, 40.8, 1.78103
FILLER_0_10_589, 277.84, 40.8, 1.78103
_5912_, 290.64, 40.8, 1.78085
_6965_, 290.64, 40.8, 1.78085
_7893_, 290.64, 40.8, 1.78085
FILLER_0_10_610, 290.64, 40.8, 1.78085
FILLER_0_11_610, 290.64, 40.8, 1.78085
FILLER_0_10_636, 303.44, 40.8, 1.7807
FILLER_0_11_665, 316.24, 40.8, 1.78054
PHY_16, 5.52, 35.36, 1.79401
PHY_18, 5.52, 35.36, 1.79401
FILLER_0_9_51, 34.64, 35.36, 1.79305
FILLER_0_10_77, 34.64, 35.36, 1.79305
FILLER_0_9_105, 47.44, 35.36, 1.79209
_4686_, 73.04, 35.36, 1.79018
_7346_, 73.04, 35.36, 1.79018
clkbuf_leaf_105_clk, 73.04, 35.36, 1.79018
FILLER_0_8_133, 73.04, 35.36, 1.79018
FILLER_0_8_141, 73.04, 35.36, 1.79018
FILLER_0_9_137, 73.04, 35.36, 1.79018
FILLER_0_9_145, 73.04, 35.36, 1.79018
_3952_, 85.84, 35.36, 1.78928
_7179_, 85.84, 35.36, 1.78928
_7343_, 85.84, 35.36, 1.78928
hold490, 85.84, 35.36, 1.78928
hold698, 85.84, 35.36, 1.78928
FILLER_0_8_167, 85.84, 35.36, 1.78928
FILLER_0_10_176, 85.84, 35.36, 1.78928
_3955_, 98.64, 35.36, 1.78844
_3958_, 98.64, 35.36, 1.78844
_7180_, 98.64, 35.36, 1.78844
_7182_, 98.64, 35.36, 1.78844
hold652, 98.64, 35.36, 1.78844
hold759, 98.64, 35.36, 1.78844
FILLER_0_8_191, 98.64, 35.36, 1.78844
FILLER_0_8_197, 98.64, 35.36, 1.78844
_3961_, 111.44, 35.36, 1.78766
_7183_, 111.44, 35.36, 1.78766
hold665, 111.44, 35.36, 1.78766
FILLER_0_9_225, 111.44, 35.36, 1.78766
_3627_, 124.24, 35.36, 1.78692
_6920_, 124.24, 35.36, 1.78692
_6921_, 124.24, 35.36, 1.78692
_7872_, 124.24, 35.36, 1.78692
clkbuf_leaf_102_clk, 124.24, 35.36, 1.78692
FILLER_0_8_245, 124.24, 35.36, 1.78692
FILLER_0_9_249, 124.24, 35.36, 1.78692
_3630_, 137.04, 35.36, 1.78626
_6906_, 137.04, 35.36, 1.78626
_6914_, 137.04, 35.36, 1.78626
_7866_, 137.04, 35.36, 1.78626
hold686, 137.04, 35.36, 1.78626
FILLER_0_10_296, 137.04, 35.36, 1.78626
_5462_, 149.84, 35.36, 1.78563
_5498_, 149.84, 35.36, 1.78563
_6860_, 149.84, 35.36, 1.78563
_6899_, 149.84, 35.36, 1.78563
_7848_, 149.84, 35.36, 1.78563
FILLER_0_8_301, 149.84, 35.36, 1.78563
FILLER_0_8_309, 149.84, 35.36, 1.78563
FILLER_0_9_312, 149.84, 35.36, 1.78563
FILLER_0_10_324, 149.84, 35.36, 1.78563
_5472_, 162.64, 35.36, 1.78503
_5499_, 162.64, 35.36, 1.78503
_7857_, 162.64, 35.36, 1.78503
hold519, 162.64, 35.36, 1.78503
FILLER_0_9_333, 162.64, 35.36, 1.78503
FILLER_0_9_337, 162.64, 35.36, 1.78503
FILLER_0_9_350, 162.64, 35.36, 1.78503
FILLER_0_10_343, 162.64, 35.36, 1.78503
_5456_, 188.24, 35.36, 1.78397
_3621_, 201.04, 35.36, 1.78348
_6813_, 201.04, 35.36, 1.78348
clkbuf_leaf_85_clk, 201.04, 35.36, 1.78348
hold679, 201.04, 35.36, 1.78348
FILLER_0_9_417, 201.04, 35.36, 1.78348
FILLER_0_10_431, 201.04, 35.36, 1.78348
_6816_, 213.84, 35.36, 1.78307
_6820_, 213.84, 35.36, 1.78307
_6823_, 213.84, 35.36, 1.78307
_6824_, 213.84, 35.36, 1.78307
_6825_, 213.84, 35.36, 1.78307
hold755, 213.84, 35.36, 1.78307
hold839, 213.84, 35.36, 1.78307
_3619_, 226.64, 35.36, 1.7827
_6815_, 226.64, 35.36, 1.7827
_6968_, 226.64, 35.36, 1.7827
_6971_, 226.64, 35.36, 1.7827
_6977_, 226.64, 35.36, 1.7827
FILLER_0_8_477, 226.64, 35.36, 1.7827
_6768_, 239.44, 35.36, 1.78234
_6769_, 239.44, 35.36, 1.78234
_6955_, 239.44, 35.36, 1.78234
_6970_, 239.44, 35.36, 1.78234
_6972_, 239.44, 35.36, 1.78234
hold807, 239.44, 35.36, 1.78234
FILLER_0_9_499, 239.44, 35.36, 1.78234
FILLER_0_9_505, 239.44, 35.36, 1.78234
FILLER_0_9_522, 239.44, 35.36, 1.78234
_6950_, 252.24, 35.36, 1.78203
_6951_, 252.24, 35.36, 1.78203
_6952_, 252.24, 35.36, 1.78203
_6954_, 252.24, 35.36, 1.78203
_7888_, 252.24, 35.36, 1.78203
hold548, 252.24, 35.36, 1.78203
FILLER_0_8_529, 252.24, 35.36, 1.78203
FILLER_0_9_530, 252.24, 35.36, 1.78203
FILLER_0_9_545, 252.24, 35.36, 1.78203
FILLER_0_10_546, 252.24, 35.36, 1.78203
_6943_, 265.04, 35.36, 1.78176
_6945_, 265.04, 35.36, 1.78176
_6946_, 265.04, 35.36, 1.78176
_6948_, 265.04, 35.36, 1.78176
_7886_, 265.04, 35.36, 1.78176
FILLER_0_8_555, 265.04, 35.36, 1.78176
FILLER_0_9_557, 265.04, 35.36, 1.78176
FILLER_0_9_574, 265.04, 35.36, 1.78176
_6956_, 277.84, 35.36, 1.78152
_6957_, 277.84, 35.36, 1.78152
_6958_, 277.84, 35.36, 1.78152
_6960_, 277.84, 35.36, 1.78152
_6962_, 277.84, 35.36, 1.78152
hold660, 277.84, 35.36, 1.78152
FILLER_0_8_582, 277.84, 35.36, 1.78152
FILLER_0_8_589, 277.84, 35.36, 1.78152
FILLER_0_10_596, 277.84, 35.36, 1.78152
_6963_, 290.64, 35.36, 1.7813
_6966_, 290.64, 35.36, 1.7813
_7892_, 290.64, 35.36, 1.7813
hold662, 290.64, 35.36, 1.7813
FILLER_0_9_613, 290.64, 35.36, 1.7813
FILLER_0_9_617, 290.64, 35.36, 1.7813
FILLER_0_8_636, 303.44, 35.36, 1.78111
hold794, 316.24, 35.36, 1.78093
FILLER_0_9_666, 316.24, 35.36, 1.78093
PHY_12, 5.52, 29.92, 1.79533
PHY_14, 5.52, 29.92, 1.79533
FILLER_0_7_51, 34.64, 29.92, 1.79446
FILLER_0_8_77, 34.64, 29.92, 1.79446
FILLER_0_7_105, 47.44, 29.92, 1.79358
_7344_, 73.04, 29.92, 1.79183
hold602, 73.04, 29.92, 1.79183
FILLER_0_6_133, 73.04, 29.92, 1.79183
FILLER_0_7_149, 73.04, 29.92, 1.79183
FILLER_0_7_157, 73.04, 29.92, 1.79183
_3954_, 98.64, 29.92, 1.79013
FILLER_0_6_189, 98.64, 29.92, 1.79013
FILLER_0_7_205, 98.64, 29.92, 1.79013
_3960_, 111.44, 29.92, 1.78929
_4304_, 111.44, 29.92, 1.78929
FILLER_0_6_221, 111.44, 29.92, 1.78929
FILLER_0_6_229, 111.44, 29.92, 1.78929
FILLER_0_7_219, 111.44, 29.92, 1.78929
FILLER_0_7_237, 111.44, 29.92, 1.78929
FILLER_0_7_244, 111.44, 29.92, 1.78929
FILLER_0_8_232, 111.44, 29.92, 1.78929
_4303_, 124.24, 29.92, 1.78845
_6915_, 124.24, 29.92, 1.78845
_6917_, 124.24, 29.92, 1.78845
FILLER_0_6_253, 124.24, 29.92, 1.78845
FILLER_0_7_256, 124.24, 29.92, 1.78845
FILLER_0_7_269, 124.24, 29.92, 1.78845
_6900_, 137.04, 29.92, 1.78762
_6901_, 137.04, 29.92, 1.78762
_7867_, 137.04, 29.92, 1.78762
hold531, 137.04, 29.92, 1.78762
hold676, 137.04, 29.92, 1.78762
FILLER_0_6_276, 137.04, 29.92, 1.78762
FILLER_0_7_277, 137.04, 29.92, 1.78762
FILLER_0_7_292, 137.04, 29.92, 1.78762
_5463_, 149.84, 29.92, 1.78682
_5464_, 149.84, 29.92, 1.78682
_5468_, 149.84, 29.92, 1.78682
_6859_, 149.84, 29.92, 1.78682
_5466_, 162.64, 29.92, 1.78604
_5467_, 162.64, 29.92, 1.78604
_6872_, 162.64, 29.92, 1.78604
_7849_, 162.64, 29.92, 1.78604
hold501, 162.64, 29.92, 1.78604
FILLER_0_7_337, 162.64, 29.92, 1.78604
FILLER_0_8_348, 162.64, 29.92, 1.78604
_6802_, 188.24, 29.92, 1.78478
_6804_, 188.24, 29.92, 1.78478
_6811_, 188.24, 29.92, 1.78478
_7828_, 188.24, 29.92, 1.78478
FILLER_0_7_397, 188.24, 29.92, 1.78478
_6827_, 201.04, 29.92, 1.78433
_6828_, 201.04, 29.92, 1.78433
FILLER_0_6_412, 201.04, 29.92, 1.78433
FILLER_0_6_421, 201.04, 29.92, 1.78433
FILLER_0_8_429, 201.04, 29.92, 1.78433
_6801_, 213.84, 29.92, 1.78388
_6814_, 213.84, 29.92, 1.78388
_6817_, 213.84, 29.92, 1.78388
_6822_, 213.84, 29.92, 1.78388
hold835, 213.84, 29.92, 1.78388
FILLER_0_7_440, 213.84, 29.92, 1.78388
_6973_, 226.64, 29.92, 1.78347
_6975_, 226.64, 29.92, 1.78347
_7894_, 226.64, 29.92, 1.78347
FILLER_0_6_472, 226.64, 29.92, 1.78347
FILLER_0_6_477, 226.64, 29.92, 1.78347
FILLER_0_7_481, 226.64, 29.92, 1.78347
_6974_, 239.44, 29.92, 1.78309
_7895_, 239.44, 29.92, 1.78309
FILLER_0_7_501, 239.44, 29.92, 1.78309
FILLER_0_8_521, 239.44, 29.92, 1.78309
_5856_, 252.24, 29.92, 1.78273
_5857_, 252.24, 29.92, 1.78273
FILLER_0_6_527, 252.24, 29.92, 1.78273
FILLER_0_7_549, 252.24, 29.92, 1.78273
_7890_, 265.04, 29.92, 1.78239
FILLER_0_7_557, 265.04, 29.92, 1.78239
_6959_, 277.84, 29.92, 1.78207
_6961_, 277.84, 29.92, 1.78207
hold750, 277.84, 29.92, 1.78207
FILLER_0_6_581, 277.84, 29.92, 1.78207
FILLER_0_6_589, 277.84, 29.92, 1.78207
FILLER_0_7_596, 277.84, 29.92, 1.78207
FILLER_0_7_602, 277.84, 29.92, 1.78207
_6964_, 290.64, 29.92, 1.78177
clkbuf_leaf_79_clk, 290.64, 29.92, 1.78177
hold749, 290.64, 29.92, 1.78177
FILLER_0_7_620, 290.64, 29.92, 1.78177
_4281_, 303.44, 29.92, 1.78152
_4323_, 303.44, 29.92, 1.78152
_7257_, 303.44, 29.92, 1.78152
hold826, 303.44, 29.92, 1.78152
FILLER_0_6_641, 303.44, 29.92, 1.78152
PHY_8, 5.52, 24.48, 1.79582
PHY_10, 5.52, 24.48, 1.79582
FILLER_0_5_51, 34.64, 24.48, 1.79492
FILLER_0_6_77, 34.64, 24.48, 1.79492
FILLER_0_5_105, 47.44, 24.48, 1.79402
FILLER_0_4_133, 73.04, 24.48, 1.79222
FILLER_0_5_161, 85.84, 24.48, 1.79132
FILLER_0_4_189, 98.64, 24.48, 1.79042
_5835_, 111.44, 24.48, 1.78951
_7252_, 111.44, 24.48, 1.78951
_7601_, 111.44, 24.48, 1.78951
FILLER_0_4_221, 111.44, 24.48, 1.78951
FILLER_0_5_217, 111.44, 24.48, 1.78951
_5834_, 124.24, 24.48, 1.78865
_6916_, 124.24, 24.48, 1.78865
_7873_, 124.24, 24.48, 1.78865
_7876_, 124.24, 24.48, 1.78865
FILLER_0_5_254, 124.24, 24.48, 1.78865
FILLER_0_5_262, 124.24, 24.48, 1.78865
_5482_, 137.04, 24.48, 1.78782
_6902_, 137.04, 24.48, 1.78782
_6903_, 137.04, 24.48, 1.78782
_6909_, 137.04, 24.48, 1.78782
_7870_, 137.04, 24.48, 1.78782
hold586, 137.04, 24.48, 1.78782
FILLER_0_5_277, 137.04, 24.48, 1.78782
FILLER_0_5_281, 137.04, 24.48, 1.78782
_5469_, 149.84, 24.48, 1.78702
_5490_, 149.84, 24.48, 1.78702
_6862_, 149.84, 24.48, 1.78702
FILLER_0_5_305, 149.84, 24.48, 1.78702
FILLER_0_6_321, 149.84, 24.48, 1.78702
_5483_, 162.64, 24.48, 1.78624
_5515_, 162.64, 24.48, 1.78624
_6861_, 162.64, 24.48, 1.78624
FILLER_0_4_335, 162.64, 24.48, 1.78624
FILLER_0_5_333, 162.64, 24.48, 1.78624
FILLER_0_6_353, 162.64, 24.48, 1.78624
_6803_, 188.24, 24.48, 1.78496
_6805_, 188.24, 24.48, 1.78496
_6807_, 188.24, 24.48, 1.78496
_6808_, 188.24, 24.48, 1.78496
_6809_, 188.24, 24.48, 1.78496
_7829_, 188.24, 24.48, 1.78496
FILLER_0_5_401, 188.24, 24.48, 1.78496
FILLER_0_6_399, 188.24, 24.48, 1.78496
_7835_, 201.04, 24.48, 1.78449
FILLER_0_5_432, 201.04, 24.48, 1.78449
_6818_, 213.84, 24.48, 1.78403
_6819_, 213.84, 24.48, 1.78403
_7832_, 213.84, 24.48, 1.78403
FILLER_0_4_445, 213.84, 24.48, 1.78403
_5868_, 226.64, 24.48, 1.7836
_5869_, 226.64, 24.48, 1.7836
_7609_, 226.64, 24.48, 1.7836
_7833_, 226.64, 24.48, 1.7836
clkbuf_leaf_84_clk, 226.64, 24.48, 1.7836
FILLER_0_4_477, 226.64, 24.48, 1.7836
hold763, 239.44, 24.48, 1.78326
FILLER_0_5_501, 239.44, 24.48, 1.78326
FILLER_0_5_513, 239.44, 24.48, 1.78326
FILLER_0_6_517, 239.44, 24.48, 1.78326
_7606_, 252.24, 24.48, 1.78292
hold767, 252.24, 24.48, 1.78292
FILLER_0_4_524, 252.24, 24.48, 1.78292
_5852_, 265.04, 24.48, 1.7826
_7605_, 265.04, 24.48, 1.7826
FILLER_0_5_555, 265.04, 24.48, 1.7826
FILLER_0_6_574, 265.04, 24.48, 1.7826
_5851_, 277.84, 24.48, 1.7823
_7891_, 277.84, 24.48, 1.7823
hold789, 277.84, 24.48, 1.7823
_4282_, 290.64, 24.48, 1.78203
_7247_, 290.64, 24.48, 1.78203
FILLER_0_5_617, 290.64, 24.48, 1.78203
_4324_, 303.44, 24.48, 1.78178
FILLER_0_4_637, 303.44, 24.48, 1.78178
FILLER_0_6_653, 303.44, 24.48, 1.78178
_5880_, 316.24, 24.48, 1.78153
_5881_, 316.24, 24.48, 1.78153
ANTENNA_16, 316.24, 24.48, 1.78153
FILLER_0_4_669, 316.24, 24.48, 1.78153
FILLER_0_5_663, 316.24, 24.48, 1.78153
FILLER_0_5_673, 316.24, 24.48, 1.78153
FILLER_0_6_689, 316.24, 24.48, 1.78153
PHY_4, 5.52, 19.04, 1.79576
PHY_6, 5.52, 19.04, 1.79576
input25, 5.52, 19.04, 1.79576
FILLER_0_4_18, 13.68, 19.04, 1.79576
FILLER_0_3_51, 34.64, 19.04, 1.79489
FILLER_0_4_77, 34.64, 19.04, 1.79489
FILLER_0_3_105, 47.44, 19.04, 1.79402
FILLER_0_2_133, 73.04, 19.04, 1.79228
FILLER_0_3_161, 85.84, 19.04, 1.79141
FILLER_0_2_189, 98.64, 19.04, 1.79055
FILLER_0_3_217, 111.44, 19.04, 1.78968
FILLER_0_4_244, 111.44, 19.04, 1.78968
_6922_, 124.24, 19.04, 1.78881
_6923_, 124.24, 19.04, 1.78881
_6924_, 124.24, 19.04, 1.78881
_7877_, 124.24, 19.04, 1.78881
hold666, 124.24, 19.04, 1.78881
FILLER_0_2_245, 124.24, 19.04, 1.78881
FILLER_0_3_249, 124.24, 19.04, 1.78881
_5506_, 137.04, 19.04, 1.78795
_5514_, 137.04, 19.04, 1.78795
_6908_, 137.04, 19.04, 1.78795
_6919_, 137.04, 19.04, 1.78795
hold712, 137.04, 19.04, 1.78795
FILLER_0_4_293, 137.04, 19.04, 1.78795
_6870_, 149.84, 19.04, 1.78712
clkbuf_leaf_101_clk, 149.84, 19.04, 1.78712
hold552, 149.84, 19.04, 1.78712
hold625, 149.84, 19.04, 1.78712
FILLER_0_4_317, 149.84, 19.04, 1.78712
_5491_, 162.64, 19.04, 1.78635
_5507_, 162.64, 19.04, 1.78635
_6882_, 162.64, 19.04, 1.78635
_6883_, 162.64, 19.04, 1.78635
_7852_, 162.64, 19.04, 1.78635
FILLER_0_3_328, 162.64, 19.04, 1.78635
FILLER_0_4_348, 162.64, 19.04, 1.78635
_6806_, 188.24, 19.04, 1.78525
hold818, 188.24, 19.04, 1.78525
_6821_, 213.84, 19.04, 1.78454
FILLER_0_3_441, 213.84, 19.04, 1.78454
FILLER_0_2_469, 226.64, 19.04, 1.78419
FILLER_0_3_497, 239.44, 19.04, 1.78384
FILLER_0_2_525, 252.24, 19.04, 1.78349
FILLER_0_3_553, 265.04, 19.04, 1.78314
FILLER_0_4_569, 265.04, 19.04, 1.78314
FILLER_0_2_581, 277.84, 19.04, 1.78279
FILLER_0_3_609, 290.64, 19.04, 1.78244
FILLER_0_2_637, 303.44, 19.04, 1.78209
_7612_, 316.24, 19.04, 1.78174
FILLER_0_3_665, 316.24, 19.04, 1.78174
PHY_0, 5.52, 13.6, 1.79571
PHY_2, 5.52, 13.6, 1.79571
input14, 5.52, 13.6, 1.79571
FILLER_0_0_19, 13.68, 13.6, 1.79571
FILLER_0_0_69, 34.64, 13.6, 1.79483
FILLER_0_0_77, 34.64, 13.6, 1.79483
FILLER_0_1_51, 34.64, 13.6, 1.79483
FILLER_0_2_77, 34.64, 13.6, 1.79483
input22, 47.44, 13.6, 1.79396
FILLER_0_1_105, 47.44, 13.6, 1.79396
output36, 60.24, 13.6, 1.79308
FILLER_0_0_109, 60.24, 13.6, 1.79308
FILLER_0_0_133, 73.04, 13.6, 1.79222
input6, 85.84, 13.6, 1.79136
FILLER_0_0_165, 85.84, 13.6, 1.79136
FILLER_0_0_187, 85.84, 13.6, 1.79136
FILLER_0_1_161, 85.84, 13.6, 1.79136
FILLER_0_0_209, 98.64, 13.6, 1.7905
input23, 111.44, 13.6, 1.78965
FILLER_0_0_217, 111.44, 13.6, 1.78965
FILLER_0_1_217, 111.44, 13.6, 1.78965
_6918_, 124.24, 13.6, 1.78879
_6925_, 124.24, 13.6, 1.78879
_7874_, 124.24, 13.6, 1.78879
input17, 124.24, 13.6, 1.78879
FILLER_0_0_249, 124.24, 13.6, 1.78879
FILLER_0_0_265, 124.24, 13.6, 1.78879
FILLER_0_1_249, 124.24, 13.6, 1.78879
FILLER_0_1_259, 124.24, 13.6, 1.78879
_6904_, 137.04, 13.6, 1.78794
_6905_, 137.04, 13.6, 1.78794
_6910_, 137.04, 13.6, 1.78794
_6911_, 137.04, 13.6, 1.78794
_7868_, 137.04, 13.6, 1.78794
_7871_, 137.04, 13.6, 1.78794
hold635, 137.04, 13.6, 1.78794
hold700, 137.04, 13.6, 1.78794
FILLER_0_0_272, 137.04, 13.6, 1.78794
_6863_, 149.84, 13.6, 1.78715
_6869_, 149.84, 13.6, 1.78715
_7850_, 149.84, 13.6, 1.78715
_7853_, 149.84, 13.6, 1.78715
output57, 149.84, 13.6, 1.78715
FILLER_0_0_302, 149.84, 13.6, 1.78715
_6864_, 162.64, 13.6, 1.78639
_6867_, 162.64, 13.6, 1.78639
_6868_, 162.64, 13.6, 1.78639
_6880_, 162.64, 13.6, 1.78639
_6881_, 162.64, 13.6, 1.78639
_7858_, 162.64, 13.6, 1.78639
hold506, 162.64, 13.6, 1.78639
hold654, 162.64, 13.6, 1.78639
FILLER_0_1_346, 162.64, 13.6, 1.78639
FILLER_0_2_350, 162.64, 13.6, 1.78639
output51, 188.24, 13.6, 1.78525
FILLER_0_0_389, 188.24, 13.6, 1.78525
FILLER_0_1_388, 188.24, 13.6, 1.78525
FILLER_0_2_410, 188.24, 13.6, 1.78525
FILLER_0_0_413, 201.04, 13.6, 1.78488
input31, 213.84, 13.6, 1.7845
FILLER_0_0_445, 213.84, 13.6, 1.7845
FILLER_0_0_449, 213.84, 13.6, 1.7845
FILLER_0_1_441, 213.84, 13.6, 1.7845
FILLER_0_0_473, 226.64, 13.6, 1.78412
FILLER_0_0_489, 226.64, 13.6, 1.78412
output47, 239.44, 13.6, 1.78375
FILLER_0_1_497, 239.44, 13.6, 1.78375
output44, 252.24, 13.6, 1.78338
FILLER_0_0_529, 252.24, 13.6, 1.78338
FILLER_0_0_545, 252.24, 13.6, 1.78338
FILLER_0_0_555, 265.04, 13.6, 1.78303
FILLER_0_1_553, 265.04, 13.6, 1.78303
output43, 277.84, 13.6, 1.78269
FILLER_0_0_585, 277.84, 13.6, 1.78269
FILLER_0_0_589, 277.84, 13.6, 1.78269
FILLER_0_0_629, 290.64, 13.6, 1.78235
FILLER_0_1_609, 290.64, 13.6, 1.78235
output49, 303.44, 13.6, 1.78202
input19, 316.24, 13.6, 1.7817
FILLER_0_0_669, 316.24, 13.6, 1.7817
FILLER_0_0_685, 316.24, 13.6, 1.7817
FILLER_0_1_665, 316.24, 13.6, 1.7817

