Instance name,  X location,  Y location,  Voltage 
output61, 178.74, 320.96, 0.0361135
ANTENNA_output61_A, 178.74, 320.96, 0.0361135
FILLER_0_114_365, 178.74, 320.96, 0.0361135
_6024_, 178.74, 315.52, 0.036122
ANTENNA__6026__S, 178.74, 315.52, 0.036122
ANTENNA__6024__A0, 178.74, 315.52, 0.036122
FILLER_0_111_366, 178.74, 315.52, 0.036122
FILLER_0_112_389, 178.74, 315.52, 0.036122
FILLER_0_113_385, 178.74, 315.52, 0.036122
_6025_, 178.74, 310.08, 0.0362766
_7359_, 178.74, 310.08, 0.0362766
ANTENNA__6024__S, 178.74, 310.08, 0.0362766
ANTENNA__5327__S, 178.74, 310.08, 0.0362766
ANTENNA__7360__RESET_B, 178.74, 310.08, 0.0362766
FILLER_0_109_375, 178.74, 310.08, 0.0362766
FILLER_0_110_365, 178.74, 310.08, 0.0362766
FILLER_0_111_389, 178.74, 310.08, 0.0362766
_5327_, 178.74, 304.64, 0.0363115
_5328_, 178.74, 304.64, 0.0363115
_5329_, 178.74, 304.64, 0.0363115
_7239_, 178.74, 304.64, 0.0363115
ANTENNA__5329__S, 178.74, 304.64, 0.0363115
ANTENNA__7240__RESET_B, 178.74, 304.64, 0.0363115
FILLER_0_108_365, 178.74, 304.64, 0.0363115
_3593_, 178.74, 299.2, 0.036639
_5545_, 178.74, 299.2, 0.036639
_5546_, 178.74, 299.2, 0.036639
_7240_, 178.74, 299.2, 0.036639
clkbuf_leaf_42_clk, 178.74, 299.2, 0.036639
ANTENNA__3593__A, 178.74, 299.2, 0.036639
FILLER_0_105_368, 178.74, 299.2, 0.036639
FILLER_0_107_387, 178.74, 299.2, 0.036639
_7173_, 178.74, 293.76, 0.0364519
_7269_, 178.74, 293.76, 0.0364519
ANTENNA__4914__A1, 178.74, 293.76, 0.0364519
ANTENNA__7173__RESET_B, 178.74, 293.76, 0.0364519
FILLER_0_104_365, 178.74, 293.76, 0.0364519
_4912_, 178.74, 288.32, 0.0363207
_4913_, 178.74, 288.32, 0.0363207
_4914_, 178.74, 288.32, 0.0363207
fanout75, 178.74, 288.32, 0.0363207
ANTENNA__4914__B1, 178.74, 288.32, 0.0363207
FILLER_0_101_372, 178.74, 288.32, 0.0363207
FILLER_0_103_389, 178.74, 288.32, 0.0363207
_4909_, 178.74, 282.88, 0.036299
_4910_, 178.74, 282.88, 0.036299
_4911_, 178.74, 282.88, 0.036299
_4917_, 178.74, 282.88, 0.036299
_4918_, 178.74, 282.88, 0.036299
_4919_, 178.74, 282.88, 0.036299
ANTENNA__4909__B, 178.74, 282.88, 0.036299
ANTENNA_load_slew2_A, 178.74, 282.88, 0.036299
ANTENNA__7284__RESET_B, 178.74, 282.88, 0.036299
ANTENNA_fanout75_A, 178.74, 282.88, 0.036299
FILLER_0_99_375, 178.74, 282.88, 0.036299
FILLER_0_101_387, 178.74, 282.88, 0.036299
_4908_, 178.74, 277.44, 0.0361749
_7171_, 178.74, 277.44, 0.0361749
hold607, 178.74, 277.44, 0.0361749
ANTENNA__4936__B1, 178.74, 277.44, 0.0361749
ANTENNA__4908__B, 178.74, 277.44, 0.0361749
ANTENNA__7171__RESET_B, 178.74, 277.44, 0.0361749
FILLER_0_98_373, 178.74, 277.44, 0.0361749
FILLER_0_99_386, 178.74, 277.44, 0.0361749
_4892_, 178.74, 272, 0.036107
_4936_, 178.74, 272, 0.036107
_7174_, 178.74, 272, 0.036107
ANTENNA__4892__B1, 178.74, 272, 0.036107
ANTENNA__4893__A2, 178.74, 272, 0.036107
FILLER_0_96_376, 178.74, 272, 0.036107
_4880_, 178.74, 266.56, 0.0359434
_4916_, 178.74, 266.56, 0.0359434
_4924_, 178.74, 266.56, 0.0359434
_4925_, 178.74, 266.56, 0.0359434
_4926_, 178.74, 266.56, 0.0359434
hold30, 178.74, 266.56, 0.0359434
hold701, 178.74, 266.56, 0.0359434
ANTENNA__4928__A1, 178.74, 266.56, 0.0359434
FILLER_0_93_368, 178.74, 266.56, 0.0359434
_4882_, 178.74, 261.12, 0.0360246
_4927_, 178.74, 261.12, 0.0360246
_4928_, 178.74, 261.12, 0.0360246
_4931_, 178.74, 261.12, 0.0360246
_4932_, 178.74, 261.12, 0.0360246
clkbuf_leaf_41_clk, 178.74, 261.12, 0.0360246
hold637, 178.74, 261.12, 0.0360246
ANTENNA__4882__B2, 178.74, 261.12, 0.0360246
FILLER_0_91_372, 178.74, 261.12, 0.0360246
FILLER_0_93_389, 178.74, 261.12, 0.0360246
_4929_, 178.74, 255.68, 0.0355986
_4933_, 178.74, 255.68, 0.0355986
_4934_, 178.74, 255.68, 0.0355986
_4937_, 178.74, 255.68, 0.0355986
ANTENNA__4934__B1, 178.74, 255.68, 0.0355986
ANTENNA__4952__A1, 178.74, 255.68, 0.0355986
ANTENNA__4929__B, 178.74, 255.68, 0.0355986
ANTENNA__7170__RESET_B, 178.74, 255.68, 0.0355986
FILLER_0_89_373, 178.74, 255.68, 0.0355986
FILLER_0_90_365, 178.74, 255.68, 0.0355986
_4930_, 178.74, 250.24, 0.0356168
_4938_, 178.74, 250.24, 0.0356168
_4941_, 178.74, 250.24, 0.0356168
_4942_, 178.74, 250.24, 0.0356168
_4950_, 178.74, 250.24, 0.0356168
_4951_, 178.74, 250.24, 0.0356168
_4952_, 178.74, 250.24, 0.0356168
hold412, 178.74, 250.24, 0.0356168
ANTENNA__4952__B1, 178.74, 250.24, 0.0356168
ANTENNA__5352__A, 178.74, 250.24, 0.0356168
ANTENNA__4930__B, 178.74, 250.24, 0.0356168
FILLER_0_88_388, 178.74, 250.24, 0.0356168
FILLER_0_89_384, 178.74, 250.24, 0.0356168
_4939_, 178.74, 244.8, 0.0354173
_4940_, 178.74, 244.8, 0.0354173
_4943_, 178.74, 244.8, 0.0354173
_4944_, 178.74, 244.8, 0.0354173
_4949_, 178.74, 244.8, 0.0354173
_4953_, 178.74, 244.8, 0.0354173
_4954_, 178.74, 244.8, 0.0354173
ANTENNA__4953__B1, 178.74, 244.8, 0.0354173
_4947_, 178.74, 239.36, 0.0350829
_4948_, 178.74, 239.36, 0.0350829
_4955_, 178.74, 239.36, 0.0350829
_4956_, 178.74, 239.36, 0.0350829
hold443, 178.74, 239.36, 0.0350829
ANTENNA__4944__B1, 178.74, 239.36, 0.0350829
ANTENNA__4939__B, 178.74, 239.36, 0.0350829
ANTENNA__7251__RESET_B, 178.74, 239.36, 0.0350829
FILLER_0_83_365, 178.74, 239.36, 0.0350829
FILLER_0_84_376, 178.74, 239.36, 0.0350829
FILLER_0_84_384, 178.74, 239.36, 0.0350829
FILLER_0_85_381, 178.74, 239.36, 0.0350829
FILLER_0_85_387, 178.74, 239.36, 0.0350829
_3976_, 178.74, 233.92, 0.0349642
_4946_, 178.74, 233.92, 0.0349642
_4957_, 178.74, 233.92, 0.0349642
ANTENNA__4957__B1, 178.74, 233.92, 0.0349642
ANTENNA__3977__B2, 178.74, 233.92, 0.0349642
ANTENNA__3977__A2, 178.74, 233.92, 0.0349642
ANTENNA__4946__B, 178.74, 233.92, 0.0349642
ANTENNA__7244__RESET_B, 178.74, 233.92, 0.0349642
FILLER_0_82_379, 178.74, 233.92, 0.0349642
_4584_, 178.74, 228.48, 0.0345944
_7255_, 178.74, 228.48, 0.0345944
ANTENNA__3502__A, 178.74, 228.48, 0.0345944
ANTENNA__3976__S, 178.74, 228.48, 0.0345944
ANTENNA__4584__S, 178.74, 228.48, 0.0345944
_3502_, 178.74, 223.04, 0.0342647
_4582_, 178.74, 223.04, 0.0342647
_4583_, 178.74, 223.04, 0.0342647
_4585_, 178.74, 223.04, 0.0342647
_7106_, 178.74, 223.04, 0.0342647
hold722, 178.74, 223.04, 0.0342647
hold730, 178.74, 223.04, 0.0342647
ANTENNA__7107__RESET_B, 178.74, 223.04, 0.0342647
FILLER_0_79_389, 178.74, 223.04, 0.0342647
_7120_, 178.74, 217.6, 0.0338124
clkbuf_leaf_38_clk, 178.74, 217.6, 0.0338124
hold5, 178.74, 217.6, 0.0338124
FILLER_0_76_365, 178.74, 217.6, 0.0338124
FILLER_0_76_389, 178.74, 217.6, 0.0338124
_4614_, 178.74, 212.16, 0.0334907
_4615_, 178.74, 212.16, 0.0334907
_4621_, 178.74, 212.16, 0.0334907
ANTENNA__4615__B2, 178.74, 212.16, 0.0334907
ANTENNA__4615__A2, 178.74, 212.16, 0.0334907
_3982_, 178.74, 206.72, 0.0331006
_4746_, 178.74, 206.72, 0.0331006
_7135_, 178.74, 206.72, 0.0331006
hold358, 178.74, 206.72, 0.0331006
ANTENNA__4614__S, 178.74, 206.72, 0.0331006
ANTENNA__7002__RESET_B, 178.74, 206.72, 0.0331006
FILLER_0_71_373, 178.74, 206.72, 0.0331006
_3453_, 178.74, 201.28, 0.0328354
_3566_, 178.74, 201.28, 0.0328354
_4747_, 178.74, 201.28, 0.0328354
_6914_, 178.74, 201.28, 0.0328354
ANTENNA__4747__B1, 178.74, 201.28, 0.0328354
ANTENNA__4747__A2, 178.74, 201.28, 0.0328354
FILLER_0_69_375, 178.74, 201.28, 0.0328354
FILLER_0_70_380, 178.74, 201.28, 0.0328354
_3533_, 178.74, 195.84, 0.0322367
_3567_, 178.74, 195.84, 0.0322367
_3568_, 178.74, 195.84, 0.0322367
_3573_, 178.74, 195.84, 0.0322367
_6917_, 178.74, 195.84, 0.0322367
ANTENNA__6917__RESET_B, 178.74, 195.84, 0.0322367
FILLER_0_68_365, 178.74, 195.84, 0.0322367
FILLER_0_68_379, 178.74, 195.84, 0.0322367
FILLER_0_69_389, 178.74, 195.84, 0.0322367
_3532_, 178.74, 190.4, 0.0317735
_3572_, 178.74, 190.4, 0.0317735
hold697, 178.74, 190.4, 0.0317735
hold698, 178.74, 190.4, 0.0317735
ANTENNA__3459__A, 178.74, 190.4, 0.0317735
ANTENNA__3552__C_N, 178.74, 190.4, 0.0317735
FILLER_0_66_369, 178.74, 190.4, 0.0317735
FILLER_0_66_390, 178.74, 190.4, 0.0317735
_3451_, 178.74, 184.96, 0.0314321
_3452_, 178.74, 184.96, 0.0314321
_3541_, 178.74, 184.96, 0.0314321
_3545_, 178.74, 184.96, 0.0314321
_3546_, 178.74, 184.96, 0.0314321
_3547_, 178.74, 184.96, 0.0314321
_3552_, 178.74, 184.96, 0.0314321
FILLER_0_64_378, 178.74, 184.96, 0.0314321
FILLER_0_65_383, 178.74, 184.96, 0.0314321
_3444_, 178.74, 179.52, 0.0310733
_3449_, 178.74, 179.52, 0.0310733
_3450_, 178.74, 179.52, 0.0310733
_3553_, 178.74, 179.52, 0.0310733
_3554_, 178.74, 179.52, 0.0310733
ANTENNA__3541__B, 178.74, 179.52, 0.0310733
FILLER_0_62_365, 178.74, 179.52, 0.0310733
FILLER_0_62_370, 178.74, 179.52, 0.0310733
FILLER_0_62_385, 178.74, 179.52, 0.0310733
FILLER_0_63_381, 178.74, 179.52, 0.0310733
FILLER_0_63_389, 178.74, 179.52, 0.0310733
_3540_, 178.74, 174.08, 0.0305637
_3544_, 178.74, 174.08, 0.0305637
_3559_, 178.74, 174.08, 0.0305637
_3560_, 178.74, 174.08, 0.0305637
_3561_, 178.74, 174.08, 0.0305637
ANTENNA__3543__A1, 178.74, 174.08, 0.0305637
ANTENNA__3559__A1, 178.74, 174.08, 0.0305637
ANTENNA__3561__A1, 178.74, 174.08, 0.0305637
FILLER_0_59_372, 178.74, 174.08, 0.0305637
FILLER_0_60_388, 178.74, 174.08, 0.0305637
_3537_, 178.74, 168.64, 0.0303615
_3538_, 178.74, 168.64, 0.0303615
_3539_, 178.74, 168.64, 0.0303615
_3542_, 178.74, 168.64, 0.0303615
_3543_, 178.74, 168.64, 0.0303615
_3557_, 178.74, 168.64, 0.0303615
ANTENNA__3598__B, 178.74, 168.64, 0.0303615
FILLER_0_59_385, 178.74, 168.64, 0.0303615
_3441_, 178.74, 163.2, 0.0300453
_3534_, 178.74, 163.2, 0.0300453
_3580_, 178.74, 163.2, 0.0300453
_3581_, 178.74, 163.2, 0.0300453
_3598_, 178.74, 163.2, 0.0300453
_3599_, 178.74, 163.2, 0.0300453
_6188_, 178.74, 163.2, 0.0300453
_3549_, 178.74, 157.76, 0.029521
_3603_, 178.74, 157.76, 0.029521
_3633_, 178.74, 157.76, 0.029521
_4438_, 178.74, 157.76, 0.029521
clkbuf_leaf_60_clk, 178.74, 157.76, 0.029521
ANTENNA__3633__A, 178.74, 157.76, 0.029521
_3551_, 178.74, 152.32, 0.0285843
_3558_, 178.74, 152.32, 0.0285843
_3584_, 178.74, 152.32, 0.0285843
_3585_, 178.74, 152.32, 0.0285843
_6191_, 178.74, 152.32, 0.0285843
hold320, 178.74, 152.32, 0.0285843
ANTENNA__4449__S, 178.74, 152.32, 0.0285843
ANTENNA__6919__RESET_B, 178.74, 152.32, 0.0285843
FILLER_0_52_365, 178.74, 152.32, 0.0285843
_3582_, 178.74, 146.88, 0.0281237
_3588_, 178.74, 146.88, 0.0281237
fanout73, 178.74, 146.88, 0.0281237
load_slew4, 178.74, 146.88, 0.0281237
ANTENNA__6920__RESET_B, 178.74, 146.88, 0.0281237
ANTENNA_fanout73_A, 178.74, 146.88, 0.0281237
_3583_, 178.74, 141.44, 0.0276162
_3586_, 178.74, 141.44, 0.0276162
_3587_, 178.74, 141.44, 0.0276162
_3589_, 178.74, 141.44, 0.0276162
_6921_, 178.74, 141.44, 0.0276162
hold522, 178.74, 141.44, 0.0276162
hold671, 178.74, 141.44, 0.0276162
ANTENNA__6638__A2, 178.74, 141.44, 0.0276162
ANTENNA__6638__B1, 178.74, 141.44, 0.0276162
FILLER_0_48_365, 178.74, 141.44, 0.0276162
_3971_, 178.74, 136, 0.0270492
clkbuf_leaf_82_clk, 178.74, 136, 0.0270492
ANTENNA_hold671_A, 178.74, 136, 0.0270492
FILLER_0_47_389, 178.74, 136, 0.0270492
_3779_, 178.74, 130.56, 0.0265353
_4423_, 178.74, 130.56, 0.0265353
_5170_, 178.74, 130.56, 0.0265353
_5894_, 178.74, 130.56, 0.0265353
_7077_, 178.74, 130.56, 0.0265353
hold4, 178.74, 130.56, 0.0265353
ANTENNA__5894__A, 178.74, 130.56, 0.0265353
_4422_, 178.74, 125.12, 0.0255821
_6972_, 178.74, 125.12, 0.0255821
clkbuf_leaf_81_clk, 178.74, 125.12, 0.0255821
_7076_, 178.74, 119.68, 0.0249696
_7330_, 178.74, 119.68, 0.0249696
hold20, 178.74, 119.68, 0.0249696
FILLER_0_40_365, 178.74, 119.68, 0.0249696
_3818_, 178.74, 114.24, 0.0242223
_5868_, 178.74, 114.24, 0.0242223
_5869_, 178.74, 114.24, 0.0242223
ANTENNA__6631__S, 178.74, 114.24, 0.0242223
ANTENNA__4295__S, 178.74, 114.24, 0.0242223
ANTENNA__5868__A0, 178.74, 114.24, 0.0242223
ANTENNA_clkbuf_leaf_81_clk_A, 178.74, 114.24, 0.0242223
ANTENNA__7092__RESET_B, 178.74, 114.24, 0.0242223
ANTENNA__6972__RESET_B, 178.74, 114.24, 0.0242223
FILLER_0_37_371, 178.74, 114.24, 0.0242223
FILLER_0_38_372, 178.74, 114.24, 0.0242223
_4133_, 178.74, 108.8, 0.0236412
_6631_, 178.74, 108.8, 0.0236412
_7541_, 178.74, 108.8, 0.0236412
hold66, 178.74, 108.8, 0.0236412
ANTENNA__6631__A0, 178.74, 108.8, 0.0236412
_4130_, 178.74, 103.36, 0.0229664
_6632_, 178.74, 103.36, 0.0229664
_6650_, 178.74, 103.36, 0.0229664
_7550_, 178.74, 103.36, 0.0229664
hold354, 178.74, 103.36, 0.0229664
ANTENNA__4133__B2, 178.74, 103.36, 0.0229664
ANTENNA__4131__B2, 178.74, 103.36, 0.0229664
ANTENNA__4133__A2, 178.74, 103.36, 0.0229664
ANTENNA__7550__RESET_B, 178.74, 103.36, 0.0229664
FILLER_0_33_366, 178.74, 103.36, 0.0229664
_6649_, 178.74, 97.92, 0.0221499
_7029_, 178.74, 97.92, 0.0221499
hold94, 178.74, 97.92, 0.0221499
hold120, 178.74, 97.92, 0.0221499
hold560, 178.74, 97.92, 0.0221499
_7549_, 178.74, 92.48, 0.0213313
hold119, 178.74, 92.48, 0.0213313
ANTENNA__4129__B2, 178.74, 92.48, 0.0213313
ANTENNA__4129__A2, 178.74, 92.48, 0.0213313
ANTENNA__7029__RESET_B, 178.74, 92.48, 0.0213313
FILLER_0_30_373, 178.74, 92.48, 0.0213313
_6647_, 178.74, 87.04, 0.0207955
_6648_, 178.74, 87.04, 0.0207955
_7027_, 178.74, 87.04, 0.0207955
hold151, 178.74, 87.04, 0.0207955
ANTENNA__6649__B, 178.74, 87.04, 0.0207955
ANTENNA__6647__B, 178.74, 87.04, 0.0207955
ANTENNA__4127__B2, 178.74, 87.04, 0.0207955
ANTENNA__7028__RESET_B, 178.74, 87.04, 0.0207955
FILLER_0_28_385, 178.74, 87.04, 0.0207955
_6630_, 178.74, 81.6, 0.0200252
_7540_, 178.74, 81.6, 0.0200252
_7543_, 178.74, 81.6, 0.0200252
hold619, 178.74, 81.6, 0.0200252
ANTENNA__6636__B1, 178.74, 81.6, 0.0200252
ANTENNA__4127__A2, 178.74, 81.6, 0.0200252
ANTENNA__6630__B1, 178.74, 81.6, 0.0200252
ANTENNA__7548__RESET_B, 178.74, 81.6, 0.0200252
ANTENNA__7540__RESET_B, 178.74, 81.6, 0.0200252
FILLER_0_27_387, 178.74, 81.6, 0.0200252
_6628_, 178.74, 76.16, 0.0191437
_7539_, 178.74, 76.16, 0.0191437
clkbuf_leaf_78_clk, 178.74, 76.16, 0.0191437
hold623, 178.74, 76.16, 0.0191437
ANTENNA__4125__B2, 178.74, 76.16, 0.0191437
_6639_, 178.74, 70.72, 0.0183889
_6640_, 178.74, 70.72, 0.0183889
_7546_, 178.74, 70.72, 0.0183889
ANTENNA__6639__B, 178.74, 70.72, 0.0183889
ANTENNA__3601__A, 178.74, 70.72, 0.0183889
ANTENNA__4125__A2, 178.74, 70.72, 0.0183889
ANTENNA__6628__B1, 178.74, 70.72, 0.0183889
ANTENNA__6628__A2, 178.74, 70.72, 0.0183889
ANTENNA__6628__B2, 178.74, 70.72, 0.0183889
ANTENNA__7539__RESET_B, 178.74, 70.72, 0.0183889
FILLER_0_21_366, 178.74, 70.72, 0.0183889
FILLER_0_23_389, 178.74, 70.72, 0.0183889
_4120_, 178.74, 65.28, 0.0175699
_6642_, 178.74, 65.28, 0.0175699
_7545_, 178.74, 65.28, 0.0175699
hold547, 178.74, 65.28, 0.0175699
ANTENNA__3656__A1, 178.74, 65.28, 0.0175699
ANTENNA__4123__B2, 178.74, 65.28, 0.0175699
ANTENNA__4123__A2, 178.74, 65.28, 0.0175699
FILLER_0_19_376, 178.74, 65.28, 0.0175699
_3656_, 178.74, 59.84, 0.0167193
_6944_, 178.74, 59.84, 0.0167193
_6949_, 178.74, 59.84, 0.0167193
hold282, 178.74, 59.84, 0.0167193
hold426, 178.74, 59.84, 0.0167193
_3639_, 178.74, 54.4, 0.0159516
_3640_, 178.74, 54.4, 0.0159516
_3654_, 178.74, 54.4, 0.0159516
_3655_, 178.74, 54.4, 0.0159516
_3659_, 178.74, 54.4, 0.0159516
_4109_, 178.74, 54.4, 0.0159516
ANTENNA__4109__S, 178.74, 54.4, 0.0159516
ANTENNA__3656__B1, 178.74, 54.4, 0.0159516
ANTENNA__6944__RESET_B, 178.74, 54.4, 0.0159516
FILLER_0_16_387, 178.74, 54.4, 0.0159516
_3653_, 178.74, 48.96, 0.0151571
_3658_, 178.74, 48.96, 0.0151571
_4118_, 178.74, 48.96, 0.0151571
ANTENNA__3648__B1, 178.74, 48.96, 0.0151571
ANTENNA__4118__A1, 178.74, 48.96, 0.0151571
ANTENNA__3702__A, 178.74, 48.96, 0.0151571
FILLER_0_14_369, 178.74, 48.96, 0.0151571
FILLER_0_14_384, 178.74, 48.96, 0.0151571
FILLER_0_15_382, 178.74, 48.96, 0.0151571
_3649_, 178.74, 43.52, 0.0143046
_3651_, 178.74, 43.52, 0.0143046
_3652_, 178.74, 43.52, 0.0143046
_3660_, 178.74, 43.52, 0.0143046
ANTENNA__3651__B, 178.74, 43.52, 0.0143046
FILLER_0_12_365, 178.74, 43.52, 0.0143046
FILLER_0_13_381, 178.74, 43.52, 0.0143046
FILLER_0_13_389, 178.74, 43.52, 0.0143046
_3671_, 178.74, 38.08, 0.0135013
_3672_, 178.74, 38.08, 0.0135013
_4363_, 178.74, 38.08, 0.0135013
ANTENNA__3660__B1_N, 178.74, 38.08, 0.0135013
ANTENNA__4347__B, 178.74, 38.08, 0.0135013
FILLER_0_11_387, 178.74, 38.08, 0.0135013
_3664_, 178.74, 32.64, 0.0126203
_3665_, 178.74, 32.64, 0.0126203
_3668_, 178.74, 32.64, 0.0126203
_3669_, 178.74, 32.64, 0.0126203
_4347_, 178.74, 32.64, 0.0126203
hold510, 178.74, 32.64, 0.0126203
ANTENNA__3669__A2, 178.74, 32.64, 0.0126203
FILLER_0_9_382, 178.74, 32.64, 0.0126203
_4300_, 178.74, 27.2, 0.012466
clkbuf_leaf_77_clk, 178.74, 27.2, 0.012466
hold657, 178.74, 27.2, 0.012466
ANTENNA__3668__B1, 178.74, 27.2, 0.012466
ANTENNA__7022__RESET_B, 178.74, 27.2, 0.012466
FILLER_0_6_380, 178.74, 27.2, 0.012466
FILLER_0_7_383, 178.74, 27.2, 0.012466
_6945_, 178.74, 21.76, 0.0122279
ANTENNA__4113__B1, 178.74, 21.76, 0.0122279
FILLER_0_4_369, 178.74, 21.76, 0.0122279
_4112_, 178.74, 16.32, 0.012107
_6926_, 178.74, 16.32, 0.012107
ANTENNA__4112__S, 178.74, 16.32, 0.012107
ANTENNA__7061__RESET_B, 178.74, 16.32, 0.012107
ANTENNA__6941__RESET_B, 178.74, 16.32, 0.012107
FILLER_0_1_373, 178.74, 16.32, 0.012107
FILLER_0_2_365, 178.74, 16.32, 0.012107
ANTENNA__4112__A1, 178.74, 10.88, 0.012062
ANTENNA_output51_A, 178.74, 10.88, 0.012062
FILLER_0_1_385, 178.74, 10.88, 0.012062
FILLER_0_114_53, 25.14, 320.96, 0.0345064
FILLER_0_113_51, 25.14, 315.52, 0.0345338
FILLER_0_111_51, 25.14, 310.08, 0.0345712
FILLER_0_108_53, 25.14, 304.64, 0.0345445
FILLER_0_109_49, 25.14, 304.64, 0.0345445
_7649_, 25.14, 299.2, 0.0345044
FILLER_0_106_53, 25.14, 299.2, 0.0345044
FILLER_0_107_51, 25.14, 299.2, 0.0345044
FILLER_0_104_53, 25.14, 293.76, 0.034488
FILLER_0_105_51, 25.14, 293.76, 0.034488
FILLER_0_102_53, 25.14, 288.32, 0.0343444
FILLER_0_103_51, 25.14, 288.32, 0.0343444
_6855_, 25.14, 282.88, 0.0342542
_7640_, 25.14, 282.88, 0.0342542
hold121, 25.14, 282.88, 0.0342542
ANTENNA__6854__A1, 25.14, 282.88, 0.0342542
ANTENNA__6854__S, 25.14, 282.88, 0.0342542
FILLER_0_101_51, 25.14, 282.88, 0.0342542
_6854_, 25.14, 277.44, 0.0341812
_6882_, 25.14, 277.44, 0.0341812
_6883_, 25.14, 277.44, 0.0341812
_7653_, 25.14, 277.44, 0.0341812
FILLER_0_98_41, 25.14, 277.44, 0.0341812
_6835_, 25.14, 272, 0.0340343
_7630_, 25.14, 272, 0.0340343
hold393, 25.14, 272, 0.0340343
hold429, 25.14, 272, 0.0340343
FILLER_0_96_54, 25.14, 272, 0.0340343
_6751_, 25.14, 266.56, 0.0339197
_6834_, 25.14, 266.56, 0.0339197
_7591_, 25.14, 266.56, 0.0339197
ANTENNA__6834__S, 25.14, 266.56, 0.0339197
FILLER_0_94_48, 25.14, 266.56, 0.0339197
_5356_, 25.14, 261.12, 0.0339856
_5383_, 25.14, 261.12, 0.0339856
_7594_, 25.14, 261.12, 0.0339856
hold382, 25.14, 261.12, 0.0339856
ANTENNA_clkbuf_leaf_23_clk_A, 25.14, 261.12, 0.0339856
FILLER_0_92_32, 25.14, 261.12, 0.0339856
FILLER_0_93_53, 25.14, 261.12, 0.0339856
_6756_, 25.14, 255.68, 0.0335546
hold377, 25.14, 255.68, 0.0335546
hold390, 25.14, 255.68, 0.0335546
_5392_, 25.14, 250.24, 0.033395
_6842_, 25.14, 250.24, 0.033395
hold456, 25.14, 250.24, 0.033395
ANTENNA__6842__A1, 25.14, 250.24, 0.033395
FILLER_0_89_53, 25.14, 250.24, 0.033395
_5347_, 25.14, 244.8, 0.0332199
_6758_, 25.14, 244.8, 0.0332199
_7595_, 25.14, 244.8, 0.0332199
hold371, 25.14, 244.8, 0.0332199
ANTENNA__6842__S, 25.14, 244.8, 0.0332199
ANTENNA__6860__S, 25.14, 244.8, 0.0332199
_6832_, 25.14, 239.36, 0.0329063
_7590_, 25.14, 239.36, 0.0329063
FILLER_0_85_49, 25.14, 239.36, 0.0329063
_6749_, 25.14, 233.92, 0.0326597
_6866_, 25.14, 233.92, 0.0326597
hold351, 25.14, 233.92, 0.0326597
hold392, 25.14, 233.92, 0.0326597
hold397, 25.14, 233.92, 0.0326597
ANTENNA__6832__S, 25.14, 233.92, 0.0326597
FILLER_0_82_53, 25.14, 233.92, 0.0326597
_5374_, 25.14, 228.48, 0.0322895
_7593_, 25.14, 228.48, 0.0322895
hold389, 25.14, 228.48, 0.0322895
ANTENNA__6838__S, 25.14, 228.48, 0.0322895
ANTENNA__6866__S, 25.14, 228.48, 0.0322895
_5344_, 25.14, 223.04, 0.0319944
_6755_, 25.14, 223.04, 0.0319944
_6864_, 25.14, 223.04, 0.0319944
hold383, 25.14, 223.04, 0.0319944
ANTENNA__6864__S, 25.14, 223.04, 0.0319944
FILLER_0_78_50, 25.14, 223.04, 0.0319944
FILLER_0_79_50, 25.14, 223.04, 0.0319944
_5365_, 25.14, 217.6, 0.0316823
_6753_, 25.14, 217.6, 0.0316823
_7592_, 25.14, 217.6, 0.0316823
clkbuf_leaf_19_clk, 25.14, 217.6, 0.0316823
FILLER_0_77_53, 25.14, 217.6, 0.0316823
_6752_, 25.14, 212.16, 0.0312734
_6780_, 25.14, 212.16, 0.0312734
_6836_, 25.14, 212.16, 0.0312734
hold440, 25.14, 212.16, 0.0312734
_7559_, 25.14, 206.72, 0.0309283
_7605_, 25.14, 206.72, 0.0309283
ANTENNA__6836__S, 25.14, 206.72, 0.0309283
FILLER_0_72_44, 25.14, 206.72, 0.0309283
FILLER_0_73_50, 25.14, 206.72, 0.0309283
ANTENNA__7559__RESET_B, 25.14, 201.28, 0.0305072
FILLER_0_70_53, 25.14, 201.28, 0.0305072
FILLER_0_68_53, 25.14, 195.84, 0.0301048
FILLER_0_69_46, 25.14, 195.84, 0.0301048
FILLER_0_67_51, 25.14, 190.4, 0.0296927
FILLER_0_65_51, 25.14, 184.96, 0.0292456
FILLER_0_63_51, 25.14, 179.52, 0.0287491
FILLER_0_61_51, 25.14, 174.08, 0.0281137
FILLER_0_59_51, 25.14, 168.64, 0.0275399
FILLER_0_57_51, 25.14, 163.2, 0.0269866
_7425_, 25.14, 157.76, 0.0264306
clkbuf_leaf_6_clk, 25.14, 157.76, 0.0264306
FILLER_0_54_41, 25.14, 157.76, 0.0264306
FILLER_0_55_51, 25.14, 157.76, 0.0264306
_6615_, 25.14, 152.32, 0.0257469
_7481_, 25.14, 152.32, 0.0257469
hold142, 25.14, 152.32, 0.0257469
hold146, 25.14, 152.32, 0.0257469
_6502_, 25.14, 146.88, 0.0250244
_6503_, 25.14, 146.88, 0.0250244
hold147, 25.14, 146.88, 0.0250244
ANTENNA__6615__A1, 25.14, 146.88, 0.0250244
ANTENNA__6502__S, 25.14, 146.88, 0.0250244
ANTENNA__6615__S, 25.14, 146.88, 0.0250244
FILLER_0_50_33, 25.14, 146.88, 0.0250244
_6476_, 25.14, 141.44, 0.0243363
_6512_, 25.14, 141.44, 0.0243363
_6513_, 25.14, 141.44, 0.0243363
_6532_, 25.14, 141.44, 0.0243363
_7468_, 25.14, 141.44, 0.0243363
hold148, 25.14, 141.44, 0.0243363
hold228, 25.14, 141.44, 0.0243363
ANTENNA__6512__A1, 25.14, 141.44, 0.0243363
_6468_, 25.14, 136, 0.0236588
_6475_, 25.14, 136, 0.0236588
_6542_, 25.14, 136, 0.0236588
clkbuf_leaf_5_clk, 25.14, 136, 0.0236588
hold191, 25.14, 136, 0.0236588
_6448_, 25.14, 130.56, 0.0228771
_6467_, 25.14, 130.56, 0.0228771
_7464_, 25.14, 130.56, 0.0228771
wire69, 25.14, 130.56, 0.0228771
ANTENNA__6475__A1, 25.14, 130.56, 0.0228771
ANTENNA__6485__A1, 25.14, 130.56, 0.0228771
ANTENNA__6559__S, 25.14, 130.56, 0.0228771
_5006_, 25.14, 125.12, 0.0221054
_6449_, 25.14, 125.12, 0.0221054
_6495_, 25.14, 125.12, 0.0221054
_7477_, 25.14, 125.12, 0.0221054
hold391, 25.14, 125.12, 0.0221054
FILLER_0_41_33, 25.14, 125.12, 0.0221054
_6494_, 25.14, 119.68, 0.021306
hold403, 25.14, 119.68, 0.021306
FILLER_0_39_39, 25.14, 119.68, 0.021306
FILLER_0_40_38, 25.14, 119.68, 0.021306
_7461_, 25.14, 114.24, 0.0204769
hold396, 25.14, 114.24, 0.0204769
hold410, 25.14, 114.24, 0.0204769
_6461_, 25.14, 108.8, 0.0196859
_6462_, 25.14, 108.8, 0.0196859
_7466_, 25.14, 108.8, 0.0196859
hold460, 25.14, 108.8, 0.0196859
ANTENNA__6555__S, 25.14, 108.8, 0.0196859
_6471_, 25.14, 103.36, 0.018866
_6499_, 25.14, 103.36, 0.018866
wire67, 25.14, 103.36, 0.018866
hold416, 25.14, 103.36, 0.018866
ANTENNA__6471__A1, 25.14, 103.36, 0.018866
ANTENNA__6444__A1, 25.14, 103.36, 0.018866
_4997_, 25.14, 97.92, 0.0178898
_6465_, 25.14, 97.92, 0.0178898
_6466_, 25.14, 97.92, 0.0178898
_7463_, 25.14, 97.92, 0.0178898
hold365, 25.14, 97.92, 0.0178898
_5015_, 25.14, 92.48, 0.0168972
_6439_, 25.14, 92.48, 0.0168972
_6493_, 25.14, 92.48, 0.0168972
_6497_, 25.14, 92.48, 0.0168972
_7476_, 25.14, 92.48, 0.0168972
FILLER_0_29_37, 25.14, 92.48, 0.0168972
FILLER_0_30_40, 25.14, 92.48, 0.0168972
FILLER_0_30_48, 25.14, 92.48, 0.0168972
FILLER_0_31_47, 25.14, 92.48, 0.0168972
_7449_, 25.14, 87.04, 0.0160935
FILLER_0_29_49, 25.14, 87.04, 0.0160935
_6484_, 25.14, 81.6, 0.0150837
_6496_, 25.14, 81.6, 0.0150837
_6548_, 25.14, 81.6, 0.0150837
hold452, 25.14, 81.6, 0.0150837
hold482, 25.14, 81.6, 0.0150837
ANTENNA_clkbuf_leaf_1_clk_A, 25.14, 81.6, 0.0150837
_6483_, 25.14, 76.16, 0.0140136
_7472_, 25.14, 76.16, 0.0140136
_7501_, 25.14, 76.16, 0.0140136
hold265, 25.14, 76.16, 0.0140136
_6480_, 25.14, 70.72, 0.012988
_7469_, 25.14, 70.72, 0.012988
hold278, 25.14, 70.72, 0.012988
ANTENNA__6481__A1, 25.14, 70.72, 0.012988
ANTENNA__6483__A1, 25.14, 70.72, 0.012988
FILLER_0_22_42, 25.14, 70.72, 0.012988
FILLER_0_22_56, 25.14, 70.72, 0.012988
FILLER_0_23_52, 25.14, 70.72, 0.012988
_6477_, 25.14, 65.28, 0.0118491
_7470_, 25.14, 65.28, 0.0118491
hold283, 25.14, 65.28, 0.0118491
ANTENNA__6477__A1, 25.14, 65.28, 0.0118491
ANTENNA__6456__A1, 25.14, 65.28, 0.0118491
FILLER_0_21_53, 25.14, 65.28, 0.0118491
_6453_, 25.14, 59.84, 0.0107268
_7457_, 25.14, 59.84, 0.0107268
_7484_, 25.14, 59.84, 0.0107268
ANTENNA__6452__A1, 25.14, 59.84, 0.0107268
ANTENNA__6508__S, 25.14, 59.84, 0.0107268
FILLER_0_18_45, 25.14, 59.84, 0.0107268
FILLER_0_19_44, 25.14, 59.84, 0.0107268
_6508_, 25.14, 54.4, 0.00964112
_6509_, 25.14, 54.4, 0.00964112
clkbuf_leaf_0_clk, 25.14, 54.4, 0.00964112
hold268, 25.14, 54.4, 0.00964112
ANTENNA_clkbuf_leaf_0_clk_A, 25.14, 54.4, 0.00964112
FILLER_0_15_34, 25.14, 54.4, 0.00964112
_6623_, 25.14, 48.96, 0.00843484
_7482_, 25.14, 48.96, 0.00843484
_7485_, 25.14, 48.96, 0.00843484
ANTENNA__6510__S, 25.14, 48.96, 0.00843484
FILLER_0_15_49, 25.14, 48.96, 0.00843484
_6504_, 25.14, 43.52, 0.00722524
_6511_, 25.14, 43.52, 0.00722524
_7535_, 25.14, 43.52, 0.00722524
hold234, 25.14, 43.52, 0.00722524
hold276, 25.14, 43.52, 0.00722524
ANTENNA__6623__S, 25.14, 43.52, 0.00722524
_6619_, 25.14, 38.08, 0.00593697
_7509_, 25.14, 38.08, 0.00593697
hold211, 25.14, 38.08, 0.00593697
ANTENNA__6619__A1, 25.14, 38.08, 0.00593697
_6563_, 25.14, 32.64, 0.00459457
_6564_, 25.14, 32.64, 0.00459457
ANTENNA__6561__A1, 25.14, 32.64, 0.00459457
ANTENNA__6567__S, 25.14, 32.64, 0.00459457
ANTENNA__6561__S, 25.14, 32.64, 0.00459457
ANTENNA__6563__A1, 25.14, 27.2, 0.0042482
FILLER_0_7_51, 25.14, 27.2, 0.0042482
FILLER_0_5_51, 25.14, 21.76, 0.0042777
FILLER_0_3_51, 25.14, 16.32, 0.00432593
ANTENNA_input11_A, 25.14, 10.88, 0.00435067
FILLER_0_0_50, 25.14, 10.88, 0.00435067
FILLER_0_1_51, 25.14, 10.88, 0.00435067
PHY_226, 5.52, 320.96, 0.0345263
PHY_228, 5.52, 320.96, 0.0345263
output56, 5.52, 320.96, 0.0345263
PHY_227, 318.32, 320.96, 0.0362277
PHY_229, 318.32, 320.96, 0.0362277
input16, 318.32, 320.96, 0.0362277
ANTENNA_input16_A, 318.32, 320.96, 0.0362277
FILLER_0_113_673, 318.32, 320.96, 0.0362277
ANTENNA_output56_A, 15.33, 320.96, 0.0345164
FILLER_0_114_25, 15.33, 320.96, 0.0345164
input15, 37.94, 320.96, 0.0346734
ANTENNA_input15_A, 37.94, 320.96, 0.0346734
FILLER_0_114_78, 37.94, 320.96, 0.0346734
input29, 50.74, 320.96, 0.0348396
ANTENNA_input29_A, 50.74, 320.96, 0.0348396
FILLER_0_114_97, 50.74, 320.96, 0.0348396
_6852_, 63.54, 320.96, 0.0350049
hold192, 63.54, 320.96, 0.0350049
ANTENNA__6848__A1, 63.54, 320.96, 0.0350049
ANTENNA__6852__S, 63.54, 320.96, 0.0350049
ANTENNA__6848__S, 63.54, 320.96, 0.0350049
ANTENNA__6904__S, 63.54, 320.96, 0.0350049
FILLER_0_113_124, 63.54, 320.96, 0.0350049
FILLER_0_114_113, 63.54, 320.96, 0.0350049
FILLER_0_114_130, 63.54, 320.96, 0.0350049
_7663_, 76.34, 320.96, 0.0351682
output59, 76.34, 320.96, 0.0351682
hold182, 76.34, 320.96, 0.0351682
hold230, 76.34, 320.96, 0.0351682
FILLER_0_114_141, 76.34, 320.96, 0.0351682
_6908_, 89.14, 320.96, 0.0353051
hold164, 89.14, 320.96, 0.0353051
ANTENNA_input30_A, 89.14, 320.96, 0.0353051
ANTENNA__6904__A1, 89.14, 320.96, 0.0353051
ANTENNA__6908__A1, 89.14, 320.96, 0.0353051
ANTENNA__6908__S, 89.14, 320.96, 0.0353051
FILLER_0_113_180, 89.14, 320.96, 0.0353051
FILLER_0_114_190, 89.14, 320.96, 0.0353051
_6824_, 101.94, 320.96, 0.035433
input30, 101.94, 320.96, 0.035433
hold153, 101.94, 320.96, 0.035433
FILLER_0_114_221, 101.94, 320.96, 0.035433
input20, 114.74, 320.96, 0.035558
ANTENNA_input20_A, 114.74, 320.96, 0.035558
FILLER_0_114_244, 114.74, 320.96, 0.035558
FILLER_0_114_277, 127.54, 320.96, 0.0356825
_3503_, 140.34, 320.96, 0.035807
output41, 140.34, 320.96, 0.035807
ANTENNA__3503__A, 140.34, 320.96, 0.035807
FILLER_0_113_281, 140.34, 320.96, 0.035807
FILLER_0_114_299, 140.34, 320.96, 0.035807
output37, 153.14, 320.96, 0.0359148
FILLER_0_114_321, 153.14, 320.96, 0.0359148
ANTENNA_output37_A, 165.94, 320.96, 0.0360142
FILLER_0_114_353, 165.94, 320.96, 0.0360142
FILLER_0_114_361, 165.94, 320.96, 0.0360142
FILLER_0_114_417, 191.429, 320.96, 0.0361396
output39, 204.118, 320.96, 0.0361656
FILLER_0_114_439, 204.118, 320.96, 0.0361656
output48, 216.807, 320.96, 0.0361837
FILLER_0_114_469, 216.807, 320.96, 0.0361837
input1, 242.185, 320.96, 0.0362031
ANTENNA_input1_A, 242.185, 320.96, 0.0362031
FILLER_0_114_501, 242.185, 320.96, 0.0362031
FILLER_0_114_505, 242.185, 320.96, 0.0362031
FILLER_0_114_524, 242.185, 320.96, 0.0362031
output58, 267.563, 320.96, 0.0362192
ANTENNA_output58_A, 267.563, 320.96, 0.0362192
FILLER_0_114_579, 267.563, 320.96, 0.0362192
input28, 280.252, 320.96, 0.036222
ANTENNA_input28_A, 280.252, 320.96, 0.036222
FILLER_0_114_608, 280.252, 320.96, 0.036222
input27, 305.63, 320.96, 0.0362263
ANTENNA_input27_A, 305.63, 320.96, 0.0362263
FILLER_0_114_641, 305.63, 320.96, 0.0362263
FILLER_0_114_666, 305.63, 320.96, 0.0362263
PHY_222, 5.52, 315.52, 0.0345338
PHY_224, 5.52, 315.52, 0.0345338
PHY_223, 318.32, 315.52, 0.0361675
PHY_225, 318.32, 315.52, 0.0361675
input3, 318.32, 315.52, 0.0361675
ANTENNA_input3_A, 318.32, 315.52, 0.0361675
FILLER_0_112_669, 318.32, 315.52, 0.0361675
FILLER_0_112_77, 37.94, 315.52, 0.0347599
_6853_, 50.74, 315.52, 0.0349859
_6880_, 50.74, 315.52, 0.0349859
_6881_, 50.74, 315.52, 0.0349859
_7639_, 50.74, 315.52, 0.0349859
_7652_, 50.74, 315.52, 0.0349859
hold152, 50.74, 315.52, 0.0349859
ANTENNA__6852__A1, 50.74, 315.52, 0.0349859
_6849_, 63.54, 315.52, 0.035177
_6876_, 63.54, 315.52, 0.035177
_7637_, 63.54, 315.52, 0.035177
hold181, 63.54, 315.52, 0.035177
ANTENNA__6856__A1, 63.54, 315.52, 0.035177
ANTENNA__6856__S, 63.54, 315.52, 0.035177
FILLER_0_111_122, 63.54, 315.52, 0.035177
_6848_, 76.34, 315.52, 0.0353536
_6885_, 76.34, 315.52, 0.0353536
_6904_, 76.34, 315.52, 0.0353536
_6905_, 76.34, 315.52, 0.0353536
_6909_, 76.34, 315.52, 0.0353536
_7654_, 76.34, 315.52, 0.0353536
_7665_, 76.34, 315.52, 0.0353536
FILLER_0_112_161, 76.34, 315.52, 0.0353536
_6825_, 89.14, 315.52, 0.0354915
_7626_, 89.14, 315.52, 0.0354915
_7667_, 89.14, 315.52, 0.0354915
hold156, 89.14, 315.52, 0.0354915
FILLER_0_112_193, 89.14, 315.52, 0.0354915
_6821_, 101.94, 315.52, 0.0355995
_7624_, 101.94, 315.52, 0.0355995
hold154, 101.94, 315.52, 0.0355995
hold183, 101.94, 315.52, 0.0355995
ANTENNA__6824__A1, 101.94, 315.52, 0.0355995
ANTENNA__6824__S, 101.94, 315.52, 0.0355995
_6356_, 114.74, 315.52, 0.0356942
hold286, 114.74, 315.52, 0.0356942
ANTENNA__6356__A0, 114.74, 315.52, 0.0356942
FILLER_0_112_248, 114.74, 315.52, 0.0356942
FILLER_0_113_273, 127.54, 315.52, 0.0357798
FILLER_0_112_301, 140.34, 315.52, 0.0358654
FILLER_0_113_327, 153.14, 315.52, 0.0359509
FILLER_0_112_357, 165.94, 315.52, 0.0360365
ANTENNA__6184__S, 191.429, 315.52, 0.0361378
ANTENNA__5327__A1, 191.429, 315.52, 0.0361378
ANTENNA__7359__RESET_B, 191.429, 315.52, 0.0361378
ANTENNA__7389__RESET_B, 191.429, 315.52, 0.0361378
_6186_, 204.118, 315.52, 0.0361535
hold26, 204.118, 315.52, 0.0361535
ANTENNA__6186__A0, 204.118, 315.52, 0.0361535
FILLER_0_112_421, 204.118, 315.52, 0.0361535
FILLER_0_113_441, 204.118, 315.52, 0.0361535
FILLER_0_112_466, 216.807, 315.52, 0.0361551
FILLER_0_113_497, 229.496, 315.52, 0.0361566
FILLER_0_112_525, 242.185, 315.52, 0.0361582
FILLER_0_113_553, 254.874, 315.52, 0.0361598
FILLER_0_112_581, 267.563, 315.52, 0.0361613
FILLER_0_113_609, 280.252, 315.52, 0.0361629
FILLER_0_112_637, 292.941, 315.52, 0.0361644
FILLER_0_113_665, 305.63, 315.52, 0.036166
PHY_218, 5.52, 310.08, 0.0345712
PHY_220, 5.52, 310.08, 0.0345712
PHY_219, 318.32, 310.08, 0.0367081
PHY_221, 318.32, 310.08, 0.0367081
FILLER_0_109_673, 318.32, 310.08, 0.0367081
FILLER_0_110_669, 318.32, 310.08, 0.0367081
_7636_, 37.94, 310.08, 0.0348699
_7638_, 37.94, 310.08, 0.0348699
FILLER_0_110_65, 37.94, 310.08, 0.0348699
FILLER_0_111_81, 37.94, 310.08, 0.0348699
_6877_, 50.74, 310.08, 0.0351495
_6903_, 50.74, 310.08, 0.0351495
_7650_, 50.74, 310.08, 0.0351495
hold123, 50.74, 310.08, 0.0351495
hold214, 50.74, 310.08, 0.0351495
ANTENNA__6876__A1, 50.74, 310.08, 0.0351495
ANTENNA__6880__A1, 50.74, 310.08, 0.0351495
ANTENNA__6850__S, 50.74, 310.08, 0.0351495
ANTENNA__6880__S, 50.74, 310.08, 0.0351495
ANTENNA__6876__S, 50.74, 310.08, 0.0351495
_6819_, 63.54, 310.08, 0.0354032
_6857_, 63.54, 310.08, 0.0354032
_7641_, 63.54, 310.08, 0.0354032
hold165, 63.54, 310.08, 0.0354032
hold203, 63.54, 310.08, 0.0354032
ANTENNA__6884__A1, 63.54, 310.08, 0.0354032
ANTENNA__6844__S, 63.54, 310.08, 0.0354032
FILLER_0_109_116, 63.54, 310.08, 0.0354032
FILLER_0_110_134, 63.54, 310.08, 0.0354032
_6856_, 76.34, 310.08, 0.0356387
_6884_, 76.34, 310.08, 0.0356387
clkbuf_leaf_26_clk, 76.34, 310.08, 0.0356387
hold194, 76.34, 310.08, 0.0356387
ANTENNA__6912__S, 76.34, 310.08, 0.0356387
FILLER_0_110_150, 76.34, 310.08, 0.0356387
FILLER_0_111_163, 76.34, 310.08, 0.0356387
_6829_, 89.14, 310.08, 0.0358028
_6912_, 89.14, 310.08, 0.0358028
_6913_, 89.14, 310.08, 0.0358028
_7628_, 89.14, 310.08, 0.0358028
hold188, 89.14, 310.08, 0.0358028
hold237, 89.14, 310.08, 0.0358028
ANTENNA__6906__A1, 89.14, 310.08, 0.0358028
FILLER_0_110_183, 89.14, 310.08, 0.0358028
FILLER_0_110_193, 89.14, 310.08, 0.0358028
_6820_, 101.94, 310.08, 0.0359389
_6828_, 101.94, 310.08, 0.0359389
clkbuf_leaf_30_clk, 101.94, 310.08, 0.0359389
ANTENNA__6356__S, 101.94, 310.08, 0.0359389
ANTENNA__6912__A1, 101.94, 310.08, 0.0359389
ANTENNA__6828__A1, 101.94, 310.08, 0.0359389
ANTENNA__6820__S, 101.94, 310.08, 0.0359389
FILLER_0_111_218, 101.94, 310.08, 0.0359389
_6363_, 114.74, 310.08, 0.0360216
_7422_, 114.74, 310.08, 0.0360216
hold250, 114.74, 310.08, 0.0360216
ANTENNA_clkbuf_leaf_30_clk_A, 114.74, 310.08, 0.0360216
FILLER_0_110_249, 114.74, 310.08, 0.0360216
_6350_, 127.54, 310.08, 0.0360819
hold242, 127.54, 310.08, 0.0360819
FILLER_0_110_253, 127.54, 310.08, 0.0360819
FILLER_0_110_304, 140.34, 310.08, 0.0361327
FILLER_0_111_329, 153.14, 310.08, 0.0361836
_6026_, 165.94, 310.08, 0.0362344
FILLER_0_110_345, 165.94, 310.08, 0.0362344
FILLER_0_111_361, 165.94, 310.08, 0.0362344
_6184_, 191.429, 310.08, 0.0364246
_6185_, 191.429, 310.08, 0.0364246
_6187_, 191.429, 310.08, 0.0364246
_7389_, 191.429, 310.08, 0.0364246
ANTENNA__6186__S, 191.429, 310.08, 0.0364246
ANTENNA__5545__S, 191.429, 310.08, 0.0364246
ANTENNA__6184__A0, 191.429, 310.08, 0.0364246
ANTENNA__7390__RESET_B, 191.429, 310.08, 0.0364246
FILLER_0_110_391, 191.429, 310.08, 0.0364246
FILLER_0_111_405, 191.429, 310.08, 0.0364246
_7395_, 204.118, 310.08, 0.0365386
ANTENNA__7395__RESET_B, 204.118, 310.08, 0.0365386
FILLER_0_110_421, 204.118, 310.08, 0.0365386
FILLER_0_111_438, 204.118, 310.08, 0.0365386
_6195_, 216.807, 310.08, 0.0366391
hold32, 216.807, 310.08, 0.0366391
ANTENNA_clkbuf_leaf_43_clk_A, 216.807, 310.08, 0.0366391
FILLER_0_110_446, 216.807, 310.08, 0.0366391
FILLER_0_110_457, 216.807, 310.08, 0.0366391
_7401_, 229.496, 310.08, 0.0366827
ANTENNA__7401__RESET_B, 229.496, 310.08, 0.0366827
FILLER_0_110_477, 229.496, 310.08, 0.0366827
FILLER_0_111_497, 229.496, 310.08, 0.0366827
_7374_, 242.185, 310.08, 0.0367081
FILLER_0_111_553, 254.874, 310.08, 0.0367081
FILLER_0_110_581, 267.563, 310.08, 0.0367081
FILLER_0_111_609, 280.252, 310.08, 0.0367081
FILLER_0_110_637, 292.941, 310.08, 0.0367081
FILLER_0_111_665, 305.63, 310.08, 0.0367081
PHY_214, 5.52, 304.64, 0.034547
PHY_216, 5.52, 304.64, 0.034547
input33, 5.52, 304.64, 0.034547
ANTENNA_input33_A, 5.52, 304.64, 0.034547
PHY_215, 318.32, 304.64, 0.0366828
PHY_217, 318.32, 304.64, 0.0366828
FILLER_0_107_673, 318.32, 304.64, 0.0366828
FILLER_0_108_669, 318.32, 304.64, 0.0366828
FILLER_0_108_19, 15.33, 304.64, 0.0345457
_6846_, 37.94, 304.64, 0.0348507
_6847_, 37.94, 304.64, 0.0348507
_6850_, 37.94, 304.64, 0.0348507
_6851_, 37.94, 304.64, 0.0348507
_6879_, 37.94, 304.64, 0.0348507
hold129, 37.94, 304.64, 0.0348507
ANTENNA__6850__A1, 37.94, 304.64, 0.0348507
ANTENNA__6846__S, 37.94, 304.64, 0.0348507
_7623_, 50.74, 304.64, 0.0351507
_7662_, 50.74, 304.64, 0.0351507
clkbuf_leaf_25_clk, 50.74, 304.64, 0.0351507
ANTENNA__6878__S, 50.74, 304.64, 0.0351507
ANTENNA__6902__S, 50.74, 304.64, 0.0351507
ANTENNA_clkbuf_leaf_25_clk_A, 50.74, 304.64, 0.0351507
FILLER_0_108_85, 50.74, 304.64, 0.0351507
FILLER_0_109_109, 50.74, 304.64, 0.0351507
_6818_, 63.54, 304.64, 0.0353614
_6873_, 63.54, 304.64, 0.0353614
_7635_, 63.54, 304.64, 0.0353614
hold179, 63.54, 304.64, 0.0353614
hold271, 63.54, 304.64, 0.0353614
ANTENNA_clkbuf_leaf_26_clk_A, 63.54, 304.64, 0.0353614
FILLER_0_109_130, 63.54, 304.64, 0.0353614
_6845_, 76.34, 304.64, 0.0355511
_6872_, 76.34, 304.64, 0.0355511
_7648_, 76.34, 304.64, 0.0355511
ANTENNA__6799__S, 76.34, 304.64, 0.0355511
ANTENNA__6872__S, 76.34, 304.64, 0.0355511
ANTENNA__6906__S, 76.34, 304.64, 0.0355511
FILLER_0_107_147, 76.34, 304.64, 0.0355511
FILLER_0_108_144, 76.34, 304.64, 0.0355511
FILLER_0_108_163, 76.34, 304.64, 0.0355511
_6900_, 89.14, 304.64, 0.0357226
_6906_, 89.14, 304.64, 0.0357226
_7661_, 89.14, 304.64, 0.0357226
hold244, 89.14, 304.64, 0.0357226
ANTENNA__6347__S, 89.14, 304.64, 0.0357226
ANTENNA__6828__S, 89.14, 304.64, 0.0357226
FILLER_0_109_187, 89.14, 304.64, 0.0357226
_6348_, 101.94, 304.64, 0.035868
_6357_, 101.94, 304.64, 0.035868
_6817_, 101.94, 304.64, 0.035868
_7420_, 101.94, 304.64, 0.035868
_7622_, 101.94, 304.64, 0.035868
hold273, 101.94, 304.64, 0.035868
ANTENNA__6820__A1, 101.94, 304.64, 0.035868
FILLER_0_109_210, 101.94, 304.64, 0.035868
FILLER_0_109_221, 101.94, 304.64, 0.035868
_6351_, 114.74, 304.64, 0.035978
_6362_, 114.74, 304.64, 0.035978
_7418_, 114.74, 304.64, 0.035978
hold185, 114.74, 304.64, 0.035978
hold248, 114.74, 304.64, 0.035978
ANTENNA__6362__S, 114.74, 304.64, 0.035978
ANTENNA__6362__A0, 114.74, 304.64, 0.035978
FILLER_0_108_230, 114.74, 304.64, 0.035978
ANTENNA__6350__S, 127.54, 304.64, 0.0360612
ANTENNA__6350__A0, 127.54, 304.64, 0.0360612
FILLER_0_108_253, 127.54, 304.64, 0.0360612
FILLER_0_109_271, 127.54, 304.64, 0.0360612
_4105_, 140.34, 304.64, 0.0361444
ANTENNA__4105__S, 140.34, 304.64, 0.0361444
FILLER_0_107_281, 140.34, 304.64, 0.0361444
FILLER_0_107_289, 140.34, 304.64, 0.0361444
FILLER_0_108_294, 140.34, 304.64, 0.0361444
FILLER_0_108_303, 140.34, 304.64, 0.0361444
ANTENNA__7150__RESET_B, 153.14, 304.64, 0.0362193
ANTENNA__7299__RESET_B, 153.14, 304.64, 0.0362193
FILLER_0_109_329, 153.14, 304.64, 0.0362193
_5705_, 165.94, 304.64, 0.0362943
_6027_, 165.94, 304.64, 0.0362943
_7299_, 165.94, 304.64, 0.0362943
_7360_, 165.94, 304.64, 0.0362943
ANTENNA__5704__S, 165.94, 304.64, 0.0362943
ANTENNA__4798__S, 165.94, 304.64, 0.0362943
ANTENNA__5704__A0, 165.94, 304.64, 0.0362943
FILLER_0_108_346, 165.94, 304.64, 0.0362943
FILLER_0_108_351, 165.94, 304.64, 0.0362943
FILLER_0_108_358, 165.94, 304.64, 0.0362943
_5547_, 191.429, 304.64, 0.036458
_5548_, 191.429, 304.64, 0.036458
_7390_, 191.429, 304.64, 0.036458
hold24, 191.429, 304.64, 0.036458
ANTENNA__5547__S, 191.429, 304.64, 0.036458
ANTENNA__7239__RESET_B, 191.429, 304.64, 0.036458
ANTENNA__7394__RESET_B, 191.429, 304.64, 0.036458
FILLER_0_108_417, 191.429, 304.64, 0.036458
_7400_, 204.118, 304.64, 0.0365678
hold21, 204.118, 304.64, 0.0365678
ANTENNA__7400__RESET_B, 204.118, 304.64, 0.0365678
FILLER_0_108_429, 204.118, 304.64, 0.0365678
FILLER_0_109_443, 204.118, 304.64, 0.0365678
_6232_, 216.807, 304.64, 0.0366549
_6244_, 216.807, 304.64, 0.0366549
_6245_, 216.807, 304.64, 0.0366549
clkbuf_leaf_43_clk, 216.807, 304.64, 0.0366549
ANTENNA__6244__B, 216.807, 304.64, 0.0366549
ANTENNA__6230__A2, 216.807, 304.64, 0.0366549
FILLER_0_107_449, 216.807, 304.64, 0.0366549
FILLER_0_108_456, 216.807, 304.64, 0.0366549
FILLER_0_109_460, 216.807, 304.64, 0.0366549
_6246_, 229.496, 304.64, 0.0366794
_6257_, 229.496, 304.64, 0.0366794
_6258_, 229.496, 304.64, 0.0366794
hold696, 229.496, 304.64, 0.0366794
_6254_, 242.185, 304.64, 0.0366828
ANTENNA__6255__C, 242.185, 304.64, 0.0366828
ANTENNA__7374__RESET_B, 242.185, 304.64, 0.0366828
ANTENNA__7402__RESET_B, 242.185, 304.64, 0.0366828
ANTENNA__7378__RESET_B, 254.874, 304.64, 0.0366828
FILLER_0_108_529, 254.874, 304.64, 0.0366828
FILLER_0_109_552, 254.874, 304.64, 0.0366828
FILLER_0_108_581, 267.563, 304.64, 0.0366828
FILLER_0_109_609, 280.252, 304.64, 0.0366828
FILLER_0_108_637, 292.941, 304.64, 0.0366828
FILLER_0_109_665, 305.63, 304.64, 0.0366828
PHY_210, 5.52, 299.2, 0.0345044
PHY_212, 5.52, 299.2, 0.0345044
PHY_211, 318.32, 299.2, 0.0377893
PHY_213, 318.32, 299.2, 0.0377893
FILLER_0_105_673, 318.32, 299.2, 0.0377893
FILLER_0_106_669, 318.32, 299.2, 0.0377893
_6796_, 37.94, 299.2, 0.0348095
_6874_, 37.94, 299.2, 0.0348095
_6875_, 37.94, 299.2, 0.0348095
_7651_, 37.94, 299.2, 0.0348095
ANTENNA__6874__S, 37.94, 299.2, 0.0348095
ANTENNA_clkbuf_leaf_24_clk_A, 37.94, 299.2, 0.0348095
FILLER_0_105_57, 37.94, 299.2, 0.0348095
FILLER_0_105_63, 37.94, 299.2, 0.0348095
_6792_, 50.74, 299.2, 0.0350928
_6878_, 50.74, 299.2, 0.0350928
_6902_, 50.74, 299.2, 0.0350928
_7611_, 50.74, 299.2, 0.0350928
hold253, 50.74, 299.2, 0.0350928
_6735_, 63.54, 299.2, 0.0353473
_6799_, 63.54, 299.2, 0.0353473
_6800_, 63.54, 299.2, 0.0353473
_6844_, 63.54, 299.2, 0.0353473
_7584_, 63.54, 299.2, 0.0353473
hold260, 63.54, 299.2, 0.0353473
FILLER_0_106_137, 63.54, 299.2, 0.0353473
_6740_, 76.34, 299.2, 0.0355797
_6901_, 76.34, 299.2, 0.0355797
hold238, 76.34, 299.2, 0.0355797
ANTENNA__6799__A1, 76.34, 299.2, 0.0355797
ANTENNA__6884__S, 76.34, 299.2, 0.0355797
ANTENNA__6900__S, 76.34, 299.2, 0.0355797
FILLER_0_106_160, 76.34, 299.2, 0.0355797
FILLER_0_107_162, 76.34, 299.2, 0.0355797
_6715_, 89.14, 299.2, 0.0358086
_6907_, 89.14, 299.2, 0.0358086
_7417_, 89.14, 299.2, 0.0358086
_7664_, 89.14, 299.2, 0.0358086
hold221, 89.14, 299.2, 0.0358086
ANTENNA__6816__S, 89.14, 299.2, 0.0358086
FILLER_0_105_172, 89.14, 299.2, 0.0358086
FILLER_0_106_169, 89.14, 299.2, 0.0358086
FILLER_0_106_191, 89.14, 299.2, 0.0358086
_6345_, 101.94, 299.2, 0.0360066
_6347_, 101.94, 299.2, 0.0360066
_6816_, 101.94, 299.2, 0.0360066
_7416_, 101.94, 299.2, 0.0360066
hold197, 101.94, 299.2, 0.0360066
ANTENNA__6710__A1, 101.94, 299.2, 0.0360066
ANTENNA__6822__S, 101.94, 299.2, 0.0360066
FILLER_0_105_199, 101.94, 299.2, 0.0360066
FILLER_0_107_217, 101.94, 299.2, 0.0360066
_6344_, 114.74, 299.2, 0.0361839
_7419_, 114.74, 299.2, 0.0361839
ANTENNA__6353__S, 114.74, 299.2, 0.0361839
ANTENNA__6344__S, 114.74, 299.2, 0.0361839
FILLER_0_107_241, 114.74, 299.2, 0.0361839
_6353_, 127.54, 299.2, 0.0363442
hold232, 127.54, 299.2, 0.0363442
ANTENNA__4103__S, 127.54, 299.2, 0.0363442
ANTENNA__6353__A0, 127.54, 299.2, 0.0363442
ANTENNA__7017__RESET_B, 127.54, 299.2, 0.0363442
FILLER_0_105_257, 127.54, 299.2, 0.0363442
FILLER_0_106_270, 127.54, 299.2, 0.0363442
FILLER_0_107_277, 127.54, 299.2, 0.0363442
_4106_, 140.34, 299.2, 0.0364954
_7017_, 140.34, 299.2, 0.0364954
_7032_, 140.34, 299.2, 0.0364954
hold1, 140.34, 299.2, 0.0364954
ANTENNA_clkbuf_leaf_32_clk_A, 140.34, 299.2, 0.0364954
ANTENNA__7032__RESET_B, 140.34, 299.2, 0.0364954
FILLER_0_105_281, 140.34, 299.2, 0.0364954
FILLER_0_106_301, 140.34, 299.2, 0.0364954
_4798_, 153.14, 299.2, 0.0366069
_7150_, 153.14, 299.2, 0.0366069
clkbuf_leaf_32_clk, 153.14, 299.2, 0.0366069
hold17, 153.14, 299.2, 0.0366069
FILLER_0_107_333, 153.14, 299.2, 0.0366069
_5330_, 165.94, 299.2, 0.0366406
_5704_, 165.94, 299.2, 0.0366406
_7149_, 165.94, 299.2, 0.0366406
hold720, 165.94, 299.2, 0.0366406
ANTENNA__5704__A1, 165.94, 299.2, 0.0366406
FILLER_0_105_337, 165.94, 299.2, 0.0366406
FILLER_0_107_360, 165.94, 299.2, 0.0366406
_7285_, 191.429, 299.2, 0.0369175
_7394_, 191.429, 299.2, 0.0369175
hold25, 191.429, 299.2, 0.0369175
ANTENNA_clkbuf_leaf_42_clk_A, 191.429, 299.2, 0.0369175
FILLER_0_106_417, 191.429, 299.2, 0.0369175
_7375_, 204.118, 299.2, 0.0371493
ANTENNA__6228__B1, 204.118, 299.2, 0.0371493
ANTENNA__6228__A1, 204.118, 299.2, 0.0371493
ANTENNA__7375__RESET_B, 204.118, 299.2, 0.0371493
ANTENNA__7285__RESET_B, 204.118, 299.2, 0.0371493
FILLER_0_106_441, 204.118, 299.2, 0.0371493
FILLER_0_107_444, 204.118, 299.2, 0.0371493
_6229_, 216.807, 299.2, 0.0373655
_6230_, 216.807, 299.2, 0.0373655
_6233_, 216.807, 299.2, 0.0373655
_6234_, 216.807, 299.2, 0.0373655
_6243_, 216.807, 299.2, 0.0373655
hold364, 216.807, 299.2, 0.0373655
ANTENNA__6231__C, 216.807, 299.2, 0.0373655
FILLER_0_105_449, 216.807, 299.2, 0.0373655
FILLER_0_106_449, 216.807, 299.2, 0.0373655
FILLER_0_106_472, 216.807, 299.2, 0.0373655
_6252_, 229.496, 299.2, 0.0375484
_6253_, 229.496, 299.2, 0.0375484
_6256_, 229.496, 299.2, 0.0375484
_6259_, 229.496, 299.2, 0.0375484
_6260_, 229.496, 299.2, 0.0375484
_6261_, 229.496, 299.2, 0.0375484
_6262_, 229.496, 299.2, 0.0375484
ANTENNA__6253__A2, 229.496, 299.2, 0.0375484
ANTENNA__6257__B, 229.496, 299.2, 0.0375484
ANTENNA__6256__A2, 229.496, 299.2, 0.0375484
FILLER_0_106_477, 229.496, 299.2, 0.0375484
_6255_, 242.185, 299.2, 0.0376658
_6264_, 242.185, 299.2, 0.0376658
_7402_, 242.185, 299.2, 0.0376658
hold636, 242.185, 299.2, 0.0376658
_6074_, 254.874, 299.2, 0.037743
_6075_, 254.874, 299.2, 0.037743
_6076_, 254.874, 299.2, 0.037743
_7378_, 254.874, 299.2, 0.037743
ANTENNA__6075__B1, 254.874, 299.2, 0.037743
ANTENNA__6076__A2, 254.874, 299.2, 0.037743
FILLER_0_106_533, 254.874, 299.2, 0.037743
FILLER_0_107_554, 254.874, 299.2, 0.037743
_6087_, 267.563, 299.2, 0.0377893
clkbuf_leaf_46_clk, 267.563, 299.2, 0.0377893
FILLER_0_105_561, 267.563, 299.2, 0.0377893
FILLER_0_106_578, 267.563, 299.2, 0.0377893
ANTENNA_clkbuf_leaf_46_clk_A, 280.252, 299.2, 0.0377893
ANTENNA__7379__RESET_B, 280.252, 299.2, 0.0377893
FILLER_0_105_585, 280.252, 299.2, 0.0377893
FILLER_0_107_609, 280.252, 299.2, 0.0377893
FILLER_0_106_637, 292.941, 299.2, 0.0377893
FILLER_0_107_665, 305.63, 299.2, 0.0377893
PHY_206, 5.52, 293.76, 0.034488
PHY_208, 5.52, 293.76, 0.034488
PHY_207, 318.32, 293.76, 0.0377124
PHY_209, 318.32, 293.76, 0.0377124
input10, 318.32, 293.76, 0.0377124
ANTENNA_input10_A, 318.32, 293.76, 0.0377124
FILLER_0_103_673, 318.32, 293.76, 0.0377124
_6790_, 37.94, 293.76, 0.0348673
_7612_, 37.94, 293.76, 0.0348673
_7613_, 37.94, 293.76, 0.0348673
clkbuf_leaf_24_clk, 37.94, 293.76, 0.0348673
hold196, 37.94, 293.76, 0.0348673
ANTENNA__6878__A1, 37.94, 293.76, 0.0348673
FILLER_0_103_57, 37.94, 293.76, 0.0348673
FILLER_0_103_63, 37.94, 293.76, 0.0348673
FILLER_0_104_77, 37.94, 293.76, 0.0348673
_6791_, 50.74, 293.76, 0.0351621
_6795_, 50.74, 293.76, 0.0351621
hold213, 50.74, 293.76, 0.0351621
ANTENNA__6795__A1, 50.74, 293.76, 0.0351621
FILLER_0_104_85, 50.74, 293.76, 0.0351621
FILLER_0_104_99, 50.74, 293.76, 0.0351621
_6736_, 63.54, 293.76, 0.0354441
_7586_, 63.54, 293.76, 0.0354441
_7615_, 63.54, 293.76, 0.0354441
hold204, 63.54, 293.76, 0.0354441
ANTENNA__6791__A1, 63.54, 293.76, 0.0354441
ANTENNA__6791__S, 63.54, 293.76, 0.0354441
ANTENNA__6818__S, 63.54, 293.76, 0.0354441
FILLER_0_103_121, 63.54, 293.76, 0.0354441
_6738_, 76.34, 293.76, 0.0356971
_6739_, 76.34, 293.76, 0.0356971
_7585_, 76.34, 293.76, 0.0356971
hold198, 76.34, 293.76, 0.0356971
ANTENNA__6739__A1, 76.34, 293.76, 0.0356971
FILLER_0_105_162, 76.34, 293.76, 0.0356971
_7570_, 89.14, 293.76, 0.0359397
_7574_, 89.14, 293.76, 0.0359397
hold159, 89.14, 293.76, 0.0359397
hold226, 89.14, 293.76, 0.0359397
FILLER_0_105_188, 89.14, 293.76, 0.0359397
_6711_, 101.94, 293.76, 0.0361628
_6823_, 101.94, 293.76, 0.0361628
_7625_, 101.94, 293.76, 0.0361628
clkbuf_leaf_29_clk, 101.94, 293.76, 0.0361628
hold280, 101.94, 293.76, 0.0361628
ANTENNA__6822__A1, 101.94, 293.76, 0.0361628
ANTENNA_clkbuf_leaf_29_clk_A, 101.94, 293.76, 0.0361628
FILLER_0_105_215, 101.94, 293.76, 0.0361628
_4103_, 114.74, 293.76, 0.0363163
_4104_, 114.74, 293.76, 0.0363163
_6354_, 114.74, 293.76, 0.0363163
_7016_, 114.74, 293.76, 0.0363163
ANTENNA_clkbuf_leaf_31_clk_A, 114.74, 293.76, 0.0363163
ANTENNA__7164__RESET_B, 114.74, 293.76, 0.0363163
FILLER_0_104_246, 114.74, 293.76, 0.0363163
FILLER_0_105_239, 114.74, 293.76, 0.0363163
FILLER_0_105_246, 114.74, 293.76, 0.0363163
_7164_, 127.54, 293.76, 0.0364416
clkbuf_leaf_31_clk, 127.54, 293.76, 0.0364416
ANTENNA__7167__RESET_B, 127.54, 293.76, 0.0364416
FILLER_0_104_276, 127.54, 293.76, 0.0364416
FILLER_0_105_276, 127.54, 293.76, 0.0364416
_4799_, 140.34, 293.76, 0.036497
_7167_, 140.34, 293.76, 0.036497
hold441, 140.34, 293.76, 0.036497
ANTENNA__7165__RESET_B, 140.34, 293.76, 0.036497
ANTENNA__7168__RESET_B, 140.34, 293.76, 0.036497
FILLER_0_104_290, 140.34, 293.76, 0.036497
_7165_, 153.14, 293.76, 0.0365236
hold19, 153.14, 293.76, 0.0365236
ANTENNA__7149__RESET_B, 153.14, 293.76, 0.0365236
FILLER_0_105_330, 153.14, 293.76, 0.0365236
_4796_, 165.94, 293.76, 0.0365281
_4797_, 165.94, 293.76, 0.0365281
_4837_, 165.94, 293.76, 0.0365281
hold721, 165.94, 293.76, 0.0365281
hold728, 165.94, 293.76, 0.0365281
ANTENNA__4796__S, 165.94, 293.76, 0.0365281
_7270_, 191.429, 293.76, 0.0367432
_7399_, 191.429, 293.76, 0.0367432
ANTENNA__7270__RESET_B, 191.429, 293.76, 0.0367432
ANTENNA__7269__RESET_B, 191.429, 293.76, 0.0367432
ANTENNA__7399__RESET_B, 191.429, 293.76, 0.0367432
_6217_, 204.118, 293.76, 0.0370018
_6222_, 204.118, 293.76, 0.0370018
_6223_, 204.118, 293.76, 0.0370018
_6224_, 204.118, 293.76, 0.0370018
_6225_, 204.118, 293.76, 0.0370018
_6239_, 204.118, 293.76, 0.0370018
hold356, 204.118, 293.76, 0.0370018
ANTENNA__6242__A1, 204.118, 293.76, 0.0370018
FILLER_0_105_445, 204.118, 293.76, 0.0370018
_6231_, 216.807, 293.76, 0.037213
_6238_, 216.807, 293.76, 0.037213
_6241_, 216.807, 293.76, 0.037213
_6242_, 216.807, 293.76, 0.037213
_6247_, 216.807, 293.76, 0.037213
_6248_, 216.807, 293.76, 0.037213
ANTENNA__6242__B1, 216.807, 293.76, 0.037213
FILLER_0_104_467, 216.807, 293.76, 0.037213
_6249_, 229.496, 293.76, 0.037375
_6251_, 229.496, 293.76, 0.037375
_6263_, 229.496, 293.76, 0.037375
_6266_, 229.496, 293.76, 0.037375
_6276_, 229.496, 293.76, 0.037375
ANTENNA__6252__B1, 229.496, 293.76, 0.037375
FILLER_0_104_477, 229.496, 293.76, 0.037375
FILLER_0_104_490, 229.496, 293.76, 0.037375
FILLER_0_105_492, 229.496, 293.76, 0.037375
_6265_, 242.185, 293.76, 0.0375001
_6273_, 242.185, 293.76, 0.0375001
_6274_, 242.185, 293.76, 0.0375001
_6275_, 242.185, 293.76, 0.0375001
ANTENNA__6275__B1, 242.185, 293.76, 0.0375001
ANTENNA__6264__A2, 242.185, 293.76, 0.0375001
ANTENNA__6264__B1, 242.185, 293.76, 0.0375001
ANTENNA__6275__A1, 242.185, 293.76, 0.0375001
FILLER_0_104_504, 242.185, 293.76, 0.0375001
FILLER_0_104_509, 242.185, 293.76, 0.0375001
FILLER_0_104_522, 242.185, 293.76, 0.0375001
FILLER_0_105_525, 242.185, 293.76, 0.0375001
_6072_, 254.874, 293.76, 0.0376032
_6073_, 254.874, 293.76, 0.0376032
_6077_, 254.874, 293.76, 0.0376032
_6078_, 254.874, 293.76, 0.0376032
hold639, 254.874, 293.76, 0.0376032
FILLER_0_104_543, 254.874, 293.76, 0.0376032
_6084_, 267.563, 293.76, 0.0376655
_6090_, 267.563, 293.76, 0.0376655
_6092_, 267.563, 293.76, 0.0376655
FILLER_0_103_557, 267.563, 293.76, 0.0376655
FILLER_0_104_557, 267.563, 293.76, 0.0376655
_6091_, 280.252, 293.76, 0.0377005
_7379_, 280.252, 293.76, 0.0377005
ANTENNA__6091__A2, 280.252, 293.76, 0.0377005
FILLER_0_105_607, 280.252, 293.76, 0.0377005
hold669, 292.941, 293.76, 0.0377088
FILLER_0_103_613, 292.941, 293.76, 0.0377088
FILLER_0_105_665, 305.63, 293.76, 0.0377106
PHY_202, 5.52, 288.32, 0.0343444
PHY_204, 5.52, 288.32, 0.0343444
PHY_203, 318.32, 288.32, 0.0375551
PHY_205, 318.32, 288.32, 0.0375551
FILLER_0_101_673, 318.32, 288.32, 0.0375551
FILLER_0_102_669, 318.32, 288.32, 0.0375551
_6763_, 37.94, 288.32, 0.034645
_6789_, 37.94, 288.32, 0.034645
_6793_, 37.94, 288.32, 0.034645
_6794_, 37.94, 288.32, 0.034645
_7610_, 37.94, 288.32, 0.034645
hold141, 37.94, 288.32, 0.034645
FILLER_0_101_57, 37.94, 288.32, 0.034645
_7598_, 50.74, 288.32, 0.0349145
_7609_, 50.74, 288.32, 0.0349145
hold163, 50.74, 288.32, 0.0349145
ANTENNA__6793__A1, 50.74, 288.32, 0.0349145
ANTENNA__6766__A1, 50.74, 288.32, 0.0349145
ANTENNA__6795__S, 50.74, 288.32, 0.0349145
ANTENNA__6793__S, 50.74, 288.32, 0.0349145
FILLER_0_102_85, 50.74, 288.32, 0.0349145
FILLER_0_102_103, 50.74, 288.32, 0.0349145
FILLER_0_103_109, 50.74, 288.32, 0.0349145
_6746_, 63.54, 288.32, 0.0351508
_6787_, 63.54, 288.32, 0.0351508
_6788_, 63.54, 288.32, 0.0351508
hold166, 63.54, 288.32, 0.0351508
hold207, 63.54, 288.32, 0.0351508
ANTENNA__6787__S, 63.54, 288.32, 0.0351508
FILLER_0_101_124, 63.54, 288.32, 0.0351508
FILLER_0_103_140, 63.54, 288.32, 0.0351508
_6734_, 76.34, 288.32, 0.035369
_6737_, 76.34, 288.32, 0.035369
_7583_, 76.34, 288.32, 0.035369
hold222, 76.34, 288.32, 0.035369
hold247, 76.34, 288.32, 0.035369
ANTENNA__6737__A1, 76.34, 288.32, 0.035369
ANTENNA__6745__A1, 76.34, 288.32, 0.035369
FILLER_0_102_141, 76.34, 288.32, 0.035369
_6706_, 89.14, 288.32, 0.0355761
_6707_, 89.14, 288.32, 0.0355761
_6714_, 89.14, 288.32, 0.0355761
_6719_, 89.14, 288.32, 0.0355761
_7572_, 89.14, 288.32, 0.0355761
hold243, 89.14, 288.32, 0.0355761
ANTENNA__7031__RESET_B, 89.14, 288.32, 0.0355761
FILLER_0_101_172, 89.14, 288.32, 0.0355761
FILLER_0_102_168, 89.14, 288.32, 0.0355761
FILLER_0_102_180, 89.14, 288.32, 0.0355761
FILLER_0_103_188, 89.14, 288.32, 0.0355761
_6710_, 101.94, 288.32, 0.0357719
_6822_, 101.94, 288.32, 0.0357719
_7031_, 101.94, 288.32, 0.0357719
_7573_, 101.94, 288.32, 0.0357719
FILLER_0_102_206, 101.94, 288.32, 0.0357719
_6343_, 114.74, 288.32, 0.0359258
hold8, 114.74, 288.32, 0.0359258
ANTENNA__3966__A2, 114.74, 288.32, 0.0359258
ANTENNA__6343__A1, 114.74, 288.32, 0.0359258
ANTENNA__7166__RESET_B, 114.74, 288.32, 0.0359258
ANTENNA__7016__RESET_B, 114.74, 288.32, 0.0359258
FILLER_0_101_229, 114.74, 288.32, 0.0359258
FILLER_0_102_245, 114.74, 288.32, 0.0359258
_4835_, 127.54, 288.32, 0.0360658
_7166_, 127.54, 288.32, 0.0360658
hold275, 127.54, 288.32, 0.0360658
ANTENNA__4835__A1, 127.54, 288.32, 0.0360658
FILLER_0_103_277, 127.54, 288.32, 0.0360658
_4841_, 140.34, 288.32, 0.0361769
_4842_, 140.34, 288.32, 0.0361769
_4843_, 140.34, 288.32, 0.0361769
_4845_, 140.34, 288.32, 0.0361769
_7168_, 140.34, 288.32, 0.0361769
ANTENNA__4843__B1, 140.34, 288.32, 0.0361769
ANTENNA__4843__A1, 140.34, 288.32, 0.0361769
FILLER_0_101_287, 140.34, 288.32, 0.0361769
FILLER_0_102_302, 140.34, 288.32, 0.0361769
_4852_, 153.14, 288.32, 0.0362524
_4854_, 153.14, 288.32, 0.0362524
_7172_, 153.14, 288.32, 0.0362524
hold641, 153.14, 288.32, 0.0362524
ANTENNA__4853__B1, 153.14, 288.32, 0.0362524
ANTENNA__4854__A2, 153.14, 288.32, 0.0362524
ANTENNA__7172__RESET_B, 153.14, 288.32, 0.0362524
FILLER_0_103_330, 153.14, 288.32, 0.0362524
_4905_, 165.94, 288.32, 0.0362949
_4906_, 165.94, 288.32, 0.0362949
hold508, 165.94, 288.32, 0.0362949
ANTENNA__4906__B1, 165.94, 288.32, 0.0362949
ANTENNA__4906__A1, 165.94, 288.32, 0.0362949
FILLER_0_101_345, 165.94, 288.32, 0.0362949
_6228_, 191.429, 288.32, 0.0366328
_7284_, 191.429, 288.32, 0.0366328
hold22, 191.429, 288.32, 0.0366328
load_slew2, 191.429, 288.32, 0.0366328
_6204_, 204.118, 288.32, 0.0368843
_6205_, 204.118, 288.32, 0.0368843
_6216_, 204.118, 288.32, 0.0368843
_6219_, 204.118, 288.32, 0.0368843
_6220_, 204.118, 288.32, 0.0368843
_6221_, 204.118, 288.32, 0.0368843
_6226_, 204.118, 288.32, 0.0368843
_6235_, 204.118, 288.32, 0.0368843
ANTENNA__6204__B_N, 204.118, 288.32, 0.0368843
_6236_, 216.807, 288.32, 0.0370944
_6237_, 216.807, 288.32, 0.0370944
_6240_, 216.807, 288.32, 0.0370944
_6250_, 216.807, 288.32, 0.0370944
_6277_, 216.807, 288.32, 0.0370944
_6278_, 216.807, 288.32, 0.0370944
hold708, 216.807, 288.32, 0.0370944
ANTENNA__5387__S, 216.807, 288.32, 0.0370944
ANTENNA__6220__C, 216.807, 288.32, 0.0370944
ANTENNA__6219__A2, 216.807, 288.32, 0.0370944
FILLER_0_102_458, 216.807, 288.32, 0.0370944
FILLER_0_102_466, 216.807, 288.32, 0.0370944
_6272_, 229.496, 288.32, 0.0372673
_6279_, 229.496, 288.32, 0.0372673
_6287_, 229.496, 288.32, 0.0372673
ANTENNA__6288__B1, 229.496, 288.32, 0.0372673
FILLER_0_102_483, 229.496, 288.32, 0.0372673
FILLER_0_102_491, 229.496, 288.32, 0.0372673
FILLER_0_103_495, 229.496, 288.32, 0.0372673
_6059_, 242.185, 288.32, 0.0374169
_6267_, 242.185, 288.32, 0.0374169
_6271_, 242.185, 288.32, 0.0374169
_7403_, 242.185, 288.32, 0.0374169
hold717, 242.185, 288.32, 0.0374169
ANTENNA__6268__B, 242.185, 288.32, 0.0374169
ANTENNA__7403__RESET_B, 242.185, 288.32, 0.0374169
FILLER_0_101_513, 242.185, 288.32, 0.0374169
FILLER_0_103_517, 242.185, 288.32, 0.0374169
_6069_, 254.874, 288.32, 0.0374881
_6070_, 254.874, 288.32, 0.0374881
_6071_, 254.874, 288.32, 0.0374881
_6085_, 254.874, 288.32, 0.0374881
_6086_, 254.874, 288.32, 0.0374881
ANTENNA__6069__B, 254.874, 288.32, 0.0374881
FILLER_0_102_533, 254.874, 288.32, 0.0374881
_6079_, 267.563, 288.32, 0.0375376
_6080_, 267.563, 288.32, 0.0375376
_6081_, 267.563, 288.32, 0.0375376
_6082_, 267.563, 288.32, 0.0375376
_6083_, 267.563, 288.32, 0.0375376
_6088_, 267.563, 288.32, 0.0375376
_6089_, 267.563, 288.32, 0.0375376
FILLER_0_102_566, 267.563, 288.32, 0.0375376
FILLER_0_102_575, 267.563, 288.32, 0.0375376
FILLER_0_102_583, 267.563, 288.32, 0.0375376
_7380_, 280.252, 288.32, 0.0375551
ANTENNA__6091__B1, 280.252, 288.32, 0.0375551
ANTENNA__7380__RESET_B, 280.252, 288.32, 0.0375551
FILLER_0_101_594, 280.252, 288.32, 0.0375551
FILLER_0_102_589, 280.252, 288.32, 0.0375551
FILLER_0_101_617, 292.941, 288.32, 0.0375551
FILLER_0_102_636, 292.941, 288.32, 0.0375551
FILLER_0_103_665, 305.63, 288.32, 0.0375551
PHY_198, 5.52, 282.88, 0.034269
PHY_200, 5.52, 282.88, 0.034269
input13, 5.52, 282.88, 0.034269
PHY_199, 318.32, 282.88, 0.0383798
PHY_201, 318.32, 282.88, 0.0383798
FILLER_0_99_669, 318.32, 282.88, 0.0383798
FILLER_0_99_673, 318.32, 282.88, 0.0383798
FILLER_0_100_669, 318.32, 282.88, 0.0383798
FILLER_0_100_23, 15.33, 282.88, 0.0342616
FILLER_0_100_29, 15.33, 282.88, 0.0342616
_6762_, 37.94, 282.88, 0.0345417
_7597_, 37.94, 282.88, 0.0345417
_7599_, 37.94, 282.88, 0.0345417
hold149, 37.94, 282.88, 0.0345417
ANTENNA__6789__S, 37.94, 282.88, 0.0345417
ANTENNA__6882__S, 37.94, 282.88, 0.0345417
FILLER_0_99_57, 37.94, 282.88, 0.0345417
_6761_, 50.74, 282.88, 0.0347928
_6764_, 50.74, 282.88, 0.0347928
_6765_, 50.74, 282.88, 0.0347928
_6766_, 50.74, 282.88, 0.0347928
_6769_, 50.74, 282.88, 0.0347928
hold171, 50.74, 282.88, 0.0347928
FILLER_0_99_87, 50.74, 282.88, 0.0347928
FILLER_0_100_94, 50.74, 282.88, 0.0347928
FILLER_0_100_109, 50.74, 282.88, 0.0347928
FILLER_0_101_109, 50.74, 282.88, 0.0347928
_6760_, 63.54, 282.88, 0.0350244
_7589_, 63.54, 282.88, 0.0350244
_7596_, 63.54, 282.88, 0.0350244
hold199, 63.54, 282.88, 0.0350244
ANTENNA__6764__A1, 63.54, 282.88, 0.0350244
_6733_, 76.34, 282.88, 0.0352242
_6742_, 76.34, 282.88, 0.0352242
_6745_, 76.34, 282.88, 0.0352242
_7576_, 76.34, 282.88, 0.0352242
wire64, 76.34, 282.88, 0.0352242
ANTENNA__6714__A1, 76.34, 282.88, 0.0352242
_6709_, 89.14, 282.88, 0.0354137
_6713_, 89.14, 282.88, 0.0354137
_6718_, 89.14, 282.88, 0.0354137
_7571_, 89.14, 282.88, 0.0354137
hold177, 89.14, 282.88, 0.0354137
ANTENNA__3481__C1, 89.14, 282.88, 0.0354137
FILLER_0_99_178, 89.14, 282.88, 0.0354137
FILLER_0_100_193, 89.14, 282.88, 0.0354137
_3966_, 101.94, 282.88, 0.0355924
_6712_, 101.94, 282.88, 0.0355924
_6995_, 101.94, 282.88, 0.0355924
hold85, 101.94, 282.88, 0.0355924
hold190, 101.94, 282.88, 0.0355924
FILLER_0_99_201, 101.94, 282.88, 0.0355924
_6994_, 114.74, 282.88, 0.0357603
ANTENNA__3963__S, 114.74, 282.88, 0.0357603
ANTENNA__3945__S, 114.74, 282.88, 0.0357603
ANTENNA__3966__B2, 114.74, 282.88, 0.0357603
ANTENNA__3964__B2, 114.74, 282.88, 0.0357603
ANTENNA__6343__B1, 114.74, 282.88, 0.0357603
ANTENNA__6994__RESET_B, 114.74, 282.88, 0.0357603
FILLER_0_99_229, 114.74, 282.88, 0.0357603
FILLER_0_100_247, 114.74, 282.88, 0.0357603
FILLER_0_101_247, 114.74, 282.88, 0.0357603
_3945_, 127.54, 282.88, 0.0359194
_4832_, 127.54, 282.88, 0.0359194
_4833_, 127.54, 282.88, 0.0359194
_4834_, 127.54, 282.88, 0.0359194
_4840_, 127.54, 282.88, 0.0359194
_4844_, 127.54, 282.88, 0.0359194
hold43, 127.54, 282.88, 0.0359194
FILLER_0_99_263, 127.54, 282.88, 0.0359194
_4836_, 140.34, 282.88, 0.0360555
_4839_, 140.34, 282.88, 0.0360555
_4846_, 140.34, 282.88, 0.0360555
_4853_, 140.34, 282.88, 0.0360555
ANTENNA__6352__A1, 140.34, 282.88, 0.0360555
ANTENNA__4846__B1_N, 140.34, 282.88, 0.0360555
ANTENNA__4838__B, 140.34, 282.88, 0.0360555
ANTENNA__3967__A0, 140.34, 282.88, 0.0360555
FILLER_0_99_285, 140.34, 282.88, 0.0360555
FILLER_0_100_281, 140.34, 282.88, 0.0360555
_4851_, 153.14, 282.88, 0.0361736
_4855_, 153.14, 282.88, 0.0361736
_4856_, 153.14, 282.88, 0.0361736
_4895_, 153.14, 282.88, 0.0361736
_4896_, 153.14, 282.88, 0.0361736
ANTENNA__6352__B1, 153.14, 282.88, 0.0361736
FILLER_0_99_311, 153.14, 282.88, 0.0361736
FILLER_0_100_309, 153.14, 282.88, 0.0361736
FILLER_0_101_330, 153.14, 282.88, 0.0361736
_4897_, 165.94, 282.88, 0.0362626
_4900_, 165.94, 282.88, 0.0362626
_4903_, 165.94, 282.88, 0.0362626
_4904_, 165.94, 282.88, 0.0362626
_4907_, 165.94, 282.88, 0.0362626
_4915_, 165.94, 282.88, 0.0362626
ANTENNA__4895__C, 165.94, 282.88, 0.0362626
FILLER_0_100_353, 165.94, 282.88, 0.0362626
_6215_, 191.429, 282.88, 0.0366834
_6227_, 191.429, 282.88, 0.0366834
_7398_, 191.429, 282.88, 0.0366834
ANTENNA__5369__S, 191.429, 282.88, 0.0366834
ANTENNA__7398__RESET_B, 191.429, 282.88, 0.0366834
FILLER_0_99_397, 191.429, 282.88, 0.0366834
_5378_, 204.118, 282.88, 0.037039
_6212_, 204.118, 282.88, 0.037039
_6218_, 204.118, 282.88, 0.037039
_7364_, 204.118, 282.88, 0.037039
hold589, 204.118, 282.88, 0.037039
ANTENNA__5378__S, 204.118, 282.88, 0.037039
ANTENNA__6212__A2, 204.118, 282.88, 0.037039
ANTENNA__6215__C, 204.118, 282.88, 0.037039
ANTENNA__7364__RESET_B, 204.118, 282.88, 0.037039
FILLER_0_101_444, 204.118, 282.88, 0.037039
_5387_, 216.807, 282.88, 0.0373517
_5465_, 216.807, 282.88, 0.0373517
ANTENNA__5465__A, 216.807, 282.88, 0.0373517
ANTENNA__6035__A2, 216.807, 282.88, 0.0373517
FILLER_0_101_465, 216.807, 282.88, 0.0373517
FILLER_0_101_473, 216.807, 282.88, 0.0373517
_6270_, 229.496, 282.88, 0.037588
_6280_, 229.496, 282.88, 0.037588
_6286_, 229.496, 282.88, 0.037588
_6288_, 229.496, 282.88, 0.037588
ANTENNA__6289__B2, 229.496, 282.88, 0.037588
ANTENNA__7404__RESET_B, 229.496, 282.88, 0.037588
FILLER_0_100_494, 229.496, 282.88, 0.037588
FILLER_0_101_490, 229.496, 282.88, 0.037588
_6268_, 242.185, 282.88, 0.0378006
_6269_, 242.185, 282.88, 0.0378006
_7365_, 242.185, 282.88, 0.0378006
hold575, 242.185, 282.88, 0.0378006
ANTENNA__6057__B1, 242.185, 282.88, 0.0378006
ANTENNA__6282__B, 242.185, 282.88, 0.0378006
ANTENNA__6269__B, 242.185, 282.88, 0.0378006
ANTENNA__7365__RESET_B, 242.185, 282.88, 0.0378006
ANTENNA__7366__RESET_B, 242.185, 282.88, 0.0378006
FILLER_0_100_515, 242.185, 282.88, 0.0378006
_6058_, 254.874, 282.88, 0.0379816
_6061_, 254.874, 282.88, 0.0379816
_6068_, 254.874, 282.88, 0.0379816
ANTENNA__6034__S, 254.874, 282.88, 0.0379816
ANTENNA__6032__S, 254.874, 282.88, 0.0379816
ANTENNA__6037__B1, 254.874, 282.88, 0.0379816
ANTENNA__6081__D, 254.874, 282.88, 0.0379816
ANTENNA__6068__B1_N, 254.874, 282.88, 0.0379816
FILLER_0_100_533, 254.874, 282.88, 0.0379816
FILLER_0_101_547, 254.874, 282.88, 0.0379816
_6093_, 267.563, 282.88, 0.0381471
_6094_, 267.563, 282.88, 0.0381471
_6096_, 267.563, 282.88, 0.0381471
_6097_, 267.563, 282.88, 0.0381471
_6098_, 267.563, 282.88, 0.0381471
_6099_, 267.563, 282.88, 0.0381471
ANTENNA__6080__A1, 267.563, 282.88, 0.0381471
FILLER_0_99_557, 267.563, 282.88, 0.0381471
FILLER_0_100_564, 267.563, 282.88, 0.0381471
FILLER_0_100_569, 267.563, 282.88, 0.0381471
_6101_, 280.252, 282.88, 0.0382794
_6103_, 280.252, 282.88, 0.0382794
_6104_, 280.252, 282.88, 0.0382794
hold686, 280.252, 282.88, 0.0382794
ANTENNA__6104__B2, 280.252, 282.88, 0.0382794
ANTENNA__6103__B1, 280.252, 282.88, 0.0382794
FILLER_0_99_586, 280.252, 282.88, 0.0382794
FILLER_0_99_595, 280.252, 282.88, 0.0382794
FILLER_0_100_609, 280.252, 282.88, 0.0382794
FILLER_0_101_603, 280.252, 282.88, 0.0382794
_3647_, 292.941, 282.88, 0.0383798
_7381_, 292.941, 282.88, 0.0383798
hold685, 292.941, 282.88, 0.0383798
ANTENNA__3647__A, 292.941, 282.88, 0.0383798
FILLER_0_99_613, 292.941, 282.88, 0.0383798
FILLER_0_100_633, 292.941, 282.88, 0.0383798
FILLER_0_100_641, 305.63, 282.88, 0.0383798
FILLER_0_101_664, 305.63, 282.88, 0.0383798
PHY_194, 5.52, 277.44, 0.0341812
PHY_196, 5.52, 277.44, 0.0341812
ANTENNA_input13_A, 5.52, 277.44, 0.0341812
PHY_195, 318.32, 277.44, 0.0378634
PHY_197, 318.32, 277.44, 0.0378634
FILLER_0_97_668, 318.32, 277.44, 0.0378634
FILLER_0_97_673, 318.32, 277.44, 0.0378634
FILLER_0_99_31, 15.33, 277.44, 0.0341812
_6767_, 37.94, 277.44, 0.0345189
_6771_, 37.94, 277.44, 0.0345189
_6797_, 37.94, 277.44, 0.0345189
_6798_, 37.94, 277.44, 0.0345189
_7614_, 37.94, 277.44, 0.0345189
hold130, 37.94, 277.44, 0.0345189
hold136, 37.94, 277.44, 0.0345189
ANTENNA__6882__A1, 37.94, 277.44, 0.0345189
FILLER_0_99_73, 37.94, 277.44, 0.0345189
_6770_, 50.74, 277.44, 0.0348204
_7600_, 50.74, 277.44, 0.0348204
hold264, 50.74, 277.44, 0.0348204
FILLER_0_97_96, 50.74, 277.44, 0.0348204
FILLER_0_99_109, 50.74, 277.44, 0.0348204
_6743_, 63.54, 277.44, 0.0350994
_6744_, 63.54, 277.44, 0.0350994
_6772_, 63.54, 277.44, 0.0350994
_6773_, 63.54, 277.44, 0.0350994
_7602_, 63.54, 277.44, 0.0350994
hold158, 63.54, 277.44, 0.0350994
hold251, 63.54, 277.44, 0.0350994
_7587_, 76.34, 277.44, 0.0353518
clkbuf_leaf_27_clk, 76.34, 277.44, 0.0353518
ANTENNA__6346__A1, 76.34, 277.44, 0.0353518
ANTENNA__6741__A1, 76.34, 277.44, 0.0353518
ANTENNA__6743__A1, 76.34, 277.44, 0.0353518
ANTENNA__6716__A1, 76.34, 277.44, 0.0353518
ANTENNA__6718__A1, 76.34, 277.44, 0.0353518
FILLER_0_99_159, 76.34, 277.44, 0.0353518
_3480_, 89.14, 277.44, 0.0355292
_6346_, 89.14, 277.44, 0.0355292
_6708_, 89.14, 277.44, 0.0355292
_6716_, 89.14, 277.44, 0.0355292
_7575_, 89.14, 277.44, 0.0355292
hold216, 89.14, 277.44, 0.0355292
ANTENNA__3480__B, 89.14, 277.44, 0.0355292
_3481_, 101.94, 277.44, 0.0356886
_7039_, 101.94, 277.44, 0.0356886
ANTENNA__6712__A1, 101.94, 277.44, 0.0356886
ANTENNA__6995__RESET_B, 101.94, 277.44, 0.0356886
ANTENNA__7039__RESET_B, 101.94, 277.44, 0.0356886
FILLER_0_97_197, 101.94, 277.44, 0.0356886
_3477_, 114.74, 277.44, 0.0358293
_3479_, 114.74, 277.44, 0.0358293
_3963_, 114.74, 277.44, 0.0358293
_3964_, 114.74, 277.44, 0.0358293
hold322, 114.74, 277.44, 0.0358293
ANTENNA__3479__A2, 114.74, 277.44, 0.0358293
ANTENNA__3479__C1, 114.74, 277.44, 0.0358293
ANTENNA__3965__A0, 114.74, 277.44, 0.0358293
FILLER_0_97_233, 114.74, 277.44, 0.0358293
_3948_, 127.54, 277.44, 0.0359535
_3965_, 127.54, 277.44, 0.0359535
_6996_, 127.54, 277.44, 0.0359535
ANTENNA__3477__B, 127.54, 277.44, 0.0359535
ANTENNA__3483__C1, 127.54, 277.44, 0.0359535
ANTENNA__3965__S, 127.54, 277.44, 0.0359535
ANTENNA__3948__S, 127.54, 277.44, 0.0359535
ANTENNA__4835__B1, 127.54, 277.44, 0.0359535
ANTENNA__6996__RESET_B, 127.54, 277.44, 0.0359535
FILLER_0_98_253, 127.54, 277.44, 0.0359535
FILLER_0_98_267, 127.54, 277.44, 0.0359535
FILLER_0_99_269, 127.54, 277.44, 0.0359535
FILLER_0_99_274, 127.54, 277.44, 0.0359535
_3968_, 140.34, 277.44, 0.0360563
_4838_, 140.34, 277.44, 0.0360563
_6352_, 140.34, 277.44, 0.0360563
hold41, 140.34, 277.44, 0.0360563
ANTENNA__3951__S, 140.34, 277.44, 0.0360563
ANTENNA__3968__A2, 140.34, 277.44, 0.0360563
ANTENNA__3968__B2, 140.34, 277.44, 0.0360563
ANTENNA__4847__B, 140.34, 277.44, 0.0360563
FILLER_0_97_288, 140.34, 277.44, 0.0360563
FILLER_0_98_299, 140.34, 277.44, 0.0360563
FILLER_0_98_304, 140.34, 277.44, 0.0360563
FILLER_0_99_297, 140.34, 277.44, 0.0360563
_4140_, 153.14, 277.44, 0.0361472
_4850_, 153.14, 277.44, 0.0361472
_4863_, 153.14, 277.44, 0.0361472
_4864_, 153.14, 277.44, 0.0361472
_4894_, 153.14, 277.44, 0.0361472
_4898_, 153.14, 277.44, 0.0361472
ANTENNA__4896__A2, 153.14, 277.44, 0.0361472
FILLER_0_97_319, 153.14, 277.44, 0.0361472
FILLER_0_98_327, 153.14, 277.44, 0.0361472
_4885_, 165.94, 277.44, 0.0361679
_4899_, 165.94, 277.44, 0.0361679
_5369_, 191.429, 277.44, 0.0364893
FILLER_0_98_413, 191.429, 277.44, 0.0364893
FILLER_0_99_414, 191.429, 277.44, 0.0364893
_6033_, 204.118, 277.44, 0.0367961
_6035_, 204.118, 277.44, 0.0367961
_6206_, 204.118, 277.44, 0.0367961
_6214_, 204.118, 277.44, 0.0367961
ANTENNA__6212__B1, 204.118, 277.44, 0.0367961
ANTENNA__6035__B1, 204.118, 277.44, 0.0367961
ANTENNA__6033__B1, 204.118, 277.44, 0.0367961
ANTENNA__6033__A2, 204.118, 277.44, 0.0367961
FILLER_0_98_421, 204.118, 277.44, 0.0367961
FILLER_0_99_437, 204.118, 277.44, 0.0367961
_7363_, 216.807, 277.44, 0.0370658
_7404_, 216.807, 277.44, 0.0370658
hold704, 216.807, 277.44, 0.0370658
load_slew1, 216.807, 277.44, 0.0370658
ANTENNA_load_slew1_A, 216.807, 277.44, 0.0370658
ANTENNA__7363__RESET_B, 216.807, 277.44, 0.0370658
_5396_, 229.496, 277.44, 0.0372776
_6282_, 229.496, 277.44, 0.0372776
_6283_, 229.496, 277.44, 0.0372776
_6284_, 229.496, 277.44, 0.0372776
_6285_, 229.496, 277.44, 0.0372776
_6289_, 229.496, 277.44, 0.0372776
hold633, 229.496, 277.44, 0.0372776
ANTENNA_clkbuf_leaf_44_clk_A, 229.496, 277.44, 0.0372776
_6037_, 242.185, 277.44, 0.0374551
_7366_, 242.185, 277.44, 0.0374551
hold512, 242.185, 277.44, 0.0374551
ANTENNA__5396__S, 242.185, 277.44, 0.0374551
ANTENNA__6039__A2, 242.185, 277.44, 0.0374551
ANTENNA__6037__A2, 242.185, 277.44, 0.0374551
ANTENNA__6281__B, 242.185, 277.44, 0.0374551
FILLER_0_97_501, 242.185, 277.44, 0.0374551
_6032_, 254.874, 277.44, 0.0376009
_6034_, 254.874, 277.44, 0.0376009
_6036_, 254.874, 277.44, 0.0376009
_6056_, 254.874, 277.44, 0.0376009
_6060_, 254.874, 277.44, 0.0376009
_6066_, 254.874, 277.44, 0.0376009
_6067_, 254.874, 277.44, 0.0376009
ANTENNA__6039__B1, 254.874, 277.44, 0.0376009
ANTENNA__6060__B, 254.874, 277.44, 0.0376009
_6038_, 267.563, 277.44, 0.0377184
_6095_, 267.563, 277.44, 0.0377184
_6100_, 267.563, 277.44, 0.0377184
_6109_, 267.563, 277.44, 0.0377184
ANTENNA__6038__S, 267.563, 277.44, 0.0377184
ANTENNA__6095__B, 267.563, 277.44, 0.0377184
ANTENNA__6094__A1, 267.563, 277.44, 0.0377184
FILLER_0_98_564, 267.563, 277.44, 0.0377184
FILLER_0_98_583, 267.563, 277.44, 0.0377184
_6102_, 280.252, 277.44, 0.0378205
_6110_, 280.252, 277.44, 0.0378205
_6111_, 280.252, 277.44, 0.0378205
_6112_, 280.252, 277.44, 0.0378205
_6113_, 280.252, 277.44, 0.0378205
_6114_, 280.252, 277.44, 0.0378205
_6115_, 280.252, 277.44, 0.0378205
_6125_, 280.252, 277.44, 0.0378205
_6138_, 280.252, 277.44, 0.0378205
ANTENNA__6115__A2, 280.252, 277.44, 0.0378205
ANTENNA__6114__B1, 280.252, 277.44, 0.0378205
FILLER_0_98_589, 280.252, 277.44, 0.0378205
FILLER_0_99_601, 280.252, 277.44, 0.0378205
_6136_, 292.941, 277.44, 0.0378574
_6147_, 292.941, 277.44, 0.0378574
_7384_, 292.941, 277.44, 0.0378574
ANTENNA__6150__B2, 292.941, 277.44, 0.0378574
ANTENNA__7381__RESET_B, 292.941, 277.44, 0.0378574
FILLER_0_97_617, 292.941, 277.44, 0.0378574
FILLER_0_98_620, 292.941, 277.44, 0.0378574
hold654, 305.63, 277.44, 0.0378634
ANTENNA__6149__A, 305.63, 277.44, 0.0378634
FILLER_0_99_661, 305.63, 277.44, 0.0378634
PHY_190, 5.52, 272, 0.034046
PHY_192, 5.52, 272, 0.034046
PHY_191, 318.32, 272, 0.0378142
PHY_193, 318.32, 272, 0.0378142
FILLER_0_95_673, 318.32, 272, 0.0378142
FILLER_0_96_674, 318.32, 272, 0.0378142
_7643_, 15.33, 272, 0.034046
FILLER_0_96_29, 15.33, 272, 0.034046
_6750_, 37.94, 272, 0.0343344
_6778_, 37.94, 272, 0.0343344
_7601_, 37.94, 272, 0.0343344
_7604_, 37.94, 272, 0.0343344
wire62, 37.94, 272, 0.0343344
hold361, 37.94, 272, 0.0343344
ANTENNA__6797__S, 37.94, 272, 0.0343344
FILLER_0_96_75, 37.94, 272, 0.0343344
_6768_, 50.74, 272, 0.0345937
_6806_, 50.74, 272, 0.0345937
_6807_, 50.74, 272, 0.0345937
_7617_, 50.74, 272, 0.0345937
hold394, 50.74, 272, 0.0345937
ANTENNA__6768__A1, 50.74, 272, 0.0345937
ANTENNA__6797__A1, 50.74, 272, 0.0345937
ANTENNA__6770__A1, 50.74, 272, 0.0345937
FILLER_0_96_89, 50.74, 272, 0.0345937
_6697_, 63.54, 272, 0.0348366
_6703_, 63.54, 272, 0.0348366
_7578_, 63.54, 272, 0.0348366
_7588_, 63.54, 272, 0.0348366
max_cap66, 63.54, 272, 0.0348366
ANTENNA__6772__A1, 63.54, 272, 0.0348366
ANTENNA__6806__S, 63.54, 272, 0.0348366
ANTENNA_clkbuf_leaf_27_clk_A, 63.54, 272, 0.0348366
FILLER_0_96_119, 63.54, 272, 0.0348366
_6717_, 76.34, 272, 0.0350607
_6741_, 76.34, 272, 0.0350607
hold285, 76.34, 272, 0.0350607
hold375, 76.34, 272, 0.0350607
hold430, 76.34, 272, 0.0350607
ANTENNA__6328__A1, 76.34, 272, 0.0350607
_3946_, 89.14, 272, 0.0352817
_4212_, 89.14, 272, 0.0352817
_6330_, 89.14, 272, 0.0352817
ANTENNA__3946__S, 89.14, 272, 0.0352817
ANTENNA__4216__B1, 89.14, 272, 0.0352817
ANTENNA__4216__A1, 89.14, 272, 0.0352817
ANTENNA__4212__A, 89.14, 272, 0.0352817
ANTENNA_fanout76_A, 89.14, 272, 0.0352817
ANTENNA__3946__A0, 89.14, 272, 0.0352817
ANTENNA_load_slew6_A, 89.14, 272, 0.0352817
ANTENNA__7040__RESET_B, 89.14, 272, 0.0352817
FILLER_0_95_172, 89.14, 272, 0.0352817
_4201_, 101.94, 272, 0.0354871
_4210_, 101.94, 272, 0.0354871
_4213_, 101.94, 272, 0.0354871
_4221_, 101.94, 272, 0.0354871
_4222_, 101.94, 272, 0.0354871
ANTENNA__3481__A2, 101.94, 272, 0.0354871
ANTENNA__4211__B1, 101.94, 272, 0.0354871
ANTENNA__4211__A1, 101.94, 272, 0.0354871
ANTENNA__4201__A1, 101.94, 272, 0.0354871
FILLER_0_96_206, 101.94, 272, 0.0354871
FILLER_0_96_215, 101.94, 272, 0.0354871
FILLER_0_97_215, 101.94, 272, 0.0354871
_3949_, 114.74, 272, 0.0356668
_3961_, 114.74, 272, 0.0356668
_4199_, 114.74, 272, 0.0356668
_4200_, 114.74, 272, 0.0356668
_4202_, 114.74, 272, 0.0356668
_4204_, 114.74, 272, 0.0356668
ANTENNA__3964__A2, 114.74, 272, 0.0356668
ANTENNA__4200__A, 114.74, 272, 0.0356668
ANTENNA__3963__A0, 114.74, 272, 0.0356668
ANTENNA__3949__A0, 114.74, 272, 0.0356668
ANTENNA__7041__RESET_B, 114.74, 272, 0.0356668
FILLER_0_95_230, 114.74, 272, 0.0356668
FILLER_0_96_247, 114.74, 272, 0.0356668
_3483_, 127.54, 272, 0.0358148
_7041_, 127.54, 272, 0.0358148
ANTENNA__3483__A2, 127.54, 272, 0.0358148
ANTENNA__3949__S, 127.54, 272, 0.0358148
ANTENNA__4230__A, 127.54, 272, 0.0358148
FILLER_0_95_254, 127.54, 272, 0.0358148
FILLER_0_95_261, 127.54, 272, 0.0358148
FILLER_0_96_274, 127.54, 272, 0.0358148
_3951_, 140.34, 272, 0.0359385
_3967_, 140.34, 272, 0.0359385
_4847_, 140.34, 272, 0.0359385
_4848_, 140.34, 272, 0.0359385
_4849_, 140.34, 272, 0.0359385
_6349_, 140.34, 272, 0.0359385
ANTENNA__4224__A, 140.34, 272, 0.0359385
_3960_, 153.14, 272, 0.0360186
_4866_, 153.14, 272, 0.0360186
_4884_, 153.14, 272, 0.0360186
ANTENNA__3960__S, 153.14, 272, 0.0360186
FILLER_0_95_312, 153.14, 272, 0.0360186
FILLER_0_96_333, 153.14, 272, 0.0360186
_4886_, 165.94, 272, 0.0360819
_4888_, 165.94, 272, 0.0360819
_4889_, 165.94, 272, 0.0360819
_4891_, 165.94, 272, 0.0360819
_4893_, 165.94, 272, 0.0360819
_4901_, 165.94, 272, 0.0360819
_4902_, 165.94, 272, 0.0360819
FILLER_0_95_337, 165.94, 272, 0.0360819
FILLER_0_96_345, 165.94, 272, 0.0360819
FILLER_0_97_350, 165.94, 272, 0.0360819
_4923_, 191.429, 272, 0.0364821
_6209_, 191.429, 272, 0.0364821
_6211_, 191.429, 272, 0.0364821
_6213_, 191.429, 272, 0.0364821
_7397_, 191.429, 272, 0.0364821
ANTENNA__7174__RESET_B, 191.429, 272, 0.0364821
ANTENNA__7397__RESET_B, 191.429, 272, 0.0364821
FILLER_0_96_414, 191.429, 272, 0.0364821
_6202_, 204.118, 272, 0.0368123
_6203_, 204.118, 272, 0.0368123
_6208_, 204.118, 272, 0.0368123
hold499, 204.118, 272, 0.0368123
ANTENNA__6031__B1, 204.118, 272, 0.0368123
ANTENNA__6031__A2, 204.118, 272, 0.0368123
ANTENNA__6202__A1, 204.118, 272, 0.0368123
ANTENNA__6208__B1, 204.118, 272, 0.0368123
ANTENNA__6196__A2, 204.118, 272, 0.0368123
FILLER_0_96_435, 204.118, 272, 0.0368123
FILLER_0_96_445, 204.118, 272, 0.0368123
FILLER_0_97_442, 204.118, 272, 0.0368123
_7362_, 216.807, 272, 0.0371181
_7405_, 216.807, 272, 0.0371181
clkbuf_leaf_44_clk, 216.807, 272, 0.0371181
ANTENNA__7362__RESET_B, 216.807, 272, 0.0371181
ANTENNA__7361__RESET_B, 216.807, 272, 0.0371181
_6281_, 229.496, 272, 0.0373366
_6291_, 229.496, 272, 0.0373366
_6294_, 229.496, 272, 0.0373366
_6295_, 229.496, 272, 0.0373366
_6296_, 229.496, 272, 0.0373366
_6298_, 229.496, 272, 0.0373366
hold603, 229.496, 272, 0.0373366
ANTENNA__6296__A1, 229.496, 272, 0.0373366
ANTENNA__6291__B, 229.496, 272, 0.0373366
ANTENNA__7405__RESET_B, 229.496, 272, 0.0373366
FILLER_0_95_478, 229.496, 272, 0.0373366
_6039_, 242.185, 272, 0.0375095
_6057_, 242.185, 272, 0.0375095
_6292_, 242.185, 272, 0.0375095
_7376_, 242.185, 272, 0.0375095
hold298, 242.185, 272, 0.0375095
ANTENNA__6057__A1, 242.185, 272, 0.0375095
ANTENNA__6292__C, 242.185, 272, 0.0375095
FILLER_0_95_501, 242.185, 272, 0.0375095
FILLER_0_96_512, 242.185, 272, 0.0375095
_6062_, 254.874, 272, 0.0376452
_6064_, 254.874, 272, 0.0376452
clkbuf_leaf_45_clk, 254.874, 272, 0.0376452
ANTENNA__6036__S, 254.874, 272, 0.0376452
ANTENNA__6065__A1, 254.874, 272, 0.0376452
FILLER_0_97_555, 254.874, 272, 0.0376452
_6105_, 267.563, 272, 0.0377199
_6106_, 267.563, 272, 0.0377199
_6107_, 267.563, 272, 0.0377199
_6108_, 267.563, 272, 0.0377199
_6116_, 267.563, 272, 0.0377199
hold413, 267.563, 272, 0.0377199
ANTENNA_clkbuf_leaf_45_clk_A, 267.563, 272, 0.0377199
FILLER_0_96_560, 267.563, 272, 0.0377199
FILLER_0_96_583, 267.563, 272, 0.0377199
FILLER_0_97_575, 267.563, 272, 0.0377199
_6126_, 280.252, 272, 0.0377619
FILLER_0_95_593, 280.252, 272, 0.0377619
FILLER_0_97_607, 280.252, 272, 0.0377619
_6141_, 292.941, 272, 0.0377991
_6148_, 292.941, 272, 0.0377991
_6149_, 292.941, 272, 0.0377991
_6150_, 292.941, 272, 0.0377991
ANTENNA__6143__A, 292.941, 272, 0.0377991
ANTENNA__7384__RESET_B, 292.941, 272, 0.0377991
FILLER_0_95_613, 292.941, 272, 0.0377991
FILLER_0_95_621, 292.941, 272, 0.0377991
FILLER_0_96_613, 292.941, 272, 0.0377991
FILLER_0_96_628, 292.941, 272, 0.0377991
_6142_, 305.63, 272, 0.0378142
_6143_, 305.63, 272, 0.0378142
_6144_, 305.63, 272, 0.0378142
_6160_, 305.63, 272, 0.0378142
ANTENNA__6144__A1, 305.63, 272, 0.0378142
ANTENNA__6142__A, 305.63, 272, 0.0378142
FILLER_0_96_666, 305.63, 272, 0.0378142
PHY_186, 5.52, 266.56, 0.0339286
PHY_188, 5.52, 266.56, 0.0339286
PHY_187, 318.32, 266.56, 0.0377046
PHY_189, 318.32, 266.56, 0.0377046
FILLER_0_93_669, 318.32, 266.56, 0.0377046
FILLER_0_93_673, 318.32, 266.56, 0.0377046
_6862_, 15.33, 266.56, 0.0339286
_6863_, 15.33, 266.56, 0.0339286
hold374, 15.33, 266.56, 0.0339286
ANTENNA__6862__S, 15.33, 266.56, 0.0339286
FILLER_0_93_15, 15.33, 266.56, 0.0339286
FILLER_0_94_15, 15.33, 266.56, 0.0339286
_5357_, 37.94, 266.56, 0.0342616
_6777_, 37.94, 266.56, 0.0342616
_6891_, 37.94, 266.56, 0.0342616
hold454, 37.94, 266.56, 0.0342616
FILLER_0_93_57, 37.94, 266.56, 0.0342616
FILLER_0_94_78, 37.94, 266.56, 0.0342616
_6724_, 50.74, 266.56, 0.0345833
_6890_, 50.74, 266.56, 0.0345833
_7656_, 50.74, 266.56, 0.0345833
hold411, 50.74, 266.56, 0.0345833
ANTENNA__6890__S, 50.74, 266.56, 0.0345833
ANTENNA_clkbuf_leaf_22_clk_A, 50.74, 266.56, 0.0345833
_5358_, 63.54, 266.56, 0.0348807
_6723_, 63.54, 266.56, 0.0348807
_7565_, 63.54, 266.56, 0.0348807
_7568_, 63.54, 266.56, 0.0348807
hold459, 63.54, 266.56, 0.0348807
ANTENNA__5386__C1, 63.54, 266.56, 0.0348807
FILLER_0_93_120, 63.54, 266.56, 0.0348807
_5386_, 76.34, 266.56, 0.0351505
_6328_, 76.34, 266.56, 0.0351505
_6696_, 76.34, 266.56, 0.0351505
_7411_, 76.34, 266.56, 0.0351505
ANTENNA__6337__A1, 76.34, 266.56, 0.0351505
_4214_, 89.14, 266.56, 0.0353801
_4215_, 89.14, 266.56, 0.0353801
_4216_, 89.14, 266.56, 0.0353801
_4220_, 89.14, 266.56, 0.0353801
_7040_, 89.14, 266.56, 0.0353801
fanout76, 89.14, 266.56, 0.0353801
hold492, 89.14, 266.56, 0.0353801
ANTENNA__7037__RESET_B, 89.14, 266.56, 0.0353801
_4203_, 101.94, 266.56, 0.0355488
_4205_, 101.94, 266.56, 0.0355488
_4209_, 101.94, 266.56, 0.0355488
_4211_, 101.94, 266.56, 0.0355488
_4218_, 101.94, 266.56, 0.0355488
load_slew6, 101.94, 266.56, 0.0355488
ANTENNA__3947__A2, 101.94, 266.56, 0.0355488
FILLER_0_94_219, 101.94, 266.56, 0.0355488
_6993_, 114.74, 266.56, 0.0356655
hold692, 114.74, 266.56, 0.0356655
ANTENNA__3961__S, 114.74, 266.56, 0.0356655
ANTENNA__3962__A2, 114.74, 266.56, 0.0356655
ANTENNA__6993__RESET_B, 114.74, 266.56, 0.0356655
FILLER_0_93_229, 114.74, 266.56, 0.0356655
_3482_, 127.54, 266.56, 0.0357581
_4225_, 127.54, 266.56, 0.0357581
_4230_, 127.54, 266.56, 0.0357581
hold663, 127.54, 266.56, 0.0357581
ANTENNA__3482__B, 127.54, 266.56, 0.0357581
ANTENNA__4226__C, 127.54, 266.56, 0.0357581
ANTENNA__6349__A1, 127.54, 266.56, 0.0357581
FILLER_0_94_259, 127.54, 266.56, 0.0357581
_4223_, 140.34, 266.56, 0.0358348
_4224_, 140.34, 266.56, 0.0358348
_6997_, 140.34, 266.56, 0.0358348
ANTENNA__3967__S, 140.34, 266.56, 0.0358348
ANTENNA__4239__C1, 140.34, 266.56, 0.0358348
ANTENNA__4225__A1, 140.34, 266.56, 0.0358348
ANTENNA__4223__A, 140.34, 266.56, 0.0358348
ANTENNA__6349__B1, 140.34, 266.56, 0.0358348
ANTENNA__6997__RESET_B, 140.34, 266.56, 0.0358348
FILLER_0_93_284, 140.34, 266.56, 0.0358348
FILLER_0_94_301, 140.34, 266.56, 0.0358348
_3970_, 153.14, 266.56, 0.035897
_4865_, 153.14, 266.56, 0.035897
_4867_, 153.14, 266.56, 0.035897
_4868_, 153.14, 266.56, 0.035897
_4883_, 153.14, 266.56, 0.035897
hold33, 153.14, 266.56, 0.035897
ANTENNA__3970__B2, 153.14, 266.56, 0.035897
_4878_, 165.94, 266.56, 0.0359298
_4890_, 165.94, 266.56, 0.0359298
ANTENNA__4883__B, 165.94, 266.56, 0.0359298
FILLER_0_93_337, 165.94, 266.56, 0.0359298
FILLER_0_93_346, 165.94, 266.56, 0.0359298
FILLER_0_94_353, 165.94, 266.56, 0.0359298
FILLER_0_94_361, 165.94, 266.56, 0.0359298
FILLER_0_95_358, 165.94, 266.56, 0.0359298
_4920_, 191.429, 266.56, 0.036241
_4921_, 191.429, 266.56, 0.036241
_4922_, 191.429, 266.56, 0.036241
hold31, 191.429, 266.56, 0.036241
ANTENNA__4928__B1, 191.429, 266.56, 0.036241
ANTENNA__4921__B, 191.429, 266.56, 0.036241
ANTENNA__4920__B, 191.429, 266.56, 0.036241
ANTENNA_hold31_A, 191.429, 266.56, 0.036241
_6031_, 204.118, 266.56, 0.0365204
_6196_, 204.118, 266.56, 0.0365204
_6197_, 204.118, 266.56, 0.0365204
_6200_, 204.118, 266.56, 0.0365204
_6207_, 204.118, 266.56, 0.0365204
_6210_, 204.118, 266.56, 0.0365204
ANTENNA__5360__S, 204.118, 266.56, 0.0365204
ANTENNA__6202__B1, 204.118, 266.56, 0.0365204
ANTENNA__6194__A1, 204.118, 266.56, 0.0365204
ANTENNA__6197__C, 204.118, 266.56, 0.0365204
FILLER_0_94_428, 204.118, 266.56, 0.0365204
FILLER_0_94_440, 204.118, 266.56, 0.0365204
FILLER_0_95_445, 204.118, 266.56, 0.0365204
_6029_, 216.807, 266.56, 0.0367742
_7361_, 216.807, 266.56, 0.0367742
hold665, 216.807, 266.56, 0.0367742
hold706, 216.807, 266.56, 0.0367742
ANTENNA__6029__A2, 216.807, 266.56, 0.0367742
FILLER_0_93_449, 216.807, 266.56, 0.0367742
FILLER_0_94_473, 216.807, 266.56, 0.0367742
_6290_, 229.496, 266.56, 0.0369869
_6293_, 229.496, 266.56, 0.0369869
_6297_, 229.496, 266.56, 0.0369869
ANTENNA__6305__B1, 229.496, 266.56, 0.0369869
ANTENNA__6296__B1, 229.496, 266.56, 0.0369869
ANTENNA__6029__B1, 229.496, 266.56, 0.0369869
ANTENNA__6305__A1, 229.496, 266.56, 0.0369869
ANTENNA_hold498_A, 229.496, 266.56, 0.0369869
ANTENNA__7406__RESET_B, 229.496, 266.56, 0.0369869
_6028_, 242.185, 266.56, 0.0371794
_6054_, 242.185, 266.56, 0.0371794
_6055_, 242.185, 266.56, 0.0371794
_6312_, 242.185, 266.56, 0.0371794
ANTENNA__6028__S, 242.185, 266.56, 0.0371794
ANTENNA__6312__B1, 242.185, 266.56, 0.0371794
ANTENNA__6297__B1, 242.185, 266.56, 0.0371794
ANTENNA__7376__RESET_B, 242.185, 266.56, 0.0371794
FILLER_0_93_505, 242.185, 266.56, 0.0371794
FILLER_0_94_509, 242.185, 266.56, 0.0371794
_6030_, 254.874, 266.56, 0.0373533
_6063_, 254.874, 266.56, 0.0373533
_6065_, 254.874, 266.56, 0.0373533
_7377_, 254.874, 266.56, 0.0373533
ANTENNA__6030__S, 254.874, 266.56, 0.0373533
ANTENNA__5873__B1, 254.874, 266.56, 0.0373533
ANTENNA__5873__A2, 254.874, 266.56, 0.0373533
ANTENNA__7377__RESET_B, 254.874, 266.56, 0.0373533
_6117_, 267.563, 266.56, 0.0374908
_6122_, 267.563, 266.56, 0.0374908
ANTENNA__6045__B2, 267.563, 266.56, 0.0374908
ANTENNA__6105__B, 267.563, 266.56, 0.0374908
FILLER_0_93_565, 267.563, 266.56, 0.0374908
FILLER_0_94_562, 267.563, 266.56, 0.0374908
FILLER_0_94_569, 267.563, 266.56, 0.0374908
FILLER_0_94_577, 267.563, 266.56, 0.0374908
_6121_, 280.252, 266.56, 0.0376157
_6124_, 280.252, 266.56, 0.0376157
_6127_, 280.252, 266.56, 0.0376157
_6128_, 280.252, 266.56, 0.0376157
_6131_, 280.252, 266.56, 0.0376157
_6132_, 280.252, 266.56, 0.0376157
_6137_, 280.252, 266.56, 0.0376157
_6140_, 280.252, 266.56, 0.0376157
ANTENNA__6131__A, 280.252, 266.56, 0.0376157
FILLER_0_93_592, 280.252, 266.56, 0.0376157
_6145_, 292.941, 266.56, 0.0376746
_6146_, 292.941, 266.56, 0.0376746
_6155_, 292.941, 266.56, 0.0376746
_6156_, 292.941, 266.56, 0.0376746
_6161_, 292.941, 266.56, 0.0376746
ANTENNA__6157__B1, 292.941, 266.56, 0.0376746
ANTENNA__6157__A1, 292.941, 266.56, 0.0376746
ANTENNA_clkbuf_leaf_47_clk_A, 292.941, 266.56, 0.0376746
FILLER_0_93_617, 292.941, 266.56, 0.0376746
FILLER_0_94_616, 292.941, 266.56, 0.0376746
_6152_, 305.63, 266.56, 0.0377046
_6153_, 305.63, 266.56, 0.0377046
_6154_, 305.63, 266.56, 0.0377046
_6158_, 305.63, 266.56, 0.0377046
output60, 305.63, 266.56, 0.0377046
ANTENNA__6158__C1, 305.63, 266.56, 0.0377046
ANTENNA__6152__A, 305.63, 266.56, 0.0377046
ANTENNA__6145__C, 305.63, 266.56, 0.0377046
ANTENNA_output60_A, 305.63, 266.56, 0.0377046
FILLER_0_95_656, 305.63, 266.56, 0.0377046
_7646_, 5.52, 261.12, 0.0340746
PHY_182, 5.52, 261.12, 0.0340746
PHY_184, 5.52, 261.12, 0.0340746
output53, 5.52, 261.12, 0.0340746
PHY_183, 318.32, 261.12, 0.0385555
PHY_185, 318.32, 261.12, 0.0385555
ANTENNA__6170__B1, 318.32, 261.12, 0.0385555
ANTENNA__6170__A1, 318.32, 261.12, 0.0385555
FILLER_0_91_673, 318.32, 261.12, 0.0385555
_6841_, 15.33, 261.12, 0.0340534
_6868_, 15.33, 261.12, 0.0340534
_6869_, 15.33, 261.12, 0.0340534
clkbuf_leaf_23_clk, 15.33, 261.12, 0.0340534
_5384_, 37.94, 261.12, 0.0345246
_6784_, 37.94, 261.12, 0.0345246
_7607_, 37.94, 261.12, 0.0345246
hold448, 37.94, 261.12, 0.0345246
ANTENNA__6777__S, 37.94, 261.12, 0.0345246
FILLER_0_93_73, 37.94, 261.12, 0.0345246
FILLER_0_93_80, 37.94, 261.12, 0.0345246
_5355_, 50.74, 261.12, 0.035032
_5382_, 50.74, 261.12, 0.035032
_5385_, 50.74, 261.12, 0.035032
_6813_, 50.74, 261.12, 0.035032
clkbuf_leaf_22_clk, 50.74, 261.12, 0.035032
hold486, 50.74, 261.12, 0.035032
ANTENNA__5386__A2, 50.74, 261.12, 0.035032
FILLER_0_92_85, 50.74, 261.12, 0.035032
FILLER_0_92_100, 50.74, 261.12, 0.035032
_6339_, 63.54, 261.12, 0.0354584
_6702_, 63.54, 261.12, 0.0354584
_6730_, 63.54, 261.12, 0.0354584
_7581_, 63.54, 261.12, 0.0354584
hold480, 63.54, 261.12, 0.0354584
ANTENNA__6337__A2, 63.54, 261.12, 0.0354584
ANTENNA__5359__A2, 63.54, 261.12, 0.0354584
ANTENNA__6329__S, 63.54, 261.12, 0.0354584
FILLER_0_92_128, 63.54, 261.12, 0.0354584
_3478_, 76.34, 261.12, 0.035872
_5359_, 76.34, 261.12, 0.035872
_6329_, 76.34, 261.12, 0.035872
_6337_, 76.34, 261.12, 0.035872
hold489, 76.34, 261.12, 0.035872
ANTENNA__3478__A, 76.34, 261.12, 0.035872
ANTENNA__5359__C1, 76.34, 261.12, 0.035872
ANTENNA__6338__S, 76.34, 261.12, 0.035872
ANTENNA__6337__B1, 76.34, 261.12, 0.035872
_3463_, 89.14, 261.12, 0.036078
_7037_, 89.14, 261.12, 0.036078
clkbuf_leaf_28_clk, 89.14, 261.12, 0.036078
ANTENNA_clkbuf_leaf_28_clk_A, 89.14, 261.12, 0.036078
_3947_, 101.94, 261.12, 0.0362148
_4183_, 101.94, 261.12, 0.0362148
_4185_, 101.94, 261.12, 0.0362148
_4206_, 101.94, 261.12, 0.0362148
_4207_, 101.94, 261.12, 0.0362148
_4208_, 101.94, 261.12, 0.0362148
_4217_, 101.94, 261.12, 0.0362148
_4219_, 101.94, 261.12, 0.0362148
ANTENNA__3947__B1, 101.94, 261.12, 0.0362148
ANTENNA__4185__B2, 101.94, 261.12, 0.0362148
FILLER_0_93_210, 101.94, 261.12, 0.0362148
_3962_, 114.74, 261.12, 0.0363051
_4198_, 114.74, 261.12, 0.0363051
_4228_, 114.74, 261.12, 0.0363051
_4229_, 114.74, 261.12, 0.0363051
clkbuf_leaf_34_clk, 114.74, 261.12, 0.0363051
ANTENNA__4197__A, 114.74, 261.12, 0.0363051
ANTENNA_clkbuf_leaf_34_clk_A, 114.74, 261.12, 0.0363051
FILLER_0_91_237, 114.74, 261.12, 0.0363051
FILLER_0_92_236, 114.74, 261.12, 0.0363051
_4226_, 127.54, 261.12, 0.036325
_4227_, 127.54, 261.12, 0.036325
_4231_, 127.54, 261.12, 0.036325
_4235_, 127.54, 261.12, 0.036325
_4237_, 127.54, 261.12, 0.036325
_4239_, 127.54, 261.12, 0.036325
_4241_, 127.54, 261.12, 0.036325
_4242_, 127.54, 261.12, 0.036325
ANTENNA__4231__B2, 127.54, 261.12, 0.036325
ANTENNA__4238__B1, 127.54, 261.12, 0.036325
_3484_, 140.34, 261.12, 0.0362913
_4234_, 140.34, 261.12, 0.0362913
_4240_, 140.34, 261.12, 0.0362913
_4249_, 140.34, 261.12, 0.0362913
_4251_, 140.34, 261.12, 0.0362913
ANTENNA__3484__B, 140.34, 261.12, 0.0362913
ANTENNA__4251__A1, 140.34, 261.12, 0.0362913
ANTENNA_clkbuf_leaf_33_clk_A, 140.34, 261.12, 0.0362913
FILLER_0_92_296, 140.34, 261.12, 0.0362913
_3485_, 153.14, 261.12, 0.0362354
_3957_, 153.14, 261.12, 0.0362354
_4862_, 153.14, 261.12, 0.0362354
_4870_, 153.14, 261.12, 0.0362354
ANTENNA__3485__C1, 153.14, 261.12, 0.0362354
ANTENNA__3485__A2, 153.14, 261.12, 0.0362354
ANTENNA__3957__S, 153.14, 261.12, 0.0362354
ANTENNA__3970__A2, 153.14, 261.12, 0.0362354
FILLER_0_91_309, 153.14, 261.12, 0.0362354
FILLER_0_92_321, 153.14, 261.12, 0.0362354
FILLER_0_93_330, 153.14, 261.12, 0.0362354
_4874_, 165.94, 261.12, 0.036147
_4875_, 165.94, 261.12, 0.036147
_4877_, 165.94, 261.12, 0.036147
_4879_, 165.94, 261.12, 0.036147
_4881_, 165.94, 261.12, 0.036147
_4887_, 165.94, 261.12, 0.036147
ANTENNA__4881__B1, 165.94, 261.12, 0.036147
ANTENNA__4872__B1, 165.94, 261.12, 0.036147
FILLER_0_91_341, 165.94, 261.12, 0.036147
FILLER_0_92_354, 165.94, 261.12, 0.036147
_5360_, 191.429, 261.12, 0.0364271
_5361_, 191.429, 261.12, 0.0364271
_7242_, 191.429, 261.12, 0.0364271
ANTENNA__5362__B1, 191.429, 261.12, 0.0364271
ANTENNA__5362__A1, 191.429, 261.12, 0.0364271
ANTENNA__5361__A, 191.429, 261.12, 0.0364271
FILLER_0_91_393, 191.429, 261.12, 0.0364271
FILLER_0_93_410, 191.429, 261.12, 0.0364271
_6192_, 204.118, 261.12, 0.0367998
_6194_, 204.118, 261.12, 0.0367998
_6198_, 204.118, 261.12, 0.0367998
_6199_, 204.118, 261.12, 0.0367998
_6201_, 204.118, 261.12, 0.0367998
hold518, 204.118, 261.12, 0.0367998
ANTENNA__6194__B1, 204.118, 261.12, 0.0367998
ANTENNA_clkbuf_leaf_41_clk_A, 204.118, 261.12, 0.0367998
ANTENNA__7242__RESET_B, 204.118, 261.12, 0.0367998
ANTENNA__7396__RESET_B, 204.118, 261.12, 0.0367998
FILLER_0_93_437, 204.118, 261.12, 0.0367998
FILLER_0_93_445, 204.118, 261.12, 0.0367998
_5388_, 216.807, 261.12, 0.0371468
_5389_, 216.807, 261.12, 0.0371468
_7406_, 216.807, 261.12, 0.0371468
hold498, 216.807, 261.12, 0.0371468
hold674, 216.807, 261.12, 0.0371468
ANTENNA__7245__RESET_B, 216.807, 261.12, 0.0371468
_6302_, 229.496, 261.12, 0.0374484
_6304_, 229.496, 261.12, 0.0374484
_6305_, 229.496, 261.12, 0.0374484
_6306_, 229.496, 261.12, 0.0374484
ANTENNA__5388__A, 229.496, 261.12, 0.0374484
ANTENNA__6300__B, 229.496, 261.12, 0.0374484
ANTENNA__6290__B, 229.496, 261.12, 0.0374484
FILLER_0_93_487, 229.496, 261.12, 0.0374484
FILLER_0_93_496, 229.496, 261.12, 0.0374484
_6310_, 242.185, 261.12, 0.0377199
_6311_, 242.185, 261.12, 0.0377199
_7407_, 242.185, 261.12, 0.0377199
hold691, 242.185, 261.12, 0.0377199
ANTENNA__6312__A2, 242.185, 261.12, 0.0377199
FILLER_0_92_508, 242.185, 261.12, 0.0377199
_5879_, 254.874, 261.12, 0.0379479
ANTENNA__6065__B1, 254.874, 261.12, 0.0379479
ANTENNA__5879__B1, 254.874, 261.12, 0.0379479
ANTENNA__5879__A2, 254.874, 261.12, 0.0379479
ANTENNA__6041__A2, 254.874, 261.12, 0.0379479
ANTENNA__7335__RESET_B, 254.874, 261.12, 0.0379479
ANTENNA__7332__RESET_B, 254.874, 261.12, 0.0379479
FILLER_0_93_543, 254.874, 261.12, 0.0379479
FILLER_0_93_553, 254.874, 261.12, 0.0379479
_6118_, 267.563, 261.12, 0.0381687
_6119_, 267.563, 261.12, 0.0381687
_6120_, 267.563, 261.12, 0.0381687
_6123_, 267.563, 261.12, 0.0381687
_7336_, 267.563, 261.12, 0.0381687
hold643, 267.563, 261.12, 0.0381687
ANTENNA__5881__A2, 267.563, 261.12, 0.0381687
ANTENNA__6120__A1, 267.563, 261.12, 0.0381687
ANTENNA__6119__A, 267.563, 261.12, 0.0381687
ANTENNA__7336__RESET_B, 267.563, 261.12, 0.0381687
ANTENNA__7369__RESET_B, 267.563, 261.12, 0.0381687
FILLER_0_93_576, 267.563, 261.12, 0.0381687
_6130_, 280.252, 261.12, 0.0383472
_6133_, 280.252, 261.12, 0.0383472
_6134_, 280.252, 261.12, 0.0383472
_6139_, 280.252, 261.12, 0.0383472
hold309, 280.252, 261.12, 0.0383472
ANTENNA__6130__B1, 280.252, 261.12, 0.0383472
ANTENNA__6135__A1, 280.252, 261.12, 0.0383472
ANTENNA__6130__A1, 280.252, 261.12, 0.0383472
ANTENNA__7383__RESET_B, 280.252, 261.12, 0.0383472
FILLER_0_92_585, 280.252, 261.12, 0.0383472
FILLER_0_92_597, 280.252, 261.12, 0.0383472
FILLER_0_92_603, 280.252, 261.12, 0.0383472
FILLER_0_93_600, 280.252, 261.12, 0.0383472
FILLER_0_93_610, 280.252, 261.12, 0.0383472
_6157_, 292.941, 261.12, 0.0384962
_7385_, 292.941, 261.12, 0.0384962
clkbuf_leaf_47_clk, 292.941, 261.12, 0.0384962
hold670, 292.941, 261.12, 0.0384962
ANTENNA__6047__B2, 292.941, 261.12, 0.0384962
ANTENNA__6135__B1, 292.941, 261.12, 0.0384962
ANTENNA__7385__RESET_B, 292.941, 261.12, 0.0384962
FILLER_0_91_617, 292.941, 261.12, 0.0384962
FILLER_0_93_633, 292.941, 261.12, 0.0384962
_6151_, 305.63, 261.12, 0.0385555
_6159_, 305.63, 261.12, 0.0385555
_6165_, 305.63, 261.12, 0.0385555
_6168_, 305.63, 261.12, 0.0385555
_6169_, 305.63, 261.12, 0.0385555
_6170_, 305.63, 261.12, 0.0385555
_7386_, 305.63, 261.12, 0.0385555
hold646, 305.63, 261.12, 0.0385555
ANTENNA__6151__A, 305.63, 261.12, 0.0385555
ANTENNA__7386__RESET_B, 305.63, 261.12, 0.0385555
PHY_178, 5.52, 255.68, 0.0335628
PHY_180, 5.52, 255.68, 0.0335628
FILLER_0_91_3, 5.52, 255.68, 0.0335628
PHY_179, 318.32, 255.68, 0.0367681
PHY_181, 318.32, 255.68, 0.0367681
ANTENNA_input18_A, 318.32, 255.68, 0.0367681
ANTENNA__6179__B1, 318.32, 255.68, 0.0367681
ANTENNA__6162__A, 318.32, 255.68, 0.0367681
FILLER_0_89_669, 318.32, 255.68, 0.0367681
FILLER_0_90_668, 318.32, 255.68, 0.0367681
_6840_, 15.33, 255.68, 0.0335628
_7633_, 15.33, 255.68, 0.0335628
ANTENNA__6840__S, 15.33, 255.68, 0.0335628
ANTENNA__6868__S, 15.33, 255.68, 0.0335628
FILLER_0_90_15, 15.33, 255.68, 0.0335628
_6757_, 37.94, 255.68, 0.0338981
_6783_, 37.94, 255.68, 0.0338981
_6897_, 37.94, 255.68, 0.0338981
_7659_, 37.94, 255.68, 0.0338981
ANTENNA__6783__S, 37.94, 255.68, 0.0338981
FILLER_0_90_60, 37.94, 255.68, 0.0338981
FILLER_0_90_77, 37.94, 255.68, 0.0338981
_6812_, 50.74, 255.68, 0.0342178
_6896_, 50.74, 255.68, 0.0342178
_7620_, 50.74, 255.68, 0.0342178
hold507, 50.74, 255.68, 0.0342178
FILLER_0_90_85, 50.74, 255.68, 0.0342178
_5381_, 63.54, 255.68, 0.0345172
_5394_, 63.54, 255.68, 0.0345172
_6729_, 63.54, 255.68, 0.0345172
_7414_, 63.54, 255.68, 0.0345172
hold453, 63.54, 255.68, 0.0345172
hold481, 63.54, 255.68, 0.0345172
_3472_, 76.34, 255.68, 0.0347885
_5354_, 76.34, 255.68, 0.0347885
_5390_, 76.34, 255.68, 0.0347885
_6338_, 76.34, 255.68, 0.0347885
_6988_, 76.34, 255.68, 0.0347885
hold299, 76.34, 255.68, 0.0347885
ANTENNA__5395__C1, 76.34, 255.68, 0.0347885
FILLER_0_90_150, 76.34, 255.68, 0.0347885
_3470_, 89.14, 255.68, 0.0350176
hold614, 89.14, 255.68, 0.0350176
hold667, 89.14, 255.68, 0.0350176
ANTENNA__4184__B1, 89.14, 255.68, 0.0350176
ANTENNA__6988__RESET_B, 89.14, 255.68, 0.0350176
FILLER_0_89_169, 89.14, 255.68, 0.0350176
_4178_, 101.94, 255.68, 0.0352228
_4180_, 101.94, 255.68, 0.0352228
_4182_, 101.94, 255.68, 0.0352228
_4184_, 101.94, 255.68, 0.0352228
_4191_, 101.94, 255.68, 0.0352228
_4192_, 101.94, 255.68, 0.0352228
_4193_, 101.94, 255.68, 0.0352228
ANTENNA__4195__B1, 101.94, 255.68, 0.0352228
ANTENNA__4186__A, 101.94, 255.68, 0.0352228
FILLER_0_90_208, 101.94, 255.68, 0.0352228
_4186_, 114.74, 255.68, 0.0353784
_4187_, 114.74, 255.68, 0.0353784
_4188_, 114.74, 255.68, 0.0353784
_4189_, 114.74, 255.68, 0.0353784
_4197_, 114.74, 255.68, 0.0353784
ANTENNA__3962__B1, 114.74, 255.68, 0.0353784
ANTENNA_clkbuf_3_3__f_clk_A, 114.74, 255.68, 0.0353784
FILLER_0_89_225, 114.74, 255.68, 0.0353784
FILLER_0_90_246, 114.74, 255.68, 0.0353784
FILLER_0_91_249, 114.74, 255.68, 0.0353784
_4233_, 127.54, 255.68, 0.0355091
_4236_, 127.54, 255.68, 0.0355091
_4238_, 127.54, 255.68, 0.0355091
_4250_, 127.54, 255.68, 0.0355091
_7042_, 127.54, 255.68, 0.0355091
hold417, 127.54, 255.68, 0.0355091
ANTENNA__3959__B1, 127.54, 255.68, 0.0355091
ANTENNA__4238__A1, 127.54, 255.68, 0.0355091
ANTENNA__4233__A, 127.54, 255.68, 0.0355091
FILLER_0_90_253, 127.54, 255.68, 0.0355091
FILLER_0_90_266, 127.54, 255.68, 0.0355091
FILLER_0_91_271, 127.54, 255.68, 0.0355091
_4246_, 140.34, 255.68, 0.0355956
_4247_, 140.34, 255.68, 0.0355956
_4248_, 140.34, 255.68, 0.0355956
clkbuf_leaf_33_clk, 140.34, 255.68, 0.0355956
ANTENNA__4251__B1, 140.34, 255.68, 0.0355956
ANTENNA__4247__A, 140.34, 255.68, 0.0355956
FILLER_0_91_302, 140.34, 255.68, 0.0355956
_4857_, 153.14, 255.68, 0.0356214
_4858_, 153.14, 255.68, 0.0356214
_4859_, 153.14, 255.68, 0.0356214
_4861_, 153.14, 255.68, 0.0356214
_4872_, 153.14, 255.68, 0.0356214
ANTENNA__4859__D, 153.14, 255.68, 0.0356214
ANTENNA__4858__B1, 153.14, 255.68, 0.0356214
FILLER_0_90_309, 153.14, 255.68, 0.0356214
FILLER_0_91_327, 153.14, 255.68, 0.0356214
FILLER_0_91_333, 153.14, 255.68, 0.0356214
_4871_, 165.94, 255.68, 0.0356234
_4873_, 165.94, 255.68, 0.0356234
_4876_, 165.94, 255.68, 0.0356234
_7170_, 165.94, 255.68, 0.0356234
ANTENNA__4873__D, 165.94, 255.68, 0.0356234
FILLER_0_90_353, 165.94, 255.68, 0.0356234
FILLER_0_90_361, 165.94, 255.68, 0.0356234
FILLER_0_91_349, 165.94, 255.68, 0.0356234
_5362_, 191.429, 255.68, 0.0358427
_7175_, 191.429, 255.68, 0.0358427
hold666, 191.429, 255.68, 0.0358427
ANTENNA__5362__A2, 191.429, 255.68, 0.0358427
ANTENNA__7176__RESET_B, 191.429, 255.68, 0.0358427
FILLER_0_90_391, 191.429, 255.68, 0.0358427
_5351_, 204.118, 255.68, 0.0360524
_6193_, 204.118, 255.68, 0.0360524
_7245_, 204.118, 255.68, 0.0360524
_7396_, 204.118, 255.68, 0.0360524
hold334, 204.118, 255.68, 0.0360524
ANTENNA__4667__A, 204.118, 255.68, 0.0360524
ANTENNA__5351__S, 216.807, 255.68, 0.0362119
ANTENNA__5703__B1, 216.807, 255.68, 0.0362119
ANTENNA__5389__A2, 216.807, 255.68, 0.0362119
ANTENNA__5398__A2, 216.807, 255.68, 0.0362119
ANTENNA__5693__B, 216.807, 255.68, 0.0362119
FILLER_0_89_453, 216.807, 255.68, 0.0362119
FILLER_0_89_458, 216.807, 255.68, 0.0362119
_6299_, 229.496, 255.68, 0.0363714
_6300_, 229.496, 255.68, 0.0363714
_6301_, 229.496, 255.68, 0.0363714
_6303_, 229.496, 255.68, 0.0363714
_6313_, 229.496, 255.68, 0.0363714
_6314_, 229.496, 255.68, 0.0363714
ANTENNA__5389__B1, 229.496, 255.68, 0.0363714
ANTENNA__5398__A1, 229.496, 255.68, 0.0363714
ANTENNA__5389__A1, 229.496, 255.68, 0.0363714
ANTENNA__5408__S, 229.496, 255.68, 0.0363714
ANTENNA_clkbuf_leaf_40_clk_A, 229.496, 255.68, 0.0363714
_6307_, 242.185, 255.68, 0.0365007
_6308_, 242.185, 255.68, 0.0365007
_6309_, 242.185, 255.68, 0.0365007
_7332_, 242.185, 255.68, 0.0365007
ANTENNA__5871__B1, 242.185, 255.68, 0.0365007
ANTENNA__5871__A2, 242.185, 255.68, 0.0365007
ANTENNA__6313__B1, 242.185, 255.68, 0.0365007
ANTENNA__6308__A_N, 242.185, 255.68, 0.0365007
ANTENNA__7331__RESET_B, 242.185, 255.68, 0.0365007
ANTENNA__7407__RESET_B, 242.185, 255.68, 0.0365007
FILLER_0_89_505, 242.185, 255.68, 0.0365007
FILLER_0_90_504, 242.185, 255.68, 0.0365007
FILLER_0_91_518, 242.185, 255.68, 0.0365007
FILLER_0_91_524, 242.185, 255.68, 0.0365007
_5873_, 254.874, 255.68, 0.0365984
_7335_, 254.874, 255.68, 0.0365984
hold479, 254.874, 255.68, 0.0365984
ANTENNA__5399__S, 254.874, 255.68, 0.0365984
ANTENNA__7367__RESET_B, 254.874, 255.68, 0.0365984
_6045_, 267.563, 255.68, 0.0366662
hold162, 267.563, 255.68, 0.0366662
hold714, 267.563, 255.68, 0.0366662
ANTENNA__5881__B1, 267.563, 255.68, 0.0366662
ANTENNA__6045__A2, 267.563, 255.68, 0.0366662
FILLER_0_91_581, 267.563, 255.68, 0.0366662
_6129_, 280.252, 255.68, 0.0367242
_6135_, 280.252, 255.68, 0.0367242
_7383_, 280.252, 255.68, 0.0367242
ANTENNA__6047__A2, 280.252, 255.68, 0.0367242
ANTENNA__7370__RESET_B, 280.252, 255.68, 0.0367242
ANTENNA__7382__RESET_B, 280.252, 255.68, 0.0367242
FILLER_0_90_585, 280.252, 255.68, 0.0367242
FILLER_0_90_593, 280.252, 255.68, 0.0367242
ANTENNA__6049__B2, 292.941, 255.68, 0.0367462
ANTENNA__6044__S, 292.941, 255.68, 0.0367462
ANTENNA__6049__A2, 292.941, 255.68, 0.0367462
ANTENNA__6178__A1, 292.941, 255.68, 0.0367462
ANTENNA__7387__RESET_B, 292.941, 255.68, 0.0367462
FILLER_0_90_638, 292.941, 255.68, 0.0367462
_6163_, 305.63, 255.68, 0.0367681
_6166_, 305.63, 255.68, 0.0367681
_6167_, 305.63, 255.68, 0.0367681
hold438, 305.63, 255.68, 0.0367681
ANTENNA__6166__A, 305.63, 255.68, 0.0367681
ANTENNA__6163__A, 305.63, 255.68, 0.0367681
PHY_174, 5.52, 250.24, 0.0334202
PHY_176, 5.52, 250.24, 0.0334202
FILLER_0_88_3, 5.52, 250.24, 0.0334202
_6176_, 318.32, 250.24, 0.0381897
PHY_175, 318.32, 250.24, 0.0381897
PHY_177, 318.32, 250.24, 0.0381897
input18, 318.32, 250.24, 0.0381897
ANTENNA__6172__A_N, 318.32, 250.24, 0.0381897
ANTENNA__6171__B, 318.32, 250.24, 0.0381897
_6871_, 15.33, 250.24, 0.0334202
_7634_, 15.33, 250.24, 0.0334202
_7647_, 15.33, 250.24, 0.0334202
hold387, 15.33, 250.24, 0.0334202
ANTENNA__6870__S, 15.33, 250.24, 0.0334202
_5393_, 37.94, 250.24, 0.0337746
_6759_, 37.94, 250.24, 0.0337746
_6786_, 37.94, 250.24, 0.0337746
_7608_, 37.94, 250.24, 0.0337746
hold442, 37.94, 250.24, 0.0337746
ANTENNA__6785__A1, 37.94, 250.24, 0.0337746
ANTENNA__6758__A1, 37.94, 250.24, 0.0337746
FILLER_0_88_61, 37.94, 250.24, 0.0337746
FILLER_0_89_81, 37.94, 250.24, 0.0337746
_6732_, 50.74, 250.24, 0.0341199
_6815_, 50.74, 250.24, 0.0341199
_6899_, 50.74, 250.24, 0.0341199
_7621_, 50.74, 250.24, 0.0341199
ANTENNA__6814__A1, 50.74, 250.24, 0.0341199
ANTENNA__6812__S, 50.74, 250.24, 0.0341199
ANTENNA__6896__S, 50.74, 250.24, 0.0341199
_6731_, 63.54, 250.24, 0.0344518
_7582_, 63.54, 250.24, 0.0344518
hold446, 63.54, 250.24, 0.0344518
ANTENNA__5395__A2, 63.54, 250.24, 0.0344518
FILLER_0_87_113, 63.54, 250.24, 0.0344518
FILLER_0_87_125, 63.54, 250.24, 0.0344518
FILLER_0_88_137, 63.54, 250.24, 0.0344518
FILLER_0_89_128, 63.54, 250.24, 0.0344518
_3471_, 76.34, 250.24, 0.0347733
_5395_, 76.34, 250.24, 0.0347733
_6704_, 76.34, 250.24, 0.0347733
_7569_, 76.34, 250.24, 0.0347733
ANTENNA__6341__S, 76.34, 250.24, 0.0347733
FILLER_0_87_144, 76.34, 250.24, 0.0347733
_4169_, 89.14, 250.24, 0.035074
_4175_, 89.14, 250.24, 0.035074
_4177_, 89.14, 250.24, 0.035074
_4181_, 89.14, 250.24, 0.035074
_4190_, 89.14, 250.24, 0.035074
ANTENNA__3471__A, 89.14, 250.24, 0.035074
ANTENNA__3470__S, 89.14, 250.24, 0.035074
ANTENNA__3471__B, 89.14, 250.24, 0.035074
ANTENNA__4175__A1, 89.14, 250.24, 0.035074
FILLER_0_87_169, 89.14, 250.24, 0.035074
FILLER_0_88_174, 89.14, 250.24, 0.035074
FILLER_0_89_184, 89.14, 250.24, 0.035074
_4176_, 101.94, 250.24, 0.0353483
_4194_, 101.94, 250.24, 0.0353483
_4195_, 101.94, 250.24, 0.0353483
clkbuf_3_3__f_clk, 101.94, 250.24, 0.0353483
hold581, 101.94, 250.24, 0.0353483
ANTENNA__4176__B, 101.94, 250.24, 0.0353483
ANTENNA__4176__A, 101.94, 250.24, 0.0353483
ANTENNA__4175__B2, 101.94, 250.24, 0.0353483
FILLER_0_87_205, 101.94, 250.24, 0.0353483
_3473_, 114.74, 250.24, 0.0354508
hold583, 114.74, 250.24, 0.0354508
ANTENNA__3473__S, 114.74, 250.24, 0.0354508
ANTENNA__3959__A2, 114.74, 250.24, 0.0354508
ANTENNA__4187__B, 114.74, 250.24, 0.0354508
ANTENNA__7042__RESET_B, 114.74, 250.24, 0.0354508
ANTENNA__6992__RESET_B, 114.74, 250.24, 0.0354508
FILLER_0_87_225, 114.74, 250.24, 0.0354508
FILLER_0_88_246, 114.74, 250.24, 0.0354508
_3959_, 127.54, 250.24, 0.0355346
_4232_, 127.54, 250.24, 0.0355346
hold634, 127.54, 250.24, 0.0355346
ANTENNA__3958__S, 127.54, 250.24, 0.0355346
ANTENNA__3955__S, 127.54, 250.24, 0.0355346
ANTENNA__3958__A0, 127.54, 250.24, 0.0355346
FILLER_0_87_262, 127.54, 250.24, 0.0355346
_4243_, 140.34, 250.24, 0.0356008
_4244_, 140.34, 250.24, 0.0356008
_4245_, 140.34, 250.24, 0.0356008
_7043_, 140.34, 250.24, 0.0356008
ANTENNA__3956__B1, 140.34, 250.24, 0.0356008
ANTENNA__4244__A, 140.34, 250.24, 0.0356008
ANTENNA__4243__A, 140.34, 250.24, 0.0356008
ANTENNA__4232__A, 140.34, 250.24, 0.0356008
ANTENNA__7043__RESET_B, 140.34, 250.24, 0.0356008
FILLER_0_88_281, 140.34, 250.24, 0.0356008
FILLER_0_88_305, 140.34, 250.24, 0.0356008
_4860_, 153.14, 250.24, 0.0356344
_4869_, 153.14, 250.24, 0.0356344
_7169_, 153.14, 250.24, 0.0356344
hold586, 153.14, 250.24, 0.0356344
ANTENNA__3969__S, 153.14, 250.24, 0.0356344
ANTENNA__3954__S, 153.14, 250.24, 0.0356344
ANTENNA__4869__B1, 153.14, 250.24, 0.0356344
ANTENNA__3975__B2, 153.14, 250.24, 0.0356344
ANTENNA__4869__A2, 153.14, 250.24, 0.0356344
ANTENNA__7169__RESET_B, 153.14, 250.24, 0.0356344
FILLER_0_88_309, 153.14, 250.24, 0.0356344
FILLER_0_89_330, 153.14, 250.24, 0.0356344
_3969_, 165.94, 250.24, 0.0356363
_7177_, 165.94, 250.24, 0.0356363
hold44, 165.94, 250.24, 0.0356363
ANTENNA__7177__RESET_B, 165.94, 250.24, 0.0356363
_4935_, 191.429, 250.24, 0.0361047
_4945_, 191.429, 250.24, 0.0361047
_5352_, 191.429, 250.24, 0.0361047
_5580_, 191.429, 250.24, 0.0361047
ANTENNA__4945__B2, 191.429, 250.24, 0.0361047
ANTENNA__4935__A2, 191.429, 250.24, 0.0361047
FILLER_0_87_401, 191.429, 250.24, 0.0361047
FILLER_0_88_398, 191.429, 250.24, 0.0361047
_3657_, 204.118, 250.24, 0.0365178
_7298_, 204.118, 250.24, 0.0365178
hold436, 204.118, 250.24, 0.0365178
ANTENNA__3528__C1, 204.118, 250.24, 0.0365178
ANTENNA__3990__A, 204.118, 250.24, 0.0365178
ANTENNA__7298__RESET_B, 204.118, 250.24, 0.0365178
ANTENNA__7175__RESET_B, 204.118, 250.24, 0.0365178
_5397_, 216.807, 250.24, 0.0368338
_5398_, 216.807, 250.24, 0.0368338
_5702_, 216.807, 250.24, 0.0368338
ANTENNA__3522__C1, 216.807, 250.24, 0.0368338
ANTENNA__3527__B, 216.807, 250.24, 0.0368338
ANTENNA__3523__B, 216.807, 250.24, 0.0368338
ANTENNA__3657__A, 216.807, 250.24, 0.0368338
ANTENNA__5703__A2, 216.807, 250.24, 0.0368338
ANTENNA__5699__B1, 216.807, 250.24, 0.0368338
ANTENNA__5694__A_N, 216.807, 250.24, 0.0368338
ANTENNA__7246__RESET_B, 216.807, 250.24, 0.0368338
FILLER_0_89_463, 216.807, 250.24, 0.0368338
_5406_, 229.496, 250.24, 0.037127
_6316_, 229.496, 250.24, 0.037127
hold495, 229.496, 250.24, 0.037127
ANTENNA__5398__B1, 229.496, 250.24, 0.037127
ANTENNA__5397__A, 229.496, 250.24, 0.037127
ANTENNA__6299__B, 229.496, 250.24, 0.037127
ANTENNA__7408__RESET_B, 229.496, 250.24, 0.037127
FILLER_0_88_489, 229.496, 250.24, 0.037127
FILLER_0_89_495, 229.496, 250.24, 0.037127
_5871_, 242.185, 250.24, 0.0373995
_6315_, 242.185, 250.24, 0.0373995
_6317_, 242.185, 250.24, 0.0373995
_7331_, 242.185, 250.24, 0.0373995
ANTENNA__6317__A2, 242.185, 250.24, 0.0373995
ANTENNA__5406__S, 242.185, 250.24, 0.0373995
ANTENNA__5403__S, 242.185, 250.24, 0.0373995
ANTENNA__6317__B1, 242.185, 250.24, 0.0373995
ANTENNA__6307__B, 242.185, 250.24, 0.0373995
FILLER_0_87_512, 242.185, 250.24, 0.0373995
FILLER_0_88_503, 242.185, 250.24, 0.0373995
FILLER_0_88_521, 242.185, 250.24, 0.0373995
_5881_, 254.874, 250.24, 0.0376313
_6041_, 254.874, 250.24, 0.0376313
_7367_, 254.874, 250.24, 0.0376313
_7369_, 254.874, 250.24, 0.0376313
hold95, 254.874, 250.24, 0.0376313
hold530, 254.874, 250.24, 0.0376313
ANTENNA__5401__S, 254.874, 250.24, 0.0376313
ANTENNA__5877__B1, 254.874, 250.24, 0.0376313
FILLER_0_87_533, 254.874, 250.24, 0.0376313
_6040_, 267.563, 250.24, 0.0378237
_7382_, 267.563, 250.24, 0.0378237
hold161, 267.563, 250.24, 0.0378237
ANTENNA__6041__B2, 267.563, 250.24, 0.0378237
FILLER_0_87_569, 267.563, 250.24, 0.0378237
_6047_, 280.252, 250.24, 0.0379935
_7370_, 280.252, 250.24, 0.0379935
hold73, 280.252, 250.24, 0.0379935
hold340, 280.252, 250.24, 0.0379935
ANTENNA__5883__B2, 280.252, 250.24, 0.0379935
ANTENNA__6040__S, 280.252, 250.24, 0.0379935
ANTENNA__5883__A2, 280.252, 250.24, 0.0379935
_3700_, 292.941, 250.24, 0.0381456
_6046_, 292.941, 250.24, 0.0381456
_6178_, 292.941, 250.24, 0.0381456
_7387_, 292.941, 250.24, 0.0381456
_6162_, 305.63, 250.24, 0.0381835
_6164_, 305.63, 250.24, 0.0381835
_6171_, 305.63, 250.24, 0.0381835
_6172_, 305.63, 250.24, 0.0381835
_6177_, 305.63, 250.24, 0.0381835
_6180_, 305.63, 250.24, 0.0381835
ANTENNA__6178__B1, 305.63, 250.24, 0.0381835
ANTENNA__3700__A, 305.63, 250.24, 0.0381835
ANTENNA__6183__A2, 305.63, 250.24, 0.0381835
ANTENNA__6183__B1, 305.63, 250.24, 0.0381835
ANTENNA__6046__S, 305.63, 250.24, 0.0381835
FILLER_0_88_649, 305.63, 250.24, 0.0381835
PHY_170, 5.52, 244.8, 0.0332272
PHY_172, 5.52, 244.8, 0.0332272
PHY_171, 318.32, 244.8, 0.037574
PHY_173, 318.32, 244.8, 0.037574
ANTENNA__5513__A, 318.32, 244.8, 0.037574
ANTENNA__5503__A, 318.32, 244.8, 0.037574
FILLER_0_86_674, 318.32, 244.8, 0.037574
_6843_, 15.33, 244.8, 0.0332272
_6870_, 15.33, 244.8, 0.0332272
hold386, 15.33, 244.8, 0.0332272
ANTENNA__6870__A1, 15.33, 244.8, 0.0332272
FILLER_0_86_15, 15.33, 244.8, 0.0332272
_5348_, 37.94, 244.8, 0.0336824
_6785_, 37.94, 244.8, 0.0336824
_7660_, 37.94, 244.8, 0.0336824
hold455, 37.94, 244.8, 0.0336824
ANTENNA__6785__S, 37.94, 244.8, 0.0336824
ANTENNA__6898__S, 37.94, 244.8, 0.0336824
FILLER_0_86_63, 37.94, 244.8, 0.0336824
FILLER_0_86_77, 37.94, 244.8, 0.0336824
_6805_, 50.74, 244.8, 0.0341101
_6814_, 50.74, 244.8, 0.0341101
_6898_, 50.74, 244.8, 0.0341101
clkbuf_3_2__f_clk, 50.74, 244.8, 0.0341101
hold363, 50.74, 244.8, 0.0341101
ANTENNA__6898__A1, 50.74, 244.8, 0.0341101
ANTENNA__6814__S, 50.74, 244.8, 0.0341101
ANTENNA__6888__S, 50.74, 244.8, 0.0341101
FILLER_0_86_95, 50.74, 244.8, 0.0341101
_5391_, 63.54, 244.8, 0.0343838
_6342_, 63.54, 244.8, 0.0343838
_6722_, 63.54, 244.8, 0.0343838
_7415_, 63.54, 244.8, 0.0343838
hold370, 63.54, 244.8, 0.0343838
ANTENNA__6731__A1, 63.54, 244.8, 0.0343838
ANTENNA_clkbuf_3_2__f_clk_A, 63.54, 244.8, 0.0343838
FILLER_0_86_135, 63.54, 244.8, 0.0343838
_5336_, 76.34, 244.8, 0.0346372
_6341_, 76.34, 244.8, 0.0346372
_6705_, 76.34, 244.8, 0.0346372
hold312, 76.34, 244.8, 0.0346372
hold475, 76.34, 244.8, 0.0346372
ANTENNA__5350__C1, 76.34, 244.8, 0.0346372
ANTENNA__6704__A1, 76.34, 244.8, 0.0346372
ANTENNA__6341__A0, 76.34, 244.8, 0.0346372
FILLER_0_86_158, 76.34, 244.8, 0.0346372
_4168_, 89.14, 244.8, 0.0348777
_4170_, 89.14, 244.8, 0.0348777
_4171_, 89.14, 244.8, 0.0348777
_4172_, 89.14, 244.8, 0.0348777
_4173_, 89.14, 244.8, 0.0348777
ANTENNA__4172__A2, 89.14, 244.8, 0.0348777
ANTENNA__6318__B1, 89.14, 244.8, 0.0348777
ANTENNA_load_slew5_A, 89.14, 244.8, 0.0348777
FILLER_0_85_173, 89.14, 244.8, 0.0348777
FILLER_0_85_179, 89.14, 244.8, 0.0348777
_4174_, 101.94, 244.8, 0.0350781
_4196_, 101.94, 244.8, 0.0350781
_7038_, 101.94, 244.8, 0.0350781
load_slew5, 101.94, 244.8, 0.0350781
ANTENNA__4196__A2, 101.94, 244.8, 0.0350781
ANTENNA__7038__RESET_B, 101.94, 244.8, 0.0350781
FILLER_0_86_216, 101.94, 244.8, 0.0350781
_3475_, 114.74, 244.8, 0.0352354
_6340_, 114.74, 244.8, 0.0352354
_6992_, 114.74, 244.8, 0.0352354
ANTENNA__3474__B, 114.74, 244.8, 0.0352354
ANTENNA__6340__A1, 114.74, 244.8, 0.0352354
ANTENNA__6340__B1, 114.74, 244.8, 0.0352354
ANTENNA__6989__RESET_B, 114.74, 244.8, 0.0352354
FILLER_0_85_229, 114.74, 244.8, 0.0352354
_3955_, 127.54, 244.8, 0.0353354
_3956_, 127.54, 244.8, 0.0353354
_3958_, 127.54, 244.8, 0.0353354
hold539, 127.54, 244.8, 0.0353354
ANTENNA__3958__A1, 127.54, 244.8, 0.0353354
FILLER_0_87_277, 127.54, 244.8, 0.0353354
_4254_, 140.34, 244.8, 0.0354106
_4257_, 140.34, 244.8, 0.0354106
_4258_, 140.34, 244.8, 0.0354106
_4260_, 140.34, 244.8, 0.0354106
_4261_, 140.34, 244.8, 0.0354106
_7044_, 140.34, 244.8, 0.0354106
ANTENNA__3956__A2, 140.34, 244.8, 0.0354106
ANTENNA__4260__B1, 140.34, 244.8, 0.0354106
FILLER_0_86_294, 140.34, 244.8, 0.0354106
FILLER_0_87_294, 140.34, 244.8, 0.0354106
_3954_, 153.14, 244.8, 0.035445
_4253_, 153.14, 244.8, 0.035445
_4255_, 153.14, 244.8, 0.035445
_4256_, 153.14, 244.8, 0.035445
_6355_, 153.14, 244.8, 0.035445
ANTENNA__3973__A2, 153.14, 244.8, 0.035445
ANTENNA__6998__RESET_B, 153.14, 244.8, 0.035445
FILLER_0_85_319, 153.14, 244.8, 0.035445
FILLER_0_86_324, 153.14, 244.8, 0.035445
_6998_, 165.94, 244.8, 0.0354356
ANTENNA__3972__S, 165.94, 244.8, 0.0354356
ANTENNA__6355__A1, 165.94, 244.8, 0.0354356
ANTENNA__4938__B, 165.94, 244.8, 0.0354356
ANTENNA__6355__B1, 165.94, 244.8, 0.0354356
FILLER_0_86_358, 165.94, 244.8, 0.0354356
_3990_, 191.429, 244.8, 0.0359283
_5353_, 191.429, 244.8, 0.0359283
_7176_, 191.429, 244.8, 0.0359283
hold743, 191.429, 244.8, 0.0359283
ANTENNA__5353__B1, 191.429, 244.8, 0.0359283
ANTENNA__5353__A1, 191.429, 244.8, 0.0359283
ANTENNA__5353__A2, 191.429, 244.8, 0.0359283
_3528_, 204.118, 244.8, 0.0363372
_4667_, 204.118, 244.8, 0.0363372
_5701_, 204.118, 244.8, 0.0363372
_5703_, 204.118, 244.8, 0.0363372
ANTENNA_clkbuf_leaf_39_clk_A, 204.118, 244.8, 0.0363372
ANTENNA__7241__RESET_B, 204.118, 244.8, 0.0363372
_5408_, 216.807, 244.8, 0.0366578
_5693_, 216.807, 244.8, 0.0366578
_5694_, 216.807, 244.8, 0.0366578
_5695_, 216.807, 244.8, 0.0366578
_7246_, 216.807, 244.8, 0.0366578
hold115, 216.807, 244.8, 0.0366578
hold116, 216.807, 244.8, 0.0366578
FILLER_0_86_464, 216.807, 244.8, 0.0366578
FILLER_0_87_460, 216.807, 244.8, 0.0366578
_5403_, 229.496, 244.8, 0.0369331
_7250_, 229.496, 244.8, 0.0369331
clkbuf_leaf_40_clk, 229.496, 244.8, 0.0369331
ANTENNA__3524__C1, 229.496, 244.8, 0.0369331
ANTENNA__5409__B2, 229.496, 244.8, 0.0369331
_5399_, 242.185, 244.8, 0.0371388
_5401_, 242.185, 244.8, 0.0371388
_7408_, 242.185, 244.8, 0.0371388
hold380, 242.185, 244.8, 0.0371388
ANTENNA__3522__A2, 242.185, 244.8, 0.0371388
ANTENNA__5698__B1, 242.185, 244.8, 0.0371388
FILLER_0_85_501, 242.185, 244.8, 0.0371388
_7333_, 254.874, 244.8, 0.03731
hold343, 254.874, 244.8, 0.03731
_5883_, 267.563, 244.8, 0.0374494
_7337_, 267.563, 244.8, 0.0374494
_7368_, 267.563, 244.8, 0.0374494
clkbuf_leaf_48_clk, 267.563, 244.8, 0.0374494
ANTENNA__5878__S, 267.563, 244.8, 0.0374494
ANTENNA__7334__RESET_B, 267.563, 244.8, 0.0374494
ANTENNA__7333__RESET_B, 267.563, 244.8, 0.0374494
_6049_, 280.252, 244.8, 0.0375066
_7371_, 280.252, 244.8, 0.0375066
hold341, 280.252, 244.8, 0.0375066
ANTENNA__6043__B2, 280.252, 244.8, 0.0375066
ANTENNA__5885__A2, 280.252, 244.8, 0.0375066
ANTENNA__7337__RESET_B, 280.252, 244.8, 0.0375066
ANTENNA__7368__RESET_B, 280.252, 244.8, 0.0375066
_5887_, 292.941, 244.8, 0.037549
_6044_, 292.941, 244.8, 0.037549
_7339_, 292.941, 244.8, 0.037549
ANTENNA__5886__S, 292.941, 244.8, 0.037549
ANTENNA_clkbuf_leaf_48_clk_A, 292.941, 244.8, 0.037549
ANTENNA__7338__RESET_B, 292.941, 244.8, 0.037549
ANTENNA__7371__RESET_B, 292.941, 244.8, 0.037549
_6173_, 305.63, 244.8, 0.037574
_6174_, 305.63, 244.8, 0.037574
_6175_, 305.63, 244.8, 0.037574
_6179_, 305.63, 244.8, 0.037574
ANTENNA__6048__S, 305.63, 244.8, 0.037574
ANTENNA__5887__A2, 305.63, 244.8, 0.037574
ANTENNA__7264__RESET_B, 305.63, 244.8, 0.037574
ANTENNA__7339__RESET_B, 305.63, 244.8, 0.037574
ANTENNA__7388__RESET_B, 305.63, 244.8, 0.037574
_7642_, 5.52, 239.36, 0.0329637
PHY_166, 5.52, 239.36, 0.0329637
PHY_168, 5.52, 239.36, 0.0329637
output42, 5.52, 239.36, 0.0329637
FILLER_0_84_9, 5.52, 239.36, 0.0329637
FILLER_0_85_3, 5.52, 239.36, 0.0329637
PHY_167, 318.32, 239.36, 0.0368774
PHY_169, 318.32, 239.36, 0.0368774
ANTENNA__5505__A1, 318.32, 239.36, 0.0368774
ANTENNA__5504__A, 318.32, 239.36, 0.0368774
FILLER_0_83_669, 318.32, 239.36, 0.0368774
_6833_, 15.33, 239.36, 0.0329412
_6860_, 15.33, 239.36, 0.0329412
_6861_, 15.33, 239.36, 0.0329412
_7629_, 15.33, 239.36, 0.0329412
FILLER_0_84_18, 15.33, 239.36, 0.0329412
_6776_, 37.94, 239.36, 0.0332689
_6889_, 37.94, 239.36, 0.0332689
_7603_, 37.94, 239.36, 0.0332689
clkbuf_leaf_20_clk, 37.94, 239.36, 0.0332689
ANTENNA_clkbuf_leaf_20_clk_A, 37.94, 239.36, 0.0332689
FILLER_0_84_78, 37.94, 239.36, 0.0332689
FILLER_0_85_81, 37.94, 239.36, 0.0332689
_5341_, 50.74, 239.36, 0.033559
_5349_, 50.74, 239.36, 0.033559
_6888_, 50.74, 239.36, 0.033559
_7616_, 50.74, 239.36, 0.033559
ANTENNA__6894__S, 50.74, 239.36, 0.033559
FILLER_0_85_109, 50.74, 239.36, 0.033559
_6695_, 63.54, 239.36, 0.0338274
_6721_, 63.54, 239.36, 0.0338274
_7577_, 63.54, 239.36, 0.0338274
hold407, 63.54, 239.36, 0.0338274
ANTENNA__5350__A2, 63.54, 239.36, 0.0338274
ANTENNA__6804__S, 63.54, 239.36, 0.0338274
FILLER_0_84_137, 63.54, 239.36, 0.0338274
FILLER_0_85_136, 63.54, 239.36, 0.0338274
_5350_, 76.34, 239.36, 0.0340851
_6327_, 76.34, 239.36, 0.0340851
_6694_, 76.34, 239.36, 0.0340851
_7410_, 76.34, 239.36, 0.0340851
hold476, 76.34, 239.36, 0.0340851
ANTENNA__5377__A2, 76.34, 239.36, 0.0340851
ANTENNA__6326__S, 76.34, 239.36, 0.0340851
FILLER_0_85_165, 76.34, 239.36, 0.0340851
_3467_, 89.14, 239.36, 0.0343109
_6318_, 89.14, 239.36, 0.0343109
_7036_, 89.14, 239.36, 0.0343109
ANTENNA__4172__B1, 89.14, 239.36, 0.0343109
ANTENNA__6318__A1, 89.14, 239.36, 0.0343109
FILLER_0_83_169, 89.14, 239.36, 0.0343109
FILLER_0_84_193, 89.14, 239.36, 0.0343109
_4161_, 101.94, 239.36, 0.0344952
_4162_, 101.94, 239.36, 0.0344952
_4164_, 101.94, 239.36, 0.0344952
_4165_, 101.94, 239.36, 0.0344952
_4179_, 101.94, 239.36, 0.0344952
ANTENNA__3467__S, 101.94, 239.36, 0.0344952
ANTENNA__4162__D, 101.94, 239.36, 0.0344952
ANTENNA__4151__B, 101.94, 239.36, 0.0344952
ANTENNA__4161__B2, 101.94, 239.36, 0.0344952
ANTENNA__7036__RESET_B, 101.94, 239.36, 0.0344952
FILLER_0_83_198, 101.94, 239.36, 0.0344952
FILLER_0_84_201, 101.94, 239.36, 0.0344952
FILLER_0_84_222, 101.94, 239.36, 0.0344952
_3474_, 114.74, 239.36, 0.0346537
_6989_, 114.74, 239.36, 0.0346537
_6991_, 114.74, 239.36, 0.0346537
hold550, 114.74, 239.36, 0.0346537
ANTENNA__3474__A, 114.74, 239.36, 0.0346537
ANTENNA__3950__A2, 114.74, 239.36, 0.0346537
ANTENNA__7124__RESET_B, 114.74, 239.36, 0.0346537
ANTENNA__6991__RESET_B, 114.74, 239.36, 0.0346537
ANTENNA__3950__B1, 127.54, 239.36, 0.0347663
ANTENNA__4259__B1, 127.54, 239.36, 0.0347663
ANTENNA__4259__A1, 127.54, 239.36, 0.0347663
ANTENNA__4627__B1, 127.54, 239.36, 0.0347663
ANTENNA__3955__A0, 127.54, 239.36, 0.0347663
ANTENNA__7044__RESET_B, 127.54, 239.36, 0.0347663
FILLER_0_84_257, 127.54, 239.36, 0.0347663
FILLER_0_84_265, 127.54, 239.36, 0.0347663
FILLER_0_85_270, 127.54, 239.36, 0.0347663
_3975_, 140.34, 239.36, 0.0348789
_4252_, 140.34, 239.36, 0.0348789
_4259_, 140.34, 239.36, 0.0348789
hold304, 140.34, 239.36, 0.0348789
hold651, 140.34, 239.36, 0.0348789
ANTENNA__4252__B, 140.34, 239.36, 0.0348789
ANTENNA__6358__B1, 140.34, 239.36, 0.0348789
ANTENNA_clkbuf_leaf_36_clk_A, 140.34, 239.36, 0.0348789
FILLER_0_83_289, 140.34, 239.36, 0.0348789
_3486_, 153.14, 239.36, 0.0349637
_3487_, 153.14, 239.36, 0.0349637
_3973_, 153.14, 239.36, 0.0349637
_4263_, 153.14, 239.36, 0.0349637
ANTENNA__3488__B, 153.14, 239.36, 0.0349637
ANTENNA__3486__B, 153.14, 239.36, 0.0349637
ANTENNA__3487__A2, 153.14, 239.36, 0.0349637
ANTENNA__3973__B2, 153.14, 239.36, 0.0349637
ANTENNA__3975__A2, 153.14, 239.36, 0.0349637
ANTENNA__4253__A_N, 153.14, 239.36, 0.0349637
ANTENNA__7045__RESET_B, 153.14, 239.36, 0.0349637
FILLER_0_84_309, 153.14, 239.36, 0.0349637
_3972_, 165.94, 239.36, 0.0350285
hold494, 165.94, 239.36, 0.0350285
ANTENNA__3487__C1, 165.94, 239.36, 0.0350285
ANTENNA__3490__B, 165.94, 239.36, 0.0350285
ANTENNA__6361__A1, 165.94, 239.36, 0.0350285
ANTENNA__4947__A_N, 165.94, 239.36, 0.0350285
ANTENNA__6361__B1, 165.94, 239.36, 0.0350285
FILLER_0_84_358, 165.94, 239.36, 0.0350285
_3646_, 191.429, 239.36, 0.0355497
_7178_, 191.429, 239.36, 0.0355497
_7241_, 191.429, 239.36, 0.0355497
_3523_, 204.118, 239.36, 0.0359231
_3527_, 204.118, 239.36, 0.0359231
_4454_, 204.118, 239.36, 0.0359231
_5681_, 204.118, 239.36, 0.0359231
_7251_, 204.118, 239.36, 0.0359231
FILLER_0_85_445, 204.118, 239.36, 0.0359231
_3522_, 216.807, 239.36, 0.0361396
_3524_, 216.807, 239.36, 0.0361396
_5409_, 216.807, 239.36, 0.0361396
_5696_, 216.807, 239.36, 0.0361396
_5699_, 216.807, 239.36, 0.0361396
_5700_, 216.807, 239.36, 0.0361396
ANTENNA__3528__A2, 216.807, 239.36, 0.0361396
_7297_, 229.496, 239.36, 0.0363211
hold36, 229.496, 239.36, 0.0363211
hold37, 229.496, 239.36, 0.0363211
hold702, 229.496, 239.36, 0.0363211
FILLER_0_84_477, 229.496, 239.36, 0.0363211
_5875_, 242.185, 239.36, 0.0364722
_7253_, 242.185, 239.36, 0.0364722
hold225, 242.185, 239.36, 0.0364722
ANTENNA__5412__S, 242.185, 239.36, 0.0364722
ANTENNA__5413__A2, 242.185, 239.36, 0.0364722
ANTENNA__5409__A2, 242.185, 239.36, 0.0364722
ANTENNA__5407__A2, 242.185, 239.36, 0.0364722
ANTENNA__5413__B2, 242.185, 239.36, 0.0364722
ANTENNA__7250__RESET_B, 242.185, 239.36, 0.0364722
ANTENNA__7253__RESET_B, 242.185, 239.36, 0.0364722
ANTENNA__7248__RESET_B, 242.185, 239.36, 0.0364722
_5876_, 254.874, 239.36, 0.0366037
_5877_, 254.874, 239.36, 0.0366037
_7334_, 254.874, 239.36, 0.0366037
ANTENNA__5402__A2, 254.874, 239.36, 0.0366037
ANTENNA__5875__B1, 254.874, 239.36, 0.0366037
ANTENNA__5877__A2, 254.874, 239.36, 0.0366037
ANTENNA__5875__A2, 254.874, 239.36, 0.0366037
_7260_, 267.563, 239.36, 0.0367051
hold143, 267.563, 239.36, 0.0367051
hold582, 267.563, 239.36, 0.0367051
ANTENNA__5876__S, 267.563, 239.36, 0.0367051
FILLER_0_83_557, 267.563, 239.36, 0.0367051
FILLER_0_83_565, 267.563, 239.36, 0.0367051
_5882_, 280.252, 239.36, 0.0367803
_5885_, 280.252, 239.36, 0.0367803
_6042_, 280.252, 239.36, 0.0367803
_6043_, 280.252, 239.36, 0.0367803
_7338_, 280.252, 239.36, 0.0367803
ANTENNA__6043__A2, 280.252, 239.36, 0.0367803
ANTENNA__7263__RESET_B, 280.252, 239.36, 0.0367803
ANTENNA__7260__RESET_B, 280.252, 239.36, 0.0367803
_5886_, 292.941, 239.36, 0.0368341
_6048_, 292.941, 239.36, 0.0368341
hold69, 292.941, 239.36, 0.0368341
ANTENNA__5885__B2, 292.941, 239.36, 0.0368341
ANTENNA__5506__C, 292.941, 239.36, 0.0368341
ANTENNA__6042__S, 292.941, 239.36, 0.0368341
ANTENNA__5882__S, 292.941, 239.36, 0.0368341
FILLER_0_83_621, 292.941, 239.36, 0.0368341
_6181_, 305.63, 239.36, 0.0368774
_6183_, 305.63, 239.36, 0.0368774
_7388_, 305.63, 239.36, 0.0368774
hold673, 305.63, 239.36, 0.0368774
hold746, 305.63, 239.36, 0.0368774
ANTENNA__5887__B2, 305.63, 239.36, 0.0368774
ANTENNA__5518__B1, 305.63, 239.36, 0.0368774
FILLER_0_84_639, 305.63, 239.36, 0.0368774
FILLER_0_84_645, 305.63, 239.36, 0.0368774
_3506_, 5.52, 233.92, 0.0326768
PHY_162, 5.52, 233.92, 0.0326768
PHY_164, 5.52, 233.92, 0.0326768
FILLER_0_82_3, 5.52, 233.92, 0.0326768
_5514_, 318.32, 233.92, 0.0373403
PHY_163, 318.32, 233.92, 0.0373403
PHY_165, 318.32, 233.92, 0.0373403
ANTENNA__5523__A, 318.32, 233.92, 0.0373403
ANTENNA__5519__C1, 318.32, 233.92, 0.0373403
ANTENNA__5512__A, 318.32, 233.92, 0.0373403
ANTENNA_output35_A, 318.32, 233.92, 0.0373403
_6867_, 15.33, 233.92, 0.032675
_7645_, 15.33, 233.92, 0.032675
ANTENNA__3506__A, 15.33, 233.92, 0.032675
FILLER_0_81_15, 15.33, 233.92, 0.032675
FILLER_0_82_13, 15.33, 233.92, 0.032675
FILLER_0_82_29, 15.33, 233.92, 0.032675
FILLER_0_83_27, 15.33, 233.92, 0.032675
_5375_, 37.94, 233.92, 0.0330819
_6748_, 37.94, 233.92, 0.0330819
_6754_, 37.94, 233.92, 0.0330819
_6775_, 37.94, 233.92, 0.0330819
_7655_, 37.94, 233.92, 0.0330819
hold366, 37.94, 233.92, 0.0330819
_5373_, 50.74, 233.92, 0.0334651
_5376_, 50.74, 233.92, 0.0334651
_6728_, 50.74, 233.92, 0.0334651
_6804_, 50.74, 233.92, 0.0334651
_6811_, 50.74, 233.92, 0.0334651
_6894_, 50.74, 233.92, 0.0334651
hold367, 50.74, 233.92, 0.0334651
FILLER_0_83_109, 50.74, 233.92, 0.0334651
_6727_, 63.54, 233.92, 0.0338285
_7564_, 63.54, 233.92, 0.0338285
clkbuf_leaf_21_clk, 63.54, 233.92, 0.0338285
hold395, 63.54, 233.92, 0.0338285
FILLER_0_82_133, 63.54, 233.92, 0.0338285
FILLER_0_83_128, 63.54, 233.92, 0.0338285
_5372_, 76.34, 233.92, 0.0341291
_5377_, 76.34, 233.92, 0.0341291
_6326_, 76.34, 233.92, 0.0341291
_6336_, 76.34, 233.92, 0.0341291
_7413_, 76.34, 233.92, 0.0341291
hold419, 76.34, 233.92, 0.0341291
ANTENNA__6335__S, 76.34, 233.92, 0.0341291
FILLER_0_82_147, 76.34, 233.92, 0.0341291
FILLER_0_83_164, 76.34, 233.92, 0.0341291
_4151_, 89.14, 233.92, 0.0343921
_4153_, 89.14, 233.92, 0.0343921
_4154_, 89.14, 233.92, 0.0343921
_4159_, 89.14, 233.92, 0.0343921
_4166_, 89.14, 233.92, 0.0343921
_4167_, 89.14, 233.92, 0.0343921
ANTENNA__5377__C1, 89.14, 233.92, 0.0343921
ANTENNA__4166__A, 89.14, 233.92, 0.0343921
FILLER_0_81_169, 89.14, 233.92, 0.0343921
FILLER_0_82_182, 89.14, 233.92, 0.0343921
FILLER_0_83_187, 89.14, 233.92, 0.0343921
FILLER_0_83_192, 89.14, 233.92, 0.0343921
_4152_, 101.94, 233.92, 0.0346153
_4160_, 101.94, 233.92, 0.0346153
_4163_, 101.94, 233.92, 0.0346153
_6990_, 101.94, 233.92, 0.0346153
clkbuf_leaf_35_clk, 101.94, 233.92, 0.0346153
ANTENNA__4161__A1, 101.94, 233.92, 0.0346153
ANTENNA__4162__C, 101.94, 233.92, 0.0346153
ANTENNA__4150__A, 101.94, 233.92, 0.0346153
ANTENNA__6990__RESET_B, 101.94, 233.92, 0.0346153
FILLER_0_82_204, 101.94, 233.92, 0.0346153
FILLER_0_82_212, 101.94, 233.92, 0.0346153
_3950_, 114.74, 233.92, 0.0347593
_4586_, 114.74, 233.92, 0.0347593
_4625_, 114.74, 233.92, 0.0347593
_7124_, 114.74, 233.92, 0.0347593
hold580, 114.74, 233.92, 0.0347593
ANTENNA_clkbuf_leaf_35_clk_A, 114.74, 233.92, 0.0347593
_4587_, 127.54, 233.92, 0.0348629
_4626_, 127.54, 233.92, 0.0348629
_4627_, 127.54, 233.92, 0.0348629
_7108_, 127.54, 233.92, 0.0348629
hold400, 127.54, 233.92, 0.0348629
ANTENNA__4627__A1, 127.54, 233.92, 0.0348629
ANTENNA__7108__RESET_B, 127.54, 233.92, 0.0348629
ANTENNA__6999__RESET_B, 127.54, 233.92, 0.0348629
_4262_, 140.34, 233.92, 0.0349241
_6999_, 140.34, 233.92, 0.0349241
hold49, 140.34, 233.92, 0.0349241
hold631, 140.34, 233.92, 0.0349241
ANTENNA__3489__A2, 140.34, 233.92, 0.0349241
FILLER_0_81_281, 140.34, 233.92, 0.0349241
FILLER_0_82_305, 140.34, 233.92, 0.0349241
_3488_, 153.14, 233.92, 0.0349639
_4264_, 153.14, 233.92, 0.0349639
_7045_, 153.14, 233.92, 0.0349639
ANTENNA__3491__A2, 153.14, 233.92, 0.0349639
ANTENNA__4264__B1, 153.14, 233.92, 0.0349639
ANTENNA__4264__A2, 153.14, 233.92, 0.0349639
ANTENNA__6358__A1, 153.14, 233.92, 0.0349639
FILLER_0_81_314, 153.14, 233.92, 0.0349639
FILLER_0_83_322, 153.14, 233.92, 0.0349639
FILLER_0_83_328, 153.14, 233.92, 0.0349639
_3490_, 165.94, 233.92, 0.0349787
_3491_, 165.94, 233.92, 0.0349787
_3977_, 165.94, 233.92, 0.0349787
_6361_, 165.94, 233.92, 0.0349787
_7000_, 165.94, 233.92, 0.0349787
ANTENNA__3491__C1, 165.94, 233.92, 0.0349787
ANTENNA__3974__S, 165.94, 233.92, 0.0349787
_3980_, 191.429, 233.92, 0.0355576
clkbuf_leaf_39_clk, 191.429, 233.92, 0.0355576
ANTENNA__4957__A2, 191.429, 233.92, 0.0355576
ANTENNA__5370__A, 191.429, 233.92, 0.0355576
ANTENNA__7255__RESET_B, 191.429, 233.92, 0.0355576
FILLER_0_81_397, 191.429, 233.92, 0.0355576
FILLER_0_81_404, 191.429, 233.92, 0.0355576
_5092_, 204.118, 233.92, 0.0360238
_5379_, 204.118, 233.92, 0.0360238
clkbuf_3_6__f_clk, 204.118, 233.92, 0.0360238
ANTENNA__5380__B1, 204.118, 233.92, 0.0360238
ANTENNA__7178__RESET_B, 204.118, 233.92, 0.0360238
FILLER_0_83_445, 204.118, 233.92, 0.0360238
_3521_, 216.807, 233.92, 0.0362713
_5688_, 216.807, 233.92, 0.0362713
_5692_, 216.807, 233.92, 0.0362713
_5697_, 216.807, 233.92, 0.0362713
_5698_, 216.807, 233.92, 0.0362713
FILLER_0_82_468, 216.807, 233.92, 0.0362713
_5407_, 229.496, 233.92, 0.0364838
ANTENNA__3524__A2, 229.496, 233.92, 0.0364838
ANTENNA__3521__B, 229.496, 233.92, 0.0364838
ANTENNA__5407__B2, 229.496, 233.92, 0.0364838
ANTENNA__5698__A2, 229.496, 233.92, 0.0364838
_5412_, 242.185, 233.92, 0.0366946
_5413_, 242.185, 233.92, 0.0366946
_7248_, 242.185, 233.92, 0.0366946
hold50, 242.185, 233.92, 0.0366946
hold51, 242.185, 233.92, 0.0366946
ANTENNA__7297__RESET_B, 242.185, 233.92, 0.0366946
FILLER_0_82_501, 242.185, 233.92, 0.0366946
_5402_, 254.874, 233.92, 0.0368844
_5451_, 254.874, 233.92, 0.0368844
_5878_, 254.874, 233.92, 0.0368844
hold557, 254.874, 233.92, 0.0368844
ANTENNA__5402__B2, 254.874, 233.92, 0.0368844
FILLER_0_82_529, 254.874, 233.92, 0.0368844
_5455_, 267.563, 233.92, 0.0370526
_5457_, 267.563, 233.92, 0.0370526
_5464_, 267.563, 233.92, 0.0370526
ANTENNA__5451__A2, 267.563, 233.92, 0.0370526
ANTENNA__5451__B1, 267.563, 233.92, 0.0370526
ANTENNA__5454__A1, 267.563, 233.92, 0.0370526
FILLER_0_81_557, 267.563, 233.92, 0.0370526
FILLER_0_82_570, 267.563, 233.92, 0.0370526
_7262_, 280.252, 233.92, 0.0372042
_7263_, 280.252, 233.92, 0.0372042
hold42, 280.252, 233.92, 0.0372042
hold675, 280.252, 233.92, 0.0372042
ANTENNA__5464__B2, 280.252, 233.92, 0.0372042
ANTENNA__7262__RESET_B, 280.252, 233.92, 0.0372042
FILLER_0_82_585, 280.252, 233.92, 0.0372042
_5511_, 292.941, 233.92, 0.0373072
_7264_, 292.941, 233.92, 0.0373072
clkbuf_leaf_49_clk, 292.941, 233.92, 0.0373072
ANTENNA__5511__B2, 292.941, 233.92, 0.0373072
FILLER_0_82_636, 292.941, 233.92, 0.0373072
_5506_, 305.63, 233.92, 0.037336
_5507_, 305.63, 233.92, 0.037336
_6182_, 305.63, 233.92, 0.037336
ANTENNA__5531__B1, 305.63, 233.92, 0.037336
ANTENNA__5531__A1, 305.63, 233.92, 0.037336
ANTENNA__5518__A1, 305.63, 233.92, 0.037336
ANTENNA_clkbuf_leaf_50_clk_A, 305.63, 233.92, 0.037336
ANTENNA__7266__RESET_B, 305.63, 233.92, 0.037336
FILLER_0_81_651, 305.63, 233.92, 0.037336
FILLER_0_82_645, 305.63, 233.92, 0.037336
FILLER_0_82_664, 305.63, 233.92, 0.037336
PHY_158, 5.52, 228.48, 0.0322905
PHY_160, 5.52, 228.48, 0.0322905
_5513_, 318.32, 228.48, 0.0373154
PHY_159, 318.32, 228.48, 0.0373154
PHY_161, 318.32, 228.48, 0.0373154
ANTENNA__5533__A_N, 318.32, 228.48, 0.0373154
_6838_, 15.33, 228.48, 0.0322905
_6839_, 15.33, 228.48, 0.0322905
FILLER_0_79_15, 15.33, 228.48, 0.0322905
FILLER_0_80_15, 15.33, 228.48, 0.0322905
_6781_, 37.94, 228.48, 0.0326269
_6782_, 37.94, 228.48, 0.0326269
_6895_, 37.94, 228.48, 0.0326269
_7606_, 37.94, 228.48, 0.0326269
_7658_, 37.94, 228.48, 0.0326269
ANTENNA__6775__S, 37.94, 228.48, 0.0326269
FILLER_0_79_57, 37.94, 228.48, 0.0326269
_6810_, 50.74, 228.48, 0.0329266
_7580_, 50.74, 228.48, 0.0329266
_7619_, 50.74, 228.48, 0.0329266
hold369, 50.74, 228.48, 0.0329266
FILLER_0_79_89, 50.74, 228.48, 0.0329266
FILLER_0_80_85, 50.74, 228.48, 0.0329266
_7567_, 63.54, 228.48, 0.0332047
ANTENNA_clkbuf_leaf_21_clk_A, 63.54, 228.48, 0.0332047
FILLER_0_81_133, 63.54, 228.48, 0.0332047
_6334_, 76.34, 228.48, 0.0334737
_6335_, 76.34, 228.48, 0.0334737
_6700_, 76.34, 228.48, 0.0334737
hold336, 76.34, 228.48, 0.0334737
ANTENNA__5368__A2, 76.34, 228.48, 0.0334737
ANTENNA_clkbuf_leaf_16_clk_A, 76.34, 228.48, 0.0334737
FILLER_0_81_162, 76.34, 228.48, 0.0334737
_3464_, 89.14, 228.48, 0.0337228
_4150_, 89.14, 228.48, 0.0337228
_4157_, 89.14, 228.48, 0.0337228
_4158_, 89.14, 228.48, 0.0337228
ANTENNA__3464__S, 89.14, 228.48, 0.0337228
ANTENNA__4156__B1, 89.14, 228.48, 0.0337228
ANTENNA__4157__A2, 89.14, 228.48, 0.0337228
ANTENNA__6334__B1, 89.14, 228.48, 0.0337228
FILLER_0_79_169, 89.14, 228.48, 0.0337228
FILLER_0_80_170, 89.14, 228.48, 0.0337228
FILLER_0_81_190, 89.14, 228.48, 0.0337228
_3953_, 101.94, 228.48, 0.0339526
_7123_, 101.94, 228.48, 0.0339526
ANTENNA__3953__B1, 101.94, 228.48, 0.0339526
ANTENNA__4149__B1_N, 101.94, 228.48, 0.0339526
ANTENNA__4141__B, 101.94, 228.48, 0.0339526
ANTENNA__7123__RESET_B, 101.94, 228.48, 0.0339526
FILLER_0_79_198, 101.94, 228.48, 0.0339526
FILLER_0_80_205, 101.94, 228.48, 0.0339526
_4618_, 114.74, 228.48, 0.034159
_4619_, 114.74, 228.48, 0.034159
_4624_, 114.74, 228.48, 0.034159
hold296, 114.74, 228.48, 0.034159
ANTENNA__4586__S, 114.74, 228.48, 0.034159
ANTENNA__4619__B1, 114.74, 228.48, 0.034159
FILLER_0_79_225, 114.74, 228.48, 0.034159
FILLER_0_80_230, 114.74, 228.48, 0.034159
FILLER_0_81_247, 114.74, 228.48, 0.034159
_4588_, 127.54, 228.48, 0.0343443
_4629_, 127.54, 228.48, 0.0343443
_4637_, 127.54, 228.48, 0.0343443
_7109_, 127.54, 228.48, 0.0343443
ANTENNA__4588__S, 127.54, 228.48, 0.0343443
ANTENNA__4637__B1, 127.54, 228.48, 0.0343443
ANTENNA__4587__B1, 127.54, 228.48, 0.0343443
ANTENNA__4587__A2, 127.54, 228.48, 0.0343443
ANTENNA__7109__RESET_B, 127.54, 228.48, 0.0343443
FILLER_0_79_262, 127.54, 228.48, 0.0343443
FILLER_0_80_259, 127.54, 228.48, 0.0343443
FILLER_0_81_277, 127.54, 228.48, 0.0343443
_3489_, 140.34, 228.48, 0.0344996
_7110_, 140.34, 228.48, 0.0344996
clkbuf_leaf_36_clk, 140.34, 228.48, 0.0344996
ANTENNA__3489__C1, 140.34, 228.48, 0.0344996
ANTENNA__7111__RESET_B, 140.34, 228.48, 0.0344996
FILLER_0_79_281, 140.34, 228.48, 0.0344996
_6358_, 153.14, 228.48, 0.0345682
_7111_, 153.14, 228.48, 0.0345682
hold549, 153.14, 228.48, 0.0345682
hold595, 153.14, 228.48, 0.0345682
ANTENNA__7119__RESET_B, 153.14, 228.48, 0.0345682
ANTENNA__7000__RESET_B, 153.14, 228.48, 0.0345682
FILLER_0_80_321, 153.14, 228.48, 0.0345682
FILLER_0_81_326, 153.14, 228.48, 0.0345682
_3974_, 165.94, 228.48, 0.0345904
_7119_, 165.94, 228.48, 0.0345904
hold38, 165.94, 228.48, 0.0345904
hold67, 165.94, 228.48, 0.0345904
FILLER_0_80_361, 165.94, 228.48, 0.0345904
_3505_, 191.429, 228.48, 0.0350971
_3645_, 191.429, 228.48, 0.0350971
_5370_, 191.429, 228.48, 0.0350971
_7244_, 191.429, 228.48, 0.0350971
_7254_, 191.429, 228.48, 0.0350971
ANTENNA__4582__S, 191.429, 228.48, 0.0350971
ANTENNA__4582__A0, 191.429, 228.48, 0.0350971
FILLER_0_79_401, 191.429, 228.48, 0.0350971
_5380_, 204.118, 228.48, 0.0355147
_5686_, 204.118, 228.48, 0.0355147
_5687_, 204.118, 228.48, 0.0355147
_7296_, 204.118, 228.48, 0.0355147
hold471, 204.118, 228.48, 0.0355147
ANTENNA__3505__A, 204.118, 228.48, 0.0355147
ANTENNA__3645__A, 204.118, 228.48, 0.0355147
ANTENNA__5380__A2, 204.118, 228.48, 0.0355147
FILLER_0_79_424, 204.118, 228.48, 0.0355147
FILLER_0_81_445, 204.118, 228.48, 0.0355147
_5675_, 216.807, 228.48, 0.03589
_5685_, 216.807, 228.48, 0.03589
_5689_, 216.807, 228.48, 0.03589
_5690_, 216.807, 228.48, 0.03589
_5691_, 216.807, 228.48, 0.03589
_7295_, 216.807, 228.48, 0.03589
hold502, 216.807, 228.48, 0.03589
ANTENNA__5379__A, 216.807, 228.48, 0.03589
ANTENNA__5682__A1, 216.807, 228.48, 0.03589
ANTENNA__5675__B, 216.807, 228.48, 0.03589
ANTENNA_clkbuf_3_6__f_clk_A, 216.807, 228.48, 0.03589
_5679_, 229.496, 228.48, 0.0362161
_7249_, 229.496, 228.48, 0.0362161
hold662, 229.496, 228.48, 0.0362161
ANTENNA__3520__C1, 229.496, 228.48, 0.0362161
ANTENNA__5405__A2, 229.496, 228.48, 0.0362161
ANTENNA__7295__RESET_B, 229.496, 228.48, 0.0362161
ANTENNA__7249__RESET_B, 229.496, 228.48, 0.0362161
FILLER_0_80_481, 229.496, 228.48, 0.0362161
_3519_, 242.185, 228.48, 0.0365232
_5177_, 242.185, 228.48, 0.0365232
_5419_, 242.185, 228.48, 0.0365232
_7259_, 242.185, 228.48, 0.0365232
hold34, 242.185, 228.48, 0.0365232
_5442_, 254.874, 228.48, 0.0367507
_5444_, 254.874, 228.48, 0.0367507
_5453_, 254.874, 228.48, 0.0367507
_5454_, 254.874, 228.48, 0.0367507
_5458_, 254.874, 228.48, 0.0367507
ANTENNA__3517__B, 254.874, 228.48, 0.0367507
ANTENNA__5177__B1, 254.874, 228.48, 0.0367507
ANTENNA__5454__B2, 254.874, 228.48, 0.0367507
ANTENNA__7259__RESET_B, 254.874, 228.48, 0.0367507
FILLER_0_80_539, 254.874, 228.48, 0.0367507
FILLER_0_80_553, 254.874, 228.48, 0.0367507
_5456_, 267.563, 228.48, 0.036952
_5459_, 267.563, 228.48, 0.036952
_5460_, 267.563, 228.48, 0.036952
_5461_, 267.563, 228.48, 0.036952
_5462_, 267.563, 228.48, 0.036952
_5463_, 267.563, 228.48, 0.036952
_5470_, 267.563, 228.48, 0.036952
_5471_, 267.563, 228.48, 0.036952
_5472_, 267.563, 228.48, 0.036952
_5499_, 267.563, 228.48, 0.036952
ANTENNA__5455__B, 267.563, 228.48, 0.036952
FILLER_0_79_557, 267.563, 228.48, 0.036952
FILLER_0_79_561, 267.563, 228.48, 0.036952
_5487_, 280.252, 228.48, 0.0371068
_5489_, 280.252, 228.48, 0.0371068
_5490_, 280.252, 228.48, 0.0371068
_5491_, 280.252, 228.48, 0.0371068
_5496_, 280.252, 228.48, 0.0371068
_5497_, 280.252, 228.48, 0.0371068
hold329, 280.252, 228.48, 0.0371068
ANTENNA__5491__B1, 280.252, 228.48, 0.0371068
ANTENNA__5491__A1, 280.252, 228.48, 0.0371068
ANTENNA__5463__B1, 280.252, 228.48, 0.0371068
_5494_, 292.941, 228.48, 0.0372185
_5508_, 292.941, 228.48, 0.0372185
_5509_, 292.941, 228.48, 0.0372185
_5510_, 292.941, 228.48, 0.0372185
ANTENNA__5496__B1, 292.941, 228.48, 0.0372185
ANTENNA__5496__A1, 292.941, 228.48, 0.0372185
ANTENNA_clkbuf_leaf_49_clk_A, 292.941, 228.48, 0.0372185
FILLER_0_80_624, 292.941, 228.48, 0.0372185
_5503_, 305.63, 228.48, 0.037313
_5504_, 305.63, 228.48, 0.037313
_5505_, 305.63, 228.48, 0.037313
_5515_, 305.63, 228.48, 0.037313
_5517_, 305.63, 228.48, 0.037313
_5518_, 305.63, 228.48, 0.037313
_5519_, 305.63, 228.48, 0.037313
_5521_, 305.63, 228.48, 0.037313
clkbuf_leaf_50_clk, 305.63, 228.48, 0.037313
ANTENNA__5540__B1, 305.63, 228.48, 0.037313
ANTENNA__5524__A, 305.63, 228.48, 0.037313
PHY_154, 5.52, 223.04, 0.0320134
PHY_156, 5.52, 223.04, 0.0320134
_5530_, 318.32, 223.04, 0.036936
PHY_155, 318.32, 223.04, 0.036936
PHY_157, 318.32, 223.04, 0.036936
ANTENNA__5544__B1, 318.32, 223.04, 0.036936
_7632_, 15.33, 223.04, 0.0320134
_7644_, 15.33, 223.04, 0.0320134
FILLER_0_77_15, 15.33, 223.04, 0.0320134
FILLER_0_78_29, 15.33, 223.04, 0.0320134
_5342_, 37.94, 223.04, 0.0323479
_5345_, 37.94, 223.04, 0.0323479
_5346_, 37.94, 223.04, 0.0323479
_5366_, 37.94, 223.04, 0.0323479
ANTENNA__6781__S, 37.94, 223.04, 0.0323479
FILLER_0_78_71, 37.94, 223.04, 0.0323479
FILLER_0_78_81, 37.94, 223.04, 0.0323479
_5340_, 50.74, 223.04, 0.0326699
_5364_, 50.74, 223.04, 0.0326699
_6726_, 50.74, 223.04, 0.0326699
ANTENNA__5346__A, 50.74, 223.04, 0.0326699
ANTENNA__6810__S, 50.74, 223.04, 0.0326699
_5335_, 63.54, 223.04, 0.0329877
_6701_, 63.54, 223.04, 0.0329877
_7579_, 63.54, 223.04, 0.0329877
wire65, 63.54, 223.04, 0.0329877
hold418, 63.54, 223.04, 0.0329877
ANTENNA__5335__A, 63.54, 223.04, 0.0329877
FILLER_0_78_124, 63.54, 223.04, 0.0329877
FILLER_0_79_134, 63.54, 223.04, 0.0329877
_5363_, 76.34, 223.04, 0.0332825
_6699_, 76.34, 223.04, 0.0332825
_7035_, 76.34, 223.04, 0.0332825
clkbuf_leaf_16_clk, 76.34, 223.04, 0.0332825
hold338, 76.34, 223.04, 0.0332825
ANTENNA__5368__C1, 76.34, 223.04, 0.0332825
ANTENNA__6334__A1, 76.34, 223.04, 0.0332825
FILLER_0_79_163, 76.34, 223.04, 0.0332825
_3462_, 89.14, 223.04, 0.0335053
_4139_, 89.14, 223.04, 0.0335053
_4141_, 89.14, 223.04, 0.0335053
_4149_, 89.14, 223.04, 0.0335053
_4155_, 89.14, 223.04, 0.0335053
_4156_, 89.14, 223.04, 0.0335053
hold576, 89.14, 223.04, 0.0335053
ANTENNA__3462__A, 89.14, 223.04, 0.0335053
ANTENNA__7035__RESET_B, 89.14, 223.04, 0.0335053
_3942_, 101.94, 223.04, 0.0337012
_3952_, 101.94, 223.04, 0.0337012
_4142_, 101.94, 223.04, 0.0337012
ANTENNA__3952__S, 101.94, 223.04, 0.0337012
ANTENNA__3953__A2, 101.94, 223.04, 0.0337012
ANTENNA__3952__A1, 101.94, 223.04, 0.0337012
ANTENNA__4139__A, 101.94, 223.04, 0.0337012
ANTENNA__4135__A, 101.94, 223.04, 0.0337012
ANTENNA__3952__A0, 101.94, 223.04, 0.0337012
ANTENNA__7121__RESET_B, 101.94, 223.04, 0.0337012
FILLER_0_77_197, 101.94, 223.04, 0.0337012
FILLER_0_77_204, 101.94, 223.04, 0.0337012
FILLER_0_78_208, 101.94, 223.04, 0.0337012
FILLER_0_79_219, 101.94, 223.04, 0.0337012
_4616_, 114.74, 223.04, 0.0338832
_4617_, 114.74, 223.04, 0.0338832
_4622_, 114.74, 223.04, 0.0338832
_4623_, 114.74, 223.04, 0.0338832
_4628_, 114.74, 223.04, 0.0338832
_7121_, 114.74, 223.04, 0.0338832
ANTENNA__3941__S, 114.74, 223.04, 0.0338832
ANTENNA__4619__A1, 114.74, 223.04, 0.0338832
FILLER_0_78_229, 114.74, 223.04, 0.0338832
FILLER_0_79_250, 114.74, 223.04, 0.0338832
_4589_, 127.54, 223.04, 0.0340288
_4636_, 127.54, 223.04, 0.0340288
_4638_, 127.54, 223.04, 0.0340288
_4640_, 127.54, 223.04, 0.0340288
_7125_, 127.54, 223.04, 0.0340288
ANTENNA__4589__A2, 127.54, 223.04, 0.0340288
ANTENNA__4622__B, 127.54, 223.04, 0.0340288
ANTENNA__7125__RESET_B, 127.54, 223.04, 0.0340288
ANTENNA__7110__RESET_B, 127.54, 223.04, 0.0340288
FILLER_0_78_253, 127.54, 223.04, 0.0340288
_4590_, 140.34, 223.04, 0.0341332
_4591_, 140.34, 223.04, 0.0341332
_4593_, 140.34, 223.04, 0.0341332
hold621, 140.34, 223.04, 0.0341332
ANTENNA__4590__S, 140.34, 223.04, 0.0341332
FILLER_0_77_289, 140.34, 223.04, 0.0341332
_7113_, 153.14, 223.04, 0.0342131
hold9, 153.14, 223.04, 0.0342131
hold660, 153.14, 223.04, 0.0342131
ANTENNA__4598__A2, 153.14, 223.04, 0.0342131
ANTENNA__4593__A2, 153.14, 223.04, 0.0342131
ANTENNA__7113__RESET_B, 153.14, 223.04, 0.0342131
FILLER_0_78_317, 153.14, 223.04, 0.0342131
_7107_, 165.94, 223.04, 0.0342578
_7122_, 165.94, 223.04, 0.0342578
hold12, 165.94, 223.04, 0.0342578
hold68, 165.94, 223.04, 0.0342578
ANTENNA__7122__RESET_B, 165.94, 223.04, 0.0342578
FILLER_0_77_337, 165.94, 223.04, 0.0342578
FILLER_0_78_360, 165.94, 223.04, 0.0342578
_5371_, 191.429, 223.04, 0.0347229
_5589_, 191.429, 223.04, 0.0347229
_7243_, 191.429, 223.04, 0.0347229
hold564, 191.429, 223.04, 0.0347229
ANTENNA__5371__A2, 191.429, 223.04, 0.0347229
FILLER_0_78_405, 191.429, 223.04, 0.0347229
_3501_, 204.118, 223.04, 0.0351445
_5590_, 204.118, 223.04, 0.0351445
ANTENNA__3501__S, 204.118, 223.04, 0.0351445
ANTENNA__5371__B1, 204.118, 223.04, 0.0351445
ANTENNA__5380__A1, 204.118, 223.04, 0.0351445
ANTENNA__5589__B_N, 204.118, 223.04, 0.0351445
ANTENNA__7296__RESET_B, 204.118, 223.04, 0.0351445
ANTENNA__7254__RESET_B, 204.118, 223.04, 0.0351445
_5678_, 216.807, 223.04, 0.0355484
_5682_, 216.807, 223.04, 0.0355484
_5684_, 216.807, 223.04, 0.0355484
ANTENNA__5691__A1, 216.807, 223.04, 0.0355484
ANTENNA__5686__B, 216.807, 223.04, 0.0355484
ANTENNA__5685__B, 216.807, 223.04, 0.0355484
ANTENNA__5677__C, 216.807, 223.04, 0.0355484
ANTENNA__5691__B1, 216.807, 223.04, 0.0355484
ANTENNA__5682__B1, 216.807, 223.04, 0.0355484
FILLER_0_77_449, 216.807, 223.04, 0.0355484
FILLER_0_78_456, 216.807, 223.04, 0.0355484
_3520_, 229.496, 223.04, 0.0359228
_5405_, 229.496, 223.04, 0.0359228
_5683_, 229.496, 223.04, 0.0359228
clkbuf_leaf_56_clk, 229.496, 223.04, 0.0359228
hold35, 229.496, 223.04, 0.0359228
ANTENNA__3520__A2, 229.496, 223.04, 0.0359228
ANTENNA__5405__B2, 229.496, 223.04, 0.0359228
ANTENNA__5683__B1, 229.496, 223.04, 0.0359228
ANTENNA_clkbuf_leaf_56_clk_A, 229.496, 223.04, 0.0359228
_3517_, 242.185, 223.04, 0.0362269
_3518_, 242.185, 223.04, 0.0362269
_5439_, 242.185, 223.04, 0.0362269
_5440_, 242.185, 223.04, 0.0362269
hold705, 242.185, 223.04, 0.0362269
ANTENNA__5179__A2, 242.185, 223.04, 0.0362269
_5443_, 254.874, 223.04, 0.0365089
_5447_, 254.874, 223.04, 0.0365089
_5448_, 254.874, 223.04, 0.0365089
_5449_, 254.874, 223.04, 0.0365089
_5450_, 254.874, 223.04, 0.0365089
ANTENNA__3519__B, 254.874, 223.04, 0.0365089
ANTENNA__5177__A2, 254.874, 223.04, 0.0365089
ANTENNA__5441__D, 254.874, 223.04, 0.0365089
ANTENNA__5440__A1, 254.874, 223.04, 0.0365089
ANTENNA__5441__C, 254.874, 223.04, 0.0365089
ANTENNA__5440__B2, 254.874, 223.04, 0.0365089
_5473_, 267.563, 223.04, 0.0367599
_5474_, 267.563, 223.04, 0.0367599
_5475_, 267.563, 223.04, 0.0367599
_5486_, 267.563, 223.04, 0.0367599
clkbuf_3_7__f_clk, 267.563, 223.04, 0.0367599
ANTENNA__5475__B1, 267.563, 223.04, 0.0367599
ANTENNA__5476__A2, 267.563, 223.04, 0.0367599
ANTENNA__5455__A, 267.563, 223.04, 0.0367599
ANTENNA_clkbuf_3_7__f_clk_A, 267.563, 223.04, 0.0367599
FILLER_0_78_561, 267.563, 223.04, 0.0367599
FILLER_0_78_568, 267.563, 223.04, 0.0367599
FILLER_0_79_582, 267.563, 223.04, 0.0367599
_5481_, 280.252, 223.04, 0.0368421
_5488_, 280.252, 223.04, 0.0368421
_5495_, 280.252, 223.04, 0.0368421
_5498_, 280.252, 223.04, 0.0368421
ANTENNA__5492__A, 280.252, 223.04, 0.0368421
ANTENNA__5481__A1, 280.252, 223.04, 0.0368421
ANTENNA__5480__A, 280.252, 223.04, 0.0368421
FILLER_0_78_585, 280.252, 223.04, 0.0368421
FILLER_0_78_601, 280.252, 223.04, 0.0368421
_5493_, 292.941, 223.04, 0.0368989
_5500_, 292.941, 223.04, 0.0368989
_5502_, 292.941, 223.04, 0.0368989
_5522_, 292.941, 223.04, 0.0368989
hold470, 292.941, 223.04, 0.0368989
ANTENNA__5889__B2, 292.941, 223.04, 0.0368989
ANTENNA__5527__A, 292.941, 223.04, 0.0368989
ANTENNA__5510__A, 292.941, 223.04, 0.0368989
ANTENNA__7341__RESET_B, 292.941, 223.04, 0.0368989
ANTENNA__7265__RESET_B, 292.941, 223.04, 0.0368989
FILLER_0_78_633, 292.941, 223.04, 0.0368989
FILLER_0_79_625, 292.941, 223.04, 0.0368989
_5516_, 305.63, 223.04, 0.0369285
_5520_, 305.63, 223.04, 0.0369285
_5529_, 305.63, 223.04, 0.0369285
output46, 305.63, 223.04, 0.0369285
ANTENNA__5539__B1, 305.63, 223.04, 0.0369285
ANTENNA__5539__A1, 305.63, 223.04, 0.0369285
ANTENNA__5890__S, 305.63, 223.04, 0.0369285
PHY_150, 5.52, 217.6, 0.0316866
PHY_152, 5.52, 217.6, 0.0316866
input12, 5.52, 217.6, 0.0316866
PHY_151, 318.32, 217.6, 0.0358088
PHY_153, 318.32, 217.6, 0.0358088
ANTENNA__5544__A2, 318.32, 217.6, 0.0358088
_6865_, 15.33, 217.6, 0.0316854
FILLER_0_76_13, 15.33, 217.6, 0.0316854
FILLER_0_76_21, 15.33, 217.6, 0.0316854
FILLER_0_76_29, 15.33, 217.6, 0.0316854
_5331_, 37.94, 217.6, 0.0320261
_5333_, 37.94, 217.6, 0.0320261
_5337_, 37.94, 217.6, 0.0320261
_5338_, 37.94, 217.6, 0.0320261
_5339_, 37.94, 217.6, 0.0320261
_5343_, 37.94, 217.6, 0.0320261
hold473, 37.94, 217.6, 0.0320261
ANTENNA_clkbuf_leaf_19_clk_A, 37.94, 217.6, 0.0320261
FILLER_0_75_69, 37.94, 217.6, 0.0320261
FILLER_0_76_79, 37.94, 217.6, 0.0320261
_5334_, 50.74, 217.6, 0.0323206
_5367_, 50.74, 217.6, 0.0323206
_6892_, 50.74, 217.6, 0.0323206
_6893_, 50.74, 217.6, 0.0323206
_7657_, 50.74, 217.6, 0.0323206
hold425, 50.74, 217.6, 0.0323206
ANTENNA__6892__S, 50.74, 217.6, 0.0323206
FILLER_0_75_85, 50.74, 217.6, 0.0323206
FILLER_0_77_102, 50.74, 217.6, 0.0323206
_6693_, 63.54, 217.6, 0.0325742
_6725_, 63.54, 217.6, 0.0325742
_6747_, 63.54, 217.6, 0.0325742
_6859_, 63.54, 217.6, 0.0325742
_7566_, 63.54, 217.6, 0.0325742
ANTENNA__6808__S, 63.54, 217.6, 0.0325742
_5368_, 76.34, 217.6, 0.0328154
_6698_, 76.34, 217.6, 0.0328154
hold447, 76.34, 217.6, 0.0328154
ANTENNA__6331__A2, 76.34, 217.6, 0.0328154
ANTENNA__6331__A1, 76.34, 217.6, 0.0328154
ANTENNA__6332__S, 76.34, 217.6, 0.0328154
FILLER_0_75_145, 76.34, 217.6, 0.0328154
FILLER_0_76_150, 76.34, 217.6, 0.0328154
_3461_, 89.14, 217.6, 0.0330425
_4144_, 89.14, 217.6, 0.0330425
_4145_, 89.14, 217.6, 0.0330425
_4146_, 89.14, 217.6, 0.0330425
_4148_, 89.14, 217.6, 0.0330425
hold409, 89.14, 217.6, 0.0330425
ANTENNA__3476__A, 89.14, 217.6, 0.0330425
ANTENNA__3461__S, 89.14, 217.6, 0.0330425
ANTENNA__4146__B1, 89.14, 217.6, 0.0330425
ANTENNA__4146__A1, 89.14, 217.6, 0.0330425
FILLER_0_76_169, 89.14, 217.6, 0.0330425
FILLER_0_77_182, 89.14, 217.6, 0.0330425
_3941_, 101.94, 217.6, 0.0332393
_6986_, 101.94, 217.6, 0.0332393
_7001_, 101.94, 217.6, 0.0332393
hold3, 101.94, 217.6, 0.0332393
FILLER_0_76_197, 101.94, 217.6, 0.0332393
FILLER_0_77_210, 101.94, 217.6, 0.0332393
_4620_, 114.74, 217.6, 0.0333815
_4630_, 114.74, 217.6, 0.0333815
ANTENNA__4630__B1_N, 114.74, 217.6, 0.0333815
ANTENNA_clkbuf_leaf_15_clk_A, 114.74, 217.6, 0.0333815
ANTENNA__7001__RESET_B, 114.74, 217.6, 0.0333815
ANTENNA__6986__RESET_B, 114.74, 217.6, 0.0333815
FILLER_0_76_232, 114.74, 217.6, 0.0333815
FILLER_0_76_247, 114.74, 217.6, 0.0333815
_4635_, 127.54, 217.6, 0.0335143
_4639_, 127.54, 217.6, 0.0335143
_4641_, 127.54, 217.6, 0.0335143
_4660_, 127.54, 217.6, 0.0335143
ANTENNA__4638__A2, 127.54, 217.6, 0.0335143
ANTENNA__4589__B1, 127.54, 217.6, 0.0335143
FILLER_0_75_257, 127.54, 217.6, 0.0335143
FILLER_0_77_269, 127.54, 217.6, 0.0335143
_4646_, 140.34, 217.6, 0.0336264
_4652_, 140.34, 217.6, 0.0336264
_4654_, 140.34, 217.6, 0.0336264
ANTENNA__4593__B1, 140.34, 217.6, 0.0336264
ANTENNA__4591__B1, 140.34, 217.6, 0.0336264
ANTENNA__4591__A2, 140.34, 217.6, 0.0336264
ANTENNA__7126__RESET_B, 140.34, 217.6, 0.0336264
FILLER_0_76_284, 140.34, 217.6, 0.0336264
FILLER_0_76_292, 140.34, 217.6, 0.0336264
FILLER_0_76_302, 140.34, 217.6, 0.0336264
_4598_, 153.14, 217.6, 0.0337156
_7126_, 153.14, 217.6, 0.0337156
hold624, 153.14, 217.6, 0.0337156
ANTENNA__4653__A2, 153.14, 217.6, 0.0337156
ANTENNA__4596__A2, 153.14, 217.6, 0.0337156
ANTENNA__4598__B1, 153.14, 217.6, 0.0337156
FILLER_0_76_321, 153.14, 217.6, 0.0337156
FILLER_0_76_329, 153.14, 217.6, 0.0337156
FILLER_0_77_333, 153.14, 217.6, 0.0337156
_4612_, 165.94, 217.6, 0.0337747
_6987_, 165.94, 217.6, 0.0337747
hold713, 165.94, 217.6, 0.0337747
ANTENNA__4612__A2, 165.94, 217.6, 0.0337747
ANTENNA__4596__B1, 165.94, 217.6, 0.0337747
ANTENNA__4612__B2, 165.94, 217.6, 0.0337747
ANTENNA__6987__RESET_B, 165.94, 217.6, 0.0337747
FILLER_0_75_337, 165.94, 217.6, 0.0337747
FILLER_0_76_361, 165.94, 217.6, 0.0337747
FILLER_0_77_362, 165.94, 217.6, 0.0337747
_5591_, 191.429, 217.6, 0.0341422
hold106, 191.429, 217.6, 0.0341422
ANTENNA__5371__A1, 191.429, 217.6, 0.0341422
ANTENNA_clkbuf_leaf_38_clk_A, 191.429, 217.6, 0.0341422
ANTENNA__7243__RESET_B, 191.429, 217.6, 0.0341422
ANTENNA__7120__RESET_B, 191.429, 217.6, 0.0341422
ANTENNA__7106__RESET_B, 191.429, 217.6, 0.0341422
_3504_, 204.118, 217.6, 0.0344583
_5597_, 204.118, 217.6, 0.0344583
_5601_, 204.118, 217.6, 0.0344583
_5603_, 204.118, 217.6, 0.0344583
_7288_, 204.118, 217.6, 0.0344583
ANTENNA__3504__S, 204.118, 217.6, 0.0344583
ANTENNA__5613__A1, 204.118, 217.6, 0.0344583
ANTENNA__5597__A2, 204.118, 217.6, 0.0344583
ANTENNA__5601__B, 204.118, 217.6, 0.0344583
ANTENNA__7288__RESET_B, 204.118, 217.6, 0.0344583
FILLER_0_77_436, 204.118, 217.6, 0.0344583
_5666_, 216.807, 217.6, 0.0347368
_5667_, 216.807, 217.6, 0.0347368
_5668_, 216.807, 217.6, 0.0347368
_5676_, 216.807, 217.6, 0.0347368
_5677_, 216.807, 217.6, 0.0347368
_5680_, 216.807, 217.6, 0.0347368
hold615, 216.807, 217.6, 0.0347368
ANTENNA__5597__B1, 216.807, 217.6, 0.0347368
ANTENNA__5676__B, 216.807, 217.6, 0.0347368
ANTENNA__5667__B, 216.807, 217.6, 0.0347368
FILLER_0_76_456, 216.807, 217.6, 0.0347368
_5176_, 229.496, 217.6, 0.0349874
_5179_, 229.496, 217.6, 0.0349874
_5653_, 229.496, 217.6, 0.0349874
_5669_, 229.496, 217.6, 0.0349874
ANTENNA__5176__S, 229.496, 217.6, 0.0349874
ANTENNA__5179__B1, 229.496, 217.6, 0.0349874
ANTENNA__5666__B, 229.496, 217.6, 0.0349874
ANTENNA__7214__RESET_B, 229.496, 217.6, 0.0349874
FILLER_0_75_479, 229.496, 217.6, 0.0349874
FILLER_0_76_481, 229.496, 217.6, 0.0349874
FILLER_0_76_496, 229.496, 217.6, 0.0349874
_5441_, 242.185, 217.6, 0.0352162
_7213_, 242.185, 217.6, 0.0352162
_7214_, 242.185, 217.6, 0.0352162
hold542, 242.185, 217.6, 0.0352162
ANTENNA__5178__S, 242.185, 217.6, 0.0352162
ANTENNA__3518__C1, 242.185, 217.6, 0.0352162
ANTENNA__5430__A, 242.185, 217.6, 0.0352162
_5430_, 254.874, 217.6, 0.0353999
_5445_, 254.874, 217.6, 0.0353999
_5446_, 254.874, 217.6, 0.0353999
_5452_, 254.874, 217.6, 0.0353999
_5874_, 254.874, 217.6, 0.0353999
_5880_, 254.874, 217.6, 0.0353999
ANTENNA__3518__A2, 254.874, 217.6, 0.0353999
ANTENNA__5874__S, 254.874, 217.6, 0.0353999
FILLER_0_76_529, 254.874, 217.6, 0.0353999
FILLER_0_76_550, 254.874, 217.6, 0.0353999
FILLER_0_77_543, 254.874, 217.6, 0.0353999
FILLER_0_77_550, 254.874, 217.6, 0.0353999
_5467_, 267.563, 217.6, 0.0355567
_5468_, 267.563, 217.6, 0.0355567
_5476_, 267.563, 217.6, 0.0355567
_5478_, 267.563, 217.6, 0.0355567
hold556, 267.563, 217.6, 0.0355567
FILLER_0_77_581, 267.563, 217.6, 0.0355567
_5479_, 280.252, 217.6, 0.0356817
_5480_, 280.252, 217.6, 0.0356817
_5482_, 280.252, 217.6, 0.0356817
_5483_, 280.252, 217.6, 0.0356817
_5484_, 280.252, 217.6, 0.0356817
_5485_, 280.252, 217.6, 0.0356817
_5501_, 280.252, 217.6, 0.0356817
ANTENNA__5884__S, 280.252, 217.6, 0.0356817
FILLER_0_77_598, 280.252, 217.6, 0.0356817
_5492_, 292.941, 217.6, 0.0357639
_7265_, 292.941, 217.6, 0.0357639
_7341_, 292.941, 217.6, 0.0357639
hold734, 292.941, 217.6, 0.0357639
ANTENNA__5192__B2, 292.941, 217.6, 0.0357639
ANTENNA__6050__S, 292.941, 217.6, 0.0357639
ANTENNA__5888__S, 292.941, 217.6, 0.0357639
ANTENNA__5889__A2, 292.941, 217.6, 0.0357639
FILLER_0_75_613, 292.941, 217.6, 0.0357639
FILLER_0_75_621, 292.941, 217.6, 0.0357639
FILLER_0_76_631, 292.941, 217.6, 0.0357639
FILLER_0_77_626, 292.941, 217.6, 0.0357639
_5512_, 305.63, 217.6, 0.0358088
_5526_, 305.63, 217.6, 0.0358088
_5527_, 305.63, 217.6, 0.0358088
_5528_, 305.63, 217.6, 0.0358088
_5531_, 305.63, 217.6, 0.0358088
_7266_, 305.63, 217.6, 0.0358088
hold139, 305.63, 217.6, 0.0358088
PHY_146, 5.52, 212.16, 0.0312813
PHY_148, 5.52, 212.16, 0.0312813
ANTENNA_input12_A, 5.52, 212.16, 0.0312813
_5523_, 318.32, 212.16, 0.0347789
PHY_147, 318.32, 212.16, 0.0347789
PHY_149, 318.32, 212.16, 0.0347789
ANTENNA__5891__B2, 318.32, 212.16, 0.0347789
ANTENNA__5532__B, 318.32, 212.16, 0.0347789
FILLER_0_73_669, 318.32, 212.16, 0.0347789
_6837_, 15.33, 212.16, 0.0312813
_7631_, 15.33, 212.16, 0.0312813
FILLER_0_74_15, 15.33, 212.16, 0.0312813
FILLER_0_75_31, 15.33, 212.16, 0.0312813
_5332_, 37.94, 212.16, 0.0316098
_6779_, 37.94, 212.16, 0.0316098
hold134, 37.94, 212.16, 0.0316098
ANTENNA__6779__S, 37.94, 212.16, 0.0316098
FILLER_0_73_66, 37.94, 212.16, 0.0316098
_6808_, 50.74, 212.16, 0.0319309
_6809_, 50.74, 212.16, 0.0319309
_7618_, 50.74, 212.16, 0.0319309
wire63, 50.74, 212.16, 0.0319309
hold144, 50.74, 212.16, 0.0319309
hold384, 50.74, 212.16, 0.0319309
ANTENNA__6910__S, 50.74, 212.16, 0.0319309
FILLER_0_73_88, 50.74, 212.16, 0.0319309
FILLER_0_75_105, 50.74, 212.16, 0.0319309
_6333_, 63.54, 212.16, 0.0322323
_6658_, 63.54, 212.16, 0.0322323
_6720_, 63.54, 212.16, 0.0322323
_6774_, 63.54, 212.16, 0.0322323
_6830_, 63.54, 212.16, 0.0322323
_6831_, 63.54, 212.16, 0.0322323
_6858_, 63.54, 212.16, 0.0322323
_6886_, 63.54, 212.16, 0.0322323
_6887_, 63.54, 212.16, 0.0322323
FILLER_0_74_123, 63.54, 212.16, 0.0322323
_6331_, 76.34, 212.16, 0.032519
_6332_, 76.34, 212.16, 0.032519
_7034_, 76.34, 212.16, 0.032519
ANTENNA__6331__B1, 76.34, 212.16, 0.032519
ANTENNA__7034__RESET_B, 76.34, 212.16, 0.032519
FILLER_0_74_152, 76.34, 212.16, 0.032519
FILLER_0_75_158, 76.34, 212.16, 0.032519
_3476_, 89.14, 212.16, 0.0327709
_4136_, 89.14, 212.16, 0.0327709
_4143_, 89.14, 212.16, 0.0327709
_4147_, 89.14, 212.16, 0.0327709
ANTENNA__3468__A, 89.14, 212.16, 0.0327709
ANTENNA__3457__A, 89.14, 212.16, 0.0327709
ANTENNA__4134__A1, 89.14, 212.16, 0.0327709
FILLER_0_73_177, 89.14, 212.16, 0.0327709
_3978_, 101.94, 212.16, 0.0329807
_3979_, 101.94, 212.16, 0.0329807
_4135_, 101.94, 212.16, 0.0329807
_7078_, 101.94, 212.16, 0.0329807
clkbuf_leaf_15_clk, 101.94, 212.16, 0.0329807
ANTENNA__4137__A1, 101.94, 212.16, 0.0329807
ANTENNA__4137__B1, 101.94, 212.16, 0.0329807
_4425_, 114.74, 212.16, 0.0331205
hold693, 114.74, 212.16, 0.0331205
ANTENNA__4425__A2, 114.74, 212.16, 0.0331205
FILLER_0_73_236, 114.74, 212.16, 0.0331205
_4634_, 127.54, 212.16, 0.0332469
_4642_, 127.54, 212.16, 0.0332469
_4643_, 127.54, 212.16, 0.0332469
_4644_, 127.54, 212.16, 0.0332469
_4645_, 127.54, 212.16, 0.0332469
_4647_, 127.54, 212.16, 0.0332469
_4648_, 127.54, 212.16, 0.0332469
ANTENNA__4643__D, 127.54, 212.16, 0.0332469
ANTENNA__4631__B, 127.54, 212.16, 0.0332469
FILLER_0_73_264, 127.54, 212.16, 0.0332469
FILLER_0_74_264, 127.54, 212.16, 0.0332469
_4649_, 140.34, 212.16, 0.0333459
_4650_, 140.34, 212.16, 0.0333459
_4651_, 140.34, 212.16, 0.0333459
_4653_, 140.34, 212.16, 0.0333459
ANTENNA__4653__B1, 140.34, 212.16, 0.0333459
ANTENNA__4657__B, 140.34, 212.16, 0.0333459
ANTENNA__4642__A1, 140.34, 212.16, 0.0333459
FILLER_0_73_285, 140.34, 212.16, 0.0333459
FILLER_0_73_293, 140.34, 212.16, 0.0333459
FILLER_0_74_286, 140.34, 212.16, 0.0333459
FILLER_0_74_299, 140.34, 212.16, 0.0333459
_4592_, 153.14, 212.16, 0.0334203
_4596_, 153.14, 212.16, 0.0334203
_7112_, 153.14, 212.16, 0.0334203
ANTENNA__7134__RESET_B, 153.14, 212.16, 0.0334203
ANTENNA__7112__RESET_B, 153.14, 212.16, 0.0334203
FILLER_0_73_308, 153.14, 212.16, 0.0334203
FILLER_0_73_316, 153.14, 212.16, 0.0334203
FILLER_0_74_318, 153.14, 212.16, 0.0334203
_3943_, 165.94, 212.16, 0.0334639
_3944_, 165.94, 212.16, 0.0334639
_4610_, 165.94, 212.16, 0.0334639
ANTENNA__3943__S, 165.94, 212.16, 0.0334639
FILLER_0_73_337, 165.94, 212.16, 0.0334639
_3492_, 191.429, 212.16, 0.0338745
_5588_, 191.429, 212.16, 0.0338745
_5600_, 191.429, 212.16, 0.0338745
_7289_, 191.429, 212.16, 0.0338745
ANTENNA__3492__A, 191.429, 212.16, 0.0338745
ANTENNA__5588__B, 191.429, 212.16, 0.0338745
FILLER_0_74_415, 191.429, 212.16, 0.0338745
_5602_, 204.118, 212.16, 0.0340804
_5604_, 204.118, 212.16, 0.0340804
_5608_, 204.118, 212.16, 0.0340804
_5609_, 204.118, 212.16, 0.0340804
_5610_, 204.118, 212.16, 0.0340804
_5612_, 204.118, 212.16, 0.0340804
hold323, 204.118, 212.16, 0.0340804
hold541, 204.118, 212.16, 0.0340804
ANTENNA__5600__C, 204.118, 212.16, 0.0340804
FILLER_0_73_429, 204.118, 212.16, 0.0340804
_5670_, 216.807, 212.16, 0.0342458
_5674_, 216.807, 212.16, 0.0342458
_7294_, 216.807, 212.16, 0.0342458
ANTENNA__5604__A2, 216.807, 212.16, 0.0342458
ANTENNA__5602__B, 216.807, 212.16, 0.0342458
ANTENNA__7294__RESET_B, 216.807, 212.16, 0.0342458
FILLER_0_74_471, 216.807, 212.16, 0.0342458
FILLER_0_75_463, 216.807, 212.16, 0.0342458
_5178_, 229.496, 212.16, 0.0343793
_5652_, 229.496, 212.16, 0.0343793
_5654_, 229.496, 212.16, 0.0343793
_5655_, 229.496, 212.16, 0.0343793
_5671_, 229.496, 212.16, 0.0343793
ANTENNA__5178__A1, 229.496, 212.16, 0.0343793
ANTENNA__5654__B, 229.496, 212.16, 0.0343793
ANTENNA__5653__B, 229.496, 212.16, 0.0343793
FILLER_0_73_477, 229.496, 212.16, 0.0343793
FILLER_0_74_480, 229.496, 212.16, 0.0343793
_3525_, 242.185, 212.16, 0.0344862
ANTENNA__3526__C1, 242.185, 212.16, 0.0344862
ANTENNA__5411__B2, 242.185, 212.16, 0.0344862
ANTENNA__7252__RESET_B, 242.185, 212.16, 0.0344862
ANTENNA__7213__RESET_B, 242.185, 212.16, 0.0344862
FILLER_0_74_501, 242.185, 212.16, 0.0344862
FILLER_0_74_507, 242.185, 212.16, 0.0344862
FILLER_0_74_515, 242.185, 212.16, 0.0344862
_5431_, 254.874, 212.16, 0.034591
_5432_, 254.874, 212.16, 0.034591
_5466_, 254.874, 212.16, 0.034591
hold342, 254.874, 212.16, 0.034591
ANTENNA__3525__B, 254.874, 212.16, 0.034591
ANTENNA__5411__A2, 254.874, 212.16, 0.034591
ANTENNA__5466__B, 254.874, 212.16, 0.034591
ANTENNA__5445__A, 254.874, 212.16, 0.034591
FILLER_0_75_545, 254.874, 212.16, 0.034591
_5469_, 267.563, 212.16, 0.0346641
_5477_, 267.563, 212.16, 0.0346641
_7261_, 267.563, 212.16, 0.0346641
ANTENNA__5880__S, 267.563, 212.16, 0.0346641
ANTENNA__5436__A2, 267.563, 212.16, 0.0346641
ANTENNA__5467__A, 267.563, 212.16, 0.0346641
ANTENNA__7258__RESET_B, 267.563, 212.16, 0.0346641
ANTENNA__7261__RESET_B, 267.563, 212.16, 0.0346641
FILLER_0_74_575, 267.563, 212.16, 0.0346641
FILLER_0_74_583, 267.563, 212.16, 0.0346641
_5192_, 280.252, 212.16, 0.0347099
_5884_, 280.252, 212.16, 0.0347099
ANTENNA__6053__B2, 280.252, 212.16, 0.0347099
ANTENNA__6051__B2, 280.252, 212.16, 0.0347099
ANTENNA__5896__B2, 280.252, 212.16, 0.0347099
ANTENNA__5192__A2, 280.252, 212.16, 0.0347099
ANTENNA__6053__A2, 280.252, 212.16, 0.0347099
ANTENNA__6051__A2, 280.252, 212.16, 0.0347099
ANTENNA__7258__CLK, 280.252, 212.16, 0.0347099
ANTENNA__7340__RESET_B, 280.252, 212.16, 0.0347099
ANTENNA__7220__RESET_B, 280.252, 212.16, 0.0347099
ANTENNA__7372__RESET_B, 280.252, 212.16, 0.0347099
FILLER_0_73_587, 280.252, 212.16, 0.0347099
_5888_, 292.941, 212.16, 0.0347488
_5889_, 292.941, 212.16, 0.0347488
hold138, 292.941, 212.16, 0.0347488
hold290, 292.941, 212.16, 0.0347488
FILLER_0_73_617, 292.941, 212.16, 0.0347488
_5524_, 305.63, 212.16, 0.0347768
_5525_, 305.63, 212.16, 0.0347768
_5535_, 305.63, 212.16, 0.0347768
_5890_, 305.63, 212.16, 0.0347768
hold562, 305.63, 212.16, 0.0347768
ANTENNA__5895__S, 305.63, 212.16, 0.0347768
ANTENNA__5892__S, 305.63, 212.16, 0.0347768
ANTENNA__5891__A2, 305.63, 212.16, 0.0347768
ANTENNA_clkbuf_leaf_51_clk_A, 305.63, 212.16, 0.0347768
ANTENNA__7267__RESET_B, 305.63, 212.16, 0.0347768
ANTENNA__7268__RESET_B, 305.63, 212.16, 0.0347768
FILLER_0_73_645, 305.63, 212.16, 0.0347768
PHY_142, 5.52, 206.72, 0.0309283
PHY_144, 5.52, 206.72, 0.0309283
_5536_, 318.32, 206.72, 0.0347451
_5541_, 318.32, 206.72, 0.0347451
PHY_143, 318.32, 206.72, 0.0347451
PHY_145, 318.32, 206.72, 0.0347451
output35, 318.32, 206.72, 0.0347451
FILLER_0_73_27, 15.33, 206.72, 0.0309283
_6675_, 37.94, 206.72, 0.0312858
_6676_, 37.94, 206.72, 0.0312858
_6827_, 37.94, 206.72, 0.0312858
_6911_, 37.94, 206.72, 0.0312858
_7666_, 37.94, 206.72, 0.0312858
hold449, 37.94, 206.72, 0.0312858
_6826_, 50.74, 206.72, 0.0316117
_6910_, 50.74, 206.72, 0.0316117
_7627_, 50.74, 206.72, 0.0316117
hold155, 50.74, 206.72, 0.0316117
ANTENNA__6910__A1, 50.74, 206.72, 0.0316117
FILLER_0_73_109, 50.74, 206.72, 0.0316117
_6322_, 63.54, 206.72, 0.0319224
_6659_, 63.54, 206.72, 0.0319224
_6692_, 63.54, 206.72, 0.0319224
_6802_, 63.54, 206.72, 0.0319224
_6803_, 63.54, 206.72, 0.0319224
_7412_, 63.54, 206.72, 0.0319224
ANTENNA__6826__S, 63.54, 206.72, 0.0319224
FILLER_0_72_134, 63.54, 206.72, 0.0319224
_3457_, 76.34, 206.72, 0.032203
_3465_, 76.34, 206.72, 0.032203
_3466_, 76.34, 206.72, 0.032203
_3469_, 76.34, 206.72, 0.032203
_6360_, 76.34, 206.72, 0.032203
_7421_, 76.34, 206.72, 0.032203
ANTENNA__3465__A, 76.34, 206.72, 0.032203
FILLER_0_72_141, 76.34, 206.72, 0.032203
FILLER_0_72_147, 76.34, 206.72, 0.032203
FILLER_0_73_160, 76.34, 206.72, 0.032203
_3456_, 89.14, 206.72, 0.032444
_3458_, 89.14, 206.72, 0.032444
_4134_, 89.14, 206.72, 0.032444
_4137_, 89.14, 206.72, 0.032444
_7033_, 89.14, 206.72, 0.032444
hold302, 89.14, 206.72, 0.032444
_3981_, 101.94, 206.72, 0.0326193
_4424_, 101.94, 206.72, 0.0326193
_7003_, 101.94, 206.72, 0.0326193
ANTENNA__3981__A1, 101.94, 206.72, 0.0326193
ANTENNA__3983__A2, 101.94, 206.72, 0.0326193
ANTENNA__7078__RESET_B, 101.94, 206.72, 0.0326193
ANTENNA__7003__RESET_B, 101.94, 206.72, 0.0326193
FILLER_0_72_197, 101.94, 206.72, 0.0326193
_4631_, 114.74, 206.72, 0.0327682
_4632_, 114.74, 206.72, 0.0327682
_4633_, 114.74, 206.72, 0.0327682
hold546, 114.74, 206.72, 0.0327682
ANTENNA__4424__S, 114.74, 206.72, 0.0327682
ANTENNA__4425__B1, 114.74, 206.72, 0.0327682
ANTENNA__4427__A2, 114.74, 206.72, 0.0327682
FILLER_0_71_225, 114.74, 206.72, 0.0327682
FILLER_0_71_233, 114.74, 206.72, 0.0327682
FILLER_0_72_249, 114.74, 206.72, 0.0327682
_4655_, 127.54, 206.72, 0.0328955
_4656_, 127.54, 206.72, 0.0328955
_4657_, 127.54, 206.72, 0.0328955
_4658_, 127.54, 206.72, 0.0328955
FILLER_0_72_253, 127.54, 206.72, 0.0328955
FILLER_0_73_272, 127.54, 206.72, 0.0328955
_4659_, 140.34, 206.72, 0.0330057
_4661_, 140.34, 206.72, 0.0330057
_4662_, 140.34, 206.72, 0.0330057
_4663_, 140.34, 206.72, 0.0330057
_4665_, 140.34, 206.72, 0.0330057
_4666_, 140.34, 206.72, 0.0330057
hold681, 140.34, 206.72, 0.0330057
ANTENNA__4665__B1, 140.34, 206.72, 0.0330057
ANTENNA__4666__B2, 140.34, 206.72, 0.0330057
ANTENNA__7127__RESET_B, 140.34, 206.72, 0.0330057
_4595_, 153.14, 206.72, 0.0330674
_4664_, 153.14, 206.72, 0.0330674
_7134_, 153.14, 206.72, 0.0330674
ANTENNA__4592__S, 153.14, 206.72, 0.0330674
FILLER_0_71_318, 153.14, 206.72, 0.0330674
FILLER_0_73_325, 153.14, 206.72, 0.0330674
FILLER_0_73_333, 153.14, 206.72, 0.0330674
_4735_, 165.94, 206.72, 0.0331031
_4736_, 165.94, 206.72, 0.0331031
_4742_, 165.94, 206.72, 0.0331031
_7002_, 165.94, 206.72, 0.0331031
hold255, 165.94, 206.72, 0.0331031
ANTENNA__4610__S, 165.94, 206.72, 0.0331031
ANTENNA__4736__A_N, 165.94, 206.72, 0.0331031
ANTENNA__4735__B, 165.94, 206.72, 0.0331031
_5613_, 191.429, 206.72, 0.0334098
hold388, 191.429, 206.72, 0.0334098
ANTENNA__7289__RESET_B, 191.429, 206.72, 0.0334098
ANTENNA__7135__RESET_B, 191.429, 206.72, 0.0334098
FILLER_0_71_403, 191.429, 206.72, 0.0334098
FILLER_0_72_415, 191.429, 206.72, 0.0334098
_5596_, 204.118, 206.72, 0.0337034
_5599_, 204.118, 206.72, 0.0337034
_5605_, 204.118, 206.72, 0.0337034
_5606_, 204.118, 206.72, 0.0337034
_5607_, 204.118, 206.72, 0.0337034
_5611_, 204.118, 206.72, 0.0337034
_5620_, 204.118, 206.72, 0.0337034
_5624_, 204.118, 206.72, 0.0337034
ANTENNA__5613__B1, 204.118, 206.72, 0.0337034
ANTENNA__5620__A2, 204.118, 206.72, 0.0337034
FILLER_0_72_432, 204.118, 206.72, 0.0337034
_5622_, 216.807, 206.72, 0.0339399
_5623_, 216.807, 206.72, 0.0339399
_5672_, 216.807, 206.72, 0.0339399
_5673_, 216.807, 206.72, 0.0339399
ANTENNA__5674__B2, 216.807, 206.72, 0.0339399
FILLER_0_71_449, 216.807, 206.72, 0.0339399
FILLER_0_72_447, 216.807, 206.72, 0.0339399
FILLER_0_72_458, 216.807, 206.72, 0.0339399
FILLER_0_72_473, 216.807, 206.72, 0.0339399
_5656_, 229.496, 206.72, 0.0341433
_5657_, 229.496, 206.72, 0.0341433
_5665_, 229.496, 206.72, 0.0341433
_7293_, 229.496, 206.72, 0.0341433
ANTENNA__5660__B1, 229.496, 206.72, 0.0341433
ANTENNA__5660__A1, 229.496, 206.72, 0.0341433
ANTENNA__5673__B1, 229.496, 206.72, 0.0341433
ANTENNA__7293__RESET_B, 229.496, 206.72, 0.0341433
FILLER_0_73_497, 229.496, 206.72, 0.0341433
_3526_, 242.185, 206.72, 0.0343051
_5411_, 242.185, 206.72, 0.0343051
_7252_, 242.185, 206.72, 0.0343051
hold40, 242.185, 206.72, 0.0343051
hold610, 242.185, 206.72, 0.0343051
ANTENNA__3526__A2, 242.185, 206.72, 0.0343051
_5410_, 254.874, 206.72, 0.0344386
_5433_, 254.874, 206.72, 0.0344386
_5437_, 254.874, 206.72, 0.0344386
_5438_, 254.874, 206.72, 0.0344386
ANTENNA__5410__S, 254.874, 206.72, 0.0344386
ANTENNA__5429__B, 254.874, 206.72, 0.0344386
ANTENNA__5477__A, 254.874, 206.72, 0.0344386
ANTENNA__5414__A1, 254.874, 206.72, 0.0344386
FILLER_0_71_539, 254.874, 206.72, 0.0344386
FILLER_0_73_548, 254.874, 206.72, 0.0344386
_5434_, 267.563, 206.72, 0.0345457
_5435_, 267.563, 206.72, 0.0345457
_5436_, 267.563, 206.72, 0.0345457
_7258_, 267.563, 206.72, 0.0345457
ANTENNA__5435__B1, 267.563, 206.72, 0.0345457
FILLER_0_73_582, 267.563, 206.72, 0.0345457
_6051_, 280.252, 206.72, 0.0346225
_6053_, 280.252, 206.72, 0.0346225
_7340_, 280.252, 206.72, 0.0346225
hold289, 280.252, 206.72, 0.0346225
hold333, 280.252, 206.72, 0.0346225
FILLER_0_72_585, 280.252, 206.72, 0.0346225
_5891_, 292.941, 206.72, 0.0346804
_6050_, 292.941, 206.72, 0.0346804
hold101, 292.941, 206.72, 0.0346804
ANTENNA__5893__A2, 292.941, 206.72, 0.0346804
ANTENNA__7342__RESET_B, 292.941, 206.72, 0.0346804
_5533_, 305.63, 206.72, 0.0347298
_5537_, 305.63, 206.72, 0.0347298
_5538_, 305.63, 206.72, 0.0347298
_5539_, 305.63, 206.72, 0.0347298
_5540_, 305.63, 206.72, 0.0347298
hold246, 305.63, 206.72, 0.0347298
ANTENNA__5893__B2, 305.63, 206.72, 0.0347298
ANTENNA__7222__RESET_B, 305.63, 206.72, 0.0347298
PHY_138, 5.52, 201.28, 0.0305072
PHY_140, 5.52, 201.28, 0.0305072
_5544_, 318.32, 201.28, 0.0354182
PHY_139, 318.32, 201.28, 0.0354182
PHY_141, 318.32, 201.28, 0.0354182
ANTENNA__5196__A2, 318.32, 201.28, 0.0354182
FILLER_0_71_27, 15.33, 201.28, 0.0305072
_6668_, 37.94, 201.28, 0.0308574
_6669_, 37.94, 201.28, 0.0308574
_6670_, 37.94, 201.28, 0.0308574
_6671_, 37.94, 201.28, 0.0308574
_6672_, 37.94, 201.28, 0.0308574
_6674_, 37.94, 201.28, 0.0308574
hold629, 37.94, 201.28, 0.0308574
ANTENNA__6675__B2, 37.94, 201.28, 0.0308574
ANTENNA__6668__A2, 37.94, 201.28, 0.0308574
FILLER_0_69_57, 37.94, 201.28, 0.0308574
FILLER_0_70_81, 37.94, 201.28, 0.0308574
FILLER_0_71_82, 37.94, 201.28, 0.0308574
_6324_, 50.74, 201.28, 0.0311784
_6666_, 50.74, 201.28, 0.0311784
ANTENNA__6826__A1, 50.74, 201.28, 0.0311784
ANTENNA__7556__RESET_B, 50.74, 201.28, 0.0311784
ANTENNA__7555__RESET_B, 50.74, 201.28, 0.0311784
FILLER_0_70_85, 50.74, 201.28, 0.0311784
FILLER_0_70_93, 50.74, 201.28, 0.0311784
FILLER_0_70_98, 50.74, 201.28, 0.0311784
FILLER_0_71_107, 50.74, 201.28, 0.0311784
_6323_, 63.54, 201.28, 0.0314961
_6660_, 63.54, 201.28, 0.0314961
_6691_, 63.54, 201.28, 0.0314961
_7553_, 63.54, 201.28, 0.0314961
ANTENNA__6359__S, 63.54, 201.28, 0.0314961
ANTENNA__6359__A0, 63.54, 201.28, 0.0314961
ANTENNA__7553__RESET_B, 63.54, 201.28, 0.0314961
FILLER_0_70_119, 63.54, 201.28, 0.0314961
FILLER_0_70_131, 63.54, 201.28, 0.0314961
FILLER_0_71_134, 63.54, 201.28, 0.0314961
_3468_, 76.34, 201.28, 0.0317795
_3786_, 76.34, 201.28, 0.0317795
_6325_, 76.34, 201.28, 0.0317795
_6359_, 76.34, 201.28, 0.0317795
hold263, 76.34, 201.28, 0.0317795
ANTENNA__3786__A2, 76.34, 201.28, 0.0317795
ANTENNA__6959__RESET_B, 76.34, 201.28, 0.0317795
FILLER_0_69_146, 76.34, 201.28, 0.0317795
FILLER_0_70_156, 76.34, 201.28, 0.0317795
FILLER_0_71_165, 76.34, 201.28, 0.0317795
_3783_, 89.14, 201.28, 0.0320415
_3983_, 89.14, 201.28, 0.0320415
_7004_, 89.14, 201.28, 0.0320415
hold687, 89.14, 201.28, 0.0320415
ANTENNA__3456__S, 89.14, 201.28, 0.0320415
ANTENNA__3783__A2, 89.14, 201.28, 0.0320415
ANTENNA__3786__B1, 89.14, 201.28, 0.0320415
ANTENNA__3783__B1, 89.14, 201.28, 0.0320415
ANTENNA__7033__RESET_B, 89.14, 201.28, 0.0320415
FILLER_0_69_176, 89.14, 201.28, 0.0320415
FILLER_0_70_189, 89.14, 201.28, 0.0320415
FILLER_0_71_192, 89.14, 201.28, 0.0320415
_3984_, 101.94, 201.28, 0.0322681
_3985_, 101.94, 201.28, 0.0322681
_3986_, 101.94, 201.28, 0.0322681
_4427_, 101.94, 201.28, 0.0322681
hold303, 101.94, 201.28, 0.0322681
hold515, 101.94, 201.28, 0.0322681
ANTENNA__3981__B1, 101.94, 201.28, 0.0322681
ANTENNA__3984__B, 101.94, 201.28, 0.0322681
ANTENNA__4427__B1, 101.94, 201.28, 0.0322681
FILLER_0_69_207, 101.94, 201.28, 0.0322681
FILLER_0_70_197, 101.94, 201.28, 0.0322681
_3493_, 114.74, 201.28, 0.0324697
_7079_, 114.74, 201.28, 0.0324697
ANTENNA__3493__A, 114.74, 201.28, 0.0324697
FILLER_0_70_249, 114.74, 201.28, 0.0324697
_4597_, 127.54, 201.28, 0.0326211
_4671_, 127.54, 201.28, 0.0326211
_4672_, 127.54, 201.28, 0.0326211
_4681_, 127.54, 201.28, 0.0326211
ANTENNA__4597__S, 127.54, 201.28, 0.0326211
ANTENNA__4656__A1, 127.54, 201.28, 0.0326211
_4675_, 140.34, 201.28, 0.0327482
_4676_, 140.34, 201.28, 0.0327482
_4677_, 140.34, 201.28, 0.0327482
_4689_, 140.34, 201.28, 0.0327482
_7127_, 140.34, 201.28, 0.0327482
ANTENNA__4677__B1, 140.34, 201.28, 0.0327482
ANTENNA__7128__RESET_B, 140.34, 201.28, 0.0327482
FILLER_0_70_280, 140.34, 201.28, 0.0327482
_7133_, 153.14, 201.28, 0.0328235
ANTENNA__4595__S, 153.14, 201.28, 0.0328235
ANTENNA__4742__B1, 153.14, 201.28, 0.0328235
ANTENNA__4742__A1, 153.14, 201.28, 0.0328235
ANTENNA__7133__RESET_B, 153.14, 201.28, 0.0328235
FILLER_0_70_309, 153.14, 201.28, 0.0328235
FILLER_0_70_327, 153.14, 201.28, 0.0328235
FILLER_0_71_323, 153.14, 201.28, 0.0328235
_4737_, 165.94, 201.28, 0.0328803
_4738_, 165.94, 201.28, 0.0328803
_4739_, 165.94, 201.28, 0.0328803
_4740_, 165.94, 201.28, 0.0328803
_4741_, 165.94, 201.28, 0.0328803
_4744_, 165.94, 201.28, 0.0328803
_4745_, 165.94, 201.28, 0.0328803
clkbuf_leaf_37_clk, 165.94, 201.28, 0.0328803
FILLER_0_70_361, 165.94, 201.28, 0.0328803
FILLER_0_71_356, 165.94, 201.28, 0.0328803
_5594_, 191.429, 201.28, 0.0332585
_5598_, 191.429, 201.28, 0.0332585
_6915_, 191.429, 201.28, 0.0332585
ANTENNA__6914__RESET_B, 191.429, 201.28, 0.0332585
FILLER_0_71_411, 191.429, 201.28, 0.0332585
_5592_, 204.118, 201.28, 0.0336426
_5595_, 204.118, 201.28, 0.0336426
_5625_, 204.118, 201.28, 0.0336426
ANTENNA__5605__C, 204.118, 201.28, 0.0336426
ANTENNA__6915__RESET_B, 204.118, 201.28, 0.0336426
FILLER_0_70_437, 204.118, 201.28, 0.0336426
_5621_, 216.807, 201.28, 0.0340166
_5626_, 216.807, 201.28, 0.0340166
_5627_, 216.807, 201.28, 0.0340166
_5635_, 216.807, 201.28, 0.0340166
_5661_, 216.807, 201.28, 0.0340166
_5662_, 216.807, 201.28, 0.0340166
_5663_, 216.807, 201.28, 0.0340166
_5664_, 216.807, 201.28, 0.0340166
ANTENNA__5627__A1, 216.807, 201.28, 0.0340166
FILLER_0_71_461, 216.807, 201.28, 0.0340166
FILLER_0_71_469, 216.807, 201.28, 0.0340166
_5648_, 229.496, 201.28, 0.0343541
_5650_, 229.496, 201.28, 0.0343541
_5651_, 229.496, 201.28, 0.0343541
_5658_, 229.496, 201.28, 0.0343541
_5660_, 229.496, 201.28, 0.0343541
clkbuf_leaf_57_clk, 229.496, 201.28, 0.0343541
ANTENNA_clkbuf_leaf_57_clk_A, 229.496, 201.28, 0.0343541
FILLER_0_69_475, 229.496, 201.28, 0.0343541
FILLER_0_70_477, 229.496, 201.28, 0.0343541
_3513_, 242.185, 201.28, 0.0346125
_7247_, 242.185, 201.28, 0.0346125
hold39, 242.185, 201.28, 0.0346125
ANTENNA__7247__RESET_B, 242.185, 201.28, 0.0346125
FILLER_0_69_505, 242.185, 201.28, 0.0346125
_5418_, 254.874, 201.28, 0.0348272
_5420_, 254.874, 201.28, 0.0348272
_5428_, 254.874, 201.28, 0.0348272
_5429_, 254.874, 201.28, 0.0348272
_5872_, 254.874, 201.28, 0.0348272
ANTENNA__3513__A, 254.874, 201.28, 0.0348272
ANTENNA__5870__S, 254.874, 201.28, 0.0348272
ANTENNA__5417__B1, 254.874, 201.28, 0.0348272
ANTENNA__5420__B, 254.874, 201.28, 0.0348272
ANTENNA__5418__A, 254.874, 201.28, 0.0348272
ANTENNA__5415__A, 254.874, 201.28, 0.0348272
_6052_, 267.563, 201.28, 0.0350167
_7373_, 267.563, 201.28, 0.0350167
ANTENNA__6052__S, 267.563, 201.28, 0.0350167
ANTENNA__5186__B2, 267.563, 201.28, 0.0350167
ANTENNA__5425__B1, 267.563, 201.28, 0.0350167
ANTENNA__5186__A2, 267.563, 201.28, 0.0350167
ANTENNA__5425__A1, 267.563, 201.28, 0.0350167
ANTENNA__5428__B1_N, 267.563, 201.28, 0.0350167
ANTENNA__7257__RESET_B, 267.563, 201.28, 0.0350167
ANTENNA__7373__RESET_B, 267.563, 201.28, 0.0350167
FILLER_0_69_557, 267.563, 201.28, 0.0350167
FILLER_0_69_561, 267.563, 201.28, 0.0350167
FILLER_0_70_561, 267.563, 201.28, 0.0350167
FILLER_0_70_576, 267.563, 201.28, 0.0350167
FILLER_0_71_570, 267.563, 201.28, 0.0350167
_5564_, 280.252, 201.28, 0.0351909
_7372_, 280.252, 201.28, 0.0351909
hold87, 280.252, 201.28, 0.0351909
hold160, 280.252, 201.28, 0.0351909
ANTENNA__4605__A, 280.252, 201.28, 0.0351909
_7220_, 292.941, 201.28, 0.0353207
_7267_, 292.941, 201.28, 0.0353207
_7342_, 292.941, 201.28, 0.0353207
hold100, 292.941, 201.28, 0.0353207
ANTENNA__5564__A, 292.941, 201.28, 0.0353207
ANTENNA__5896__A2, 292.941, 201.28, 0.0353207
_5532_, 305.63, 201.28, 0.0354108
_5534_, 305.63, 201.28, 0.0354108
_5542_, 305.63, 201.28, 0.0354108
_5543_, 305.63, 201.28, 0.0354108
clkbuf_leaf_51_clk, 305.63, 201.28, 0.0354108
hold93, 305.63, 201.28, 0.0354108
ANTENNA__7223__RESET_B, 305.63, 201.28, 0.0354108
FILLER_0_70_641, 305.63, 201.28, 0.0354108
FILLER_0_70_659, 305.63, 201.28, 0.0354108
FILLER_0_71_653, 305.63, 201.28, 0.0354108
PHY_134, 5.52, 195.84, 0.0301064
PHY_136, 5.52, 195.84, 0.0301064
input24, 5.52, 195.84, 0.0301064
ANTENNA_input24_A, 5.52, 195.84, 0.0301064
PHY_135, 318.32, 195.84, 0.0340517
PHY_137, 318.32, 195.84, 0.0340517
ANTENNA__5194__B2, 318.32, 195.84, 0.0340517
ANTENNA__5194__A2, 318.32, 195.84, 0.0340517
_6673_, 37.94, 195.84, 0.0304603
_7556_, 37.94, 195.84, 0.0304603
_7557_, 37.94, 195.84, 0.0304603
FILLER_0_67_57, 37.94, 195.84, 0.0304603
FILLER_0_67_68, 37.94, 195.84, 0.0304603
FILLER_0_68_81, 37.94, 195.84, 0.0304603
_6665_, 50.74, 195.84, 0.0307646
_6801_, 50.74, 195.84, 0.0307646
_7555_, 50.74, 195.84, 0.0307646
hold102, 50.74, 195.84, 0.0307646
_6654_, 63.54, 195.84, 0.0310422
_6655_, 63.54, 195.84, 0.0310422
_6656_, 63.54, 195.84, 0.0310422
_6661_, 63.54, 195.84, 0.0310422
_6662_, 63.54, 195.84, 0.0310422
ANTENNA__6801__B, 63.54, 195.84, 0.0310422
FILLER_0_68_137, 63.54, 195.84, 0.0310422
_6321_, 76.34, 195.84, 0.0313013
_6959_, 76.34, 195.84, 0.0313013
hold742, 76.34, 195.84, 0.0313013
ANTENNA__3785__A1, 76.34, 195.84, 0.0313013
FILLER_0_68_164, 76.34, 195.84, 0.0313013
_3782_, 89.14, 195.84, 0.0315149
_6958_, 89.14, 195.84, 0.0315149
ANTENNA__3782__A1, 89.14, 195.84, 0.0315149
ANTENNA__7004__RESET_B, 89.14, 195.84, 0.0315149
FILLER_0_68_190, 89.14, 195.84, 0.0315149
_3987_, 101.94, 195.84, 0.0317009
_3988_, 101.94, 195.84, 0.0317009
_3989_, 101.94, 195.84, 0.0317009
_3995_, 101.94, 195.84, 0.0317009
_3996_, 101.94, 195.84, 0.0317009
_4426_, 101.94, 195.84, 0.0317009
ANTENNA__3996__B1, 101.94, 195.84, 0.0317009
FILLER_0_67_200, 101.94, 195.84, 0.0317009
FILLER_0_67_205, 101.94, 195.84, 0.0317009
_4668_, 114.74, 195.84, 0.0318559
_4669_, 114.74, 195.84, 0.0318559
_4670_, 114.74, 195.84, 0.0318559
_7080_, 114.74, 195.84, 0.0318559
ANTENNA__4426__S, 114.74, 195.84, 0.0318559
ANTENNA__3989__A1, 114.74, 195.84, 0.0318559
ANTENNA__4668__B, 114.74, 195.84, 0.0318559
ANTENNA__7080__RESET_B, 114.74, 195.84, 0.0318559
ANTENNA__7079__RESET_B, 114.74, 195.84, 0.0318559
FILLER_0_68_234, 114.74, 195.84, 0.0318559
_4673_, 127.54, 195.84, 0.031976
_4674_, 127.54, 195.84, 0.031976
_4680_, 127.54, 195.84, 0.031976
_4687_, 127.54, 195.84, 0.031976
ANTENNA__4429__A2, 127.54, 195.84, 0.031976
FILLER_0_69_267, 127.54, 195.84, 0.031976
_4690_, 140.34, 195.84, 0.0320814
_4702_, 140.34, 195.84, 0.0320814
_7128_, 140.34, 195.84, 0.0320814
hold656, 140.34, 195.84, 0.0320814
_4678_, 153.14, 195.84, 0.0321588
hold649, 153.14, 195.84, 0.0321588
ANTENNA__4734__B1, 153.14, 195.84, 0.0321588
ANTENNA__4734__A1, 153.14, 195.84, 0.0321588
ANTENNA__4678__A2, 153.14, 195.84, 0.0321588
FILLER_0_67_309, 153.14, 195.84, 0.0321588
FILLER_0_67_317, 153.14, 195.84, 0.0321588
_3455_, 165.94, 195.84, 0.0322167
_4729_, 165.94, 195.84, 0.0322167
_4731_, 165.94, 195.84, 0.0322167
_4743_, 165.94, 195.84, 0.0322167
hold648, 165.94, 195.84, 0.0322167
ANTENNA__3455__A, 165.94, 195.84, 0.0322167
ANTENNA__4743__B1, 165.94, 195.84, 0.0322167
ANTENNA__4726__A, 165.94, 195.84, 0.0322167
ANTENNA_clkbuf_leaf_37_clk_A, 165.94, 195.84, 0.0322167
FILLER_0_68_359, 165.94, 195.84, 0.0322167
_3569_, 191.429, 195.84, 0.0325773
_3570_, 191.429, 195.84, 0.0325773
_5593_, 191.429, 195.84, 0.0325773
hold29, 191.429, 195.84, 0.0325773
ANTENNA__5593__B1, 191.429, 195.84, 0.0325773
ANTENNA_hold29_A, 191.429, 195.84, 0.0325773
FILLER_0_68_398, 191.429, 195.84, 0.0325773
FILLER_0_68_408, 191.429, 195.84, 0.0325773
_5585_, 204.118, 195.84, 0.032891
_5587_, 204.118, 195.84, 0.032891
_7287_, 204.118, 195.84, 0.032891
hold496, 204.118, 195.84, 0.032891
ANTENNA__5627__B1, 204.118, 195.84, 0.032891
ANTENNA__5615__A2, 204.118, 195.84, 0.032891
ANTENNA__5585__A2, 204.118, 195.84, 0.032891
ANTENNA__7287__RESET_B, 204.118, 195.84, 0.032891
FILLER_0_69_432, 204.118, 195.84, 0.032891
_5614_, 216.807, 195.84, 0.0331653
_5616_, 216.807, 195.84, 0.0331653
_5617_, 216.807, 195.84, 0.0331653
_5619_, 216.807, 195.84, 0.0331653
_5647_, 216.807, 195.84, 0.0331653
ANTENNA__5616__C, 216.807, 195.84, 0.0331653
ANTENNA__5617__C, 216.807, 195.84, 0.0331653
ANTENNA__5617__D, 216.807, 195.84, 0.0331653
FILLER_0_68_469, 216.807, 195.84, 0.0331653
FILLER_0_69_460, 216.807, 195.84, 0.0331653
_5632_, 229.496, 195.84, 0.0334084
_5633_, 229.496, 195.84, 0.0334084
_5641_, 229.496, 195.84, 0.0334084
_5644_, 229.496, 195.84, 0.0334084
_5645_, 229.496, 195.84, 0.0334084
_5646_, 229.496, 195.84, 0.0334084
_5649_, 229.496, 195.84, 0.0334084
_5659_, 229.496, 195.84, 0.0334084
FILLER_0_68_493, 229.496, 195.84, 0.0334084
FILLER_0_69_499, 229.496, 195.84, 0.0334084
_7292_, 242.185, 195.84, 0.0335927
hold45, 242.185, 195.84, 0.0335927
hold493, 242.185, 195.84, 0.0335927
ANTENNA__5649__B1, 242.185, 195.84, 0.0335927
ANTENNA__5649__A2, 242.185, 195.84, 0.0335927
FILLER_0_67_501, 242.185, 195.84, 0.0335927
FILLER_0_69_528, 242.185, 195.84, 0.0335927
_5414_, 254.874, 195.84, 0.033751
_5415_, 254.874, 195.84, 0.033751
_5417_, 254.874, 195.84, 0.033751
_5421_, 254.874, 195.84, 0.033751
_5870_, 254.874, 195.84, 0.033751
ANTENNA__5872__S, 254.874, 195.84, 0.033751
ANTENNA__5400__B2, 254.874, 195.84, 0.033751
ANTENNA__5400__A2, 254.874, 195.84, 0.033751
ANTENNA_clkbuf_leaf_54_clk_A, 254.874, 195.84, 0.033751
_5416_, 267.563, 195.84, 0.0338839
_5422_, 267.563, 195.84, 0.0338839
_5423_, 267.563, 195.84, 0.0338839
_5426_, 267.563, 195.84, 0.0338839
_5427_, 267.563, 195.84, 0.0338839
_7257_, 267.563, 195.84, 0.0338839
hold483, 267.563, 195.84, 0.0338839
FILLER_0_69_578, 267.563, 195.84, 0.0338839
_4605_, 280.252, 195.84, 0.0339748
_5896_, 280.252, 195.84, 0.0339748
_7343_, 280.252, 195.84, 0.0339748
hold86, 280.252, 195.84, 0.0339748
_7219_, 292.941, 195.84, 0.0340208
hold92, 292.941, 195.84, 0.0340208
hold318, 292.941, 195.84, 0.0340208
ANTENNA__5188__B2, 292.941, 195.84, 0.0340208
ANTENNA__7343__RESET_B, 292.941, 195.84, 0.0340208
_5892_, 305.63, 195.84, 0.0340517
_5895_, 305.63, 195.84, 0.0340517
_7268_, 305.63, 195.84, 0.0340517
hold359, 305.63, 195.84, 0.0340517
ANTENNA__7221__RESET_B, 305.63, 195.84, 0.0340517
ANTENNA__7219__RESET_B, 305.63, 195.84, 0.0340517
FILLER_0_68_654, 305.63, 195.84, 0.0340517
PHY_130, 5.52, 190.4, 0.0296927
PHY_132, 5.52, 190.4, 0.0296927
PHY_131, 318.32, 190.4, 0.0335553
PHY_133, 318.32, 190.4, 0.0335553
hold88, 318.32, 190.4, 0.0335553
ANTENNA__5198__B2, 318.32, 190.4, 0.0335553
_7558_, 37.94, 190.4, 0.0300651
clkbuf_leaf_18_clk, 37.94, 190.4, 0.0300651
hold385, 37.94, 190.4, 0.0300651
ANTENNA__7557__RESET_B, 37.94, 190.4, 0.0300651
FILLER_0_66_77, 37.94, 190.4, 0.0300651
_6663_, 50.74, 190.4, 0.0303592
_7554_, 50.74, 190.4, 0.0303592
ANTENNA_clkbuf_leaf_18_clk_A, 50.74, 190.4, 0.0303592
ANTENNA__7558__RESET_B, 50.74, 190.4, 0.0303592
FILLER_0_65_97, 50.74, 190.4, 0.0303592
FILLER_0_66_85, 50.74, 190.4, 0.0303592
FILLER_0_66_93, 50.74, 190.4, 0.0303592
_6653_, 63.54, 190.4, 0.0306324
_6657_, 63.54, 190.4, 0.0306324
_7552_, 63.54, 190.4, 0.0306324
ANTENNA__6653__A, 63.54, 190.4, 0.0306324
ANTENNA__6320__A, 63.54, 190.4, 0.0306324
ANTENNA__7554__RESET_B, 63.54, 190.4, 0.0306324
FILLER_0_65_113, 63.54, 190.4, 0.0306324
FILLER_0_66_120, 63.54, 190.4, 0.0306324
FILLER_0_66_136, 63.54, 190.4, 0.0306324
_3785_, 76.34, 190.4, 0.0308813
ANTENNA__3785__S, 76.34, 190.4, 0.0308813
ANTENNA__7552__RESET_B, 76.34, 190.4, 0.0308813
FILLER_0_66_141, 76.34, 190.4, 0.0308813
FILLER_0_66_162, 76.34, 190.4, 0.0308813
FILLER_0_67_165, 76.34, 190.4, 0.0308813
_3993_, 89.14, 190.4, 0.0311229
_3994_, 89.14, 190.4, 0.0311229
ANTENNA__3782__S, 89.14, 190.4, 0.0311229
ANTENNA__6960__RESET_B, 89.14, 190.4, 0.0311229
ANTENNA__6958__RESET_B, 89.14, 190.4, 0.0311229
FILLER_0_66_193, 89.14, 190.4, 0.0311229
FILLER_0_67_186, 89.14, 190.4, 0.0311229
FILLER_0_67_192, 89.14, 190.4, 0.0311229
_3998_, 101.94, 190.4, 0.0313311
_3999_, 101.94, 190.4, 0.0313311
_4001_, 101.94, 190.4, 0.0313311
_7005_, 101.94, 190.4, 0.0313311
ANTENNA__3989__B1, 101.94, 190.4, 0.0313311
ANTENNA__4000__A2, 101.94, 190.4, 0.0313311
ANTENNA__7005__RESET_B, 101.94, 190.4, 0.0313311
FILLER_0_66_200, 101.94, 190.4, 0.0313311
FILLER_0_66_208, 101.94, 190.4, 0.0313311
_4428_, 114.74, 190.4, 0.0315076
_4429_, 114.74, 190.4, 0.0315076
_4682_, 114.74, 190.4, 0.0315076
_7129_, 114.74, 190.4, 0.0315076
hold567, 114.74, 190.4, 0.0315076
hold626, 114.74, 190.4, 0.0315076
_4684_, 127.54, 190.4, 0.0316418
_4685_, 127.54, 190.4, 0.0316418
_4686_, 127.54, 190.4, 0.0316418
_4688_, 127.54, 190.4, 0.0316418
_4692_, 127.54, 190.4, 0.0316418
_4694_, 127.54, 190.4, 0.0316418
_4704_, 127.54, 190.4, 0.0316418
hold310, 127.54, 190.4, 0.0316418
FILLER_0_67_272, 127.54, 190.4, 0.0316418
_4691_, 140.34, 190.4, 0.0317185
_4700_, 140.34, 190.4, 0.0317185
_4701_, 140.34, 190.4, 0.0317185
_4703_, 140.34, 190.4, 0.0317185
_4705_, 140.34, 190.4, 0.0317185
_4725_, 140.34, 190.4, 0.0317185
FILLER_0_65_288, 140.34, 190.4, 0.0317185
FILLER_0_66_293, 140.34, 190.4, 0.0317185
_4706_, 153.14, 190.4, 0.0317697
_4722_, 153.14, 190.4, 0.0317697
_4723_, 153.14, 190.4, 0.0317697
_4730_, 153.14, 190.4, 0.0317697
_4732_, 153.14, 190.4, 0.0317697
_4733_, 153.14, 190.4, 0.0317697
_4734_, 153.14, 190.4, 0.0317697
ANTENNA__4722__C1, 153.14, 190.4, 0.0317697
ANTENNA__4706__A, 153.14, 190.4, 0.0317697
FILLER_0_66_309, 153.14, 190.4, 0.0317697
FILLER_0_66_315, 153.14, 190.4, 0.0317697
_3459_, 165.94, 190.4, 0.0317886
_3460_, 165.94, 190.4, 0.0317886
_4609_, 165.94, 190.4, 0.0317886
_4715_, 165.94, 190.4, 0.0317886
_4726_, 165.94, 190.4, 0.0317886
_4727_, 165.94, 190.4, 0.0317886
_4728_, 165.94, 190.4, 0.0317886
ANTENNA__4609__B2, 165.94, 190.4, 0.0317886
ANTENNA__4730__A, 165.94, 190.4, 0.0317886
ANTENNA__4727__A, 165.94, 190.4, 0.0317886
ANTENNA__4716__A, 165.94, 190.4, 0.0317886
_3531_, 191.429, 190.4, 0.032069
_3535_, 191.429, 190.4, 0.032069
_3571_, 191.429, 190.4, 0.032069
_6916_, 191.429, 190.4, 0.032069
_5582_, 204.118, 190.4, 0.0323435
_5583_, 204.118, 190.4, 0.0323435
_5584_, 204.118, 190.4, 0.0323435
_5586_, 204.118, 190.4, 0.0323435
_5615_, 204.118, 190.4, 0.0323435
ANTENNA__3498__S, 204.118, 190.4, 0.0323435
ANTENNA__5587__B1, 204.118, 190.4, 0.0323435
ANTENNA__5587__A1, 204.118, 190.4, 0.0323435
ANTENNA__5586__B, 204.118, 190.4, 0.0323435
ANTENNA__6916__RESET_B, 204.118, 190.4, 0.0323435
ANTENNA__7290__RESET_B, 204.118, 190.4, 0.0323435
FILLER_0_66_421, 204.118, 190.4, 0.0323435
FILLER_0_66_435, 204.118, 190.4, 0.0323435
FILLER_0_66_440, 204.118, 190.4, 0.0323435
_5618_, 216.807, 190.4, 0.0326047
hold345, 216.807, 190.4, 0.0326047
ANTENNA__5579__B1, 216.807, 190.4, 0.0326047
ANTENNA__5579__A1, 216.807, 190.4, 0.0326047
ANTENNA__5618__A1_N, 216.807, 190.4, 0.0326047
ANTENNA__5618__A2_N, 216.807, 190.4, 0.0326047
FILLER_0_65_457, 216.807, 190.4, 0.0326047
FILLER_0_66_447, 216.807, 190.4, 0.0326047
FILLER_0_66_466, 216.807, 190.4, 0.0326047
_5634_, 229.496, 190.4, 0.0328508
_5639_, 229.496, 190.4, 0.0328508
_5640_, 229.496, 190.4, 0.0328508
_5643_, 229.496, 190.4, 0.0328508
ANTENNA__3516__C1, 229.496, 190.4, 0.0328508
ANTENNA__5642__B, 229.496, 190.4, 0.0328508
ANTENNA__5641__A2, 229.496, 190.4, 0.0328508
ANTENNA__5640__C, 229.496, 190.4, 0.0328508
ANTENNA__5643__A1, 229.496, 190.4, 0.0328508
FILLER_0_66_484, 229.496, 190.4, 0.0328508
FILLER_0_66_490, 229.496, 190.4, 0.0328508
_3515_, 242.185, 190.4, 0.0330753
_3516_, 242.185, 190.4, 0.0330753
_5400_, 242.185, 190.4, 0.0330753
_7212_, 242.185, 190.4, 0.0330753
ANTENNA__3516__A2, 242.185, 190.4, 0.0330753
ANTENNA__7292__RESET_B, 242.185, 190.4, 0.0330753
ANTENNA__7212__RESET_B, 242.185, 190.4, 0.0330753
_7256_, 254.874, 190.4, 0.033269
clkbuf_leaf_54_clk, 254.874, 190.4, 0.033269
hold295, 254.874, 190.4, 0.033269
ANTENNA__3515__B, 254.874, 190.4, 0.033269
ANTENNA__5417__A1, 254.874, 190.4, 0.033269
ANTENNA__7256__RESET_B, 254.874, 190.4, 0.033269
ANTENNA__7216__RESET_B, 254.874, 190.4, 0.033269
_5186_, 267.563, 190.4, 0.0333916
_5424_, 267.563, 190.4, 0.0333916
_5425_, 267.563, 190.4, 0.0333916
hold305, 267.563, 190.4, 0.0333916
hold306, 267.563, 190.4, 0.0333916
hold523, 267.563, 190.4, 0.0333916
ANTENNA__3514__A, 267.563, 190.4, 0.0333916
ANTENNA__5184__B1, 267.563, 190.4, 0.0333916
ANTENNA__5184__A2, 267.563, 190.4, 0.0333916
_5188_, 280.252, 190.4, 0.0334935
_7218_, 280.252, 190.4, 0.0334935
clkbuf_leaf_53_clk, 280.252, 190.4, 0.0334935
ANTENNA__5222__A, 280.252, 190.4, 0.0334935
ANTENNA__7217__RESET_B, 280.252, 190.4, 0.0334935
_5190_, 292.941, 190.4, 0.033533
_5893_, 292.941, 190.4, 0.033533
_7221_, 292.941, 190.4, 0.033533
hold208, 292.941, 190.4, 0.033533
hold317, 292.941, 190.4, 0.033533
_7222_, 305.63, 190.4, 0.033553
hold89, 305.63, 190.4, 0.033553
hold127, 305.63, 190.4, 0.033553
hold128, 305.63, 190.4, 0.033553
ANTENNA__7218__RESET_B, 305.63, 190.4, 0.033553
PHY_126, 5.52, 184.96, 0.0292456
PHY_128, 5.52, 184.96, 0.0292456
PHY_127, 318.32, 184.96, 0.0341268
PHY_129, 318.32, 184.96, 0.0341268
ANTENNA__5198__A2, 318.32, 184.96, 0.0341268
FILLER_0_63_69, 37.94, 184.96, 0.0296117
FILLER_0_64_77, 37.94, 184.96, 0.0296117
_6664_, 50.74, 184.96, 0.0299778
_6677_, 50.74, 184.96, 0.0299778
hold505, 50.74, 184.96, 0.0299778
ANTENNA__7562__RESET_B, 50.74, 184.96, 0.0299778
FILLER_0_64_97, 50.74, 184.96, 0.0299778
FILLER_0_65_103, 50.74, 184.96, 0.0299778
_6320_, 63.54, 184.96, 0.0303281
_6679_, 63.54, 184.96, 0.0303281
_6686_, 63.54, 184.96, 0.0303281
_6689_, 63.54, 184.96, 0.0303281
_6690_, 63.54, 184.96, 0.0303281
clkbuf_leaf_17_clk, 63.54, 184.96, 0.0303281
hold293, 63.54, 184.96, 0.0303281
ANTENNA__6679__A, 63.54, 184.96, 0.0303281
ANTENNA_clkbuf_leaf_17_clk_A, 63.54, 184.96, 0.0303281
FILLER_0_64_117, 63.54, 184.96, 0.0303281
_3788_, 76.34, 184.96, 0.0305962
_3992_, 76.34, 184.96, 0.0305962
_6960_, 76.34, 184.96, 0.0305962
ANTENNA__3992__B_N, 76.34, 184.96, 0.0305962
FILLER_0_64_141, 76.34, 184.96, 0.0305962
FILLER_0_65_155, 76.34, 184.96, 0.0305962
_3991_, 89.14, 184.96, 0.0308319
_3997_, 89.14, 184.96, 0.0308319
_4003_, 89.14, 184.96, 0.0308319
_4004_, 89.14, 184.96, 0.0308319
hold741, 89.14, 184.96, 0.0308319
ANTENNA__3788__A1, 89.14, 184.96, 0.0308319
ANTENNA__4003__B, 89.14, 184.96, 0.0308319
FILLER_0_65_186, 89.14, 184.96, 0.0308319
_4000_, 101.94, 184.96, 0.0310315
_4002_, 101.94, 184.96, 0.0310315
_4013_, 101.94, 184.96, 0.0310315
_4024_, 101.94, 184.96, 0.0310315
clkbuf_leaf_14_clk, 101.94, 184.96, 0.0310315
ANTENNA__4000__B1, 101.94, 184.96, 0.0310315
ANTENNA__7129__RESET_B, 101.94, 184.96, 0.0310315
FILLER_0_65_219, 101.94, 184.96, 0.0310315
hold618, 114.74, 184.96, 0.0311471
ANTENNA__4430__S, 114.74, 184.96, 0.0311471
ANTENNA__4428__S, 114.74, 184.96, 0.0311471
ANTENNA__4431__B1, 114.74, 184.96, 0.0311471
ANTENNA__4429__B1, 114.74, 184.96, 0.0311471
ANTENNA_clkbuf_leaf_14_clk_A, 114.74, 184.96, 0.0311471
FILLER_0_63_229, 114.74, 184.96, 0.0311471
FILLER_0_63_234, 114.74, 184.96, 0.0311471
FILLER_0_64_245, 114.74, 184.96, 0.0311471
_4683_, 127.54, 184.96, 0.0312561
_4693_, 127.54, 184.96, 0.0312561
_4696_, 127.54, 184.96, 0.0312561
ANTENNA__4600__B2, 127.54, 184.96, 0.0312561
ANTENNA__4699__B1, 127.54, 184.96, 0.0312561
ANTENNA__4694__B1, 127.54, 184.96, 0.0312561
ANTENNA__4684__A1, 127.54, 184.96, 0.0312561
ANTENNA__4683__A, 127.54, 184.96, 0.0312561
ANTENNA__4694__A1, 127.54, 184.96, 0.0312561
FILLER_0_63_257, 127.54, 184.96, 0.0312561
FILLER_0_64_263, 127.54, 184.96, 0.0312561
FILLER_0_64_269, 127.54, 184.96, 0.0312561
_4695_, 140.34, 184.96, 0.0313464
_4707_, 140.34, 184.96, 0.0313464
_4708_, 140.34, 184.96, 0.0313464
_4710_, 140.34, 184.96, 0.0313464
_4711_, 140.34, 184.96, 0.0313464
_4712_, 140.34, 184.96, 0.0313464
ANTENNA__4707__A, 140.34, 184.96, 0.0313464
ANTENNA__4695__A, 140.34, 184.96, 0.0313464
FILLER_0_63_292, 140.34, 184.96, 0.0313464
FILLER_0_64_288, 140.34, 184.96, 0.0313464
_4608_, 153.14, 184.96, 0.0313994
_4716_, 153.14, 184.96, 0.0313994
_4717_, 153.14, 184.96, 0.0313994
_4718_, 153.14, 184.96, 0.0313994
_4719_, 153.14, 184.96, 0.0313994
_4724_, 153.14, 184.96, 0.0313994
ANTENNA__4607__B2, 153.14, 184.96, 0.0313994
ANTENNA__4709__C, 153.14, 184.96, 0.0313994
ANTENNA__4708__A1, 153.14, 184.96, 0.0313994
ANTENNA__4721__A1, 153.14, 184.96, 0.0313994
ANTENNA__7118__RESET_B, 153.14, 184.96, 0.0313994
FILLER_0_64_318, 153.14, 184.96, 0.0313994
FILLER_0_64_324, 153.14, 184.96, 0.0313994
FILLER_0_65_333, 153.14, 184.96, 0.0313994
_7118_, 165.94, 184.96, 0.0314226
hold401, 165.94, 184.96, 0.0314226
ANTENNA__4609__A2, 165.94, 184.96, 0.0314226
ANTENNA__4715__A, 165.94, 184.96, 0.0314226
FILLER_0_63_337, 165.94, 184.96, 0.0314226
FILLER_0_65_361, 165.94, 184.96, 0.0314226
_3564_, 191.429, 184.96, 0.0318555
_3574_, 191.429, 184.96, 0.0318555
_5581_, 191.429, 184.96, 0.0318555
ANTENNA__5582__C, 191.429, 184.96, 0.0318555
FILLER_0_63_393, 191.429, 184.96, 0.0318555
FILLER_0_63_404, 191.429, 184.96, 0.0318555
FILLER_0_64_392, 191.429, 184.96, 0.0318555
FILLER_0_65_405, 191.429, 184.96, 0.0318555
_3498_, 204.118, 184.96, 0.0322652
_5578_, 204.118, 184.96, 0.0322652
_7290_, 204.118, 184.96, 0.0322652
ANTENNA__5581__A2, 204.118, 184.96, 0.0322652
ANTENNA__5578__C, 204.118, 184.96, 0.0322652
ANTENNA_clkbuf_leaf_59_clk_A, 204.118, 184.96, 0.0322652
FILLER_0_64_421, 204.118, 184.96, 0.0322652
FILLER_0_65_433, 204.118, 184.96, 0.0322652
FILLER_0_65_445, 204.118, 184.96, 0.0322652
_3507_, 216.807, 184.96, 0.0326502
_5579_, 216.807, 184.96, 0.0326502
_5628_, 216.807, 184.96, 0.0326502
_5631_, 216.807, 184.96, 0.0326502
ANTENNA__3507__S, 216.807, 184.96, 0.0326502
ANTENNA__5628__B, 216.807, 184.96, 0.0326502
ANTENNA__5577__A2, 216.807, 184.96, 0.0326502
FILLER_0_65_472, 216.807, 184.96, 0.0326502
_5174_, 229.496, 184.96, 0.033012
_5629_, 229.496, 184.96, 0.033012
_5630_, 229.496, 184.96, 0.033012
_5642_, 229.496, 184.96, 0.033012
ANTENNA__5175__B1, 229.496, 184.96, 0.033012
ANTENNA__5174__A1, 229.496, 184.96, 0.033012
ANTENNA__5629__A_N, 229.496, 184.96, 0.033012
ANTENNA__3507__A0, 229.496, 184.96, 0.033012
FILLER_0_65_492, 229.496, 184.96, 0.033012
_3499_, 242.185, 184.96, 0.0333518
_5175_, 242.185, 184.96, 0.0333518
_5182_, 242.185, 184.96, 0.0333518
hold406, 242.185, 184.96, 0.0333518
ANTENNA__5181__S, 242.185, 184.96, 0.0333518
ANTENNA__5175__A2, 242.185, 184.96, 0.0333518
ANTENNA__5182__A2, 242.185, 184.96, 0.0333518
FILLER_0_64_527, 242.185, 184.96, 0.0333518
FILLER_0_65_525, 242.185, 184.96, 0.0333518
_5184_, 254.874, 184.96, 0.0336618
_7211_, 254.874, 184.96, 0.0336618
_7216_, 254.874, 184.96, 0.0336618
hold506, 254.874, 184.96, 0.0336618
hold710, 254.874, 184.96, 0.0336618
ANTENNA__7211__RESET_B, 254.874, 184.96, 0.0336618
_3514_, 267.563, 184.96, 0.0339128
_5222_, 267.563, 184.96, 0.0339128
_7217_, 267.563, 184.96, 0.0339128
_5301_, 280.252, 184.96, 0.0340111
_7235_, 280.252, 184.96, 0.0340111
hold209, 280.252, 184.96, 0.0340111
hold559, 280.252, 184.96, 0.0340111
ANTENNA__5303__A2, 280.252, 184.96, 0.0340111
ANTENNA_clkbuf_leaf_53_clk_A, 280.252, 184.96, 0.0340111
ANTENNA__7235__RESET_B, 280.252, 184.96, 0.0340111
_5191_, 292.941, 184.96, 0.0340805
_5198_, 292.941, 184.96, 0.0340805
_5318_, 292.941, 184.96, 0.0340805
_5322_, 292.941, 184.96, 0.0340805
ANTENNA__5191__S, 292.941, 184.96, 0.0340805
ANTENNA__5188__A2, 292.941, 184.96, 0.0340805
ANTENNA__5322__B1, 292.941, 184.96, 0.0340805
FILLER_0_64_634, 292.941, 184.96, 0.0340805
_5194_, 305.63, 184.96, 0.0341268
_5317_, 305.63, 184.96, 0.0341268
_5325_, 305.63, 184.96, 0.0341268
_7223_, 305.63, 184.96, 0.0341268
output40, 305.63, 184.96, 0.0341268
hold84, 305.63, 184.96, 0.0341268
ANTENNA__5190__B2, 305.63, 184.96, 0.0341268
ANTENNA__5190__A2, 305.63, 184.96, 0.0341268
PHY_122, 5.52, 179.52, 0.0287491
PHY_124, 5.52, 179.52, 0.0287491
_3500_, 318.32, 179.52, 0.0336483
PHY_123, 318.32, 179.52, 0.0336483
PHY_125, 318.32, 179.52, 0.0336483
ANTENNA__7238__RESET_B, 318.32, 179.52, 0.0336483
_7562_, 37.94, 179.52, 0.0291703
FILLER_0_62_77, 37.94, 179.52, 0.0291703
_6678_, 50.74, 179.52, 0.0295722
_6681_, 50.74, 179.52, 0.0295722
_6682_, 50.74, 179.52, 0.0295722
_6685_, 50.74, 179.52, 0.0295722
_6687_, 50.74, 179.52, 0.0295722
_6688_, 50.74, 179.52, 0.0295722
FILLER_0_62_97, 50.74, 179.52, 0.0295722
_6319_, 63.54, 179.52, 0.0299426
_6667_, 63.54, 179.52, 0.0299426
_6680_, 63.54, 179.52, 0.0299426
_6683_, 63.54, 179.52, 0.0299426
_6684_, 63.54, 179.52, 0.0299426
_7563_, 63.54, 179.52, 0.0299426
FILLER_0_61_113, 63.54, 179.52, 0.0299426
FILLER_0_63_127, 63.54, 179.52, 0.0299426
_3789_, 76.34, 179.52, 0.0302578
_4007_, 76.34, 179.52, 0.0302578
_4748_, 76.34, 179.52, 0.0302578
ANTENNA__3789__A2, 76.34, 179.52, 0.0302578
ANTENNA__3789__B1, 76.34, 179.52, 0.0302578
ANTENNA__6684__A4, 76.34, 179.52, 0.0302578
ANTENNA__7563__RESET_B, 76.34, 179.52, 0.0302578
FILLER_0_62_145, 76.34, 179.52, 0.0302578
FILLER_0_62_157, 76.34, 179.52, 0.0302578
_4006_, 89.14, 179.52, 0.0304572
_4008_, 89.14, 179.52, 0.0304572
_4009_, 89.14, 179.52, 0.0304572
_4010_, 89.14, 179.52, 0.0304572
ANTENNA__3788__S, 89.14, 179.52, 0.0304572
ANTENNA__4021__C, 89.14, 179.52, 0.0304572
FILLER_0_62_186, 89.14, 179.52, 0.0304572
FILLER_0_62_191, 89.14, 179.52, 0.0304572
_4011_, 101.94, 179.52, 0.0306282
_4012_, 101.94, 179.52, 0.0306282
_4430_, 101.94, 179.52, 0.0306282
_7006_, 101.94, 179.52, 0.0306282
hold434, 101.94, 179.52, 0.0306282
ANTENNA__7081__RESET_B, 101.94, 179.52, 0.0306282
FILLER_0_63_211, 101.94, 179.52, 0.0306282
FILLER_0_63_219, 101.94, 179.52, 0.0306282
_4431_, 114.74, 179.52, 0.0307679
_7081_, 114.74, 179.52, 0.0307679
ANTENNA_hold555_A, 114.74, 179.52, 0.0307679
ANTENNA__7114__RESET_B, 114.74, 179.52, 0.0307679
FILLER_0_61_232, 114.74, 179.52, 0.0307679
FILLER_0_62_246, 114.74, 179.52, 0.0307679
_4599_, 127.54, 179.52, 0.0308806
_4600_, 127.54, 179.52, 0.0308806
_4697_, 127.54, 179.52, 0.0308806
_4698_, 127.54, 179.52, 0.0308806
_4699_, 127.54, 179.52, 0.0308806
hold555, 127.54, 179.52, 0.0308806
ANTENNA__4699__A1, 127.54, 179.52, 0.0308806
FILLER_0_62_274, 127.54, 179.52, 0.0308806
_4709_, 140.34, 179.52, 0.0309658
_4713_, 140.34, 179.52, 0.0309658
ANTENNA__4599__S, 140.34, 179.52, 0.0309658
ANTENNA__4714__B2, 140.34, 179.52, 0.0309658
ANTENNA__4604__B2, 140.34, 179.52, 0.0309658
ANTENNA__4602__B2, 140.34, 179.52, 0.0309658
ANTENNA__4600__A2, 140.34, 179.52, 0.0309658
ANTENNA_hold544_A, 140.34, 179.52, 0.0309658
ANTENNA__4713__A, 140.34, 179.52, 0.0309658
ANTENNA__7131__RESET_B, 140.34, 179.52, 0.0309658
FILLER_0_61_285, 140.34, 179.52, 0.0309658
FILLER_0_62_287, 140.34, 179.52, 0.0309658
_4607_, 153.14, 179.52, 0.0310445
_4720_, 153.14, 179.52, 0.0310445
_4721_, 153.14, 179.52, 0.0310445
_7117_, 153.14, 179.52, 0.0310445
_7132_, 153.14, 179.52, 0.0310445
hold611, 153.14, 179.52, 0.0310445
ANTENNA__4607__A2, 153.14, 179.52, 0.0310445
ANTENNA__7117__RESET_B, 153.14, 179.52, 0.0310445
ANTENNA__7132__RESET_B, 153.14, 179.52, 0.0310445
_3445_, 165.94, 179.52, 0.0310709
_4285_, 165.94, 179.52, 0.0310709
hold347, 165.94, 179.52, 0.0310709
ANTENNA__4608__S, 165.94, 179.52, 0.0310709
ANTENNA__4606__S, 165.94, 179.52, 0.0310709
FILLER_0_61_337, 165.94, 179.52, 0.0310709
FILLER_0_62_352, 165.94, 179.52, 0.0310709
_3555_, 191.429, 179.52, 0.0315601
_3563_, 191.429, 179.52, 0.0315601
_3565_, 191.429, 179.52, 0.0315601
_6923_, 191.429, 179.52, 0.0315601
clkbuf_leaf_59_clk, 191.429, 179.52, 0.0315601
FILLER_0_61_397, 191.429, 179.52, 0.0315601
_5577_, 204.118, 179.52, 0.0319511
_7286_, 204.118, 179.52, 0.0319511
hold325, 204.118, 179.52, 0.0319511
ANTENNA__7286__RESET_B, 204.118, 179.52, 0.0319511
ANTENNA__6923__RESET_B, 204.118, 179.52, 0.0319511
FILLER_0_61_429, 204.118, 179.52, 0.0319511
FILLER_0_62_421, 204.118, 179.52, 0.0319511
_3446_, 216.807, 179.52, 0.0323151
_5172_, 216.807, 179.52, 0.0323151
_5404_, 216.807, 179.52, 0.0323151
_5637_, 216.807, 179.52, 0.0323151
_5638_, 216.807, 179.52, 0.0323151
ANTENNA__3495__S, 216.807, 179.52, 0.0323151
ANTENNA__5637__B1, 216.807, 179.52, 0.0323151
FILLER_0_62_455, 216.807, 179.52, 0.0323151
FILLER_0_63_473, 216.807, 179.52, 0.0323151
_3510_, 229.496, 179.52, 0.0326134
_7291_, 229.496, 179.52, 0.0326134
hold585, 229.496, 179.52, 0.0326134
ANTENNA__5174__S, 229.496, 179.52, 0.0326134
ANTENNA__3499__A, 229.496, 179.52, 0.0326134
ANTENNA__3510__S, 229.496, 179.52, 0.0326134
ANTENNA__5638__A2, 229.496, 179.52, 0.0326134
ANTENNA__5629__B, 229.496, 179.52, 0.0326134
FILLER_0_62_481, 229.496, 179.52, 0.0326134
FILLER_0_63_495, 229.496, 179.52, 0.0326134
_3511_, 242.185, 179.52, 0.0328828
_5181_, 242.185, 179.52, 0.0328828
_5183_, 242.185, 179.52, 0.0328828
_7215_, 242.185, 179.52, 0.0328828
ANTENNA__3511__A, 242.185, 179.52, 0.0328828
ANTENNA__5182__B1, 242.185, 179.52, 0.0328828
FILLER_0_61_505, 242.185, 179.52, 0.0328828
_5173_, 254.874, 179.52, 0.0331034
_7233_, 254.874, 179.52, 0.0331034
hold335, 254.874, 179.52, 0.0331034
ANTENNA__5173__B1, 254.874, 179.52, 0.0331034
ANTENNA__5173__A2, 254.874, 179.52, 0.0331034
ANTENNA__7215__RESET_B, 254.874, 179.52, 0.0331034
_5185_, 267.563, 179.52, 0.0332876
_5302_, 267.563, 179.52, 0.0332876
_5303_, 267.563, 179.52, 0.0332876
hold563, 267.563, 179.52, 0.0332876
ANTENNA__7233__RESET_B, 267.563, 179.52, 0.0332876
FILLER_0_61_557, 267.563, 179.52, 0.0332876
FILLER_0_61_565, 267.563, 179.52, 0.0332876
FILLER_0_63_577, 267.563, 179.52, 0.0332876
_5187_, 280.252, 179.52, 0.0334467
_5297_, 280.252, 179.52, 0.0334467
_5298_, 280.252, 179.52, 0.0334467
_5300_, 280.252, 179.52, 0.0334467
_5305_, 280.252, 179.52, 0.0334467
_5307_, 280.252, 179.52, 0.0334467
ANTENNA__5297__B, 280.252, 179.52, 0.0334467
FILLER_0_62_594, 280.252, 179.52, 0.0334467
FILLER_0_63_608, 280.252, 179.52, 0.0334467
_5306_, 292.941, 179.52, 0.0335653
_5308_, 292.941, 179.52, 0.0335653
_5310_, 292.941, 179.52, 0.0335653
_5315_, 292.941, 179.52, 0.0335653
_5316_, 292.941, 179.52, 0.0335653
_5323_, 292.941, 179.52, 0.0335653
_5324_, 292.941, 179.52, 0.0335653
ANTENNA__5307__B, 292.941, 179.52, 0.0335653
ANTENNA__5306__B, 292.941, 179.52, 0.0335653
FILLER_0_61_621, 292.941, 179.52, 0.0335653
_5196_, 305.63, 179.52, 0.0336452
_7238_, 305.63, 179.52, 0.0336452
clkbuf_leaf_52_clk, 305.63, 179.52, 0.0336452
hold47, 305.63, 179.52, 0.0336452
hold474, 305.63, 179.52, 0.0336452
PHY_118, 5.52, 174.08, 0.0281338
PHY_120, 5.52, 174.08, 0.0281338
output54, 5.52, 174.08, 0.0281338
PHY_119, 318.32, 174.08, 0.0321229
PHY_121, 318.32, 174.08, 0.0321229
ANTENNA__7193__RESET_B, 318.32, 174.08, 0.0321229
ANTENNA_output54_A, 15.33, 174.08, 0.0281237
FILLER_0_60_25, 15.33, 174.08, 0.0281237
FILLER_0_60_77, 37.94, 174.08, 0.0284464
_7560_, 50.74, 174.08, 0.0287791
_7561_, 50.74, 174.08, 0.0287791
hold597, 50.74, 174.08, 0.0287791
ANTENNA__7560__RESET_B, 50.74, 174.08, 0.0287791
_7433_, 63.54, 174.08, 0.0290715
ANTENNA__6667__B1, 63.54, 174.08, 0.0290715
ANTENNA__7561__RESET_B, 63.54, 174.08, 0.0290715
FILLER_0_59_113, 63.54, 174.08, 0.0290715
FILLER_0_59_121, 63.54, 174.08, 0.0290715
FILLER_0_60_136, 63.54, 174.08, 0.0290715
FILLER_0_61_136, 63.54, 174.08, 0.0290715
_3791_, 76.34, 174.08, 0.0293442
_3792_, 76.34, 174.08, 0.0293442
_6961_, 76.34, 174.08, 0.0293442
ANTENNA__4748__A, 76.34, 174.08, 0.0293442
ANTENNA__3792__A2, 76.34, 174.08, 0.0293442
ANTENNA__3792__B1, 76.34, 174.08, 0.0293442
ANTENNA__6961__RESET_B, 76.34, 174.08, 0.0293442
_4005_, 89.14, 174.08, 0.0295824
_4014_, 89.14, 174.08, 0.0295824
_4015_, 89.14, 174.08, 0.0295824
_4021_, 89.14, 174.08, 0.0295824
_4022_, 89.14, 174.08, 0.0295824
ANTENNA__3791__S, 89.14, 174.08, 0.0295824
ANTENNA__4014__A1, 89.14, 174.08, 0.0295824
ANTENNA__3791__A1, 89.14, 174.08, 0.0295824
ANTENNA__4006__B_N, 89.14, 174.08, 0.0295824
FILLER_0_59_169, 89.14, 174.08, 0.0295824
FILLER_0_60_172, 89.14, 174.08, 0.0295824
FILLER_0_60_190, 89.14, 174.08, 0.0295824
FILLER_0_61_189, 89.14, 174.08, 0.0295824
_4026_, 101.94, 174.08, 0.0297988
ANTENNA__4014__B1, 101.94, 174.08, 0.0297988
ANTENNA__4433__B1, 101.94, 174.08, 0.0297988
ANTENNA__7006__RESET_B, 101.94, 174.08, 0.0297988
FILLER_0_59_200, 101.94, 174.08, 0.0297988
FILLER_0_60_197, 101.94, 174.08, 0.0297988
FILLER_0_60_207, 101.94, 174.08, 0.0297988
_4433_, 114.74, 174.08, 0.0300095
_7082_, 114.74, 174.08, 0.0300095
_7114_, 114.74, 174.08, 0.0300095
hold533, 114.74, 174.08, 0.0300095
ANTENNA__4433__A2, 114.74, 174.08, 0.0300095
ANTENNA__4431__A2, 114.74, 174.08, 0.0300095
ANTENNA_hold545_A, 114.74, 174.08, 0.0300095
FILLER_0_59_225, 114.74, 174.08, 0.0300095
FILLER_0_60_247, 114.74, 174.08, 0.0300095
_4602_, 127.54, 174.08, 0.0301742
_7115_, 127.54, 174.08, 0.0301742
_7130_, 127.54, 174.08, 0.0301742
hold545, 127.54, 174.08, 0.0301742
ANTENNA__4602__A2, 127.54, 174.08, 0.0301742
ANTENNA__7130__RESET_B, 127.54, 174.08, 0.0301742
ANTENNA__7115__RESET_B, 127.54, 174.08, 0.0301742
FILLER_0_60_253, 127.54, 174.08, 0.0301742
_4603_, 140.34, 174.08, 0.0302983
_4604_, 140.34, 174.08, 0.0302983
_4714_, 140.34, 174.08, 0.0302983
hold544, 140.34, 174.08, 0.0302983
ANTENNA__4603__S, 140.34, 174.08, 0.0302983
ANTENNA__4604__A2, 140.34, 174.08, 0.0302983
FILLER_0_59_281, 140.34, 174.08, 0.0302983
FILLER_0_60_305, 140.34, 174.08, 0.0302983
FILLER_0_61_306, 140.34, 174.08, 0.0302983
_4606_, 153.14, 174.08, 0.0304057
hold118, 153.14, 174.08, 0.0304057
hold647, 153.14, 174.08, 0.0304057
ANTENNA__4721__B1, 153.14, 174.08, 0.0304057
ANTENNA__7090__RESET_B, 153.14, 174.08, 0.0304057
FILLER_0_60_318, 153.14, 174.08, 0.0304057
FILLER_0_60_324, 153.14, 174.08, 0.0304057
FILLER_0_61_333, 153.14, 174.08, 0.0304057
_3809_, 165.94, 174.08, 0.0305003
_4450_, 165.94, 174.08, 0.0305003
_7090_, 165.94, 174.08, 0.0305003
ANTENNA__4450__B2, 165.94, 174.08, 0.0305003
FILLER_0_59_337, 165.94, 174.08, 0.0305003
FILLER_0_61_362, 165.94, 174.08, 0.0305003
_3442_, 191.429, 174.08, 0.0309566
_3443_, 191.429, 174.08, 0.0309566
_3448_, 191.429, 174.08, 0.0309566
_3562_, 191.429, 174.08, 0.0309566
_6924_, 191.429, 174.08, 0.0309566
FILLER_0_61_408, 191.429, 174.08, 0.0309566
_3495_, 204.118, 174.08, 0.0312826
_3496_, 204.118, 174.08, 0.0312826
max_cap72, 204.118, 174.08, 0.0312826
hold215, 204.118, 174.08, 0.0312826
ANTENNA__5172__S, 204.118, 174.08, 0.0312826
ANTENNA__3496__A, 204.118, 174.08, 0.0312826
ANTENNA_max_cap72_A, 204.118, 174.08, 0.0312826
ANTENNA__6924__RESET_B, 204.118, 174.08, 0.0312826
FILLER_0_60_441, 204.118, 174.08, 0.0312826
_4611_, 216.807, 174.08, 0.0315403
_4801_, 216.807, 174.08, 0.0315403
_5636_, 216.807, 174.08, 0.0315403
clkbuf_leaf_58_clk, 216.807, 174.08, 0.0315403
ANTENNA_max_cap71_A, 216.807, 174.08, 0.0315403
FILLER_0_59_449, 216.807, 174.08, 0.0315403
FILLER_0_60_446, 216.807, 174.08, 0.0315403
_4807_, 229.496, 174.08, 0.0317109
_7229_, 229.496, 174.08, 0.0317109
ANTENNA__4807__S, 229.496, 174.08, 0.0317109
ANTENNA__5237__A2, 229.496, 174.08, 0.0317109
ANTENNA__4801__A1, 229.496, 174.08, 0.0317109
ANTENNA__7291__RESET_B, 229.496, 174.08, 0.0317109
ANTENNA__7229__RESET_B, 229.496, 174.08, 0.0317109
FILLER_0_60_485, 229.496, 174.08, 0.0317109
_3508_, 242.185, 174.08, 0.0318472
_7230_, 242.185, 174.08, 0.0318472
_7232_, 242.185, 174.08, 0.0318472
ANTENNA__5183__S, 242.185, 174.08, 0.0318472
ANTENNA__3508__A, 242.185, 174.08, 0.0318472
ANTENNA__5181__A1, 242.185, 174.08, 0.0318472
ANTENNA__5183__A1, 242.185, 174.08, 0.0318472
ANTENNA__4807__A1, 242.185, 174.08, 0.0318472
ANTENNA__7232__RESET_B, 242.185, 174.08, 0.0318472
FILLER_0_59_501, 242.185, 174.08, 0.0318472
FILLER_0_60_501, 242.185, 174.08, 0.0318472
_5273_, 254.874, 174.08, 0.0319393
_5274_, 254.874, 174.08, 0.0319393
_5281_, 254.874, 174.08, 0.0319393
_5282_, 254.874, 174.08, 0.0319393
ANTENNA__5282__A1, 254.874, 174.08, 0.0319393
ANTENNA__5274__A1, 254.874, 174.08, 0.0319393
ANTENNA__5282__B1, 254.874, 174.08, 0.0319393
ANTENNA__5274__B1, 254.874, 174.08, 0.0319393
FILLER_0_59_541, 254.874, 174.08, 0.0319393
_5280_, 267.563, 174.08, 0.0320046
ANTENNA__5302__B1, 267.563, 174.08, 0.0320046
ANTENNA__5185__S, 267.563, 174.08, 0.0320046
ANTENNA__5289__B, 267.563, 174.08, 0.0320046
ANTENNA__5276__B, 267.563, 174.08, 0.0320046
FILLER_0_59_557, 267.563, 174.08, 0.0320046
FILLER_0_59_561, 267.563, 174.08, 0.0320046
FILLER_0_60_573, 267.563, 174.08, 0.0320046
FILLER_0_60_580, 267.563, 174.08, 0.0320046
_5288_, 280.252, 174.08, 0.0320667
_5290_, 280.252, 174.08, 0.0320667
_5291_, 280.252, 174.08, 0.0320667
_5299_, 280.252, 174.08, 0.0320667
_5304_, 280.252, 174.08, 0.0320667
_5311_, 280.252, 174.08, 0.0320667
_5312_, 280.252, 174.08, 0.0320667
ANTENNA__5312__B1, 280.252, 174.08, 0.0320667
ANTENNA__5187__S, 280.252, 174.08, 0.0320667
ANTENNA__5304__B1, 280.252, 174.08, 0.0320667
ANTENNA__5298__B, 280.252, 174.08, 0.0320667
ANTENNA__5288__B, 280.252, 174.08, 0.0320667
FILLER_0_60_600, 280.252, 174.08, 0.0320667
_5309_, 292.941, 174.08, 0.0321065
_5326_, 292.941, 174.08, 0.0321065
hold349, 292.941, 174.08, 0.0321065
hold715, 292.941, 174.08, 0.0321065
ANTENNA__5313__B2, 292.941, 174.08, 0.0321065
ANTENNA__5326__A2, 292.941, 174.08, 0.0321065
ANTENNA__5316__A_N, 292.941, 174.08, 0.0321065
ANTENNA__5315__B, 292.941, 174.08, 0.0321065
ANTENNA__5326__B1, 292.941, 174.08, 0.0321065
ANTENNA__7237__RESET_B, 292.941, 174.08, 0.0321065
FILLER_0_60_622, 292.941, 174.08, 0.0321065
FILLER_0_61_630, 292.941, 174.08, 0.0321065
_5043_, 305.63, 174.08, 0.0321229
_5195_, 305.63, 174.08, 0.0321229
_7193_, 305.63, 174.08, 0.0321229
FILLER_0_60_645, 305.63, 174.08, 0.0321229
PHY_114, 5.52, 168.64, 0.0275399
PHY_116, 5.52, 168.64, 0.0275399
PHY_115, 318.32, 168.64, 0.0327214
PHY_117, 318.32, 168.64, 0.0327214
ANTENNA__5043__B2, 318.32, 168.64, 0.0327214
ANTENNA__5043__A2, 318.32, 168.64, 0.0327214
_6377_, 37.94, 168.64, 0.0279105
FILLER_0_57_57, 37.94, 168.64, 0.0279105
FILLER_0_58_77, 37.94, 168.64, 0.0279105
_4750_, 50.74, 168.64, 0.0282781
_7434_, 50.74, 168.64, 0.0282781
hold124, 50.74, 168.64, 0.0282781
ANTENNA__7434__RESET_B, 50.74, 168.64, 0.0282781
ANTENNA__7426__RESET_B, 50.74, 168.64, 0.0282781
ANTENNA__4750__A, 50.74, 168.64, 0.0282781
FILLER_0_58_97, 50.74, 168.64, 0.0282781
FILLER_0_58_107, 50.74, 168.64, 0.0282781
FILLER_0_59_105, 50.74, 168.64, 0.0282781
_6399_, 63.54, 168.64, 0.0286199
_6401_, 63.54, 168.64, 0.0286199
_6402_, 63.54, 168.64, 0.0286199
hold593, 63.54, 168.64, 0.0286199
_3795_, 76.34, 168.64, 0.0289447
_6962_, 76.34, 168.64, 0.0289447
hold569, 76.34, 168.64, 0.0289447
hold571, 76.34, 168.64, 0.0289447
ANTENNA__3795__A2, 76.34, 168.64, 0.0289447
ANTENNA__3795__B1, 76.34, 168.64, 0.0289447
ANTENNA__7433__RESET_B, 76.34, 168.64, 0.0289447
FILLER_0_57_143, 76.34, 168.64, 0.0289447
FILLER_0_58_141, 76.34, 168.64, 0.0289447
_4016_, 89.14, 168.64, 0.0292317
_4017_, 89.14, 168.64, 0.0292317
_4018_, 89.14, 168.64, 0.0292317
_4019_, 89.14, 168.64, 0.0292317
_4023_, 89.14, 168.64, 0.0292317
_4036_, 89.14, 168.64, 0.0292317
ANTENNA__4017__A, 89.14, 168.64, 0.0292317
FILLER_0_57_173, 89.14, 168.64, 0.0292317
FILLER_0_58_170, 89.14, 168.64, 0.0292317
FILLER_0_59_183, 89.14, 168.64, 0.0292317
_4025_, 101.94, 168.64, 0.0294784
_4027_, 101.94, 168.64, 0.0294784
_4028_, 101.94, 168.64, 0.0294784
_4060_, 101.94, 168.64, 0.0294784
_7007_, 101.94, 168.64, 0.0294784
ANTENNA__7007__RESET_B, 101.94, 168.64, 0.0294784
ANTENNA__7082__RESET_B, 101.94, 168.64, 0.0294784
FILLER_0_59_213, 101.94, 168.64, 0.0294784
_4432_, 114.74, 168.64, 0.0296934
_4437_, 114.74, 168.64, 0.0296934
hold321, 114.74, 168.64, 0.0296934
ANTENNA__4432__S, 114.74, 168.64, 0.0296934
ANTENNA__4437__A2, 114.74, 168.64, 0.0296934
ANTENNA__4437__B2, 114.74, 168.64, 0.0296934
FILLER_0_57_233, 114.74, 168.64, 0.0296934
FILLER_0_58_236, 114.74, 168.64, 0.0296934
_4601_, 127.54, 168.64, 0.0298966
hold99, 127.54, 168.64, 0.0298966
ANTENNA__4601__S, 127.54, 168.64, 0.0298966
ANTENNA_clkbuf_leaf_13_clk_A, 127.54, 168.64, 0.0298966
ANTENNA__7116__RESET_B, 127.54, 168.64, 0.0298966
FILLER_0_57_259, 127.54, 168.64, 0.0298966
FILLER_0_58_261, 127.54, 168.64, 0.0298966
FILLER_0_59_277, 127.54, 168.64, 0.0298966
_7116_, 140.34, 168.64, 0.0300931
_7131_, 140.34, 168.64, 0.0300931
hold104, 140.34, 168.64, 0.0300931
ANTENNA__4446__A2, 140.34, 168.64, 0.0300931
ANTENNA__7087__RESET_B, 140.34, 168.64, 0.0300931
FILLER_0_57_281, 140.34, 168.64, 0.0300931
FILLER_0_58_301, 140.34, 168.64, 0.0300931
_4446_, 153.14, 168.64, 0.0302559
_7087_, 153.14, 168.64, 0.0302559
_7088_, 153.14, 168.64, 0.0302559
hold117, 153.14, 168.64, 0.0302559
FILLER_0_58_309, 153.14, 168.64, 0.0302559
_6925_, 165.94, 168.64, 0.0303943
clkbuf_0_clk, 165.94, 168.64, 0.0303943
hold311, 165.94, 168.64, 0.0303943
ANTENNA__4450__A2, 165.94, 168.64, 0.0303943
ANTENNA__6925__RESET_B, 165.94, 168.64, 0.0303943
FILLER_0_58_339, 165.94, 168.64, 0.0303943
_3529_, 191.429, 168.64, 0.0309527
_3556_, 191.429, 168.64, 0.0309527
_3592_, 191.429, 168.64, 0.0309527
_3642_, 191.429, 168.64, 0.0309527
ANTENNA__3542__B1, 191.429, 168.64, 0.0309527
FILLER_0_57_397, 191.429, 168.64, 0.0309527
_3641_, 204.118, 168.64, 0.0314433
_5314_, 204.118, 168.64, 0.0314433
_7409_, 204.118, 168.64, 0.0314433
ANTENNA__7228__RESET_B, 204.118, 168.64, 0.0314433
ANTENNA__7409__RESET_B, 204.118, 168.64, 0.0314433
FILLER_0_58_441, 204.118, 168.64, 0.0314433
FILLER_0_59_433, 204.118, 168.64, 0.0314433
_5221_, 216.807, 168.64, 0.0317595
_7228_, 216.807, 168.64, 0.0317595
max_cap71, 216.807, 168.64, 0.0317595
hold568, 216.807, 168.64, 0.0317595
ANTENNA__4801__S, 216.807, 168.64, 0.0317595
ANTENNA__5221__A2, 216.807, 168.64, 0.0317595
ANTENNA_clkbuf_leaf_58_clk_A, 216.807, 168.64, 0.0317595
_5230_, 229.496, 168.64, 0.0320152
_5236_, 229.496, 168.64, 0.0320152
_5237_, 229.496, 168.64, 0.0320152
_5238_, 229.496, 168.64, 0.0320152
hold572, 229.496, 168.64, 0.0320152
_5247_, 242.185, 168.64, 0.0322327
_5248_, 242.185, 168.64, 0.0322327
_5249_, 242.185, 168.64, 0.0322327
_5250_, 242.185, 168.64, 0.0322327
_5270_, 242.185, 168.64, 0.0322327
hold630, 242.185, 168.64, 0.0322327
ANTENNA__7230__RESET_B, 242.185, 168.64, 0.0322327
FILLER_0_57_505, 242.185, 168.64, 0.0322327
FILLER_0_58_524, 242.185, 168.64, 0.0322327
_5271_, 254.874, 168.64, 0.0324094
_5272_, 254.874, 168.64, 0.0324094
_5279_, 254.874, 168.64, 0.0324094
_5283_, 254.874, 168.64, 0.0324094
_5284_, 254.874, 168.64, 0.0324094
_5285_, 254.874, 168.64, 0.0324094
ANTENNA__5260__B1, 254.874, 168.64, 0.0324094
FILLER_0_57_533, 254.874, 168.64, 0.0324094
FILLER_0_57_542, 254.874, 168.64, 0.0324094
FILLER_0_58_548, 254.874, 168.64, 0.0324094
_5276_, 267.563, 168.64, 0.0325425
_5277_, 267.563, 168.64, 0.0325425
_5278_, 267.563, 168.64, 0.0325425
_5287_, 267.563, 168.64, 0.0325425
_5289_, 267.563, 168.64, 0.0325425
_5292_, 267.563, 168.64, 0.0325425
_5293_, 267.563, 168.64, 0.0325425
ANTENNA__5277__B, 267.563, 168.64, 0.0325425
FILLER_0_57_557, 267.563, 168.64, 0.0325425
FILLER_0_57_565, 267.563, 168.64, 0.0325425
FILLER_0_58_582, 267.563, 168.64, 0.0325425
_5295_, 280.252, 168.64, 0.032638
_5296_, 280.252, 168.64, 0.032638
_5313_, 280.252, 168.64, 0.032638
_7236_, 280.252, 168.64, 0.032638
ANTENNA__5296__B1, 280.252, 168.64, 0.032638
ANTENNA__5296__A1, 280.252, 168.64, 0.032638
ANTENNA__7188__RESET_B, 280.252, 168.64, 0.032638
ANTENNA__7236__RESET_B, 280.252, 168.64, 0.032638
FILLER_0_57_593, 280.252, 168.64, 0.032638
FILLER_0_59_598, 280.252, 168.64, 0.032638
_5319_, 292.941, 168.64, 0.0326968
_5320_, 292.941, 168.64, 0.0326968
_5321_, 292.941, 168.64, 0.0326968
_7237_, 292.941, 168.64, 0.0326968
ANTENNA__5041__A2, 292.941, 168.64, 0.0326968
ANTENNA__5321__B1, 292.941, 168.64, 0.0326968
ANTENNA__5321__A1, 292.941, 168.64, 0.0326968
FILLER_0_57_617, 292.941, 168.64, 0.0326968
FILLER_0_58_637, 292.941, 168.64, 0.0326968
_5193_, 305.63, 168.64, 0.0327214
_5197_, 305.63, 168.64, 0.0327214
_7192_, 305.63, 168.64, 0.0327214
hold48, 305.63, 168.64, 0.0327214
hold82, 305.63, 168.64, 0.0327214
ANTENNA__5195__S, 305.63, 168.64, 0.0327214
ANTENNA_clkbuf_leaf_52_clk_A, 305.63, 168.64, 0.0327214
FILLER_0_58_654, 305.63, 168.64, 0.0327214
PHY_110, 5.52, 163.2, 0.0269866
PHY_112, 5.52, 163.2, 0.0269866
PHY_111, 318.32, 163.2, 0.0317545
PHY_113, 318.32, 163.2, 0.0317545
input34, 318.32, 163.2, 0.0317545
ANTENNA__5196__B2, 318.32, 163.2, 0.0317545
FILLER_0_56_674, 318.32, 163.2, 0.0317545
_6376_, 37.94, 163.2, 0.0274307
_7426_, 37.94, 163.2, 0.0274307
ANTENNA__7425__RESET_B, 37.94, 163.2, 0.0274307
ANTENNA__7423__RESET_B, 37.94, 163.2, 0.0274307
ANTENNA_clkbuf_leaf_6_clk_A, 37.94, 163.2, 0.0274307
FILLER_0_55_61, 37.94, 163.2, 0.0274307
FILLER_0_55_66, 37.94, 163.2, 0.0274307
FILLER_0_56_65, 37.94, 163.2, 0.0274307
FILLER_0_56_78, 37.94, 163.2, 0.0274307
_4753_, 50.74, 163.2, 0.0278566
_6368_, 50.74, 163.2, 0.0278566
_6403_, 50.74, 163.2, 0.0278566
_7423_, 50.74, 163.2, 0.0278566
FILLER_0_55_88, 50.74, 163.2, 0.0278566
_4752_, 63.54, 163.2, 0.0282362
_6389_, 63.54, 163.2, 0.0282362
_6396_, 63.54, 163.2, 0.0282362
_6397_, 63.54, 163.2, 0.0282362
_6398_, 63.54, 163.2, 0.0282362
_6400_, 63.54, 163.2, 0.0282362
hold668, 63.54, 163.2, 0.0282362
ANTENNA__4752__A, 63.54, 163.2, 0.0282362
ANTENNA__6389__A, 63.54, 163.2, 0.0282362
FILLER_0_55_121, 63.54, 163.2, 0.0282362
FILLER_0_56_129, 63.54, 163.2, 0.0282362
FILLER_0_56_137, 63.54, 163.2, 0.0282362
_3794_, 76.34, 163.2, 0.0285854
_4751_, 76.34, 163.2, 0.0285854
_6393_, 76.34, 163.2, 0.0285854
_6394_, 76.34, 163.2, 0.0285854
ANTENNA__6394__A4, 76.34, 163.2, 0.0285854
ANTENNA__6962__RESET_B, 76.34, 163.2, 0.0285854
FILLER_0_55_151, 76.34, 163.2, 0.0285854
_4020_, 89.14, 163.2, 0.0289113
_4029_, 89.14, 163.2, 0.0289113
_4034_, 89.14, 163.2, 0.0289113
_4037_, 89.14, 163.2, 0.0289113
_4062_, 89.14, 163.2, 0.0289113
ANTENNA__3794__A0, 89.14, 163.2, 0.0289113
ANTENNA__3794__S, 89.14, 163.2, 0.0289113
ANTENNA__4016__A1, 89.14, 163.2, 0.0289113
FILLER_0_56_169, 89.14, 163.2, 0.0289113
FILLER_0_56_179, 89.14, 163.2, 0.0289113
FILLER_0_56_187, 89.14, 163.2, 0.0289113
FILLER_0_57_189, 89.14, 163.2, 0.0289113
_4059_, 101.94, 163.2, 0.0292018
_4064_, 101.94, 163.2, 0.0292018
_4435_, 101.94, 163.2, 0.0292018
ANTENNA__4028__A1, 101.94, 163.2, 0.0292018
ANTENNA__4028__B1, 101.94, 163.2, 0.0292018
ANTENNA__4435__B1, 101.94, 163.2, 0.0292018
ANTENNA__4435__A2, 101.94, 163.2, 0.0292018
ANTENNA__7084__RESET_B, 101.94, 163.2, 0.0292018
FILLER_0_57_218, 101.94, 163.2, 0.0292018
_4434_, 114.74, 163.2, 0.0294785
_7083_, 114.74, 163.2, 0.0294785
_7084_, 114.74, 163.2, 0.0294785
hold516, 114.74, 163.2, 0.0294785
ANTENNA__7083__RESET_B, 114.74, 163.2, 0.0294785
_4440_, 127.54, 163.2, 0.0297154
_4442_, 127.54, 163.2, 0.0297154
_7085_, 127.54, 163.2, 0.0297154
hold77, 127.54, 163.2, 0.0297154
ANTENNA__4442__B2, 127.54, 163.2, 0.0297154
ANTENNA__4442__A2, 127.54, 163.2, 0.0297154
ANTENNA__4440__A2, 127.54, 163.2, 0.0297154
FILLER_0_55_254, 127.54, 163.2, 0.0297154
_4444_, 140.34, 163.2, 0.029937
_7012_, 140.34, 163.2, 0.029937
_7086_, 140.34, 163.2, 0.029937
clkbuf_leaf_13_clk, 140.34, 163.2, 0.029937
_7089_, 153.14, 163.2, 0.0300766
hold133, 153.14, 163.2, 0.0300766
ANTENNA__4446__B2, 153.14, 163.2, 0.0300766
ANTENNA__7088__RESET_B, 153.14, 163.2, 0.0300766
_3667_, 165.94, 163.2, 0.0302017
_4679_, 165.94, 163.2, 0.0302017
_6189_, 165.94, 163.2, 0.0302017
_7392_, 165.94, 163.2, 0.0302017
ANTENNA_clkbuf_0_clk_A, 165.94, 163.2, 0.0302017
FILLER_0_55_337, 165.94, 163.2, 0.0302017
FILLER_0_55_343, 165.94, 163.2, 0.0302017
_3536_, 191.429, 163.2, 0.030545
_3602_, 191.429, 163.2, 0.030545
_3697_, 191.429, 163.2, 0.030545
_5708_, 191.429, 163.2, 0.030545
ANTENNA__3642__B1, 191.429, 163.2, 0.030545
FILLER_0_57_415, 191.429, 163.2, 0.030545
_3530_, 204.118, 163.2, 0.0308716
_5218_, 204.118, 163.2, 0.0308716
_5219_, 204.118, 163.2, 0.0308716
_5220_, 204.118, 163.2, 0.0308716
_5224_, 204.118, 163.2, 0.0308716
_5897_, 204.118, 163.2, 0.0308716
hold140, 204.118, 163.2, 0.0308716
ANTENNA__3602__A1_N, 204.118, 163.2, 0.0308716
ANTENNA__5220__B1, 204.118, 163.2, 0.0308716
_4806_, 216.807, 163.2, 0.0310783
_5217_, 216.807, 163.2, 0.0310783
_5223_, 216.807, 163.2, 0.0310783
_5235_, 216.807, 163.2, 0.0310783
ANTENNA__4806__S, 216.807, 163.2, 0.0310783
FILLER_0_55_456, 216.807, 163.2, 0.0310783
FILLER_0_57_460, 216.807, 163.2, 0.0310783
_5228_, 229.496, 163.2, 0.0312542
_5229_, 229.496, 163.2, 0.0312542
_5233_, 229.496, 163.2, 0.0312542
_5234_, 229.496, 163.2, 0.0312542
_5244_, 229.496, 163.2, 0.0312542
ANTENNA__4809__S, 229.496, 163.2, 0.0312542
ANTENNA__5237__B1, 229.496, 163.2, 0.0312542
FILLER_0_56_483, 229.496, 163.2, 0.0312542
FILLER_0_57_494, 229.496, 163.2, 0.0312542
_5243_, 242.185, 163.2, 0.0314135
_5245_, 242.185, 163.2, 0.0314135
_5246_, 242.185, 163.2, 0.0314135
_5255_, 242.185, 163.2, 0.0314135
_5259_, 242.185, 163.2, 0.0314135
_5269_, 242.185, 163.2, 0.0314135
ANTENNA__5249__B1, 242.185, 163.2, 0.0314135
ANTENNA__5250__B2, 242.185, 163.2, 0.0314135
FILLER_0_56_502, 242.185, 163.2, 0.0314135
FILLER_0_56_517, 242.185, 163.2, 0.0314135
FILLER_0_57_526, 242.185, 163.2, 0.0314135
_5256_, 254.874, 163.2, 0.031541
_5258_, 254.874, 163.2, 0.031541
_5260_, 254.874, 163.2, 0.031541
_5263_, 254.874, 163.2, 0.031541
_5264_, 254.874, 163.2, 0.031541
_5286_, 254.874, 163.2, 0.031541
ANTENNA__5263__C, 254.874, 163.2, 0.031541
FILLER_0_55_538, 254.874, 163.2, 0.031541
FILLER_0_56_540, 254.874, 163.2, 0.031541
_5294_, 267.563, 163.2, 0.0316333
_7187_, 267.563, 163.2, 0.0316333
hold125, 267.563, 163.2, 0.0316333
FILLER_0_56_565, 267.563, 163.2, 0.0316333
FILLER_0_56_583, 267.563, 163.2, 0.0316333
FILLER_0_57_577, 267.563, 163.2, 0.0316333
_7188_, 280.252, 163.2, 0.0317041
_7234_, 280.252, 163.2, 0.0317041
hold638, 280.252, 163.2, 0.0317041
ANTENNA__5041__B2, 280.252, 163.2, 0.0317041
ANTENNA__7234__RESET_B, 280.252, 163.2, 0.0317041
FILLER_0_56_610, 280.252, 163.2, 0.0317041
FILLER_0_57_611, 280.252, 163.2, 0.0317041
_5039_, 292.941, 163.2, 0.0317385
_5189_, 292.941, 163.2, 0.0317385
_7189_, 292.941, 163.2, 0.0317385
hold189, 292.941, 163.2, 0.0317385
ANTENNA__5189__S, 292.941, 163.2, 0.0317385
ANTENNA__5039__B2, 292.941, 163.2, 0.0317385
ANTENNA__5039__A2, 292.941, 163.2, 0.0317385
ANTENNA__5037__A2, 292.941, 163.2, 0.0317385
ANTENNA__7190__RESET_B, 292.941, 163.2, 0.0317385
ANTENNA__7189__RESET_B, 292.941, 163.2, 0.0317385
FILLER_0_57_626, 292.941, 163.2, 0.0317385
_5041_, 305.63, 163.2, 0.0317533
_7191_, 305.63, 163.2, 0.0317533
hold91, 305.63, 163.2, 0.0317533
ANTENNA__5193__S, 305.63, 163.2, 0.0317533
PHY_106, 5.52, 157.76, 0.0264306
PHY_108, 5.52, 157.76, 0.0264306
PHY_107, 318.32, 157.76, 0.0312925
PHY_109, 318.32, 157.76, 0.0312925
ANTENNA__5042__S, 318.32, 157.76, 0.0312925
_6365_, 37.94, 157.76, 0.0269079
_6373_, 37.94, 157.76, 0.0269079
_6374_, 37.94, 157.76, 0.0269079
_6375_, 37.94, 157.76, 0.0269079
fanout74, 37.94, 157.76, 0.0269079
ANTENNA_fanout74_A, 37.94, 157.76, 0.0269079
FILLER_0_54_80, 37.94, 157.76, 0.0269079
_4755_, 50.74, 157.76, 0.0273554
_6364_, 50.74, 157.76, 0.0273554
_6367_, 50.74, 157.76, 0.0273554
_6514_, 50.74, 157.76, 0.0273554
ANTENNA__6364__A, 50.74, 157.76, 0.0273554
ANTENNA__6514__B, 50.74, 157.76, 0.0273554
FILLER_0_54_106, 50.74, 157.76, 0.0273554
FILLER_0_55_103, 50.74, 157.76, 0.0273554
_4756_, 63.54, 157.76, 0.0277872
_6378_, 63.54, 157.76, 0.0277872
_6388_, 63.54, 157.76, 0.0277872
_6390_, 63.54, 157.76, 0.0277872
_6391_, 63.54, 157.76, 0.0277872
_6392_, 63.54, 157.76, 0.0277872
_6395_, 63.54, 157.76, 0.0277872
FILLER_0_54_118, 63.54, 157.76, 0.0277872
FILLER_0_54_126, 63.54, 157.76, 0.0277872
FILLER_0_54_137, 63.54, 157.76, 0.0277872
FILLER_0_55_129, 63.54, 157.76, 0.0277872
_4030_, 76.34, 157.76, 0.0281753
_4031_, 76.34, 157.76, 0.0281753
ANTENNA__4030__B, 76.34, 157.76, 0.0281753
ANTENNA__6378__B1, 76.34, 157.76, 0.0281753
FILLER_0_54_157, 76.34, 157.76, 0.0281753
_4032_, 89.14, 157.76, 0.0285416
_4033_, 89.14, 157.76, 0.0285416
_4035_, 89.14, 157.76, 0.0285416
_4041_, 89.14, 157.76, 0.0285416
_4046_, 89.14, 157.76, 0.0285416
_4047_, 89.14, 157.76, 0.0285416
FILLER_0_54_187, 89.14, 157.76, 0.0285416
FILLER_0_55_193, 89.14, 157.76, 0.0285416
_4049_, 101.94, 157.76, 0.0288738
_4050_, 101.94, 157.76, 0.0288738
_4051_, 101.94, 157.76, 0.0288738
_4052_, 101.94, 157.76, 0.0288738
_4061_, 101.94, 157.76, 0.0288738
clkbuf_leaf_11_clk, 101.94, 157.76, 0.0288738
ANTENNA__4434__S, 101.94, 157.76, 0.0288738
ANTENNA__4051__A, 101.94, 157.76, 0.0288738
FILLER_0_55_217, 101.94, 157.76, 0.0288738
_4070_, 114.74, 157.76, 0.0291357
_4071_, 114.74, 157.76, 0.0291357
_7009_, 114.74, 157.76, 0.0291357
hold487, 114.74, 157.76, 0.0291357
ANTENNA__4052__A2, 114.74, 157.76, 0.0291357
ANTENNA__4440__B2, 114.74, 157.76, 0.0291357
ANTENNA__4071__B1, 114.74, 157.76, 0.0291357
FILLER_0_54_226, 114.74, 157.76, 0.0291357
FILLER_0_54_240, 114.74, 157.76, 0.0291357
_4069_, 127.54, 157.76, 0.0293692
_4077_, 127.54, 157.76, 0.0293692
_4078_, 127.54, 157.76, 0.0293692
_4079_, 127.54, 157.76, 0.0293692
clkbuf_leaf_12_clk, 127.54, 157.76, 0.0293692
ANTENNA__4079__A1, 127.54, 157.76, 0.0293692
ANTENNA__7086__RESET_B, 127.54, 157.76, 0.0293692
ANTENNA__7014__RESET_B, 127.54, 157.76, 0.0293692
ANTENNA__7012__RESET_B, 127.54, 157.76, 0.0293692
ANTENNA__7085__RESET_B, 127.54, 157.76, 0.0293692
FILLER_0_53_255, 127.54, 157.76, 0.0293692
FILLER_0_54_258, 127.54, 157.76, 0.0293692
FILLER_0_55_266, 127.54, 157.76, 0.0293692
_4073_, 140.34, 157.76, 0.0295191
_4084_, 140.34, 157.76, 0.0295191
_4443_, 140.34, 157.76, 0.0295191
_7014_, 140.34, 157.76, 0.0295191
hold509, 140.34, 157.76, 0.0295191
ANTENNA__4097__A1, 140.34, 157.76, 0.0295191
ANTENNA__4444__B2, 140.34, 157.76, 0.0295191
FILLER_0_54_282, 140.34, 157.76, 0.0295191
FILLER_0_55_301, 140.34, 157.76, 0.0295191
_3644_, 153.14, 157.76, 0.0296345
_4090_, 153.14, 157.76, 0.0296345
_4097_, 153.14, 157.76, 0.0296345
_4447_, 153.14, 157.76, 0.0296345
hold200, 153.14, 157.76, 0.0296345
hold308, 153.14, 157.76, 0.0296345
ANTENNA__7392__RESET_B, 153.14, 157.76, 0.0296345
ANTENNA__7089__RESET_B, 153.14, 157.76, 0.0296345
FILLER_0_54_309, 153.14, 157.76, 0.0296345
_3447_, 165.94, 157.76, 0.0296365
_4138_, 165.94, 157.76, 0.0296365
_6190_, 165.94, 157.76, 0.0296365
_7393_, 165.94, 157.76, 0.0296365
ANTENNA__3447__A, 165.94, 157.76, 0.0296365
FILLER_0_53_337, 165.94, 157.76, 0.0296365
_3575_, 191.429, 157.76, 0.0299383
_3577_, 191.429, 157.76, 0.0299383
_3643_, 191.429, 157.76, 0.0299383
_4594_, 191.429, 157.76, 0.0299383
_6918_, 191.429, 157.76, 0.0299383
ANTENNA__4438__A, 191.429, 157.76, 0.0299383
ANTENNA_clkbuf_leaf_60_clk_A, 191.429, 157.76, 0.0299383
FILLER_0_53_397, 191.429, 157.76, 0.0299383
_4800_, 204.118, 157.76, 0.0301899
_5199_, 204.118, 157.76, 0.0301899
_5213_, 204.118, 157.76, 0.0301899
ANTENNA__4800__S, 204.118, 157.76, 0.0301899
ANTENNA__3697__B1, 204.118, 157.76, 0.0301899
ANTENNA__7226__RESET_B, 204.118, 157.76, 0.0301899
ANTENNA__6918__RESET_B, 204.118, 157.76, 0.0301899
FILLER_0_54_425, 204.118, 157.76, 0.0301899
FILLER_0_55_441, 204.118, 157.76, 0.0301899
_5203_, 216.807, 157.76, 0.0304226
_5215_, 216.807, 157.76, 0.0304226
_5216_, 216.807, 157.76, 0.0304226
_5231_, 216.807, 157.76, 0.0304226
_5232_, 216.807, 157.76, 0.0304226
ANTENNA__5210__B1, 216.807, 157.76, 0.0304226
FILLER_0_53_452, 216.807, 157.76, 0.0304226
FILLER_0_53_457, 216.807, 157.76, 0.0304226
FILLER_0_54_457, 216.807, 157.76, 0.0304226
FILLER_0_55_469, 216.807, 157.76, 0.0304226
_4809_, 229.496, 157.76, 0.0306389
_5225_, 229.496, 157.76, 0.0306389
_5226_, 229.496, 157.76, 0.0306389
_5227_, 229.496, 157.76, 0.0306389
_5242_, 229.496, 157.76, 0.0306389
ANTENNA__5227__D, 229.496, 157.76, 0.0306389
ANTENNA__5226__B1, 229.496, 157.76, 0.0306389
ANTENNA__7185__RESET_B, 229.496, 157.76, 0.0306389
FILLER_0_54_495, 229.496, 157.76, 0.0306389
_4812_, 242.185, 157.76, 0.0308258
_5240_, 242.185, 157.76, 0.0308258
_5257_, 242.185, 157.76, 0.0308258
ANTENNA__4812__S, 242.185, 157.76, 0.0308258
ANTENNA__5240__B1, 242.185, 157.76, 0.0308258
FILLER_0_53_512, 242.185, 157.76, 0.0308258
FILLER_0_54_524, 242.185, 157.76, 0.0308258
FILLER_0_55_518, 242.185, 157.76, 0.0308258
_5262_, 254.874, 157.76, 0.0309867
_5265_, 254.874, 157.76, 0.0309867
_5268_, 254.874, 157.76, 0.0309867
_5275_, 254.874, 157.76, 0.0309867
hold590, 254.874, 157.76, 0.0309867
ANTENNA__5264__A2, 254.874, 157.76, 0.0309867
FILLER_0_54_533, 254.874, 157.76, 0.0309867
FILLER_0_54_541, 254.874, 157.76, 0.0309867
FILLER_0_54_555, 254.874, 157.76, 0.0309867
_5031_, 267.563, 157.76, 0.0311123
_5970_, 267.563, 157.76, 0.0311123
hold126, 267.563, 157.76, 0.0311123
ANTENNA__5970__B1, 267.563, 157.76, 0.0311123
ANTENNA__5970__A2, 267.563, 157.76, 0.0311123
ANTENNA__7187__RESET_B, 267.563, 157.76, 0.0311123
FILLER_0_53_561, 267.563, 157.76, 0.0311123
FILLER_0_54_578, 267.563, 157.76, 0.0311123
clkbuf_leaf_64_clk, 280.252, 157.76, 0.0312262
hold131, 280.252, 157.76, 0.0312262
hold132, 280.252, 157.76, 0.0312262
hold552, 280.252, 157.76, 0.0312262
_5033_, 292.941, 157.76, 0.0312694
_5035_, 292.941, 157.76, 0.0312694
_5037_, 292.941, 157.76, 0.0312694
_7190_, 292.941, 157.76, 0.0312694
hold71, 292.941, 157.76, 0.0312694
hold72, 292.941, 157.76, 0.0312694
ANTENNA__5033__A2, 292.941, 157.76, 0.0312694
FILLER_0_54_614, 292.941, 157.76, 0.0312694
_5042_, 305.63, 157.76, 0.0312925
_7358_, 305.63, 157.76, 0.0312925
hold90, 305.63, 157.76, 0.0312925
ANTENNA__5197__S, 305.63, 157.76, 0.0312925
FILLER_0_54_645, 305.63, 157.76, 0.0312925
FILLER_0_55_661, 305.63, 157.76, 0.0312925
PHY_102, 5.52, 152.32, 0.0257745
PHY_104, 5.52, 152.32, 0.0257745
output45, 5.52, 152.32, 0.0257745
PHY_103, 318.32, 152.32, 0.0306484
PHY_105, 318.32, 152.32, 0.0306484
ANTENNA__5735__B2, 318.32, 152.32, 0.0306484
_7533_, 15.33, 152.32, 0.0257682
hold145, 15.33, 152.32, 0.0257682
ANTENNA_output45_A, 15.33, 152.32, 0.0257682
FILLER_0_52_25, 15.33, 152.32, 0.0257682
FILLER_0_52_29, 15.33, 152.32, 0.0257682
FILLER_0_53_27, 15.33, 152.32, 0.0257682
_4754_, 37.94, 152.32, 0.0261988
_6366_, 37.94, 152.32, 0.0261988
_6372_, 37.94, 152.32, 0.0261988
_7424_, 37.94, 152.32, 0.0261988
ANTENNA__7424__RESET_B, 37.94, 152.32, 0.0261988
FILLER_0_52_76, 37.94, 152.32, 0.0261988
_6370_, 50.74, 152.32, 0.0266176
_6404_, 50.74, 152.32, 0.0266176
_6405_, 50.74, 152.32, 0.0266176
clkbuf_leaf_7_clk, 50.74, 152.32, 0.0266176
ANTENNA__7431__RESET_B, 50.74, 152.32, 0.0266176
_7431_, 63.54, 152.32, 0.0269657
_7432_, 63.54, 152.32, 0.0269657
hold137, 63.54, 152.32, 0.0269657
hold655, 63.54, 152.32, 0.0269657
ANTENNA_clkbuf_leaf_7_clk_A, 63.54, 152.32, 0.0269657
FILLER_0_51_125, 63.54, 152.32, 0.0269657
_4780_, 76.34, 152.32, 0.0272644
_7143_, 76.34, 152.32, 0.0272644
ANTENNA__7432__RESET_B, 76.34, 152.32, 0.0272644
FILLER_0_52_160, 76.34, 152.32, 0.0272644
FILLER_0_53_159, 76.34, 152.32, 0.0272644
_4039_, 89.14, 152.32, 0.0275473
_4040_, 89.14, 152.32, 0.0275473
_7008_, 89.14, 152.32, 0.0275473
hold661, 89.14, 152.32, 0.0275473
ANTENNA__4039__B1, 89.14, 152.32, 0.0275473
ANTENNA__4040__A2, 89.14, 152.32, 0.0275473
FILLER_0_52_168, 89.14, 152.32, 0.0275473
_4038_, 101.94, 152.32, 0.0277904
_4043_, 101.94, 152.32, 0.0277904
_4045_, 101.94, 152.32, 0.0277904
_4055_, 101.94, 152.32, 0.0277904
ANTENNA__4072__B2, 101.94, 152.32, 0.0277904
ANTENNA__4043__A, 101.94, 152.32, 0.0277904
ANTENNA_clkbuf_leaf_11_clk_A, 101.94, 152.32, 0.0277904
FILLER_0_52_202, 101.94, 152.32, 0.0277904
_4065_, 114.74, 152.32, 0.0280022
_4068_, 114.74, 152.32, 0.0280022
_4072_, 114.74, 152.32, 0.0280022
_7011_, 114.74, 152.32, 0.0280022
ANTENNA__4065__A, 114.74, 152.32, 0.0280022
ANTENNA_clkbuf_leaf_12_clk_A, 114.74, 152.32, 0.0280022
ANTENNA__7009__RESET_B, 114.74, 152.32, 0.0280022
FILLER_0_51_225, 114.74, 152.32, 0.0280022
FILLER_0_52_227, 114.74, 152.32, 0.0280022
FILLER_0_52_244, 114.74, 152.32, 0.0280022
FILLER_0_53_245, 114.74, 152.32, 0.0280022
_4067_, 127.54, 152.32, 0.0281841
_4076_, 127.54, 152.32, 0.0281841
_4080_, 127.54, 152.32, 0.0281841
_4081_, 127.54, 152.32, 0.0281841
hold744, 127.54, 152.32, 0.0281841
FILLER_0_52_279, 127.54, 152.32, 0.0281841
_4083_, 140.34, 152.32, 0.0283323
_4085_, 140.34, 152.32, 0.0283323
_4086_, 140.34, 152.32, 0.0283323
_4087_, 140.34, 152.32, 0.0283323
_4088_, 140.34, 152.32, 0.0283323
_4089_, 140.34, 152.32, 0.0283323
_4091_, 140.34, 152.32, 0.0283323
_4095_, 140.34, 152.32, 0.0283323
ANTENNA__4097__B1, 140.34, 152.32, 0.0283323
ANTENNA__4444__A2, 140.34, 152.32, 0.0283323
FILLER_0_52_301, 140.34, 152.32, 0.0283323
FILLER_0_53_294, 140.34, 152.32, 0.0283323
_4092_, 153.14, 152.32, 0.0284468
_4093_, 153.14, 152.32, 0.0284468
_4096_, 153.14, 152.32, 0.0284468
_4099_, 153.14, 152.32, 0.0284468
_4448_, 153.14, 152.32, 0.0284468
_7391_, 153.14, 152.32, 0.0284468
ANTENNA__4447__S, 153.14, 152.32, 0.0284468
ANTENNA__4090__B, 153.14, 152.32, 0.0284468
ANTENNA__4448__B2, 153.14, 152.32, 0.0284468
FILLER_0_52_320, 153.14, 152.32, 0.0284468
_3454_, 165.94, 152.32, 0.0285232
ANTENNA__7393__RESET_B, 165.94, 152.32, 0.0285232
FILLER_0_51_337, 165.94, 152.32, 0.0285232
_3548_, 191.429, 152.32, 0.0289248
_3550_, 191.429, 152.32, 0.0289248
_3576_, 191.429, 152.32, 0.0289248
_3578_, 191.429, 152.32, 0.0289248
_3579_, 191.429, 152.32, 0.0289248
_6919_, 191.429, 152.32, 0.0289248
ANTENNA__3584__A1, 191.429, 152.32, 0.0289248
FILLER_0_52_417, 191.429, 152.32, 0.0289248
_5202_, 204.118, 152.32, 0.0292293
_5205_, 204.118, 152.32, 0.0292293
_5211_, 204.118, 152.32, 0.0292293
_7226_, 204.118, 152.32, 0.0292293
hold294, 204.118, 152.32, 0.0292293
ANTENNA__5213__B1_N, 204.118, 152.32, 0.0292293
ANTENNA__5205__B, 204.118, 152.32, 0.0292293
FILLER_0_51_420, 204.118, 152.32, 0.0292293
_5206_, 216.807, 152.32, 0.0295027
_5209_, 216.807, 152.32, 0.0295027
_5210_, 216.807, 152.32, 0.0295027
_5212_, 216.807, 152.32, 0.0295027
_5214_, 216.807, 152.32, 0.0295027
hold357, 216.807, 152.32, 0.0295027
ANTENNA__5210__A1, 216.807, 152.32, 0.0295027
ANTENNA__5214__B, 216.807, 152.32, 0.0295027
ANTENNA_clkbuf_leaf_61_clk_A, 216.807, 152.32, 0.0295027
FILLER_0_52_473, 216.807, 152.32, 0.0295027
FILLER_0_53_468, 216.807, 152.32, 0.0295027
_5239_, 229.496, 152.32, 0.0297452
_5241_, 229.496, 152.32, 0.0297452
hold432, 229.496, 152.32, 0.0297452
ANTENNA__4803__S, 229.496, 152.32, 0.0297452
ANTENNA__5180__A, 229.496, 152.32, 0.0297452
ANTENNA__5020__B1, 229.496, 152.32, 0.0297452
ANTENNA__5020__A2, 229.496, 152.32, 0.0297452
ANTENNA__5241__D, 229.496, 152.32, 0.0297452
FILLER_0_52_485, 229.496, 152.32, 0.0297452
FILLER_0_53_498, 229.496, 152.32, 0.0297452
_5252_, 242.185, 152.32, 0.0299772
_5253_, 242.185, 152.32, 0.0299772
_5254_, 242.185, 152.32, 0.0299772
_5261_, 242.185, 152.32, 0.0299772
_5267_, 242.185, 152.32, 0.0299772
ANTENNA__5261__A2, 242.185, 152.32, 0.0299772
ANTENNA__5251__B, 242.185, 152.32, 0.0299772
FILLER_0_52_506, 242.185, 152.32, 0.0299772
_7231_, 254.874, 152.32, 0.0301732
_7351_, 254.874, 152.32, 0.0301732
ANTENNA__5958__B1, 254.874, 152.32, 0.0301732
ANTENNA__5959__A2, 254.874, 152.32, 0.0301732
ANTENNA__7231__RESET_B, 254.874, 152.32, 0.0301732
ANTENNA__7351__RESET_B, 254.874, 152.32, 0.0301732
FILLER_0_53_544, 254.874, 152.32, 0.0301732
FILLER_0_53_553, 254.874, 152.32, 0.0301732
_5957_, 267.563, 152.32, 0.0303347
_7352_, 267.563, 152.32, 0.0303347
hold678, 267.563, 152.32, 0.0303347
ANTENNA__5031__B2, 267.563, 152.32, 0.0303347
ANTENNA__5031__A2, 267.563, 152.32, 0.0303347
ANTENNA__7352__RESET_B, 267.563, 152.32, 0.0303347
FILLER_0_52_573, 267.563, 152.32, 0.0303347
FILLER_0_52_583, 267.563, 152.32, 0.0303347
_7353_, 280.252, 152.32, 0.0304705
hold554, 280.252, 152.32, 0.0304705
ANTENNA_clkbuf_leaf_64_clk_A, 280.252, 152.32, 0.0304705
_5036_, 292.941, 152.32, 0.0305803
_6000_, 292.941, 152.32, 0.0305803
_6002_, 292.941, 152.32, 0.0305803
_7313_, 292.941, 152.32, 0.0305803
_7355_, 292.941, 152.32, 0.0305803
ANTENNA__5033__B2, 292.941, 152.32, 0.0305803
ANTENNA__7353__RESET_B, 292.941, 152.32, 0.0305803
_5735_, 305.63, 152.32, 0.0306484
_6022_, 305.63, 152.32, 0.0306484
clkbuf_leaf_65_clk, 305.63, 152.32, 0.0306484
hold76, 305.63, 152.32, 0.0306484
hold362, 305.63, 152.32, 0.0306484
ANTENNA__6002__B1, 305.63, 152.32, 0.0306484
ANTENNA__7313__RESET_B, 305.63, 152.32, 0.0306484
ANTENNA__7191__RESET_B, 305.63, 152.32, 0.0306484
ANTENNA__7192__RESET_B, 305.63, 152.32, 0.0306484
FILLER_0_51_645, 305.63, 152.32, 0.0306484
FILLER_0_52_652, 305.63, 152.32, 0.0306484
_7538_, 5.52, 146.88, 0.0250494
PHY_98, 5.52, 146.88, 0.0250494
PHY_100, 5.52, 146.88, 0.0250494
FILLER_0_51_3, 5.52, 146.88, 0.0250494
_6015_, 318.32, 146.88, 0.0303789
PHY_99, 318.32, 146.88, 0.0303789
PHY_101, 318.32, 146.88, 0.0303789
ANTENNA_input34_A, 318.32, 146.88, 0.0303789
ANTENNA__7358__RESET_B, 318.32, 146.88, 0.0303789
_6616_, 15.33, 146.88, 0.025039
_6625_, 15.33, 146.88, 0.025039
ANTENNA__6625__S, 15.33, 146.88, 0.025039
FILLER_0_49_21, 15.33, 146.88, 0.025039
FILLER_0_50_21, 15.33, 146.88, 0.025039
_6487_, 37.94, 146.88, 0.0254511
_6599_, 37.94, 146.88, 0.0254511
_7494_, 37.94, 146.88, 0.0254511
ANTENNA__6531__A1, 37.94, 146.88, 0.0254511
ANTENNA__6502__A1, 37.94, 146.88, 0.0254511
ANTENNA__6512__S, 37.94, 146.88, 0.0254511
FILLER_0_50_66, 37.94, 146.88, 0.0254511
FILLER_0_50_71, 37.94, 146.88, 0.0254511
_4757_, 50.74, 146.88, 0.0258655
_6371_, 50.74, 146.88, 0.0258655
_6515_, 50.74, 146.88, 0.0258655
_6516_, 50.74, 146.88, 0.0258655
_6571_, 50.74, 146.88, 0.0258655
_6600_, 50.74, 146.88, 0.0258655
_7520_, 50.74, 146.88, 0.0258655
_6587_, 63.54, 146.88, 0.0262545
_6597_, 63.54, 146.88, 0.0262545
_7525_, 63.54, 146.88, 0.0262545
hold175, 63.54, 146.88, 0.0262545
ANTENNA__4779__S, 63.54, 146.88, 0.0262545
FILLER_0_50_134, 63.54, 146.88, 0.0262545
_4779_, 76.34, 146.88, 0.0266178
_4795_, 76.34, 146.88, 0.0266178
clkbuf_leaf_8_clk, 76.34, 146.88, 0.0266178
hold220, 76.34, 146.88, 0.0266178
hold239, 76.34, 146.88, 0.0266178
ANTENNA__4779__A0, 76.34, 146.88, 0.0266178
ANTENNA__7008__RESET_B, 76.34, 146.88, 0.0266178
FILLER_0_50_141, 76.34, 146.88, 0.0266178
FILLER_0_50_164, 76.34, 146.88, 0.0266178
FILLER_0_51_165, 76.34, 146.88, 0.0266178
_3799_, 89.14, 146.88, 0.0269151
_4048_, 89.14, 146.88, 0.0269151
_4053_, 89.14, 146.88, 0.0269151
_6963_, 89.14, 146.88, 0.0269151
ANTENNA__3799__B1, 89.14, 146.88, 0.0269151
ANTENNA__3799__A2, 89.14, 146.88, 0.0269151
ANTENNA_load_slew8_A, 89.14, 146.88, 0.0269151
ANTENNA__6963__RESET_B, 89.14, 146.88, 0.0269151
FILLER_0_49_169, 89.14, 146.88, 0.0269151
FILLER_0_50_169, 89.14, 146.88, 0.0269151
_4042_, 101.94, 146.88, 0.0271666
_4044_, 101.94, 146.88, 0.0271666
_4054_, 101.94, 146.88, 0.0271666
_4056_, 101.94, 146.88, 0.0271666
_4057_, 101.94, 146.88, 0.0271666
_4063_, 101.94, 146.88, 0.0271666
ANTENNA__4054__A, 101.94, 146.88, 0.0271666
ANTENNA__4044__A1, 101.94, 146.88, 0.0271666
FILLER_0_50_197, 101.94, 146.88, 0.0271666
FILLER_0_50_211, 101.94, 146.88, 0.0271666
_4066_, 114.74, 146.88, 0.0273909
_4436_, 114.74, 146.88, 0.0273909
ANTENNA__3798__S, 114.74, 146.88, 0.0273909
ANTENNA__4441__S, 114.74, 146.88, 0.0273909
ANTENNA__4436__S, 114.74, 146.88, 0.0273909
ANTENNA__4068__C, 114.74, 146.88, 0.0273909
ANTENNA__4067__A1, 114.74, 146.88, 0.0273909
ANTENNA__4066__A, 114.74, 146.88, 0.0273909
ANTENNA__7011__RESET_B, 114.74, 146.88, 0.0273909
FILLER_0_49_225, 114.74, 146.88, 0.0273909
FILLER_0_50_226, 114.74, 146.88, 0.0273909
_4074_, 127.54, 146.88, 0.0276064
_4075_, 127.54, 146.88, 0.0276064
_4439_, 127.54, 146.88, 0.0276064
_4441_, 127.54, 146.88, 0.0276064
ANTENNA__4089__B2, 127.54, 146.88, 0.0276064
ANTENNA__4079__B1, 127.54, 146.88, 0.0276064
ANTENNA__4080__B1, 127.54, 146.88, 0.0276064
ANTENNA__4074__A, 127.54, 146.88, 0.0276064
FILLER_0_50_262, 127.54, 146.88, 0.0276064
FILLER_0_50_269, 127.54, 146.88, 0.0276064
FILLER_0_50_275, 127.54, 146.88, 0.0276064
FILLER_0_51_273, 127.54, 146.88, 0.0276064
_4082_, 140.34, 146.88, 0.0278043
_4098_, 140.34, 146.88, 0.0278043
_7013_, 140.34, 146.88, 0.0278043
hold703, 140.34, 146.88, 0.0278043
ANTENNA__4088__B1, 140.34, 146.88, 0.0278043
ANTENNA__4098__B1, 140.34, 146.88, 0.0278043
ANTENNA__4083__A, 140.34, 146.88, 0.0278043
ANTENNA__4082__A, 140.34, 146.88, 0.0278043
ANTENNA__4073__A, 140.34, 146.88, 0.0278043
FILLER_0_50_288, 140.34, 146.88, 0.0278043
_4094_, 153.14, 146.88, 0.027971
_4100_, 153.14, 146.88, 0.027971
_7015_, 153.14, 146.88, 0.027971
clkbuf_leaf_83_clk, 153.14, 146.88, 0.027971
ANTENNA__4102__B1, 153.14, 146.88, 0.027971
ANTENNA__4091__A_N, 153.14, 146.88, 0.027971
ANTENNA__4448__A2, 153.14, 146.88, 0.027971
ANTENNA_clkbuf_leaf_83_clk_A, 153.14, 146.88, 0.027971
ANTENNA__7391__RESET_B, 153.14, 146.88, 0.027971
FILLER_0_51_323, 153.14, 146.88, 0.027971
FILLER_0_51_330, 153.14, 146.88, 0.027971
_4449_, 165.94, 146.88, 0.0280531
hold360, 165.94, 146.88, 0.0280531
ANTENNA__7391__D, 165.94, 146.88, 0.0280531
ANTENNA__7015__RESET_B, 165.94, 146.88, 0.0280531
FILLER_0_51_352, 165.94, 146.88, 0.0280531
FILLER_0_51_360, 165.94, 146.88, 0.0280531
_3590_, 191.429, 146.88, 0.0285657
_3591_, 191.429, 146.88, 0.0285657
_6922_, 191.429, 146.88, 0.0285657
hold245, 191.429, 146.88, 0.0285657
ANTENNA__3582__A1, 191.429, 146.88, 0.0285657
ANTENNA__6633__A0, 191.429, 146.88, 0.0285657
ANTENNA_load_slew4_A, 191.429, 146.88, 0.0285657
ANTENNA__6921__RESET_B, 191.429, 146.88, 0.0285657
_5200_, 204.118, 146.88, 0.028991
_5201_, 204.118, 146.88, 0.028991
_5207_, 204.118, 146.88, 0.028991
clkbuf_leaf_61_clk, 204.118, 146.88, 0.028991
ANTENNA__6633__S, 204.118, 146.88, 0.028991
ANTENNA__5202__A1, 204.118, 146.88, 0.028991
ANTENNA__6633__A1, 204.118, 146.88, 0.028991
ANTENNA__7224__RESET_B, 204.118, 146.88, 0.028991
_4803_, 216.807, 146.88, 0.0293525
_5208_, 216.807, 146.88, 0.0293525
_7227_, 216.807, 146.88, 0.0293525
ANTENNA__4993__B1, 216.807, 146.88, 0.0293525
ANTENNA__4993__A1, 216.807, 146.88, 0.0293525
ANTENNA__4993__A2, 216.807, 146.88, 0.0293525
ANTENNA__5202__B1, 216.807, 146.88, 0.0293525
FILLER_0_49_453, 216.807, 146.88, 0.0293525
FILLER_0_50_473, 216.807, 146.88, 0.0293525
_5020_, 229.496, 146.88, 0.0296788
_5180_, 229.496, 146.88, 0.0296788
_5251_, 229.496, 146.88, 0.0296788
_7185_, 229.496, 146.88, 0.0296788
hold433, 229.496, 146.88, 0.0296788
ANTENNA__7227__RESET_B, 229.496, 146.88, 0.0296788
ANTENNA__7182__RESET_B, 229.496, 146.88, 0.0296788
_4815_, 242.185, 146.88, 0.0298796
_5266_, 242.185, 146.88, 0.0298796
hold600, 242.185, 146.88, 0.0298796
ANTENNA__4815__S, 242.185, 146.88, 0.0298796
ANTENNA__4613__A, 242.185, 146.88, 0.0298796
ANTENNA__5029__B1, 242.185, 146.88, 0.0298796
ANTENNA__5029__A2, 242.185, 146.88, 0.0298796
FILLER_0_49_505, 242.185, 146.88, 0.0298796
FILLER_0_50_528, 242.185, 146.88, 0.0298796
_5947_, 254.874, 146.88, 0.0300599
_5955_, 254.874, 146.88, 0.0300599
_5956_, 254.874, 146.88, 0.0300599
_5958_, 254.874, 146.88, 0.0300599
_5959_, 254.874, 146.88, 0.0300599
_5968_, 254.874, 146.88, 0.0300599
ANTENNA__5948__A1, 254.874, 146.88, 0.0300599
FILLER_0_50_545, 254.874, 146.88, 0.0300599
_5969_, 267.563, 146.88, 0.0301904
_5971_, 267.563, 146.88, 0.0301904
_5972_, 267.563, 146.88, 0.0301904
_5979_, 267.563, 146.88, 0.0301904
_5981_, 267.563, 146.88, 0.0301904
_5982_, 267.563, 146.88, 0.0301904
ANTENNA__5981__B1, 267.563, 146.88, 0.0301904
ANTENNA__5981__A1, 267.563, 146.88, 0.0301904
FILLER_0_49_557, 267.563, 146.88, 0.0301904
FILLER_0_50_577, 267.563, 146.88, 0.0301904
FILLER_0_50_583, 267.563, 146.88, 0.0301904
FILLER_0_51_571, 267.563, 146.88, 0.0301904
_5032_, 280.252, 146.88, 0.0302739
_5973_, 280.252, 146.88, 0.0302739
_5975_, 280.252, 146.88, 0.0302739
_5977_, 280.252, 146.88, 0.0302739
_5980_, 280.252, 146.88, 0.0302739
_5990_, 280.252, 146.88, 0.0302739
ANTENNA__6002__A1, 280.252, 146.88, 0.0302739
ANTENNA__5975__B, 280.252, 146.88, 0.0302739
FILLER_0_49_594, 280.252, 146.88, 0.0302739
FILLER_0_50_600, 280.252, 146.88, 0.0302739
_5996_, 292.941, 146.88, 0.0303387
_6001_, 292.941, 146.88, 0.0303387
_6004_, 292.941, 146.88, 0.0303387
hold526, 292.941, 146.88, 0.0303387
ANTENNA__5032__S, 292.941, 146.88, 0.0303387
ANTENNA__5037__B2, 292.941, 146.88, 0.0303387
ANTENNA__5035__B2, 292.941, 146.88, 0.0303387
ANTENNA__5035__A2, 292.941, 146.88, 0.0303387
ANTENNA__7355__RESET_B, 292.941, 146.88, 0.0303387
_6005_, 305.63, 146.88, 0.0303718
_6006_, 305.63, 146.88, 0.0303718
_6007_, 305.63, 146.88, 0.0303718
_6021_, 305.63, 146.88, 0.0303718
_6023_, 305.63, 146.88, 0.0303718
ANTENNA__5036__S, 305.63, 146.88, 0.0303718
ANTENNA__5735__A2, 305.63, 146.88, 0.0303718
ANTENNA__5996__B, 305.63, 146.88, 0.0303718
FILLER_0_49_647, 305.63, 146.88, 0.0303718
FILLER_0_50_653, 305.63, 146.88, 0.0303718
_6626_, 5.52, 141.44, 0.0243774
_7512_, 5.52, 141.44, 0.0243774
PHY_94, 5.52, 141.44, 0.0243774
PHY_96, 5.52, 141.44, 0.0243774
ANTENNA__6625__A1, 5.52, 141.44, 0.0243774
FILLER_0_49_3, 5.52, 141.44, 0.0243774
_6014_, 318.32, 141.44, 0.030595
PHY_95, 318.32, 141.44, 0.030595
PHY_97, 318.32, 141.44, 0.030595
ANTENNA__6023__B1, 318.32, 141.44, 0.030595
_6569_, 15.33, 141.44, 0.0243681
_7473_, 15.33, 141.44, 0.0243681
_7486_, 15.33, 141.44, 0.0243681
hold174, 15.33, 141.44, 0.0243681
ANTENNA__6569__S, 15.33, 141.44, 0.0243681
FILLER_0_48_29, 15.33, 141.44, 0.0243681
_6369_, 37.94, 141.44, 0.0247384
_6460_, 37.94, 141.44, 0.0247384
_6531_, 37.94, 141.44, 0.0247384
_7499_, 37.94, 141.44, 0.0247384
hold186, 37.94, 141.44, 0.0247384
_6406_, 50.74, 141.44, 0.0251221
_6543_, 50.74, 141.44, 0.0251221
_6572_, 50.74, 141.44, 0.0251221
_6588_, 50.74, 141.44, 0.0251221
ANTENNA__6531__S, 50.74, 141.44, 0.0251221
ANTENNA__6597__S, 50.74, 141.44, 0.0251221
ANTENNA__6587__S, 50.74, 141.44, 0.0251221
FILLER_0_47_96, 50.74, 141.44, 0.0251221
FILLER_0_48_89, 50.74, 141.44, 0.0251221
_6432_, 63.54, 141.44, 0.0255008
_6598_, 63.54, 141.44, 0.0255008
_7428_, 63.54, 141.44, 0.0255008
hold672, 63.54, 141.44, 0.0255008
ANTENNA__6587__A1, 63.54, 141.44, 0.0255008
ANTENNA__6597__A1, 63.54, 141.44, 0.0255008
ANTENNA__6431__A1, 63.54, 141.44, 0.0255008
ANTENNA_clkbuf_leaf_8_clk_A, 63.54, 141.44, 0.0255008
FILLER_0_48_129, 63.54, 141.44, 0.0255008
FILLER_0_48_134, 63.54, 141.44, 0.0255008
FILLER_0_49_139, 63.54, 141.44, 0.0255008
_6431_, 76.34, 141.44, 0.0258475
_7148_, 76.34, 141.44, 0.0258475
_7447_, 76.34, 141.44, 0.0258475
FILLER_0_49_165, 76.34, 141.44, 0.0258475
_6931_, 89.14, 141.44, 0.0261712
hold307, 89.14, 141.44, 0.0261712
hold700, 89.14, 141.44, 0.0261712
load_slew8, 89.14, 141.44, 0.0261712
ANTENNA__7010__RESET_B, 89.14, 141.44, 0.0261712
_4058_, 101.94, 141.44, 0.026451
_6964_, 101.94, 141.44, 0.026451
_7010_, 101.94, 141.44, 0.026451
hold709, 101.94, 141.44, 0.026451
FILLER_0_47_208, 101.94, 141.44, 0.026451
FILLER_0_49_221, 101.94, 141.44, 0.026451
_3798_, 114.74, 141.44, 0.026685
_3801_, 114.74, 141.44, 0.026685
_6966_, 114.74, 141.44, 0.026685
hold59, 114.74, 141.44, 0.026685
FILLER_0_47_234, 114.74, 141.44, 0.026685
_3805_, 127.54, 141.44, 0.0268997
_6965_, 127.54, 141.44, 0.0268997
hold62, 127.54, 141.44, 0.0268997
load_slew7, 127.54, 141.44, 0.0268997
ANTENNA__4439__S, 127.54, 141.44, 0.0268997
ANTENNA__3805__B2, 127.54, 141.44, 0.0268997
ANTENNA__7013__RESET_B, 127.54, 141.44, 0.0268997
_3807_, 140.34, 141.44, 0.027095
_3810_, 140.34, 141.44, 0.027095
hold108, 140.34, 141.44, 0.027095
ANTENNA__4443__S, 140.34, 141.44, 0.027095
ANTENNA__3810__A2, 140.34, 141.44, 0.027095
ANTENNA__3810__B2, 140.34, 141.44, 0.027095
ANTENNA__3807__B2, 140.34, 141.44, 0.027095
ANTENNA__6968__RESET_B, 140.34, 141.44, 0.027095
FILLER_0_48_281, 140.34, 141.44, 0.027095
FILLER_0_48_305, 140.34, 141.44, 0.027095
FILLER_0_49_301, 140.34, 141.44, 0.027095
_4102_, 153.14, 141.44, 0.0272896
_4445_, 153.14, 141.44, 0.0272896
_6969_, 153.14, 141.44, 0.0272896
hold46, 153.14, 141.44, 0.0272896
hold122, 153.14, 141.44, 0.0272896
ANTENNA__4102__A2, 153.14, 141.44, 0.0272896
_3814_, 165.94, 141.44, 0.0274625
_6920_, 165.94, 141.44, 0.0274625
_6970_, 165.94, 141.44, 0.0274625
hold97, 165.94, 141.44, 0.0274625
ANTENNA__3814__A2, 165.94, 141.44, 0.0274625
ANTENNA__3814__B2, 165.94, 141.44, 0.0274625
ANTENNA__6970__RESET_B, 165.94, 141.44, 0.0274625
FILLER_0_48_338, 165.94, 141.44, 0.0274625
_6633_, 191.429, 141.44, 0.0282014
_7224_, 191.429, 141.44, 0.0282014
_7225_, 191.429, 141.44, 0.0282014
hold15, 191.429, 141.44, 0.0282014
ANTENNA__3971__A, 191.429, 141.44, 0.0282014
ANTENNA__6922__RESET_B, 191.429, 141.44, 0.0282014
_4993_, 204.118, 141.44, 0.0287314
_5204_, 204.118, 141.44, 0.0287314
_7181_, 204.118, 141.44, 0.0287314
_7182_, 204.118, 141.44, 0.0287314
FILLER_0_48_421, 204.118, 141.44, 0.0287314
_3494_, 216.807, 141.44, 0.0291743
_7183_, 216.807, 141.44, 0.0291743
_5019_, 229.496, 141.44, 0.0295687
_5029_, 229.496, 141.44, 0.0295687
_7184_, 229.496, 141.44, 0.0295687
_7186_, 229.496, 141.44, 0.0295687
hold478, 229.496, 141.44, 0.0295687
ANTENNA__3494__A, 229.496, 141.44, 0.0295687
_4613_, 242.185, 141.44, 0.0299067
_5028_, 242.185, 141.44, 0.0299067
_7350_, 242.185, 141.44, 0.0299067
ANTENNA__5029__A1, 242.185, 141.44, 0.0299067
ANTENNA__5020__A1, 242.185, 141.44, 0.0299067
ANTENNA__5019__A, 242.185, 141.44, 0.0299067
ANTENNA__7186__RESET_B, 242.185, 141.44, 0.0299067
FILLER_0_47_510, 242.185, 141.44, 0.0299067
_5943_, 254.874, 141.44, 0.0301339
_5944_, 254.874, 141.44, 0.0301339
_5946_, 254.874, 141.44, 0.0301339
_5948_, 254.874, 141.44, 0.0301339
hold319, 254.874, 141.44, 0.0301339
ANTENNA__5948__B1, 254.874, 141.44, 0.0301339
ANTENNA__7350__RESET_B, 254.874, 141.44, 0.0301339
FILLER_0_48_554, 254.874, 141.44, 0.0301339
_5966_, 267.563, 141.44, 0.0303157
_5967_, 267.563, 141.44, 0.0303157
_5978_, 267.563, 141.44, 0.0303157
_5985_, 267.563, 141.44, 0.0303157
_5986_, 267.563, 141.44, 0.0303157
ANTENNA__5962__A2, 267.563, 141.44, 0.0303157
FILLER_0_47_557, 267.563, 141.44, 0.0303157
FILLER_0_47_561, 267.563, 141.44, 0.0303157
FILLER_0_48_563, 267.563, 141.44, 0.0303157
FILLER_0_48_576, 267.563, 141.44, 0.0303157
_5974_, 280.252, 141.44, 0.0304532
_5976_, 280.252, 141.44, 0.0304532
_5991_, 280.252, 141.44, 0.0304532
_5992_, 280.252, 141.44, 0.0304532
_5993_, 280.252, 141.44, 0.0304532
_5994_, 280.252, 141.44, 0.0304532
_6003_, 280.252, 141.44, 0.0304532
ANTENNA__5994__B1, 280.252, 141.44, 0.0304532
FILLER_0_48_589, 280.252, 141.44, 0.0304532
_5987_, 292.941, 141.44, 0.0305487
_5988_, 292.941, 141.44, 0.0305487
_5989_, 292.941, 141.44, 0.0305487
_5997_, 292.941, 141.44, 0.0305487
_5998_, 292.941, 141.44, 0.0305487
_5999_, 292.941, 141.44, 0.0305487
_6008_, 292.941, 141.44, 0.0305487
_6019_, 292.941, 141.44, 0.0305487
_6020_, 292.941, 141.44, 0.0305487
ANTENNA__6003__B1, 292.941, 141.44, 0.0305487
_6012_, 305.63, 141.44, 0.0305915
_6013_, 305.63, 141.44, 0.0305915
_6016_, 305.63, 141.44, 0.0305915
_6017_, 305.63, 141.44, 0.0305915
_6018_, 305.63, 141.44, 0.0305915
ANTENNA__6023__A2, 305.63, 141.44, 0.0305915
ANTENNA__6005__B, 305.63, 141.44, 0.0305915
ANTENNA_clkbuf_leaf_65_clk_A, 305.63, 141.44, 0.0305915
FILLER_0_47_639, 305.63, 141.44, 0.0305915
FILLER_0_48_641, 305.63, 141.44, 0.0305915
FILLER_0_48_660, 305.63, 141.44, 0.0305915
_6458_, 5.52, 136, 0.023665
_6570_, 5.52, 136, 0.023665
PHY_90, 5.52, 136, 0.023665
PHY_92, 5.52, 136, 0.023665
ANTENNA__6458__A1, 5.52, 136, 0.023665
FILLER_0_46_3, 5.52, 136, 0.023665
FILLER_0_47_3, 5.52, 136, 0.023665
FILLER_0_47_9, 5.52, 136, 0.023665
PHY_91, 318.32, 136, 0.0289327
PHY_93, 318.32, 136, 0.0289327
input21, 318.32, 136, 0.0289327
ANTENNA__5040__S, 318.32, 136, 0.0289327
_6485_, 15.33, 136, 0.0236642
_6486_, 15.33, 136, 0.0236642
hold187, 15.33, 136, 0.0236642
FILLER_0_45_19, 15.33, 136, 0.0236642
_6433_, 37.94, 136, 0.0241276
_6541_, 37.94, 136, 0.0241276
_6544_, 37.94, 136, 0.0241276
_7455_, 37.94, 136, 0.0241276
hold195, 37.94, 136, 0.0241276
FILLER_0_46_81, 37.94, 136, 0.0241276
_6382_, 50.74, 136, 0.0245837
_6384_, 50.74, 136, 0.0245837
_7429_, 50.74, 136, 0.0245837
hold326, 50.74, 136, 0.0245837
ANTENNA__6541__S, 50.74, 136, 0.0245837
ANTENNA__7428__RESET_B, 50.74, 136, 0.0245837
FILLER_0_45_97, 50.74, 136, 0.0245837
_6380_, 63.54, 136, 0.0250051
_6383_, 63.54, 136, 0.0250051
_6385_, 63.54, 136, 0.0250051
_6422_, 63.54, 136, 0.0250051
_7427_, 63.54, 136, 0.0250051
ANTENNA__7427__RESET_B, 63.54, 136, 0.0250051
FILLER_0_45_122, 63.54, 136, 0.0250051
_3615_, 76.34, 136, 0.0253876
_4794_, 76.34, 136, 0.0253876
_6421_, 76.34, 136, 0.0253876
_7442_, 76.34, 136, 0.0253876
hold205, 76.34, 136, 0.0253876
ANTENNA__4794__S, 76.34, 136, 0.0253876
_3616_, 89.14, 136, 0.025751
_6977_, 89.14, 136, 0.025751
hold736, 89.14, 136, 0.025751
ANTENNA__3616__B1, 89.14, 136, 0.025751
ANTENNA__6931__RESET_B, 89.14, 136, 0.025751
FILLER_0_45_176, 89.14, 136, 0.025751
FILLER_0_46_168, 89.14, 136, 0.025751
_3863_, 101.94, 136, 0.0260839
_3864_, 101.94, 136, 0.0260839
_3873_, 101.94, 136, 0.0260839
_6637_, 101.94, 136, 0.0260839
clkbuf_leaf_10_clk, 101.94, 136, 0.0260839
ANTENNA__3798__A0, 101.94, 136, 0.0260839
ANTENNA__6637__S, 101.94, 136, 0.0260839
ANTENNA__4058__B1, 101.94, 136, 0.0260839
ANTENNA__6637__A1, 101.94, 136, 0.0260839
ANTENNA__6964__RESET_B, 101.94, 136, 0.0260839
ANTENNA_clkbuf_leaf_10_clk_A, 101.94, 136, 0.0260839
FILLER_0_46_197, 101.94, 136, 0.0260839
_6980_, 114.74, 136, 0.0263421
ANTENNA__3803__A2, 114.74, 136, 0.0263421
ANTENNA__3801__A2, 114.74, 136, 0.0263421
ANTENNA__3801__B2, 114.74, 136, 0.0263421
ANTENNA_load_slew7_A, 114.74, 136, 0.0263421
ANTENNA__6966__RESET_B, 114.74, 136, 0.0263421
FILLER_0_45_225, 114.74, 136, 0.0263421
FILLER_0_46_239, 114.74, 136, 0.0263421
_3802_, 127.54, 136, 0.0265801
_3803_, 127.54, 136, 0.0265801
_4778_, 127.54, 136, 0.0265801
hold83, 127.54, 136, 0.0265801
ANTENNA__3802__S, 127.54, 136, 0.0265801
ANTENNA__3807__A2, 127.54, 136, 0.0265801
ANTENNA__3805__A2, 127.54, 136, 0.0265801
ANTENNA__3803__B2, 127.54, 136, 0.0265801
FILLER_0_46_253, 127.54, 136, 0.0265801
FILLER_0_46_266, 127.54, 136, 0.0265801
_6967_, 140.34, 136, 0.026811
_6968_, 140.34, 136, 0.026811
clkbuf_leaf_84_clk, 140.34, 136, 0.026811
ANTENNA__6969__RESET_B, 140.34, 136, 0.026811
ANTENNA__6965__RESET_B, 140.34, 136, 0.026811
FILLER_0_46_301, 140.34, 136, 0.026811
_3812_, 153.14, 136, 0.0269864
_4101_, 153.14, 136, 0.0269864
_4273_, 153.14, 136, 0.0269864
ANTENNA__4445__S, 153.14, 136, 0.0269864
ANTENNA__3812__A2, 153.14, 136, 0.0269864
ANTENNA__3812__B2, 153.14, 136, 0.0269864
FILLER_0_45_310, 153.14, 136, 0.0269864
FILLER_0_46_309, 153.14, 136, 0.0269864
FILLER_0_46_330, 153.14, 136, 0.0269864
_3796_, 165.94, 136, 0.0270732
_4793_, 165.94, 136, 0.0270732
_6638_, 165.94, 136, 0.0270732
ANTENNA__3796__A, 165.94, 136, 0.0270732
_5171_, 191.429, 136, 0.0273925
_7210_, 191.429, 136, 0.0273925
hold727, 191.429, 136, 0.0273925
_4982_, 204.118, 136, 0.0277029
_4983_, 204.118, 136, 0.0277029
_4984_, 204.118, 136, 0.0277029
_4992_, 204.118, 136, 0.0277029
hold635, 204.118, 136, 0.0277029
ANTENNA__3600__A, 204.118, 136, 0.0277029
ANTENNA__7225__RESET_B, 204.118, 136, 0.0277029
FILLER_0_45_426, 204.118, 136, 0.0277029
_5001_, 216.807, 136, 0.0279847
_5002_, 216.807, 136, 0.0279847
_7347_, 216.807, 136, 0.0279847
ANTENNA__4984__B1, 216.807, 136, 0.0279847
ANTENNA__4984__A1, 216.807, 136, 0.0279847
ANTENNA__4984__A2, 216.807, 136, 0.0279847
ANTENNA__7181__RESET_B, 216.807, 136, 0.0279847
FILLER_0_46_473, 216.807, 136, 0.0279847
_5011_, 229.496, 136, 0.0282343
hold613, 229.496, 136, 0.0282343
hold625, 229.496, 136, 0.0282343
ANTENNA__5002__A1, 229.496, 136, 0.0282343
ANTENNA__5002__A2, 229.496, 136, 0.0282343
ANTENNA__7183__RESET_B, 229.496, 136, 0.0282343
FILLER_0_46_477, 229.496, 136, 0.0282343
_5009_, 242.185, 136, 0.0284618
_5723_, 242.185, 136, 0.0284618
ANTENNA__5028__A, 242.185, 136, 0.0284618
ANTENNA__5001__A, 242.185, 136, 0.0284618
ANTENNA__5011__A2, 242.185, 136, 0.0284618
ANTENNA__7184__RESET_B, 242.185, 136, 0.0284618
FILLER_0_45_505, 242.185, 136, 0.0284618
FILLER_0_46_512, 242.185, 136, 0.0284618
_5027_, 254.874, 136, 0.0286045
_5936_, 254.874, 136, 0.0286045
_5939_, 254.874, 136, 0.0286045
_5942_, 254.874, 136, 0.0286045
_5983_, 254.874, 136, 0.0286045
_5984_, 254.874, 136, 0.0286045
ANTENNA__5018__S, 254.874, 136, 0.0286045
ANTENNA__5723__A, 254.874, 136, 0.0286045
ANTENNA__5936__A2, 254.874, 136, 0.0286045
_5960_, 267.563, 136, 0.0287213
_5961_, 267.563, 136, 0.0287213
_5962_, 267.563, 136, 0.0287213
_5965_, 267.563, 136, 0.0287213
ANTENNA__5027__S, 267.563, 136, 0.0287213
ANTENNA__5961__C, 267.563, 136, 0.0287213
FILLER_0_46_563, 267.563, 136, 0.0287213
FILLER_0_46_583, 267.563, 136, 0.0287213
FILLER_0_47_582, 267.563, 136, 0.0287213
_5030_, 280.252, 136, 0.0288202
_5995_, 280.252, 136, 0.0288202
_7354_, 280.252, 136, 0.0288202
hold79, 280.252, 136, 0.0288202
hold740, 280.252, 136, 0.0288202
ANTENNA__5995__B2, 280.252, 136, 0.0288202
ANTENNA__5030__S, 280.252, 136, 0.0288202
ANTENNA__5974__B, 280.252, 136, 0.0288202
ANTENNA__7354__RESET_B, 280.252, 136, 0.0288202
FILLER_0_46_608, 280.252, 136, 0.0288202
FILLER_0_47_606, 280.252, 136, 0.0288202
_6011_, 292.941, 136, 0.0288795
ANTENNA__5034__S, 292.941, 136, 0.0288795
ANTENNA__6011__A1, 292.941, 136, 0.0288795
ANTENNA__6019__B1, 292.941, 136, 0.0288795
ANTENNA__5998__C, 292.941, 136, 0.0288795
ANTENNA__5997__B, 292.941, 136, 0.0288795
ANTENNA__5988__B, 292.941, 136, 0.0288795
ANTENNA__5987__B, 292.941, 136, 0.0288795
ANTENNA__7356__RESET_B, 292.941, 136, 0.0288795
FILLER_0_46_623, 292.941, 136, 0.0288795
_5038_, 305.63, 136, 0.0289307
_5040_, 305.63, 136, 0.0289307
_6009_, 305.63, 136, 0.0289307
_6010_, 305.63, 136, 0.0289307
_7357_, 305.63, 136, 0.0289307
hold431, 305.63, 136, 0.0289307
hold642, 305.63, 136, 0.0289307
FILLER_0_45_646, 305.63, 136, 0.0289307
_6459_, 5.52, 130.56, 0.0229197
_7460_, 5.52, 130.56, 0.0229197
PHY_86, 5.52, 130.56, 0.0229197
PHY_88, 5.52, 130.56, 0.0229197
output55, 5.52, 130.56, 0.0229197
PHY_87, 318.32, 130.56, 0.0287606
PHY_89, 318.32, 130.56, 0.0287606
ANTENNA_input21_A, 318.32, 130.56, 0.0287606
ANTENNA__6018__B1, 318.32, 130.56, 0.0287606
ANTENNA__6014__A_N, 318.32, 130.56, 0.0287606
ANTENNA__7357__RESET_B, 318.32, 130.56, 0.0287606
_6559_, 15.33, 130.56, 0.0229026
_6560_, 15.33, 130.56, 0.0229026
_7507_, 15.33, 130.56, 0.0229026
ANTENNA__6569__A1, 15.33, 130.56, 0.0229026
_6523_, 37.94, 130.56, 0.0233305
_6524_, 37.94, 130.56, 0.0233305
_7490_, 37.94, 130.56, 0.0233305
hold259, 37.94, 130.56, 0.0233305
hold408, 37.94, 130.56, 0.0233305
ANTENNA__7429__RESET_B, 37.94, 130.56, 0.0233305
ANTENNA_clkbuf_leaf_5_clk_A, 37.94, 130.56, 0.0233305
_6381_, 50.74, 130.56, 0.0237661
_6387_, 50.74, 130.56, 0.0237661
_6580_, 50.74, 130.56, 0.0237661
hold399, 50.74, 130.56, 0.0237661
hold435, 50.74, 130.56, 0.0237661
FILLER_0_44_96, 50.74, 130.56, 0.0237661
_6379_, 63.54, 130.56, 0.0241846
_6386_, 63.54, 130.56, 0.0241846
_7430_, 63.54, 130.56, 0.0241846
hold135, 63.54, 130.56, 0.0241846
ANTENNA__4767__S, 63.54, 130.56, 0.0241846
ANTENNA__6421__A1, 63.54, 130.56, 0.0241846
FILLER_0_44_131, 63.54, 130.56, 0.0241846
FILLER_0_45_136, 63.54, 130.56, 0.0241846
_4767_, 76.34, 130.56, 0.0245721
_4768_, 76.34, 130.56, 0.0245721
_7139_, 76.34, 130.56, 0.0245721
hold457, 76.34, 130.56, 0.0245721
ANTENNA__3615__S, 76.34, 130.56, 0.0245721
ANTENNA__4766__A1, 76.34, 130.56, 0.0245721
ANTENNA__4794__A0, 76.34, 130.56, 0.0245721
ANTENNA__3615__A0, 76.34, 130.56, 0.0245721
FILLER_0_44_141, 76.34, 130.56, 0.0245721
FILLER_0_45_161, 76.34, 130.56, 0.0245721
_3793_, 89.14, 130.56, 0.0249331
_3852_, 89.14, 130.56, 0.0249331
_3853_, 89.14, 130.56, 0.0249331
_3865_, 89.14, 130.56, 0.0249331
_4766_, 89.14, 130.56, 0.0249331
hold287, 89.14, 130.56, 0.0249331
ANTENNA__3616__A2, 89.14, 130.56, 0.0249331
ANTENNA__3853__A2, 89.14, 130.56, 0.0249331
ANTENNA__6977__RESET_B, 89.14, 130.56, 0.0249331
FILLER_0_43_181, 89.14, 130.56, 0.0249331
FILLER_0_44_177, 89.14, 130.56, 0.0249331
FILLER_0_44_193, 89.14, 130.56, 0.0249331
_3855_, 101.94, 130.56, 0.0252442
_3859_, 101.94, 130.56, 0.0252442
_3860_, 101.94, 130.56, 0.0252442
_3861_, 101.94, 130.56, 0.0252442
_3870_, 101.94, 130.56, 0.0252442
_3900_, 101.94, 130.56, 0.0252442
ANTENNA__4058__A1, 101.94, 130.56, 0.0252442
ANTENNA__3865__B1, 101.94, 130.56, 0.0252442
ANTENNA__4778__A1, 101.94, 130.56, 0.0252442
ANTENNA__6980__RESET_B, 101.94, 130.56, 0.0252442
FILLER_0_44_197, 101.94, 130.56, 0.0252442
FILLER_0_44_202, 101.94, 130.56, 0.0252442
FILLER_0_44_215, 101.94, 130.56, 0.0252442
FILLER_0_45_218, 101.94, 130.56, 0.0252442
_3896_, 114.74, 130.56, 0.0255206
_3898_, 114.74, 130.56, 0.0255206
_3902_, 114.74, 130.56, 0.0255206
hold532, 114.74, 130.56, 0.0255206
ANTENNA__4778__B2, 114.74, 130.56, 0.0255206
ANTENNA__3898__A1, 114.74, 130.56, 0.0255206
FILLER_0_43_231, 114.74, 130.56, 0.0255206
FILLER_0_45_249, 114.74, 130.56, 0.0255206
_3626_, 127.54, 130.56, 0.0257771
_3897_, 127.54, 130.56, 0.0257771
hold103, 127.54, 130.56, 0.0257771
hold733, 127.54, 130.56, 0.0257771
ANTENNA__3626__A2, 127.54, 130.56, 0.0257771
ANTENNA__3626__B2, 127.54, 130.56, 0.0257771
ANTENNA__6967__RESET_B, 127.54, 130.56, 0.0257771
FILLER_0_44_258, 127.54, 130.56, 0.0257771
_3926_, 140.34, 130.56, 0.0260294
_6935_, 140.34, 130.56, 0.0260294
_6983_, 140.34, 130.56, 0.0260294
_3927_, 153.14, 130.56, 0.0262474
_3938_, 153.14, 130.56, 0.0262474
_3939_, 153.14, 130.56, 0.0262474
_3940_, 153.14, 130.56, 0.0262474
_6985_, 153.14, 130.56, 0.0262474
hold353, 153.14, 130.56, 0.0262474
hold609, 153.14, 130.56, 0.0262474
_3813_, 165.94, 130.56, 0.026412
_6957_, 165.94, 130.56, 0.026412
_7544_, 165.94, 130.56, 0.026412
ANTENNA__3813__S, 165.94, 130.56, 0.026412
ANTENNA__4793__S, 165.94, 130.56, 0.026412
ANTENNA__3779__S, 165.94, 130.56, 0.026412
ANTENNA__4273__A, 165.94, 130.56, 0.026412
ANTENNA__7544__RESET_B, 165.94, 130.56, 0.026412
ANTENNA__6957__RESET_B, 165.94, 130.56, 0.026412
FILLER_0_43_341, 165.94, 130.56, 0.026412
FILLER_0_44_359, 165.94, 130.56, 0.026412
FILLER_0_45_353, 165.94, 130.56, 0.026412
_3600_, 191.429, 130.56, 0.0271501
_7345_, 191.429, 130.56, 0.0271501
hold10, 191.429, 130.56, 0.0271501
hold726, 191.429, 130.56, 0.0271501
ANTENNA__5170__S, 191.429, 130.56, 0.0271501
_5898_, 204.118, 130.56, 0.0276008
_5901_, 204.118, 130.56, 0.0276008
_7346_, 204.118, 130.56, 0.0276008
hold16, 204.118, 130.56, 0.0276008
hold316, 204.118, 130.56, 0.0276008
FILLER_0_45_438, 204.118, 130.56, 0.0276008
_4991_, 216.807, 130.56, 0.0279642
_5000_, 216.807, 130.56, 0.0279642
_5553_, 216.807, 130.56, 0.0279642
_5908_, 216.807, 130.56, 0.0279642
hold536, 216.807, 130.56, 0.0279642
ANTENNA__4992__A, 216.807, 130.56, 0.0279642
FILLER_0_44_462, 216.807, 130.56, 0.0279642
FILLER_0_45_470, 216.807, 130.56, 0.0279642
_5010_, 229.496, 130.56, 0.0282302
_7348_, 229.496, 130.56, 0.0282302
_7349_, 229.496, 130.56, 0.0282302
clkbuf_leaf_62_clk, 229.496, 130.56, 0.0282302
ANTENNA__5002__B1, 229.496, 130.56, 0.0282302
_5018_, 242.185, 130.56, 0.0283991
_5925_, 242.185, 130.56, 0.0283991
_5934_, 242.185, 130.56, 0.0283991
hold301, 242.185, 130.56, 0.0283991
ANTENNA__5010__A, 242.185, 130.56, 0.0283991
ANTENNA__7348__RESET_B, 242.185, 130.56, 0.0283991
_5924_, 254.874, 130.56, 0.0285439
_5927_, 254.874, 130.56, 0.0285439
_5935_, 254.874, 130.56, 0.0285439
_5937_, 254.874, 130.56, 0.0285439
_5938_, 254.874, 130.56, 0.0285439
_5940_, 254.874, 130.56, 0.0285439
_5941_, 254.874, 130.56, 0.0285439
_5953_, 254.874, 130.56, 0.0285439
_5954_, 254.874, 130.56, 0.0285439
ANTENNA__5937__C, 254.874, 130.56, 0.0285439
FILLER_0_44_547, 254.874, 130.56, 0.0285439
FILLER_0_44_555, 254.874, 130.56, 0.0285439
_5722_, 267.563, 130.56, 0.0286317
_5951_, 267.563, 130.56, 0.0286317
_5952_, 267.563, 130.56, 0.0286317
_5963_, 267.563, 130.56, 0.0286317
_5964_, 267.563, 130.56, 0.0286317
ANTENNA__5722__B2, 267.563, 130.56, 0.0286317
ANTENNA__5963__B, 267.563, 130.56, 0.0286317
FILLER_0_43_568, 267.563, 130.56, 0.0286317
FILLER_0_45_573, 267.563, 130.56, 0.0286317
FILLER_0_45_581, 267.563, 130.56, 0.0286317
_7307_, 280.252, 130.56, 0.0286954
hold78, 280.252, 130.56, 0.0286954
ANTENNA__5725__B2, 280.252, 130.56, 0.0286954
ANTENNA__5725__A2, 280.252, 130.56, 0.0286954
ANTENNA__7307__RESET_B, 280.252, 130.56, 0.0286954
_5034_, 292.941, 130.56, 0.0287461
_7309_, 292.941, 130.56, 0.0287461
_7356_, 292.941, 130.56, 0.0287461
hold56, 292.941, 130.56, 0.0287461
ANTENNA__6011__B1, 292.941, 130.56, 0.0287461
ANTENNA__5731__A2, 292.941, 130.56, 0.0287461
_5731_, 305.63, 130.56, 0.0287606
_7312_, 305.63, 130.56, 0.0287606
hold98, 305.63, 130.56, 0.0287606
ANTENNA__5038__S, 305.63, 130.56, 0.0287606
ANTENNA__5731__B2, 305.63, 130.56, 0.0287606
ANTENNA__6018__A2, 305.63, 130.56, 0.0287606
ANTENNA__6013__B, 305.63, 130.56, 0.0287606
ANTENNA__6006__B, 305.63, 130.56, 0.0287606
PHY_82, 5.52, 125.12, 0.0221185
PHY_84, 5.52, 125.12, 0.0221185
ANTENNA_output55_A, 5.52, 125.12, 0.0221185
FILLER_0_43_3, 5.52, 125.12, 0.0221185
PHY_83, 318.32, 125.12, 0.027123
PHY_85, 318.32, 125.12, 0.027123
ANTENNA_input9_A, 318.32, 125.12, 0.027123
ANTENNA__5733__B2, 318.32, 125.12, 0.027123
ANTENNA__7311__RESET_B, 318.32, 125.12, 0.027123
FILLER_0_42_673, 318.32, 125.12, 0.027123
_5005_, 15.33, 125.12, 0.0221185
_7451_, 15.33, 125.12, 0.0221185
hold424, 15.33, 125.12, 0.0221185
ANTENNA__6559__A1, 15.33, 125.12, 0.0221185
FILLER_0_42_24, 15.33, 125.12, 0.0221185
FILLER_0_43_23, 15.33, 125.12, 0.0221185
_4973_, 37.94, 125.12, 0.0225745
_6608_, 37.94, 125.12, 0.0225745
_7516_, 37.94, 125.12, 0.0225745
_7529_, 37.94, 125.12, 0.0225745
hold461, 37.94, 125.12, 0.0225745
ANTENNA__6448__A1, 37.94, 125.12, 0.0225745
ANTENNA__6541__A1, 37.94, 125.12, 0.0225745
ANTENNA__6523__S, 37.94, 125.12, 0.0225745
_4972_, 50.74, 125.12, 0.023002
_4975_, 50.74, 125.12, 0.023002
_5004_, 50.74, 125.12, 0.023002
_5007_, 50.74, 125.12, 0.023002
_6579_, 50.74, 125.12, 0.023002
ANTENNA__7430__RESET_B, 50.74, 125.12, 0.023002
FILLER_0_41_97, 50.74, 125.12, 0.023002
FILLER_0_42_85, 50.74, 125.12, 0.023002
FILLER_0_42_103, 50.74, 125.12, 0.023002
_4963_, 63.54, 125.12, 0.0234072
_4964_, 63.54, 125.12, 0.0234072
_6413_, 63.54, 125.12, 0.0234072
ANTENNA__6579__S, 63.54, 125.12, 0.0234072
FILLER_0_42_128, 63.54, 125.12, 0.0234072
FILLER_0_43_134, 63.54, 125.12, 0.0234072
_5008_, 76.34, 125.12, 0.0237935
_7438_, 76.34, 125.12, 0.0237935
hold350, 76.34, 125.12, 0.0237935
ANTENNA__3615__A1, 76.34, 125.12, 0.0237935
FILLER_0_42_166, 76.34, 125.12, 0.0237935
FILLER_0_43_162, 76.34, 125.12, 0.0237935
_3790_, 89.14, 125.12, 0.0241596
_3842_, 89.14, 125.12, 0.0241596
_3844_, 89.14, 125.12, 0.0241596
_3845_, 89.14, 125.12, 0.0241596
_3854_, 89.14, 125.12, 0.0241596
_3856_, 89.14, 125.12, 0.0241596
_3858_, 89.14, 125.12, 0.0241596
ANTENNA__3793__S, 89.14, 125.12, 0.0241596
ANTENNA__3854__C, 89.14, 125.12, 0.0241596
FILLER_0_41_169, 89.14, 125.12, 0.0241596
_3857_, 101.94, 125.12, 0.0244648
_3871_, 101.94, 125.12, 0.0244648
_3872_, 101.94, 125.12, 0.0244648
_3899_, 101.94, 125.12, 0.0244648
_3901_, 101.94, 125.12, 0.0244648
ANTENNA__3865__A1, 101.94, 125.12, 0.0244648
ANTENNA__4766__B1, 101.94, 125.12, 0.0244648
FILLER_0_41_199, 101.94, 125.12, 0.0244648
_3895_, 114.74, 125.12, 0.0247368
_3910_, 114.74, 125.12, 0.0247368
_3911_, 114.74, 125.12, 0.0247368
_6981_, 114.74, 125.12, 0.0247368
ANTENNA__3898__B1, 114.74, 125.12, 0.0247368
ANTENNA__3875__B1, 114.74, 125.12, 0.0247368
ANTENNA__6981__RESET_B, 114.74, 125.12, 0.0247368
FILLER_0_41_225, 114.74, 125.12, 0.0247368
FILLER_0_42_234, 114.74, 125.12, 0.0247368
_3909_, 127.54, 125.12, 0.0249692
_3912_, 127.54, 125.12, 0.0249692
_3920_, 127.54, 125.12, 0.0249692
_3921_, 127.54, 125.12, 0.0249692
hold737, 127.54, 125.12, 0.0249692
ANTENNA__3912__B2, 127.54, 125.12, 0.0249692
ANTENNA__3920__B1, 127.54, 125.12, 0.0249692
ANTENNA__6935__RESET_B, 127.54, 125.12, 0.0249692
FILLER_0_41_253, 127.54, 125.12, 0.0249692
_3913_, 140.34, 125.12, 0.0251659
_3914_, 140.34, 125.12, 0.0251659
_3916_, 140.34, 125.12, 0.0251659
_3928_, 140.34, 125.12, 0.0251659
_3936_, 140.34, 125.12, 0.0251659
ANTENNA__3928__A1, 140.34, 125.12, 0.0251659
ANTENNA__3936__B1, 140.34, 125.12, 0.0251659
ANTENNA_clkbuf_leaf_84_clk_A, 140.34, 125.12, 0.0251659
FILLER_0_42_289, 140.34, 125.12, 0.0251659
FILLER_0_42_301, 140.34, 125.12, 0.0251659
_3930_, 153.14, 125.12, 0.0253297
_3932_, 153.14, 125.12, 0.0253297
_3933_, 153.14, 125.12, 0.0253297
_3934_, 153.14, 125.12, 0.0253297
_3937_, 153.14, 125.12, 0.0253297
ANTENNA__3928__B1, 153.14, 125.12, 0.0253297
ANTENNA__3940__A2, 153.14, 125.12, 0.0253297
ANTENNA__3940__B1, 153.14, 125.12, 0.0253297
ANTENNA__6985__RESET_B, 153.14, 125.12, 0.0253297
FILLER_0_42_321, 153.14, 125.12, 0.0253297
FILLER_0_43_321, 153.14, 125.12, 0.0253297
FILLER_0_43_326, 153.14, 125.12, 0.0253297
_3780_, 165.94, 125.12, 0.0254583
ANTENNA__4422__S, 165.94, 125.12, 0.0254583
ANTENNA__3930__B, 165.94, 125.12, 0.0254583
ANTENNA__6940__RESET_B, 165.94, 125.12, 0.0254583
FILLER_0_41_341, 165.94, 125.12, 0.0254583
FILLER_0_42_356, 165.94, 125.12, 0.0254583
_4421_, 191.429, 125.12, 0.0258625
_6634_, 191.429, 125.12, 0.0258625
_7542_, 191.429, 125.12, 0.0258625
ANTENNA__7345__RESET_B, 191.429, 125.12, 0.0258625
ANTENNA__7210__RESET_B, 191.429, 125.12, 0.0258625
ANTENNA_clkbuf_leaf_82_clk_A, 191.429, 125.12, 0.0258625
FILLER_0_42_394, 191.429, 125.12, 0.0258625
_5899_, 204.118, 125.12, 0.0261032
_5900_, 204.118, 125.12, 0.0261032
_5902_, 204.118, 125.12, 0.0261032
_5905_, 204.118, 125.12, 0.0261032
hold694, 204.118, 125.12, 0.0261032
hold723, 204.118, 125.12, 0.0261032
ANTENNA__4983__A, 204.118, 125.12, 0.0261032
FILLER_0_43_445, 204.118, 125.12, 0.0261032
_5906_, 216.807, 125.12, 0.0263124
_5907_, 216.807, 125.12, 0.0263124
_5916_, 216.807, 125.12, 0.0263124
_5917_, 216.807, 125.12, 0.0263124
_5918_, 216.807, 125.12, 0.0263124
ANTENNA__4982__S, 216.807, 125.12, 0.0263124
ANTENNA__5900__A1, 216.807, 125.12, 0.0263124
_5911_, 229.496, 125.12, 0.0264936
ANTENNA__5000__S, 229.496, 125.12, 0.0264936
ANTENNA__4991__S, 229.496, 125.12, 0.0264936
ANTENNA__5553__A, 229.496, 125.12, 0.0264936
ANTENNA__5011__B1, 229.496, 125.12, 0.0264936
ANTENNA__5011__A1, 229.496, 125.12, 0.0264936
ANTENNA__5900__B1, 229.496, 125.12, 0.0264936
ANTENNA__5908__A1, 229.496, 125.12, 0.0264936
ANTENNA_clkbuf_leaf_62_clk_A, 229.496, 125.12, 0.0264936
_5926_, 242.185, 125.12, 0.0266661
_5929_, 242.185, 125.12, 0.0266661
_5930_, 242.185, 125.12, 0.0266661
_5931_, 242.185, 125.12, 0.0266661
_5932_, 242.185, 125.12, 0.0266661
_5933_, 242.185, 125.12, 0.0266661
_5945_, 242.185, 125.12, 0.0266661
ANTENNA__5009__S, 242.185, 125.12, 0.0266661
ANTENNA__5934__A1, 242.185, 125.12, 0.0266661
ANTENNA__5925__A2, 242.185, 125.12, 0.0266661
ANTENNA__7349__RESET_B, 242.185, 125.12, 0.0266661
FILLER_0_41_501, 242.185, 125.12, 0.0266661
FILLER_0_41_513, 242.185, 125.12, 0.0266661
FILLER_0_42_521, 242.185, 125.12, 0.0266661
_5923_, 254.874, 125.12, 0.0267922
_5928_, 254.874, 125.12, 0.0267922
_5949_, 254.874, 125.12, 0.0267922
_5950_, 254.874, 125.12, 0.0267922
hold712, 254.874, 125.12, 0.0267922
ANTENNA__5950__B, 254.874, 125.12, 0.0267922
ANTENNA__5926__C, 254.874, 125.12, 0.0267922
ANTENNA_clkbuf_leaf_63_clk_A, 254.874, 125.12, 0.0267922
FILLER_0_42_543, 254.874, 125.12, 0.0267922
FILLER_0_43_544, 254.874, 125.12, 0.0267922
_4819_, 267.563, 125.12, 0.0268922
hold612, 267.563, 125.12, 0.0268922
ANTENNA__4818__B, 267.563, 125.12, 0.0268922
ANTENNA__5722__A2, 267.563, 125.12, 0.0268922
ANTENNA__5720__A2, 267.563, 125.12, 0.0268922
ANTENNA__5563__A2, 267.563, 125.12, 0.0268922
ANTENNA__7306__RESET_B, 267.563, 125.12, 0.0268922
FILLER_0_41_565, 267.563, 125.12, 0.0268922
FILLER_0_42_567, 267.563, 125.12, 0.0268922
FILLER_0_43_579, 267.563, 125.12, 0.0268922
_5721_, 280.252, 125.12, 0.0269856
_5725_, 280.252, 125.12, 0.0269856
_5727_, 280.252, 125.12, 0.0269856
_7277_, 280.252, 125.12, 0.0269856
hold57, 280.252, 125.12, 0.0269856
hold170, 280.252, 125.12, 0.0269856
ANTENNA__5563__B2, 280.252, 125.12, 0.0269856
hold58, 292.941, 125.12, 0.0270566
hold168, 292.941, 125.12, 0.0270566
ANTENNA__5562__S, 292.941, 125.12, 0.0270566
ANTENNA__5727__B2, 292.941, 125.12, 0.0270566
ANTENNA__5721__S, 292.941, 125.12, 0.0270566
ANTENNA__5727__A2, 292.941, 125.12, 0.0270566
ANTENNA__7312__RESET_B, 292.941, 125.12, 0.0270566
ANTENNA__7309__RESET_B, 292.941, 125.12, 0.0270566
FILLER_0_42_630, 292.941, 125.12, 0.0270566
FILLER_0_43_637, 292.941, 125.12, 0.0270566
_5733_, 305.63, 125.12, 0.027123
_7311_, 305.63, 125.12, 0.027123
clkbuf_leaf_66_clk, 305.63, 125.12, 0.027123
hold109, 305.63, 125.12, 0.027123
_6551_, 5.52, 119.68, 0.0213253
_6552_, 5.52, 119.68, 0.0213253
_7503_, 5.52, 119.68, 0.0213253
PHY_78, 5.52, 119.68, 0.0213253
PHY_80, 5.52, 119.68, 0.0213253
PHY_79, 318.32, 119.68, 0.0270381
PHY_81, 318.32, 119.68, 0.0270381
input9, 318.32, 119.68, 0.0270381
ANTENNA__5865__A2, 318.32, 119.68, 0.0270381
ANTENNA__5734__S, 318.32, 119.68, 0.0270381
_6435_, 15.33, 119.68, 0.0213167
_6440_, 15.33, 119.68, 0.0213167
_6441_, 15.33, 119.68, 0.0213167
hold451, 15.33, 119.68, 0.0213167
ANTENNA__6551__S, 15.33, 119.68, 0.0213167
FILLER_0_39_15, 15.33, 119.68, 0.0213167
_4974_, 37.94, 119.68, 0.0217996
_4976_, 37.94, 119.68, 0.0217996
_4979_, 37.94, 119.68, 0.0217996
_6607_, 37.94, 119.68, 0.0217996
hold444, 37.94, 119.68, 0.0217996
ANTENNA__6494__S, 37.94, 119.68, 0.0217996
FILLER_0_41_83, 37.94, 119.68, 0.0217996
_4968_, 50.74, 119.68, 0.0222658
_4969_, 50.74, 119.68, 0.0222658
_4970_, 50.74, 119.68, 0.0222658
_4971_, 50.74, 119.68, 0.0222658
FILLER_0_39_89, 50.74, 119.68, 0.0222658
FILLER_0_40_85, 50.74, 119.68, 0.0222658
FILLER_0_40_101, 50.74, 119.68, 0.0222658
_4962_, 63.54, 119.68, 0.0227196
_4965_, 63.54, 119.68, 0.0227196
_4966_, 63.54, 119.68, 0.0227196
_4977_, 63.54, 119.68, 0.0227196
_4980_, 63.54, 119.68, 0.0227196
_6414_, 63.54, 119.68, 0.0227196
hold437, 63.54, 119.68, 0.0227196
FILLER_0_40_127, 63.54, 119.68, 0.0227196
FILLER_0_40_135, 63.54, 119.68, 0.0227196
FILLER_0_41_138, 63.54, 119.68, 0.0227196
_4759_, 76.34, 119.68, 0.0231117
_4981_, 76.34, 119.68, 0.0231117
_5003_, 76.34, 119.68, 0.0231117
_7136_, 76.34, 119.68, 0.0231117
hold450, 76.34, 119.68, 0.0231117
ANTENNA__3790__S, 76.34, 119.68, 0.0231117
ANTENNA__4766__B2, 76.34, 119.68, 0.0231117
ANTENNA__4981__C1, 76.34, 119.68, 0.0231117
ANTENNA__4758__S, 76.34, 119.68, 0.0231117
FILLER_0_40_141, 76.34, 119.68, 0.0231117
FILLER_0_40_166, 76.34, 119.68, 0.0231117
FILLER_0_41_159, 76.34, 119.68, 0.0231117
_3840_, 89.14, 119.68, 0.0234688
_3841_, 89.14, 119.68, 0.0234688
_3843_, 89.14, 119.68, 0.0234688
_6976_, 89.14, 119.68, 0.0234688
hold313, 89.14, 119.68, 0.0234688
ANTENNA__4766__A2, 89.14, 119.68, 0.0234688
ANTENNA__3843__C, 89.14, 119.68, 0.0234688
ANTENNA__3842__A2, 89.14, 119.68, 0.0234688
ANTENNA__6976__RESET_B, 89.14, 119.68, 0.0234688
_3874_, 101.94, 119.68, 0.0237962
_3875_, 101.94, 119.68, 0.0237962
_3876_, 101.94, 119.68, 0.0237962
_3885_, 101.94, 119.68, 0.0237962
_6978_, 101.94, 119.68, 0.0237962
hold606, 101.94, 119.68, 0.0237962
ANTENNA__3851__B1, 101.94, 119.68, 0.0237962
ANTENNA__3876__A2, 101.94, 119.68, 0.0237962
ANTENNA__6978__RESET_B, 101.94, 119.68, 0.0237962
FILLER_0_39_197, 101.94, 119.68, 0.0237962
FILLER_0_41_212, 101.94, 119.68, 0.0237962
_3886_, 114.74, 119.68, 0.024075
_3888_, 114.74, 119.68, 0.024075
_3889_, 114.74, 119.68, 0.024075
_3890_, 114.74, 119.68, 0.024075
_3893_, 114.74, 119.68, 0.024075
_3894_, 114.74, 119.68, 0.024075
_3903_, 114.74, 119.68, 0.024075
ANTENNA__3911__B1, 114.74, 119.68, 0.024075
FILLER_0_39_232, 114.74, 119.68, 0.024075
FILLER_0_41_248, 114.74, 119.68, 0.024075
_3891_, 127.54, 119.68, 0.0243186
_3904_, 127.54, 119.68, 0.0243186
_3905_, 127.54, 119.68, 0.0243186
_3906_, 127.54, 119.68, 0.0243186
_3907_, 127.54, 119.68, 0.0243186
_3908_, 127.54, 119.68, 0.0243186
_3915_, 127.54, 119.68, 0.0243186
_3917_, 127.54, 119.68, 0.0243186
_3918_, 127.54, 119.68, 0.0243186
_3919_, 127.54, 119.68, 0.0243186
ANTENNA__3905__B, 127.54, 119.68, 0.0243186
ANTENNA__3891__B, 127.54, 119.68, 0.0243186
FILLER_0_39_265, 127.54, 119.68, 0.0243186
_3923_, 140.34, 119.68, 0.0245232
_3925_, 140.34, 119.68, 0.0245232
_3929_, 140.34, 119.68, 0.0245232
hold551, 140.34, 119.68, 0.0245232
ANTENNA__3915__C, 140.34, 119.68, 0.0245232
ANTENNA__3914__B, 140.34, 119.68, 0.0245232
ANTENNA__3913__B, 140.34, 119.68, 0.0245232
ANTENNA__6983__RESET_B, 140.34, 119.68, 0.0245232
FILLER_0_40_282, 140.34, 119.68, 0.0245232
_3924_, 153.14, 119.68, 0.0246985
_3931_, 153.14, 119.68, 0.0246985
_3935_, 153.14, 119.68, 0.0246985
_6984_, 153.14, 119.68, 0.0246985
ANTENNA__3935__A2, 153.14, 119.68, 0.0246985
ANTENNA__3931__A_N, 153.14, 119.68, 0.0246985
ANTENNA__3922__B, 153.14, 119.68, 0.0246985
ANTENNA__6984__RESET_B, 153.14, 119.68, 0.0246985
FILLER_0_40_314, 153.14, 119.68, 0.0246985
_3637_, 165.94, 119.68, 0.024841
_6940_, 165.94, 119.68, 0.024841
hold107, 165.94, 119.68, 0.024841
ANTENNA__7330__RESET_B, 165.94, 119.68, 0.024841
FILLER_0_39_337, 165.94, 119.68, 0.024841
FILLER_0_40_361, 165.94, 119.68, 0.024841
FILLER_0_41_349, 165.94, 119.68, 0.024841
_4420_, 191.429, 119.68, 0.0253441
_5168_, 191.429, 119.68, 0.0253441
_5169_, 191.429, 119.68, 0.0253441
ANTENNA__6634__B1, 191.429, 119.68, 0.0253441
ANTENNA__6634__A2, 191.429, 119.68, 0.0253441
ANTENNA__7077__RESET_B, 191.429, 119.68, 0.0253441
ANTENNA__7542__RESET_B, 191.429, 119.68, 0.0253441
_5903_, 204.118, 119.68, 0.0256965
_5904_, 204.118, 119.68, 0.0256965
_7344_, 204.118, 119.68, 0.0256965
ANTENNA_hold694_A, 204.118, 119.68, 0.0256965
ANTENNA__7346__RESET_B, 204.118, 119.68, 0.0256965
FILLER_0_41_434, 204.118, 119.68, 0.0256965
_5913_, 216.807, 119.68, 0.0260204
_5914_, 216.807, 119.68, 0.0260204
_5915_, 216.807, 119.68, 0.0260204
_5919_, 216.807, 119.68, 0.0260204
_5920_, 216.807, 119.68, 0.0260204
hold18, 216.807, 119.68, 0.0260204
ANTENNA__5918__A2, 216.807, 119.68, 0.0260204
ANTENNA__5908__B1, 216.807, 119.68, 0.0260204
ANTENNA__5903__C, 216.807, 119.68, 0.0260204
ANTENNA__5902__A2, 216.807, 119.68, 0.0260204
ANTENNA__7347__RESET_B, 216.807, 119.68, 0.0260204
FILLER_0_40_457, 216.807, 119.68, 0.0260204
_5909_, 229.496, 119.68, 0.0262986
_5910_, 229.496, 119.68, 0.0262986
_5912_, 229.496, 119.68, 0.0262986
_5921_, 229.496, 119.68, 0.0262986
_5922_, 229.496, 119.68, 0.0262986
ANTENNA__5918__B1, 229.496, 119.68, 0.0262986
ANTENNA__5712__B1, 229.496, 119.68, 0.0262986
ANTENNA__5921__C, 229.496, 119.68, 0.0262986
ANTENNA__5910__B_N, 229.496, 119.68, 0.0262986
FILLER_0_40_477, 229.496, 119.68, 0.0262986
FILLER_0_40_489, 229.496, 119.68, 0.0262986
_5716_, 242.185, 119.68, 0.0265522
_7303_, 242.185, 119.68, 0.0265522
_7304_, 242.185, 119.68, 0.0265522
hold540, 242.185, 119.68, 0.0265522
ANTENNA__5934__B1, 242.185, 119.68, 0.0265522
ANTENNA__5716__B1, 242.185, 119.68, 0.0265522
ANTENNA__7304__RESET_B, 242.185, 119.68, 0.0265522
ANTENNA__7303__RESET_B, 242.185, 119.68, 0.0265522
_5720_, 254.874, 119.68, 0.026754
_7305_, 254.874, 119.68, 0.026754
clkbuf_leaf_63_clk, 254.874, 119.68, 0.026754
ANTENNA__5773__B1, 254.874, 119.68, 0.026754
ANTENNA__5718__A2, 254.874, 119.68, 0.026754
ANTENNA__5716__A2, 254.874, 119.68, 0.026754
ANTENNA__5720__B1, 254.874, 119.68, 0.026754
ANTENNA__7305__RESET_B, 254.874, 119.68, 0.026754
FILLER_0_39_531, 254.874, 119.68, 0.026754
_4818_, 267.563, 119.68, 0.0268819
_5562_, 267.563, 119.68, 0.0268819
_5563_, 267.563, 119.68, 0.0268819
_7157_, 267.563, 119.68, 0.0268819
_7306_, 267.563, 119.68, 0.0268819
hold677, 267.563, 119.68, 0.0268819
_7308_, 280.252, 119.68, 0.0269718
clkbuf_leaf_68_clk, 280.252, 119.68, 0.0269718
hold500, 280.252, 119.68, 0.0269718
ANTENNA__7277__RESET_B, 280.252, 119.68, 0.0269718
_7310_, 292.941, 119.68, 0.0270109
hold169, 292.941, 119.68, 0.0270109
ANTENNA__5729__B2, 292.941, 119.68, 0.0270109
ANTENNA__7324__RESET_B, 292.941, 119.68, 0.0270109
ANTENNA__7310__RESET_B, 292.941, 119.68, 0.0270109
ANTENNA__7308__RESET_B, 292.941, 119.68, 0.0270109
FILLER_0_39_613, 292.941, 119.68, 0.0270109
FILLER_0_40_638, 292.941, 119.68, 0.0270109
_5732_, 305.63, 119.68, 0.027037
_5734_, 305.63, 119.68, 0.027037
_7328_, 305.63, 119.68, 0.027037
ANTENNA__5733__A2, 305.63, 119.68, 0.027037
ANTENNA_clkbuf_leaf_66_clk_A, 305.63, 119.68, 0.027037
FILLER_0_40_649, 305.63, 119.68, 0.027037
_7500_, 5.52, 114.24, 0.0205054
PHY_74, 5.52, 114.24, 0.0205054
PHY_76, 5.52, 114.24, 0.0205054
_5864_, 318.32, 114.24, 0.0257751
PHY_75, 318.32, 114.24, 0.0257751
PHY_77, 318.32, 114.24, 0.0257751
ANTENNA__5860__A1, 318.32, 114.24, 0.0257751
FILLER_0_37_669, 318.32, 114.24, 0.0257751
FILLER_0_38_674, 318.32, 114.24, 0.0257751
_4978_, 15.33, 114.24, 0.0204978
_6434_, 15.33, 114.24, 0.0204978
_6545_, 15.33, 114.24, 0.0204978
_7448_, 15.33, 114.24, 0.0204978
ANTENNA__6545__S, 15.33, 114.24, 0.0204978
_6488_, 37.94, 114.24, 0.0209426
_6489_, 37.94, 114.24, 0.0209426
_7474_, 37.94, 114.24, 0.0209426
ANTENNA__6607__S, 37.94, 114.24, 0.0209426
FILLER_0_37_57, 37.94, 114.24, 0.0209426
FILLER_0_38_73, 37.94, 114.24, 0.0209426
FILLER_0_38_81, 37.94, 114.24, 0.0209426
FILLER_0_39_81, 37.94, 114.24, 0.0209426
_6517_, 50.74, 114.24, 0.0213875
_6518_, 50.74, 114.24, 0.0213875
_6574_, 50.74, 114.24, 0.0213875
_7487_, 50.74, 114.24, 0.0213875
_7513_, 50.74, 114.24, 0.0213875
hold378, 50.74, 114.24, 0.0213875
FILLER_0_38_102, 50.74, 114.24, 0.0213875
FILLER_0_39_107, 50.74, 114.24, 0.0213875
_6573_, 63.54, 114.24, 0.0218031
_7435_, 63.54, 114.24, 0.0218031
FILLER_0_37_123, 63.54, 114.24, 0.0218031
_4758_, 76.34, 114.24, 0.0222062
_6407_, 76.34, 114.24, 0.0222062
clkbuf_leaf_9_clk, 76.34, 114.24, 0.0222062
hold331, 76.34, 114.24, 0.0222062
ANTENNA__5008__C1, 76.34, 114.24, 0.0222062
ANTENNA_clkbuf_leaf_9_clk_A, 76.34, 114.24, 0.0222062
FILLER_0_38_141, 76.34, 114.24, 0.0222062
FILLER_0_39_163, 76.34, 114.24, 0.0222062
_3850_, 89.14, 114.24, 0.022549
_3851_, 89.14, 114.24, 0.022549
_3862_, 89.14, 114.24, 0.022549
ANTENNA__5026__C1, 89.14, 114.24, 0.022549
FILLER_0_37_173, 89.14, 114.24, 0.022549
FILLER_0_38_177, 89.14, 114.24, 0.022549
_3848_, 101.94, 114.24, 0.022865
_3869_, 101.94, 114.24, 0.022865
ANTENNA__3851__A1, 101.94, 114.24, 0.022865
FILLER_0_37_196, 101.94, 114.24, 0.022865
_3882_, 114.74, 114.24, 0.0231714
_3883_, 114.74, 114.24, 0.0231714
_3884_, 114.74, 114.24, 0.0231714
_3892_, 114.74, 114.24, 0.0231714
hold427, 114.74, 114.24, 0.0231714
ANTENNA__3804__S, 114.74, 114.24, 0.0231714
ANTENNA__3892__B, 114.74, 114.24, 0.0231714
FILLER_0_38_228, 114.74, 114.24, 0.0231714
FILLER_0_39_251, 114.74, 114.24, 0.0231714
_3804_, 127.54, 114.24, 0.0234425
_6982_, 127.54, 114.24, 0.0234425
ANTENNA__3919__A1, 127.54, 114.24, 0.0234425
ANTENNA__3919__B1, 127.54, 114.24, 0.0234425
ANTENNA__3887__A2, 127.54, 114.24, 0.0234425
ANTENNA__3887__B1, 127.54, 114.24, 0.0234425
ANTENNA__3904__B, 127.54, 114.24, 0.0234425
ANTENNA__6982__RESET_B, 127.54, 114.24, 0.0234425
FILLER_0_37_260, 127.54, 114.24, 0.0234425
FILLER_0_38_263, 127.54, 114.24, 0.0234425
_3808_, 140.34, 114.24, 0.0236935
_3922_, 140.34, 114.24, 0.0236935
_4457_, 140.34, 114.24, 0.0236935
ANTENNA__3923__B, 140.34, 114.24, 0.0236935
FILLER_0_38_292, 140.34, 114.24, 0.0236935
FILLER_0_39_294, 140.34, 114.24, 0.0236935
_3811_, 153.14, 114.24, 0.0238931
_6939_, 153.14, 114.24, 0.0238931
hold472, 153.14, 114.24, 0.0238931
ANTENNA__3811__S, 153.14, 114.24, 0.0238931
ANTENNA__3808__S, 153.14, 114.24, 0.0238931
ANTENNA__3935__B1, 153.14, 114.24, 0.0238931
ANTENNA__6939__RESET_B, 153.14, 114.24, 0.0238931
FILLER_0_38_309, 153.14, 114.24, 0.0238931
FILLER_0_38_333, 153.14, 114.24, 0.0238931
_4296_, 165.94, 114.24, 0.0240723
_7060_, 165.94, 114.24, 0.0240723
_7092_, 165.94, 114.24, 0.0240723
hold337, 165.94, 114.24, 0.0240723
ANTENNA__3637__A2, 165.94, 114.24, 0.0240723
ANTENNA__4296__A2, 165.94, 114.24, 0.0240723
ANTENNA__4296__B2, 165.94, 114.24, 0.0240723
ANTENNA__3637__B2, 165.94, 114.24, 0.0240723
FILLER_0_38_359, 165.94, 114.24, 0.0240723
_6651_, 191.429, 114.24, 0.0245006
_6652_, 191.429, 114.24, 0.0245006
_7209_, 191.429, 114.24, 0.0245006
_7551_, 191.429, 114.24, 0.0245006
hold548, 191.429, 114.24, 0.0245006
ANTENNA__5868__S, 191.429, 114.24, 0.0245006
ANTENNA__4420__S, 191.429, 114.24, 0.0245006
FILLER_0_38_400, 191.429, 114.24, 0.0245006
FILLER_0_38_408, 191.429, 114.24, 0.0245006
_5867_, 204.118, 114.24, 0.0247558
_7301_, 204.118, 114.24, 0.0247558
load_slew3, 204.118, 114.24, 0.0247558
ANTENNA__5168__S, 204.118, 114.24, 0.0247558
ANTENNA__4420__A1, 204.118, 114.24, 0.0247558
ANTENNA__7076__RESET_B, 204.118, 114.24, 0.0247558
_5706_, 216.807, 114.24, 0.0249706
_5710_, 216.807, 114.24, 0.0249706
_5712_, 216.807, 114.24, 0.0249706
hold683, 216.807, 114.24, 0.0249706
ANTENNA__5914__B1, 216.807, 114.24, 0.0249706
ANTENNA_load_slew3_A, 216.807, 114.24, 0.0249706
_5714_, 229.496, 114.24, 0.0251565
_7302_, 229.496, 114.24, 0.0251565
hold719, 229.496, 114.24, 0.0251565
ANTENNA__5712__A2, 229.496, 114.24, 0.0251565
ANTENNA__5714__B1, 229.496, 114.24, 0.0251565
ANTENNA__5710__B1, 229.496, 114.24, 0.0251565
ANTENNA__7302__RESET_B, 229.496, 114.24, 0.0251565
_5713_, 242.185, 114.24, 0.02531
_5773_, 242.185, 114.24, 0.02531
ANTENNA__5773__A2, 242.185, 114.24, 0.02531
ANTENNA__5714__A2, 242.185, 114.24, 0.02531
ANTENNA__7319__RESET_B, 242.185, 114.24, 0.02531
FILLER_0_38_506, 242.185, 114.24, 0.02531
FILLER_0_39_526, 242.185, 114.24, 0.02531
_5717_, 254.874, 114.24, 0.0254511
_5718_, 254.874, 114.24, 0.0254511
_5719_, 254.874, 114.24, 0.0254511
hold587, 254.874, 114.24, 0.0254511
ANTENNA__5718__B1, 254.874, 114.24, 0.0254511
FILLER_0_38_529, 254.874, 114.24, 0.0254511
_5797_, 267.563, 114.24, 0.0255711
_7321_, 267.563, 114.24, 0.0255711
ANTENNA__5719__S, 267.563, 114.24, 0.0255711
ANTENNA__7157__RESET_B, 267.563, 114.24, 0.0255711
ANTENNA__7321__RESET_B, 267.563, 114.24, 0.0255711
_5801_, 280.252, 114.24, 0.025664
_5812_, 280.252, 114.24, 0.025664
_7322_, 280.252, 114.24, 0.025664
ANTENNA_clkbuf_leaf_68_clk_A, 280.252, 114.24, 0.025664
FILLER_0_37_592, 280.252, 114.24, 0.025664
FILLER_0_38_585, 280.252, 114.24, 0.025664
FILLER_0_38_589, 280.252, 114.24, 0.025664
_5726_, 292.941, 114.24, 0.0257275
_5729_, 292.941, 114.24, 0.0257275
_7324_, 292.941, 114.24, 0.0257275
ANTENNA__5729__A2, 292.941, 114.24, 0.0257275
ANTENNA__7327__RESET_B, 292.941, 114.24, 0.0257275
_5860_, 305.63, 114.24, 0.0257655
_5865_, 305.63, 114.24, 0.0257655
hold241, 305.63, 114.24, 0.0257655
hold330, 305.63, 114.24, 0.0257655
ANTENNA__5732__S, 305.63, 114.24, 0.0257655
ANTENNA__7328__RESET_B, 305.63, 114.24, 0.0257655
FILLER_0_38_641, 305.63, 114.24, 0.0257655
FILLER_0_38_645, 305.63, 114.24, 0.0257655
_6546_, 5.52, 108.8, 0.0197481
PHY_70, 5.52, 108.8, 0.0197481
PHY_72, 5.52, 108.8, 0.0197481
input32, 5.52, 108.8, 0.0197481
ANTENNA_input32_A, 5.52, 108.8, 0.0197481
FILLER_0_37_3, 5.52, 108.8, 0.0197481
FILLER_0_37_9, 5.52, 108.8, 0.0197481
_5857_, 318.32, 108.8, 0.0260851
_5859_, 318.32, 108.8, 0.0260851
PHY_71, 318.32, 108.8, 0.0260851
PHY_73, 318.32, 108.8, 0.0260851
_5023_, 15.33, 108.8, 0.0197466
_7453_, 15.33, 108.8, 0.0197466
clkbuf_leaf_4_clk, 15.33, 108.8, 0.0197466
ANTENNA__6555__A1, 15.33, 108.8, 0.0197466
FILLER_0_36_11, 15.33, 108.8, 0.0197466
_5024_, 37.94, 108.8, 0.0201719
_6472_, 37.94, 108.8, 0.0201719
_6602_, 37.94, 108.8, 0.0201719
_7526_, 37.94, 108.8, 0.0201719
hold420, 37.94, 108.8, 0.0201719
ANTENNA__6498__A1, 37.94, 108.8, 0.0201719
ANTENNA__6498__S, 37.94, 108.8, 0.0201719
ANTENNA__6488__S, 37.94, 108.8, 0.0201719
ANTENNA_clkbuf_leaf_4_clk_A, 37.94, 108.8, 0.0201719
FILLER_0_36_65, 37.94, 108.8, 0.0201719
FILLER_0_36_70, 37.94, 108.8, 0.0201719
FILLER_0_36_79, 37.94, 108.8, 0.0201719
_6528_, 50.74, 108.8, 0.0206232
_6601_, 50.74, 108.8, 0.0206232
hold463, 50.74, 108.8, 0.0206232
ANTENNA__6611__A1, 50.74, 108.8, 0.0206232
ANTENNA__6517__S, 50.74, 108.8, 0.0206232
ANTENNA__6573__S, 50.74, 108.8, 0.0206232
ANTENNA__6601__S, 50.74, 108.8, 0.0206232
ANTENNA_clkbuf_leaf_3_clk_A, 50.74, 108.8, 0.0206232
FILLER_0_35_97, 50.74, 108.8, 0.0206232
FILLER_0_36_102, 50.74, 108.8, 0.0206232
FILLER_0_37_105, 50.74, 108.8, 0.0206232
_6408_, 63.54, 108.8, 0.0210648
_6578_, 63.54, 108.8, 0.0210648
_6583_, 63.54, 108.8, 0.0210648
_6584_, 63.54, 108.8, 0.0210648
hold477, 63.54, 108.8, 0.0210648
ANTENNA__6583__A1, 63.54, 108.8, 0.0210648
ANTENNA__6417__A1, 63.54, 108.8, 0.0210648
FILLER_0_36_128, 63.54, 108.8, 0.0210648
FILLER_0_37_134, 63.54, 108.8, 0.0210648
_4774_, 76.34, 108.8, 0.0214914
_4967_, 76.34, 108.8, 0.0214914
_5021_, 76.34, 108.8, 0.0214914
_5026_, 76.34, 108.8, 0.0214914
_7141_, 76.34, 108.8, 0.0214914
hold339, 76.34, 108.8, 0.0214914
hold469, 76.34, 108.8, 0.0214914
ANTENNA__4749__A1, 76.34, 108.8, 0.0214914
_3606_, 89.14, 108.8, 0.0218772
_3846_, 89.14, 108.8, 0.0218772
_3847_, 89.14, 108.8, 0.0218772
_3849_, 89.14, 108.8, 0.0218772
_4749_, 89.14, 108.8, 0.0218772
ANTENNA__3606__S, 89.14, 108.8, 0.0218772
ANTENNA__4749__B1, 89.14, 108.8, 0.0218772
ANTENNA__3606__A0, 89.14, 108.8, 0.0218772
FILLER_0_36_186, 89.14, 108.8, 0.0218772
_3866_, 101.94, 108.8, 0.0222268
_3867_, 101.94, 108.8, 0.0222268
_3868_, 101.94, 108.8, 0.0222268
_3880_, 101.94, 108.8, 0.0222268
_3881_, 101.94, 108.8, 0.0222268
ANTENNA__3880__B, 101.94, 108.8, 0.0222268
FILLER_0_36_197, 101.94, 108.8, 0.0222268
FILLER_0_37_213, 101.94, 108.8, 0.0222268
_3797_, 114.74, 108.8, 0.0225553
_3877_, 114.74, 108.8, 0.0225553
_3878_, 114.74, 108.8, 0.0225553
_3879_, 114.74, 108.8, 0.0225553
_3887_, 114.74, 108.8, 0.0225553
_6979_, 114.74, 108.8, 0.0225553
ANTENNA__3879__A2, 114.74, 108.8, 0.0225553
ANTENNA__3878__C, 114.74, 108.8, 0.0225553
FILLER_0_36_224, 114.74, 108.8, 0.0225553
_3806_, 127.54, 108.8, 0.0228369
_6937_, 127.54, 108.8, 0.0228369
clkbuf_leaf_86_clk, 127.54, 108.8, 0.0228369
ANTENNA__6937__RESET_B, 127.54, 108.8, 0.0228369
FILLER_0_36_253, 127.54, 108.8, 0.0228369
FILLER_0_37_268, 127.54, 108.8, 0.0228369
_4787_, 140.34, 108.8, 0.0230565
_6938_, 140.34, 108.8, 0.0230565
ANTENNA__3806__S, 140.34, 108.8, 0.0230565
ANTENNA__4787__B2, 140.34, 108.8, 0.0230565
ANTENNA__4581__A2, 140.34, 108.8, 0.0230565
ANTENNA__4569__B, 140.34, 108.8, 0.0230565
ANTENNA__4787__A1, 140.34, 108.8, 0.0230565
ANTENNA__6938__RESET_B, 140.34, 108.8, 0.0230565
FILLER_0_35_281, 140.34, 108.8, 0.0230565
FILLER_0_35_292, 140.34, 108.8, 0.0230565
_3634_, 153.14, 108.8, 0.0232607
_3635_, 153.14, 108.8, 0.0232607
hold65, 153.14, 108.8, 0.0232607
hold70, 153.14, 108.8, 0.0232607
ANTENNA__3632__B2, 153.14, 108.8, 0.0232607
ANTENNA__7059__RESET_B, 153.14, 108.8, 0.0232607
_3636_, 165.94, 108.8, 0.0234563
_4295_, 165.94, 108.8, 0.0234563
hold735, 165.94, 108.8, 0.0234563
ANTENNA__3636__S, 165.94, 108.8, 0.0234563
ANTENNA__3635__B2, 165.94, 108.8, 0.0234563
ANTENNA__7075__RESET_B, 165.94, 108.8, 0.0234563
ANTENNA__7060__RESET_B, 165.94, 108.8, 0.0234563
FILLER_0_35_345, 165.94, 108.8, 0.0234563
FILLER_0_36_361, 165.94, 108.8, 0.0234563
_4132_, 191.429, 108.8, 0.024104
_7329_, 191.429, 108.8, 0.024104
clkbuf_leaf_80_clk, 191.429, 108.8, 0.024104
ANTENNA__6631__A1, 191.429, 108.8, 0.024104
FILLER_0_36_417, 191.429, 108.8, 0.024104
_3776_, 204.118, 108.8, 0.0244899
_5707_, 204.118, 108.8, 0.0244899
_5866_, 204.118, 108.8, 0.0244899
_6955_, 204.118, 108.8, 0.0244899
_7300_, 204.118, 108.8, 0.0244899
hold398, 204.118, 108.8, 0.0244899
ANTENNA__6651__B, 204.118, 108.8, 0.0244899
ANTENNA__7344__RESET_B, 204.118, 108.8, 0.0244899
_7315_, 216.807, 108.8, 0.0248147
hold28, 216.807, 108.8, 0.0248147
ANTENNA__5706__S, 216.807, 108.8, 0.0248147
ANTENNA__5706__A0, 216.807, 108.8, 0.0248147
FILLER_0_35_453, 216.807, 108.8, 0.0248147
FILLER_0_36_473, 216.807, 108.8, 0.0248147
_5741_, 229.496, 108.8, 0.02512
_5746_, 229.496, 108.8, 0.02512
_7318_, 229.496, 108.8, 0.02512
ANTENNA__5711__S, 229.496, 108.8, 0.02512
ANTENNA__5710__A2, 229.496, 108.8, 0.02512
ANTENNA__7318__RESET_B, 229.496, 108.8, 0.02512
FILLER_0_35_474, 229.496, 108.8, 0.02512
FILLER_0_35_484, 229.496, 108.8, 0.02512
FILLER_0_37_497, 229.496, 108.8, 0.02512
_5715_, 242.185, 108.8, 0.0253608
_5772_, 242.185, 108.8, 0.0253608
_7319_, 242.185, 108.8, 0.0253608
hold596, 242.185, 108.8, 0.0253608
ANTENNA__5713__S, 242.185, 108.8, 0.0253608
FILLER_0_35_505, 242.185, 108.8, 0.0253608
FILLER_0_37_518, 242.185, 108.8, 0.0253608
_7320_, 254.874, 108.8, 0.0255634
ANTENNA__5717__S, 254.874, 108.8, 0.0255634
ANTENNA__5715__S, 254.874, 108.8, 0.0255634
ANTENNA__7320__RESET_B, 254.874, 108.8, 0.0255634
FILLER_0_35_532, 254.874, 108.8, 0.0255634
FILLER_0_35_538, 254.874, 108.8, 0.0255634
FILLER_0_37_555, 254.874, 108.8, 0.0255634
_5784_, 267.563, 108.8, 0.0257489
_5795_, 267.563, 108.8, 0.0257489
_5796_, 267.563, 108.8, 0.0257489
_5800_, 267.563, 108.8, 0.0257489
_5802_, 267.563, 108.8, 0.0257489
hold640, 267.563, 108.8, 0.0257489
hold645, 267.563, 108.8, 0.0257489
ANTENNA__5796__B1, 267.563, 108.8, 0.0257489
ANTENNA__5797__A2, 267.563, 108.8, 0.0257489
FILLER_0_35_565, 267.563, 108.8, 0.0257489
_5803_, 280.252, 108.8, 0.0258967
_5809_, 280.252, 108.8, 0.0258967
_5810_, 280.252, 108.8, 0.0258967
_5811_, 280.252, 108.8, 0.0258967
hold284, 280.252, 108.8, 0.0258967
ANTENNA__5832__B2, 280.252, 108.8, 0.0258967
ANTENNA__5812__B1, 280.252, 108.8, 0.0258967
ANTENNA__5801__A, 280.252, 108.8, 0.0258967
ANTENNA__7322__RESET_B, 280.252, 108.8, 0.0258967
FILLER_0_35_587, 280.252, 108.8, 0.0258967
FILLER_0_36_605, 280.252, 108.8, 0.0258967
_5829_, 292.941, 108.8, 0.0260064
_5830_, 292.941, 108.8, 0.0260064
_5831_, 292.941, 108.8, 0.0260064
_5832_, 292.941, 108.8, 0.0260064
_5837_, 292.941, 108.8, 0.0260064
_7327_, 292.941, 108.8, 0.0260064
hold592, 292.941, 108.8, 0.0260064
ANTENNA__5726__S, 292.941, 108.8, 0.0260064
FILLER_0_36_624, 292.941, 108.8, 0.0260064
_5853_, 305.63, 108.8, 0.0260663
_5854_, 305.63, 108.8, 0.0260663
_5855_, 305.63, 108.8, 0.0260663
_5858_, 305.63, 108.8, 0.0260663
_5862_, 305.63, 108.8, 0.0260663
_5863_, 305.63, 108.8, 0.0260663
hold579, 305.63, 108.8, 0.0260663
ANTENNA__7325__RESET_B, 305.63, 108.8, 0.0260663
_6555_, 5.52, 103.36, 0.018885
_6556_, 5.52, 103.36, 0.018885
_7505_, 5.52, 103.36, 0.018885
PHY_66, 5.52, 103.36, 0.018885
PHY_68, 5.52, 103.36, 0.018885
PHY_67, 318.32, 103.36, 0.0252342
PHY_69, 318.32, 103.36, 0.0252342
ANTENNA__5861__B1, 318.32, 103.36, 0.0252342
ANTENNA__5854__A_N, 318.32, 103.36, 0.0252342
ANTENNA__5844__A, 318.32, 103.36, 0.0252342
FILLER_0_33_669, 318.32, 103.36, 0.0252342
_6444_, 15.33, 103.36, 0.0188763
_6445_, 15.33, 103.36, 0.0188763
hold379, 15.33, 103.36, 0.0188763
FILLER_0_33_15, 15.33, 103.36, 0.0188763
_6498_, 37.94, 103.36, 0.0195134
_6612_, 37.94, 103.36, 0.0195134
_7479_, 37.94, 103.36, 0.0195134
_7531_, 37.94, 103.36, 0.0195134
FILLER_0_35_80, 37.94, 103.36, 0.0195134
_5025_, 50.74, 103.36, 0.0201247
_7492_, 50.74, 103.36, 0.0201247
clkbuf_leaf_3_clk, 50.74, 103.36, 0.0201247
hold488, 50.74, 103.36, 0.0201247
ANTENNA__6583__S, 50.74, 103.36, 0.0201247
_4998_, 63.54, 103.36, 0.0206454
_6412_, 63.54, 103.36, 0.0206454
_6418_, 63.54, 103.36, 0.0206454
_7440_, 63.54, 103.36, 0.0206454
_7518_, 63.54, 103.36, 0.0206454
hold462, 63.54, 103.36, 0.0206454
FILLER_0_34_137, 63.54, 103.36, 0.0206454
_4764_, 76.34, 103.36, 0.0211278
_4765_, 76.34, 103.36, 0.0211278
_4773_, 76.34, 103.36, 0.0211278
_6417_, 76.34, 103.36, 0.0211278
ANTENNA__4749__B2, 76.34, 103.36, 0.0211278
FILLER_0_34_150, 76.34, 103.36, 0.0211278
FILLER_0_34_162, 76.34, 103.36, 0.0211278
_3607_, 89.14, 103.36, 0.0216007
_3826_, 89.14, 103.36, 0.0216007
_3828_, 89.14, 103.36, 0.0216007
_3829_, 89.14, 103.36, 0.0216007
_3839_, 89.14, 103.36, 0.0216007
hold688, 89.14, 103.36, 0.0216007
ANTENNA__3607__B1, 89.14, 103.36, 0.0216007
FILLER_0_34_169, 89.14, 103.36, 0.0216007
_3787_, 101.94, 103.36, 0.0220381
_3837_, 101.94, 103.36, 0.0220381
clkbuf_3_1__f_clk, 101.94, 103.36, 0.0220381
ANTENNA__3797__S, 101.94, 103.36, 0.0220381
ANTENNA__3787__S, 101.94, 103.36, 0.0220381
ANTENNA__4772__B2, 101.94, 103.36, 0.0220381
ANTENNA__3867__B, 101.94, 103.36, 0.0220381
ANTENNA__3838__C, 101.94, 103.36, 0.0220381
ANTENNA__4772__A1, 101.94, 103.36, 0.0220381
ANTENNA__6979__RESET_B, 101.94, 103.36, 0.0220381
FILLER_0_34_201, 101.94, 103.36, 0.0220381
FILLER_0_35_215, 101.94, 103.36, 0.0220381
_3800_, 114.74, 103.36, 0.0222818
_4772_, 114.74, 103.36, 0.0222818
_6934_, 114.74, 103.36, 0.0222818
ANTENNA_clkbuf_leaf_86_clk_A, 114.74, 103.36, 0.0222818
ANTENNA__6936__RESET_B, 114.74, 103.36, 0.0222818
FILLER_0_34_247, 114.74, 103.36, 0.0222818
_6936_, 127.54, 103.36, 0.0224912
hold52, 127.54, 103.36, 0.0224912
hold105, 127.54, 103.36, 0.0224912
ANTENNA__4581__B1, 127.54, 103.36, 0.0224912
ANTENNA__7105__RESET_B, 127.54, 103.36, 0.0224912
FILLER_0_33_261, 127.54, 103.36, 0.0224912
FILLER_0_35_274, 127.54, 103.36, 0.0224912
_3632_, 140.34, 103.36, 0.0226908
_4573_, 140.34, 103.36, 0.0226908
_4580_, 140.34, 103.36, 0.0226908
_4581_, 140.34, 103.36, 0.0226908
_7105_, 140.34, 103.36, 0.0226908
ANTENNA__3632__A2, 140.34, 103.36, 0.0226908
_7059_, 153.14, 103.36, 0.0228475
clkbuf_leaf_85_clk, 153.14, 103.36, 0.0228475
hold491, 153.14, 103.36, 0.0228475
ANTENNA__3635__A2, 153.14, 103.36, 0.0228475
ANTENNA__3634__S, 153.14, 103.36, 0.0228475
FILLER_0_35_327, 153.14, 103.36, 0.0228475
_4418_, 165.94, 103.36, 0.0229322
_7030_, 165.94, 103.36, 0.0229322
_7075_, 165.94, 103.36, 0.0229322
hold27, 165.94, 103.36, 0.0229322
hold729, 165.94, 103.36, 0.0229322
ANTENNA_hold27_A, 165.94, 103.36, 0.0229322
_3774_, 191.429, 103.36, 0.0233148
_6954_, 191.429, 103.36, 0.0233148
ANTENNA__6632__B1, 191.429, 103.36, 0.0233148
ANTENNA__6632__A2, 191.429, 103.36, 0.0233148
ANTENNA__7541__RESET_B, 191.429, 103.36, 0.0233148
ANTENNA__7551__RESET_B, 191.429, 103.36, 0.0233148
ANTENNA__7030__RESET_B, 191.429, 103.36, 0.0233148
ANTENNA__7209__RESET_B, 191.429, 103.36, 0.0233148
_3775_, 204.118, 103.36, 0.0236402
ANTENNA__5866__S, 204.118, 103.36, 0.0236402
ANTENNA__4130__S, 204.118, 103.36, 0.0236402
ANTENNA__3776__B1, 204.118, 103.36, 0.0236402
ANTENNA__7329__RESET_B, 204.118, 103.36, 0.0236402
ANTENNA__5866__A0, 204.118, 103.36, 0.0236402
ANTENNA_clkbuf_leaf_80_clk_A, 204.118, 103.36, 0.0236402
ANTENNA__6955__RESET_B, 204.118, 103.36, 0.0236402
ANTENNA__6954__RESET_B, 204.118, 103.36, 0.0236402
FILLER_0_34_444, 204.118, 103.36, 0.0236402
_7317_, 216.807, 103.36, 0.023957
ANTENNA__3764__B2, 216.807, 103.36, 0.023957
ANTENNA__5747__A1, 216.807, 103.36, 0.023957
ANTENNA__5739__A1, 216.807, 103.36, 0.023957
ANTENNA__5747__B1, 216.807, 103.36, 0.023957
ANTENNA__7315__RESET_B, 216.807, 103.36, 0.023957
ANTENNA__7317__RESET_B, 216.807, 103.36, 0.023957
ANTENNA__7300__RESET_B, 216.807, 103.36, 0.023957
ANTENNA__7301__RESET_B, 216.807, 103.36, 0.023957
FILLER_0_33_453, 216.807, 103.36, 0.023957
_5711_, 229.496, 103.36, 0.0242576
_5745_, 229.496, 103.36, 0.0242576
_5756_, 229.496, 103.36, 0.0242576
_5757_, 229.496, 103.36, 0.0242576
_5758_, 229.496, 103.36, 0.0242576
_5760_, 229.496, 103.36, 0.0242576
hold428, 229.496, 103.36, 0.0242576
ANTENNA__5757__B1, 229.496, 103.36, 0.0242576
ANTENNA__5758__A2, 229.496, 103.36, 0.0242576
_5754_, 242.185, 103.36, 0.0245173
_5768_, 242.185, 103.36, 0.0245173
_5769_, 242.185, 103.36, 0.0245173
_5770_, 242.185, 103.36, 0.0245173
_5771_, 242.185, 103.36, 0.0245173
_5774_, 242.185, 103.36, 0.0245173
FILLER_0_34_502, 242.185, 103.36, 0.0245173
FILLER_0_34_528, 242.185, 103.36, 0.0245173
_5765_, 254.874, 103.36, 0.0247341
_5780_, 254.874, 103.36, 0.0247341
_5783_, 254.874, 103.36, 0.0247341
_5785_, 254.874, 103.36, 0.0247341
_5786_, 254.874, 103.36, 0.0247341
ANTENNA__5786__B2, 254.874, 103.36, 0.0247341
ANTENNA__5785__B1, 254.874, 103.36, 0.0247341
FILLER_0_34_545, 254.874, 103.36, 0.0247341
_5807_, 267.563, 103.36, 0.0249154
_5808_, 267.563, 103.36, 0.0249154
_5818_, 267.563, 103.36, 0.0249154
_5820_, 267.563, 103.36, 0.0249154
ANTENNA__5802__A1, 267.563, 103.36, 0.0249154
FILLER_0_33_561, 267.563, 103.36, 0.0249154
FILLER_0_34_582, 267.563, 103.36, 0.0249154
FILLER_0_35_571, 267.563, 103.36, 0.0249154
_5806_, 280.252, 103.36, 0.0250763
_5814_, 280.252, 103.36, 0.0250763
_5819_, 280.252, 103.36, 0.0250763
_5822_, 280.252, 103.36, 0.0250763
_5823_, 280.252, 103.36, 0.0250763
ANTENNA__5831__A, 280.252, 103.36, 0.0250763
ANTENNA__5812__A1, 280.252, 103.36, 0.0250763
FILLER_0_34_604, 280.252, 103.36, 0.0250763
FILLER_0_35_603, 280.252, 103.36, 0.0250763
_5827_, 292.941, 103.36, 0.0251998
_5828_, 292.941, 103.36, 0.0251998
_5842_, 292.941, 103.36, 0.0251998
_5843_, 292.941, 103.36, 0.0251998
_7325_, 292.941, 103.36, 0.0251998
clkbuf_leaf_67_clk, 292.941, 103.36, 0.0251998
ANTENNA__5827__C, 292.941, 103.36, 0.0251998
ANTENNA_clkbuf_leaf_67_clk_A, 292.941, 103.36, 0.0251998
_5838_, 305.63, 103.36, 0.0252342
_5844_, 305.63, 103.36, 0.0252342
_5851_, 305.63, 103.36, 0.0252342
_5856_, 305.63, 103.36, 0.0252342
_5861_, 305.63, 103.36, 0.0252342
hold731, 305.63, 103.36, 0.0252342
ANTENNA__5865__B1, 305.63, 103.36, 0.0252342
ANTENNA__5860__B1, 305.63, 103.36, 0.0252342
ANTENNA__5839__B1, 305.63, 103.36, 0.0252342
ANTENNA__5853__B, 305.63, 103.36, 0.0252342
FILLER_0_34_654, 305.63, 103.36, 0.0252342
PHY_62, 5.52, 97.92, 0.0178978
PHY_64, 5.52, 97.92, 0.0178978
_5846_, 318.32, 97.92, 0.0239381
PHY_63, 318.32, 97.92, 0.0239381
PHY_65, 318.32, 97.92, 0.0239381
input4, 318.32, 97.92, 0.0239381
ANTENNA__5848__A, 318.32, 97.92, 0.0239381
_6438_, 15.33, 97.92, 0.0178978
_7450_, 15.33, 97.92, 0.0178978
hold445, 15.33, 97.92, 0.0178978
ANTENNA__6549__S, 15.33, 97.92, 0.0178978
FILLER_0_32_29, 15.33, 97.92, 0.0178978
FILLER_0_33_22, 15.33, 97.92, 0.0178978
_4995_, 37.94, 97.92, 0.0184297
_6492_, 37.94, 97.92, 0.0184297
_6611_, 37.94, 97.92, 0.0184297
hold414, 37.94, 97.92, 0.0184297
ANTENNA__6527__A1, 37.94, 97.92, 0.0184297
ANTENNA__6492__S, 37.94, 97.92, 0.0184297
ANTENNA__6611__S, 37.94, 97.92, 0.0184297
FILLER_0_32_58, 37.94, 97.92, 0.0184297
FILLER_0_32_72, 37.94, 97.92, 0.0184297
_6522_, 50.74, 97.92, 0.0189557
_6527_, 50.74, 97.92, 0.0189557
_7489_, 50.74, 97.92, 0.0189557
_7515_, 50.74, 97.92, 0.0189557
hold415, 50.74, 97.92, 0.0189557
hold422, 50.74, 97.92, 0.0189557
FILLER_0_31_87, 50.74, 97.92, 0.0189557
FILLER_0_32_105, 50.74, 97.92, 0.0189557
_5022_, 63.54, 97.92, 0.019448
_6577_, 63.54, 97.92, 0.019448
_7437_, 63.54, 97.92, 0.019448
hold352, 63.54, 97.92, 0.019448
FILLER_0_31_124, 63.54, 97.92, 0.019448
_4994_, 76.34, 97.92, 0.0199255
_4999_, 76.34, 97.92, 0.0199255
_6928_, 76.34, 97.92, 0.0199255
_7138_, 76.34, 97.92, 0.0199255
max_cap70, 76.34, 97.92, 0.0199255
hold465, 76.34, 97.92, 0.0199255
_3827_, 89.14, 97.92, 0.0203457
_3832_, 89.14, 97.92, 0.0203457
_3838_, 89.14, 97.92, 0.0203457
_4763_, 89.14, 97.92, 0.0203457
ANTENNA__3607__A2, 89.14, 97.92, 0.0203457
ANTENNA__3835__A2, 89.14, 97.92, 0.0203457
FILLER_0_31_181, 89.14, 97.92, 0.0203457
FILLER_0_32_191, 89.14, 97.92, 0.0203457
_3834_, 101.94, 97.92, 0.0207261
_3835_, 101.94, 97.92, 0.0207261
_3836_, 101.94, 97.92, 0.0207261
_6975_, 101.94, 97.92, 0.0207261
ANTENNA__3800__S, 101.94, 97.92, 0.0207261
ANTENNA__3835__B1, 101.94, 97.92, 0.0207261
ANTENNA__3831__B1, 101.94, 97.92, 0.0207261
ANTENNA_clkbuf_3_1__f_clk_A, 101.94, 97.92, 0.0207261
ANTENNA__6975__RESET_B, 101.94, 97.92, 0.0207261
_3624_, 114.74, 97.92, 0.0210721
_4775_, 114.74, 97.92, 0.0210721
_4781_, 114.74, 97.92, 0.0210721
ANTENNA__3624__A2, 114.74, 97.92, 0.0210721
ANTENNA__3624__B2, 114.74, 97.92, 0.0210721
FILLER_0_31_225, 114.74, 97.92, 0.0210721
FILLER_0_32_249, 114.74, 97.92, 0.0210721
_3628_, 127.54, 97.92, 0.0214064
_3630_, 127.54, 97.92, 0.0214064
_4569_, 127.54, 97.92, 0.0214064
_4570_, 127.54, 97.92, 0.0214064
hold110, 127.54, 97.92, 0.0214064
ANTENNA__3628__B2, 127.54, 97.92, 0.0214064
FILLER_0_31_264, 127.54, 97.92, 0.0214064
FILLER_0_32_253, 127.54, 97.92, 0.0214064
_4111_, 140.34, 97.92, 0.0217302
_4576_, 140.34, 97.92, 0.0217302
_4578_, 140.34, 97.92, 0.0217302
_4579_, 140.34, 97.92, 0.0217302
_7104_, 140.34, 97.92, 0.0217302
hold314, 140.34, 97.92, 0.0217302
_4790_, 153.14, 97.92, 0.0218996
_7058_, 153.14, 97.92, 0.0218996
hold266, 153.14, 97.92, 0.0218996
ANTENNA__4111__A, 153.14, 97.92, 0.0218996
FILLER_0_32_309, 153.14, 97.92, 0.0218996
_4131_, 165.94, 97.92, 0.022036
_4293_, 165.94, 97.92, 0.022036
_4294_, 165.94, 97.92, 0.022036
_4417_, 165.94, 97.92, 0.022036
_4419_, 165.94, 97.92, 0.022036
hold55, 165.94, 97.92, 0.022036
ANTENNA__4131__A2, 165.94, 97.92, 0.022036
ANTENNA__4419__A2, 165.94, 97.92, 0.022036
_3765_, 191.429, 97.92, 0.0224572
_3766_, 191.429, 97.92, 0.0224572
_3771_, 191.429, 97.92, 0.0224572
hold348, 191.429, 97.92, 0.0224572
ANTENNA__4132__S, 191.429, 97.92, 0.0224572
ANTENNA__6632__A1, 191.429, 97.92, 0.0224572
_3763_, 204.118, 97.92, 0.0227414
_3769_, 204.118, 97.92, 0.0227414
_3770_, 204.118, 97.92, 0.0227414
_6953_, 204.118, 97.92, 0.0227414
_7316_, 204.118, 97.92, 0.0227414
ANTENNA__3771__B1, 204.118, 97.92, 0.0227414
ANTENNA__3776__A2, 204.118, 97.92, 0.0227414
ANTENNA__3763__B1, 204.118, 97.92, 0.0227414
FILLER_0_33_437, 204.118, 97.92, 0.0227414
_5709_, 216.807, 97.92, 0.0229802
_5739_, 216.807, 97.92, 0.0229802
_5747_, 216.807, 97.92, 0.0229802
hold328, 216.807, 97.92, 0.0229802
ANTENNA__7316__RESET_B, 216.807, 97.92, 0.0229802
ANTENNA__6953__RESET_B, 216.807, 97.92, 0.0229802
FILLER_0_32_473, 216.807, 97.92, 0.0229802
_5748_, 229.496, 97.92, 0.023193
_5749_, 229.496, 97.92, 0.023193
_5750_, 229.496, 97.92, 0.023193
_5755_, 229.496, 97.92, 0.023193
_5759_, 229.496, 97.92, 0.023193
ANTENNA__5709__S, 229.496, 97.92, 0.023193
FILLER_0_31_480, 229.496, 97.92, 0.023193
FILLER_0_33_498, 229.496, 97.92, 0.023193
_5766_, 242.185, 97.92, 0.0233778
_5767_, 242.185, 97.92, 0.0233778
ANTENNA__4810__S, 242.185, 97.92, 0.0233778
ANTENNA__5763__D, 242.185, 97.92, 0.0233778
FILLER_0_32_513, 242.185, 97.92, 0.0233778
FILLER_0_32_525, 242.185, 97.92, 0.0233778
FILLER_0_33_516, 242.185, 97.92, 0.0233778
FILLER_0_33_524, 242.185, 97.92, 0.0233778
_5762_, 254.874, 97.92, 0.0235539
_5764_, 254.874, 97.92, 0.0235539
_5778_, 254.874, 97.92, 0.0235539
_5779_, 254.874, 97.92, 0.0235539
_5781_, 254.874, 97.92, 0.0235539
_5782_, 254.874, 97.92, 0.0235539
_5791_, 254.874, 97.92, 0.0235539
FILLER_0_31_540, 254.874, 97.92, 0.0235539
FILLER_0_32_536, 254.874, 97.92, 0.0235539
FILLER_0_33_543, 254.874, 97.92, 0.0235539
_5792_, 267.563, 97.92, 0.0236967
_5793_, 267.563, 97.92, 0.0236967
_5794_, 267.563, 97.92, 0.0236967
_5805_, 267.563, 97.92, 0.0236967
FILLER_0_32_561, 267.563, 97.92, 0.0236967
FILLER_0_32_575, 267.563, 97.92, 0.0236967
FILLER_0_33_580, 267.563, 97.92, 0.0236967
_5804_, 280.252, 97.92, 0.0238073
_5815_, 280.252, 97.92, 0.0238073
_5816_, 280.252, 97.92, 0.0238073
_5817_, 280.252, 97.92, 0.0238073
_5821_, 280.252, 97.92, 0.0238073
ANTENNA__5817__B1, 280.252, 97.92, 0.0238073
FILLER_0_31_585, 280.252, 97.92, 0.0238073
FILLER_0_32_607, 280.252, 97.92, 0.0238073
FILLER_0_33_610, 280.252, 97.92, 0.0238073
_5826_, 292.941, 97.92, 0.0238875
_5836_, 292.941, 97.92, 0.0238875
_5839_, 292.941, 97.92, 0.0238875
_5840_, 292.941, 97.92, 0.0238875
ANTENNA__5839__A1, 292.941, 97.92, 0.0238875
ANTENNA__5840__C1, 292.941, 97.92, 0.0238875
ANTENNA__5833__A, 292.941, 97.92, 0.0238875
ANTENNA__5826__A1, 292.941, 97.92, 0.0238875
_5833_, 305.63, 97.92, 0.0239338
_5834_, 305.63, 97.92, 0.0239338
_5835_, 305.63, 97.92, 0.0239338
_5841_, 305.63, 97.92, 0.0239338
_5845_, 305.63, 97.92, 0.0239338
_5847_, 305.63, 97.92, 0.0239338
_5848_, 305.63, 97.92, 0.0239338
_5849_, 305.63, 97.92, 0.0239338
_5850_, 305.63, 97.92, 0.0239338
ANTENNA__5728__S, 305.63, 97.92, 0.0239338
ANTENNA__5834__A, 305.63, 97.92, 0.0239338
_6549_, 5.52, 92.48, 0.0169216
_6550_, 5.52, 92.48, 0.0169216
_7502_, 5.52, 92.48, 0.0169216
PHY_58, 5.52, 92.48, 0.0169216
PHY_60, 5.52, 92.48, 0.0169216
PHY_59, 318.32, 92.48, 0.022951
PHY_61, 318.32, 92.48, 0.022951
ANTENNA__5852__A1, 318.32, 92.48, 0.022951
_4996_, 15.33, 92.48, 0.016913
hold376, 15.33, 92.48, 0.016913
hold423, 15.33, 92.48, 0.016913
FILLER_0_29_15, 15.33, 92.48, 0.016913
FILLER_0_31_31, 15.33, 92.48, 0.016913
_6606_, 37.94, 92.48, 0.0173657
_7528_, 37.94, 92.48, 0.0173657
hold372, 37.94, 92.48, 0.0173657
ANTENNA__6605__S, 37.94, 92.48, 0.0173657
FILLER_0_29_57, 37.94, 92.48, 0.0173657
FILLER_0_30_67, 37.94, 92.48, 0.0173657
FILLER_0_30_77, 37.94, 92.48, 0.0173657
_4989_, 50.74, 92.48, 0.0178164
_5013_, 50.74, 92.48, 0.0178164
_6521_, 50.74, 92.48, 0.0178164
_6605_, 50.74, 92.48, 0.0178164
hold458, 50.74, 92.48, 0.0178164
ANTENNA__6577__S, 50.74, 92.48, 0.0178164
FILLER_0_31_106, 50.74, 92.48, 0.0178164
_5016_, 63.54, 92.48, 0.0182528
_6411_, 63.54, 92.48, 0.0182528
_6582_, 63.54, 92.48, 0.0182528
ANTENNA__6527__S, 63.54, 92.48, 0.0182528
ANTENNA__6521__S, 63.54, 92.48, 0.0182528
ANTENNA_clkbuf_3_0__f_clk_A, 63.54, 92.48, 0.0182528
FILLER_0_30_132, 63.54, 92.48, 0.0182528
_4985_, 76.34, 92.48, 0.0186788
_5017_, 76.34, 92.48, 0.0186788
ANTENNA__4763__B2, 76.34, 92.48, 0.0186788
ANTENNA__4999__C1, 76.34, 92.48, 0.0186788
ANTENNA__4763__A1, 76.34, 92.48, 0.0186788
ANTENNA__4773__S, 76.34, 92.48, 0.0186788
ANTENNA__4764__S, 76.34, 92.48, 0.0186788
ANTENNA__4773__A0, 76.34, 92.48, 0.0186788
FILLER_0_30_141, 76.34, 92.48, 0.0186788
FILLER_0_30_161, 76.34, 92.48, 0.0186788
FILLER_0_31_158, 76.34, 92.48, 0.0186788
_3819_, 89.14, 92.48, 0.0190905
_3820_, 89.14, 92.48, 0.0190905
_3821_, 89.14, 92.48, 0.0190905
_4771_, 89.14, 92.48, 0.0190905
ANTENNA__5017__C1, 89.14, 92.48, 0.0190905
ANTENNA__3777__S, 89.14, 92.48, 0.0190905
ANTENNA__3825__A1, 89.14, 92.48, 0.0190905
ANTENNA__4763__B1, 89.14, 92.48, 0.0190905
ANTENNA__3827__B_N, 89.14, 92.48, 0.0190905
ANTENNA__3820__C, 89.14, 92.48, 0.0190905
ANTENNA__3819__A2, 89.14, 92.48, 0.0190905
ANTENNA__6928__RESET_B, 89.14, 92.48, 0.0190905
FILLER_0_30_171, 89.14, 92.48, 0.0190905
FILLER_0_30_187, 89.14, 92.48, 0.0190905
FILLER_0_31_187, 89.14, 92.48, 0.0190905
FILLER_0_31_193, 89.14, 92.48, 0.0190905
_3777_, 101.94, 92.48, 0.0194942
_3830_, 101.94, 92.48, 0.0194942
_3831_, 101.94, 92.48, 0.0194942
_6956_, 101.94, 92.48, 0.0194942
hold561, 101.94, 92.48, 0.0194942
ANTENNA__4781__A1, 101.94, 92.48, 0.0194942
ANTENNA__3777__A0, 101.94, 92.48, 0.0194942
ANTENNA__6934__RESET_B, 101.94, 92.48, 0.0194942
ANTENNA__7102__RESET_B, 101.94, 92.48, 0.0194942
FILLER_0_29_201, 101.94, 92.48, 0.0194942
FILLER_0_30_223, 101.94, 92.48, 0.0194942
_4784_, 114.74, 92.48, 0.0198609
_7102_, 114.74, 92.48, 0.0198609
hold7, 114.74, 92.48, 0.0198609
ANTENNA__4781__B2, 114.74, 92.48, 0.0198609
ANTENNA__4775__B2, 114.74, 92.48, 0.0198609
ANTENNA__4775__A1, 114.74, 92.48, 0.0198609
FILLER_0_29_237, 114.74, 92.48, 0.0198609
_3629_, 127.54, 92.48, 0.0201952
_4571_, 127.54, 92.48, 0.0201952
_4572_, 127.54, 92.48, 0.0201952
_4577_, 127.54, 92.48, 0.0201952
ANTENNA__3629__S, 127.54, 92.48, 0.0201952
ANTENNA__3630__A2, 127.54, 92.48, 0.0201952
ANTENNA__4570__A_N, 127.54, 92.48, 0.0201952
ANTENNA__7104__RESET_B, 127.54, 92.48, 0.0201952
FILLER_0_29_256, 127.54, 92.48, 0.0201952
FILLER_0_30_253, 127.54, 92.48, 0.0201952
FILLER_0_30_269, 127.54, 92.48, 0.0201952
_3631_, 140.34, 92.48, 0.0205074
_4292_, 140.34, 92.48, 0.0205074
_4574_, 140.34, 92.48, 0.0205074
_4575_, 140.34, 92.48, 0.0205074
ANTENNA__3631__S, 140.34, 92.48, 0.0205074
ANTENNA__4790__S, 140.34, 92.48, 0.0205074
ANTENNA__4576__A1, 140.34, 92.48, 0.0205074
ANTENNA__4292__A2, 140.34, 92.48, 0.0205074
ANTENNA__4576__B1, 140.34, 92.48, 0.0205074
ANTENNA__4577__B1, 140.34, 92.48, 0.0205074
FILLER_0_29_285, 140.34, 92.48, 0.0205074
FILLER_0_30_281, 140.34, 92.48, 0.0205074
_4291_, 153.14, 92.48, 0.020804
_7074_, 153.14, 92.48, 0.020804
hold54, 153.14, 92.48, 0.020804
hold114, 153.14, 92.48, 0.020804
ANTENNA__4293__S, 153.14, 92.48, 0.020804
ANTENNA_clkbuf_leaf_85_clk_A, 153.14, 92.48, 0.020804
FILLER_0_30_309, 153.14, 92.48, 0.020804
_4129_, 165.94, 92.48, 0.0210758
_4414_, 165.94, 92.48, 0.0210758
hold257, 165.94, 92.48, 0.0210758
ANTENNA__4419__B1, 165.94, 92.48, 0.0210758
ANTENNA__4294__A2, 165.94, 92.48, 0.0210758
_3767_, 191.429, 92.48, 0.0216597
_3768_, 191.429, 92.48, 0.0216597
_3773_, 191.429, 92.48, 0.0216597
_4128_, 191.429, 92.48, 0.0216597
hold519, 191.429, 92.48, 0.0216597
ANTENNA__4128__S, 191.429, 92.48, 0.0216597
ANTENNA__3771__A1, 191.429, 92.48, 0.0216597
ANTENNA__3766__A_N, 191.429, 92.48, 0.0216597
_3760_, 204.118, 92.48, 0.0219611
_3761_, 204.118, 92.48, 0.0219611
_3762_, 204.118, 92.48, 0.0219611
_3764_, 204.118, 92.48, 0.0219611
_3772_, 204.118, 92.48, 0.0219611
hold707, 204.118, 92.48, 0.0219611
ANTENNA__3765__B, 204.118, 92.48, 0.0219611
_5736_, 216.807, 92.48, 0.0222301
_5738_, 216.807, 92.48, 0.0222301
_5744_, 216.807, 92.48, 0.0222301
_7314_, 216.807, 92.48, 0.0222301
clkbuf_leaf_79_clk, 216.807, 92.48, 0.0222301
ANTENNA__3754__A2, 216.807, 92.48, 0.0222301
ANTENNA__5739__B1, 216.807, 92.48, 0.0222301
FILLER_0_30_446, 216.807, 92.48, 0.0222301
_5737_, 229.496, 92.48, 0.0223965
_5742_, 229.496, 92.48, 0.0223965
_5743_, 229.496, 92.48, 0.0223965
_5751_, 229.496, 92.48, 0.0223965
ANTENNA__5550__A2, 229.496, 92.48, 0.0223965
ANTENNA__5750__B1_N, 229.496, 92.48, 0.0223965
ANTENNA__7314__D, 229.496, 92.48, 0.0223965
FILLER_0_29_480, 229.496, 92.48, 0.0223965
FILLER_0_31_497, 229.496, 92.48, 0.0223965
_4810_, 242.185, 92.48, 0.022549
_5557_, 242.185, 92.48, 0.022549
_5752_, 242.185, 92.48, 0.022549
_5753_, 242.185, 92.48, 0.022549
_5761_, 242.185, 92.48, 0.022549
_5763_, 242.185, 92.48, 0.022549
ANTENNA__4813__S, 242.185, 92.48, 0.022549
ANTENNA__5557__B1, 242.185, 92.48, 0.022549
ANTENNA__4810__A0, 242.185, 92.48, 0.022549
ANTENNA__5557__A2, 242.185, 92.48, 0.022549
ANTENNA_clkbuf_3_5__f_clk_A, 242.185, 92.48, 0.022549
FILLER_0_31_519, 242.185, 92.48, 0.022549
_5775_, 254.874, 92.48, 0.0226691
_5776_, 254.874, 92.48, 0.0226691
_5777_, 254.874, 92.48, 0.0226691
ANTENNA__5787__B, 254.874, 92.48, 0.0226691
ANTENNA__5776__A1, 254.874, 92.48, 0.0226691
ANTENNA__5762__A1, 254.874, 92.48, 0.0226691
ANTENNA__7274__RESET_B, 254.874, 92.48, 0.0226691
FILLER_0_30_529, 254.874, 92.48, 0.0226691
FILLER_0_31_545, 254.874, 92.48, 0.0226691
FILLER_0_31_554, 254.874, 92.48, 0.0226691
_5788_, 267.563, 92.48, 0.0227758
_5789_, 267.563, 92.48, 0.0227758
_5790_, 267.563, 92.48, 0.0227758
_5799_, 267.563, 92.48, 0.0227758
ANTENNA__5777__B, 267.563, 92.48, 0.0227758
FILLER_0_30_561, 267.563, 92.48, 0.0227758
_5813_, 280.252, 92.48, 0.022858
_7323_, 280.252, 92.48, 0.022858
ANTENNA__5817__A1, 280.252, 92.48, 0.022858
ANTENNA__5813__A, 280.252, 92.48, 0.022858
ANTENNA__7323__RESET_B, 280.252, 92.48, 0.022858
FILLER_0_29_588, 280.252, 92.48, 0.022858
FILLER_0_30_596, 280.252, 92.48, 0.022858
FILLER_0_31_605, 280.252, 92.48, 0.022858
_5728_, 292.941, 92.48, 0.022911
_5824_, 292.941, 92.48, 0.022911
_5825_, 292.941, 92.48, 0.022911
hold60, 292.941, 92.48, 0.022911
ANTENNA__5576__A2, 292.941, 92.48, 0.022911
ANTENNA__5825__A, 292.941, 92.48, 0.022911
ANTENNA__5824__A, 292.941, 92.48, 0.022911
ANTENNA__7326__RESET_B, 292.941, 92.48, 0.022911
FILLER_0_29_617, 292.941, 92.48, 0.022911
FILLER_0_30_630, 292.941, 92.48, 0.022911
_5730_, 305.63, 92.48, 0.022951
_5852_, 305.63, 92.48, 0.022951
_7326_, 305.63, 92.48, 0.022951
hold61, 305.63, 92.48, 0.022951
hold570, 305.63, 92.48, 0.022951
FILLER_0_30_641, 305.63, 92.48, 0.022951
_7452_, 5.52, 87.04, 0.0161246
PHY_54, 5.52, 87.04, 0.0161246
PHY_56, 5.52, 87.04, 0.0161246
ANTENNA_input5_A, 5.52, 87.04, 0.0161246
PHY_55, 318.32, 87.04, 0.0229889
PHY_57, 318.32, 87.04, 0.0229889
ANTENNA__5852__B1, 318.32, 87.04, 0.0229889
ANTENNA__5572__B2, 318.32, 87.04, 0.0229889
FILLER_0_28_674, 318.32, 87.04, 0.0229889
_5014_, 15.33, 87.04, 0.0161177
_6553_, 15.33, 87.04, 0.0161177
_7478_, 15.33, 87.04, 0.0161177
max_cap68, 15.33, 87.04, 0.0161177
_4987_, 37.94, 87.04, 0.0167782
_4988_, 37.94, 87.04, 0.0167782
_6436_, 37.94, 87.04, 0.0167782
_6437_, 37.94, 87.04, 0.0167782
_6464_, 37.94, 87.04, 0.0167782
_6610_, 37.94, 87.04, 0.0167782
_7462_, 37.94, 87.04, 0.0167782
FILLER_0_29_80, 37.94, 87.04, 0.0167782
_4986_, 50.74, 87.04, 0.017428
_7530_, 50.74, 87.04, 0.017428
clkbuf_3_0__f_clk, 50.74, 87.04, 0.017428
hold405, 50.74, 87.04, 0.017428
_6416_, 63.54, 87.04, 0.0179034
_7439_, 63.54, 87.04, 0.0179034
_7517_, 63.54, 87.04, 0.0179034
hold355, 63.54, 87.04, 0.0179034
FILLER_0_28_121, 63.54, 87.04, 0.0179034
FILLER_0_29_127, 63.54, 87.04, 0.0179034
FILLER_0_29_134, 63.54, 87.04, 0.0179034
_4990_, 76.34, 87.04, 0.0183537
_5012_, 76.34, 87.04, 0.0183537
_7140_, 76.34, 87.04, 0.0183537
hold497, 76.34, 87.04, 0.0183537
ANTENNA__4990__C1, 76.34, 87.04, 0.0183537
FILLER_0_27_152, 76.34, 87.04, 0.0183537
_3784_, 89.14, 87.04, 0.0187683
_3816_, 89.14, 87.04, 0.0187683
_3822_, 89.14, 87.04, 0.0187683
_3823_, 89.14, 87.04, 0.0187683
_3824_, 89.14, 87.04, 0.0187683
_3825_, 89.14, 87.04, 0.0187683
ANTENNA__3784__S, 89.14, 87.04, 0.0187683
ANTENNA__4760__B1, 89.14, 87.04, 0.0187683
ANTENNA__6635__A1, 89.14, 87.04, 0.0187683
FILLER_0_27_177, 89.14, 87.04, 0.0187683
_3778_, 101.94, 87.04, 0.0191424
_3833_, 101.94, 87.04, 0.0191424
_6971_, 101.94, 87.04, 0.0191424
hold537, 101.94, 87.04, 0.0191424
ANTENNA__3825__B1, 101.94, 87.04, 0.0191424
ANTENNA__6971__RESET_B, 101.94, 87.04, 0.0191424
ANTENNA__6956__RESET_B, 101.94, 87.04, 0.0191424
FILLER_0_27_205, 101.94, 87.04, 0.0191424
_4555_, 114.74, 87.04, 0.0194766
hold605, 114.74, 87.04, 0.0194766
hold650, 114.74, 87.04, 0.0194766
ANTENNA__4784__B2, 114.74, 87.04, 0.0194766
ANTENNA__3622__B1, 114.74, 87.04, 0.0194766
ANTENNA__4555__B1, 114.74, 87.04, 0.0194766
ANTENNA__4784__A1, 114.74, 87.04, 0.0194766
FILLER_0_27_237, 114.74, 87.04, 0.0194766
_4549_, 127.54, 87.04, 0.0197899
_4550_, 127.54, 87.04, 0.0197899
_4552_, 127.54, 87.04, 0.0197899
_4560_, 127.54, 87.04, 0.0197899
_4561_, 127.54, 87.04, 0.0197899
ANTENNA__3628__A2, 127.54, 87.04, 0.0197899
ANTENNA__4555__A1, 127.54, 87.04, 0.0197899
ANTENNA__4560__A, 127.54, 87.04, 0.0197899
ANTENNA__4550__A, 127.54, 87.04, 0.0197899
ANTENNA__4549__A, 127.54, 87.04, 0.0197899
ANTENNA__3630__B2, 127.54, 87.04, 0.0197899
FILLER_0_27_254, 127.54, 87.04, 0.0197899
FILLER_0_28_253, 127.54, 87.04, 0.0197899
FILLER_0_28_271, 127.54, 87.04, 0.0197899
FILLER_0_29_270, 127.54, 87.04, 0.0197899
_4290_, 140.34, 87.04, 0.020079
_4562_, 140.34, 87.04, 0.020079
_4563_, 140.34, 87.04, 0.020079
_4564_, 140.34, 87.04, 0.020079
_4565_, 140.34, 87.04, 0.020079
_7057_, 140.34, 87.04, 0.020079
hold113, 140.34, 87.04, 0.020079
ANTENNA__4292__B2, 140.34, 87.04, 0.020079
ANTENNA__7057__RESET_B, 140.34, 87.04, 0.020079
FILLER_0_28_286, 140.34, 87.04, 0.020079
_4289_, 153.14, 87.04, 0.0203354
ANTENNA__4291__S, 153.14, 87.04, 0.0203354
ANTENNA__4289__S, 153.14, 87.04, 0.0203354
ANTENNA__4414__B1, 153.14, 87.04, 0.0203354
ANTENNA__4290__A2, 153.14, 87.04, 0.0203354
ANTENNA__7074__RESET_B, 153.14, 87.04, 0.0203354
ANTENNA__7058__RESET_B, 153.14, 87.04, 0.0203354
FILLER_0_27_316, 153.14, 87.04, 0.0203354
FILLER_0_28_324, 153.14, 87.04, 0.0203354
FILLER_0_29_326, 153.14, 87.04, 0.0203354
_4127_, 165.94, 87.04, 0.0205876
_4407_, 165.94, 87.04, 0.0205876
_4409_, 165.94, 87.04, 0.0205876
_4411_, 165.94, 87.04, 0.0205876
_4412_, 165.94, 87.04, 0.0205876
_4416_, 165.94, 87.04, 0.0205876
_7028_, 165.94, 87.04, 0.0205876
ANTENNA__4414__A1, 165.94, 87.04, 0.0205876
ANTENNA__4294__B2, 165.94, 87.04, 0.0205876
FILLER_0_28_340, 165.94, 87.04, 0.0205876
FILLER_0_29_349, 165.94, 87.04, 0.0205876
_3757_, 191.429, 87.04, 0.0213151
_3758_, 191.429, 87.04, 0.0213151
_3759_, 191.429, 87.04, 0.0213151
_4126_, 191.429, 87.04, 0.0213151
_6646_, 191.429, 87.04, 0.0213151
_7548_, 191.429, 87.04, 0.0213151
ANTENNA__4126__S, 191.429, 87.04, 0.0213151
ANTENNA__7027__RESET_B, 191.429, 87.04, 0.0213151
ANTENNA__7549__RESET_B, 191.429, 87.04, 0.0213151
_3748_, 204.118, 87.04, 0.0218113
_3754_, 204.118, 87.04, 0.0218113
_6952_, 204.118, 87.04, 0.0218113
clkbuf_3_4__f_clk, 204.118, 87.04, 0.0218113
hold598, 204.118, 87.04, 0.0218113
ANTENNA__3772__B1, 204.118, 87.04, 0.0218113
ANTENNA__3758__B, 204.118, 87.04, 0.0218113
ANTENNA__3757__B, 204.118, 87.04, 0.0218113
FILLER_0_28_437, 204.118, 87.04, 0.0218113
FILLER_0_29_432, 204.118, 87.04, 0.0218113
_5550_, 216.807, 87.04, 0.0221159
ANTENNA_clkbuf_3_4__f_clk_A, 216.807, 87.04, 0.0221159
ANTENNA_clkbuf_leaf_79_clk_A, 216.807, 87.04, 0.0221159
ANTENNA__7271__RESET_B, 216.807, 87.04, 0.0221159
ANTENNA__7314__RESET_B, 216.807, 87.04, 0.0221159
ANTENNA__6952__RESET_B, 216.807, 87.04, 0.0221159
_5740_, 229.496, 87.04, 0.0224135
hold718, 229.496, 87.04, 0.0224135
ANTENNA__5552__B1, 229.496, 87.04, 0.0224135
ANTENNA__5552__A2, 229.496, 87.04, 0.0224135
ANTENNA__5751__B, 229.496, 87.04, 0.0224135
ANTENNA__5742__B, 229.496, 87.04, 0.0224135
ANTENNA__7272__RESET_B, 229.496, 87.04, 0.0224135
FILLER_0_28_497, 229.496, 87.04, 0.0224135
FILLER_0_29_498, 229.496, 87.04, 0.0224135
_4813_, 242.185, 87.04, 0.0227025
_7273_, 242.185, 87.04, 0.0227025
clkbuf_3_5__f_clk, 242.185, 87.04, 0.0227025
hold738, 242.185, 87.04, 0.0227025
ANTENNA__4813__A1, 242.185, 87.04, 0.0227025
ANTENNA__7273__RESET_B, 242.185, 87.04, 0.0227025
FILLER_0_27_514, 242.185, 87.04, 0.0227025
_4814_, 254.874, 87.04, 0.0228177
_5787_, 254.874, 87.04, 0.0228177
_7274_, 254.874, 87.04, 0.0228177
_7275_, 254.874, 87.04, 0.0228177
hold620, 254.874, 87.04, 0.0228177
ANTENNA__4814__B1, 254.874, 87.04, 0.0228177
ANTENNA__4813__A0, 254.874, 87.04, 0.0228177
ANTENNA__7275__RESET_B, 254.874, 87.04, 0.0228177
_5798_, 267.563, 87.04, 0.022876
hold529, 267.563, 87.04, 0.022876
ANTENNA__5566__B2, 267.563, 87.04, 0.022876
ANTENNA__5566__A2, 267.563, 87.04, 0.022876
ANTENNA_clkbuf_leaf_69_clk_A, 267.563, 87.04, 0.022876
ANTENNA__7278__RESET_B, 267.563, 87.04, 0.022876
ANTENNA__7276__RESET_B, 267.563, 87.04, 0.022876
FILLER_0_28_578, 267.563, 87.04, 0.022876
FILLER_0_28_583, 267.563, 87.04, 0.022876
_5724_, 280.252, 87.04, 0.0229266
hold63, 280.252, 87.04, 0.0229266
ANTENNA__5724__S, 280.252, 87.04, 0.0229266
ANTENNA__7279__RESET_B, 280.252, 87.04, 0.0229266
FILLER_0_28_603, 280.252, 87.04, 0.0229266
FILLER_0_29_611, 280.252, 87.04, 0.0229266
_4825_, 292.941, 87.04, 0.0229692
_5569_, 292.941, 87.04, 0.0229692
_7160_, 292.941, 87.04, 0.0229692
_7280_, 292.941, 87.04, 0.0229692
hold543, 292.941, 87.04, 0.0229692
ANTENNA__5576__B2, 292.941, 87.04, 0.0229692
ANTENNA__5569__S, 292.941, 87.04, 0.0229692
ANTENNA__7280__RESET_B, 292.941, 87.04, 0.0229692
FILLER_0_28_617, 292.941, 87.04, 0.0229692
_5572_, 305.63, 87.04, 0.0229889
_5576_, 305.63, 87.04, 0.0229889
_7281_, 305.63, 87.04, 0.0229889
hold80, 305.63, 87.04, 0.0229889
hold81, 305.63, 87.04, 0.0229889
hold254, 305.63, 87.04, 0.0229889
ANTENNA__5730__S, 305.63, 87.04, 0.0229889
ANTENNA__5845__A, 305.63, 87.04, 0.0229889
FILLER_0_29_658, 305.63, 87.04, 0.0229889
_6442_, 5.52, 81.6, 0.0151586
_6443_, 5.52, 81.6, 0.0151586
_7504_, 5.52, 81.6, 0.0151586
PHY_50, 5.52, 81.6, 0.0151586
PHY_52, 5.52, 81.6, 0.0151586
input5, 5.52, 81.6, 0.0151586
PHY_51, 318.32, 81.6, 0.0220983
PHY_53, 318.32, 81.6, 0.0220983
ANTENNA_input4_A, 318.32, 81.6, 0.0220983
_6469_, 15.33, 81.6, 0.0151488
_7465_, 15.33, 81.6, 0.0151488
clkbuf_leaf_1_clk, 15.33, 81.6, 0.0151488
hold464, 15.33, 81.6, 0.0151488
ANTENNA__6553__S, 15.33, 81.6, 0.0151488
_6463_, 37.94, 81.6, 0.0156915
_6547_, 37.94, 81.6, 0.0156915
_6609_, 37.94, 81.6, 0.0156915
hold381, 37.94, 81.6, 0.0156915
hold404, 37.94, 81.6, 0.0156915
ANTENNA__6496__S, 37.94, 81.6, 0.0156915
ANTENNA__6547__S, 37.94, 81.6, 0.0156915
ANTENNA__6609__S, 37.94, 81.6, 0.0156915
FILLER_0_26_59, 37.94, 81.6, 0.0156915
FILLER_0_27_79, 37.94, 81.6, 0.0156915
_6520_, 50.74, 81.6, 0.0162846
_7491_, 50.74, 81.6, 0.0162846
_7527_, 50.74, 81.6, 0.0162846
hold517, 50.74, 81.6, 0.0162846
hold524, 50.74, 81.6, 0.0162846
_6410_, 63.54, 81.6, 0.0168493
_6415_, 63.54, 81.6, 0.0168493
_6525_, 63.54, 81.6, 0.0168493
_6576_, 63.54, 81.6, 0.0168493
_6581_, 63.54, 81.6, 0.0168493
_7436_, 63.54, 81.6, 0.0168493
hold504, 63.54, 81.6, 0.0168493
ANTENNA__4760__B2, 63.54, 81.6, 0.0168493
FILLER_0_26_135, 63.54, 81.6, 0.0168493
FILLER_0_27_129, 63.54, 81.6, 0.0168493
_4760_, 76.34, 81.6, 0.0173915
_4762_, 76.34, 81.6, 0.0173915
_4769_, 76.34, 81.6, 0.0173915
_4770_, 76.34, 81.6, 0.0173915
hold402, 76.34, 81.6, 0.0173915
ANTENNA__4769__A1, 76.34, 81.6, 0.0173915
ANTENNA__4760__A1, 76.34, 81.6, 0.0173915
ANTENNA__4770__S, 76.34, 81.6, 0.0173915
FILLER_0_26_144, 76.34, 81.6, 0.0173915
FILLER_0_26_155, 76.34, 81.6, 0.0173915
_3781_, 89.14, 81.6, 0.017896
_3817_, 89.14, 81.6, 0.017896
_6973_, 89.14, 81.6, 0.017896
ANTENNA__3781__S, 89.14, 81.6, 0.017896
ANTENNA__6635__S, 89.14, 81.6, 0.017896
ANTENNA__6627__S, 89.14, 81.6, 0.017896
ANTENNA__4769__B2, 89.14, 81.6, 0.017896
ANTENNA__3817__A1, 89.14, 81.6, 0.017896
ANTENNA__3817__B1, 89.14, 81.6, 0.017896
FILLER_0_27_193, 89.14, 81.6, 0.017896
_3622_, 101.94, 81.6, 0.0183616
_3815_, 101.94, 81.6, 0.0183616
_6933_, 101.94, 81.6, 0.0183616
hold344, 101.94, 81.6, 0.0183616
ANTENNA__3622__A2, 101.94, 81.6, 0.0183616
FILLER_0_27_221, 101.94, 81.6, 0.0183616
_4543_, 114.74, 81.6, 0.0187911
_4544_, 114.74, 81.6, 0.0187911
_4553_, 114.74, 81.6, 0.0187911
_4554_, 114.74, 81.6, 0.0187911
clkbuf_leaf_87_clk, 114.74, 81.6, 0.0187911
ANTENNA__4543__C, 114.74, 81.6, 0.0187911
FILLER_0_25_225, 114.74, 81.6, 0.0187911
FILLER_0_26_232, 114.74, 81.6, 0.0187911
_4540_, 127.54, 81.6, 0.0191438
_4541_, 127.54, 81.6, 0.0191438
_4542_, 127.54, 81.6, 0.0191438
_4551_, 127.54, 81.6, 0.0191438
_4556_, 127.54, 81.6, 0.0191438
_4567_, 127.54, 81.6, 0.0191438
ANTENNA__4564__A, 127.54, 81.6, 0.0191438
ANTENNA__4561__A, 127.54, 81.6, 0.0191438
ANTENNA__4541__A, 127.54, 81.6, 0.0191438
ANTENNA__4540__A, 127.54, 81.6, 0.0191438
FILLER_0_25_259, 127.54, 81.6, 0.0191438
FILLER_0_27_269, 127.54, 81.6, 0.0191438
_4566_, 140.34, 81.6, 0.0194685
_4568_, 140.34, 81.6, 0.0194685
_7103_, 140.34, 81.6, 0.0194685
hold594, 140.34, 81.6, 0.0194685
ANTENNA__4290__B2, 140.34, 81.6, 0.0194685
ANTENNA__7103__RESET_B, 140.34, 81.6, 0.0194685
FILLER_0_25_281, 140.34, 81.6, 0.0194685
FILLER_0_27_295, 140.34, 81.6, 0.0194685
_3604_, 153.14, 81.6, 0.0197531
_4404_, 153.14, 81.6, 0.0197531
_4415_, 153.14, 81.6, 0.0197531
_7073_, 153.14, 81.6, 0.0197531
ANTENNA__3604__A, 153.14, 81.6, 0.0197531
ANTENNA__4405__B1, 153.14, 81.6, 0.0197531
ANTENNA__4415__B1, 153.14, 81.6, 0.0197531
ANTENNA__7073__RESET_B, 153.14, 81.6, 0.0197531
FILLER_0_26_322, 153.14, 81.6, 0.0197531
FILLER_0_26_333, 153.14, 81.6, 0.0197531
_4399_, 165.94, 81.6, 0.0198997
_4408_, 165.94, 81.6, 0.0198997
_4410_, 165.94, 81.6, 0.0198997
_4413_, 165.94, 81.6, 0.0198997
ANTENNA__4408__A_N, 165.94, 81.6, 0.0198997
ANTENNA__4407__B, 165.94, 81.6, 0.0198997
ANTENNA__4399__A, 165.94, 81.6, 0.0198997
FILLER_0_25_337, 165.94, 81.6, 0.0198997
FILLER_0_25_348, 165.94, 81.6, 0.0198997
FILLER_0_26_349, 165.94, 81.6, 0.0198997
FILLER_0_26_356, 165.94, 81.6, 0.0198997
FILLER_0_27_360, 165.94, 81.6, 0.0198997
_6636_, 191.429, 81.6, 0.0203889
_6645_, 191.429, 81.6, 0.0203889
hold584, 191.429, 81.6, 0.0203889
hold739, 191.429, 81.6, 0.0203889
ANTENNA__6636__B2, 191.429, 81.6, 0.0203889
FILLER_0_25_404, 191.429, 81.6, 0.0203889
_3749_, 204.118, 81.6, 0.0207375
_3751_, 204.118, 81.6, 0.0207375
_3753_, 204.118, 81.6, 0.0207375
_3756_, 204.118, 81.6, 0.0207375
_6644_, 204.118, 81.6, 0.0207375
ANTENNA__6645__B, 204.118, 81.6, 0.0207375
ANTENNA__6643__B, 204.118, 81.6, 0.0207375
_7151_, 216.807, 81.6, 0.0210552
_7271_, 216.807, 81.6, 0.0210552
hold659, 216.807, 81.6, 0.0210552
ANTENNA__3748__B, 216.807, 81.6, 0.0210552
ANTENNA__3753__B1, 216.807, 81.6, 0.0210552
ANTENNA__5550__B1, 216.807, 81.6, 0.0210552
FILLER_0_25_449, 216.807, 81.6, 0.0210552
_4804_, 229.496, 81.6, 0.0213243
_4808_, 229.496, 81.6, 0.0213243
_5552_, 229.496, 81.6, 0.0213243
_7272_, 229.496, 81.6, 0.0213243
hold490, 229.496, 81.6, 0.0213243
ANTENNA__7151__RESET_B, 229.496, 81.6, 0.0213243
FILLER_0_25_480, 229.496, 81.6, 0.0213243
FILLER_0_26_477, 229.496, 81.6, 0.0213243
_4816_, 242.185, 81.6, 0.0215475
_7155_, 242.185, 81.6, 0.0215475
hold521, 242.185, 81.6, 0.0215475
hold602, 242.185, 81.6, 0.0215475
ANTENNA__4804__S, 242.185, 81.6, 0.0215475
ANTENNA__4804__A0, 242.185, 81.6, 0.0215475
_5558_, 254.874, 81.6, 0.0217335
_5559_, 254.874, 81.6, 0.0217335
_5561_, 254.874, 81.6, 0.0217335
_7276_, 254.874, 81.6, 0.0217335
ANTENNA__4814__A2, 254.874, 81.6, 0.0217335
ANTENNA__4808__B2, 254.874, 81.6, 0.0217335
ANTENNA__7155__RESET_B, 254.874, 81.6, 0.0217335
_4821_, 267.563, 81.6, 0.0218815
_5565_, 267.563, 81.6, 0.0218815
_5566_, 267.563, 81.6, 0.0218815
_7278_, 267.563, 81.6, 0.0218815
clkbuf_leaf_69_clk, 267.563, 81.6, 0.0218815
ANTENNA__5560__S, 267.563, 81.6, 0.0218815
ANTENNA__4816__A0, 267.563, 81.6, 0.0218815
_4820_, 280.252, 81.6, 0.0219664
_4824_, 280.252, 81.6, 0.0219664
_7279_, 280.252, 81.6, 0.0219664
hold64, 280.252, 81.6, 0.0219664
hold553, 280.252, 81.6, 0.0219664
ANTENNA__4824__B, 280.252, 81.6, 0.0219664
ANTENNA__5565__S, 280.252, 81.6, 0.0219664
_4829_, 292.941, 81.6, 0.0220387
_5570_, 292.941, 81.6, 0.0220387
_7282_, 292.941, 81.6, 0.0220387
ANTENNA_clkbuf_leaf_70_clk_A, 292.941, 81.6, 0.0220387
ANTENNA__7160__RESET_B, 292.941, 81.6, 0.0220387
FILLER_0_25_624, 292.941, 81.6, 0.0220387
FILLER_0_26_621, 292.941, 81.6, 0.0220387
_4830_, 305.63, 81.6, 0.0220983
_7283_, 305.63, 81.6, 0.0220983
clkbuf_leaf_71_clk, 305.63, 81.6, 0.0220983
hold217, 305.63, 81.6, 0.0220983
ANTENNA__5570__B2, 305.63, 81.6, 0.0220983
_6454_, 5.52, 76.16, 0.0140175
_6554_, 5.52, 76.16, 0.0140175
PHY_46, 5.52, 76.16, 0.0140175
PHY_48, 5.52, 76.16, 0.0140175
FILLER_0_24_3, 5.52, 76.16, 0.0140175
FILLER_0_25_3, 5.52, 76.16, 0.0140175
FILLER_0_25_10, 5.52, 76.16, 0.0140175
PHY_47, 318.32, 76.16, 0.0208439
PHY_49, 318.32, 76.16, 0.0208439
ANTENNA__5575__S, 318.32, 76.16, 0.0208439
_6470_, 15.33, 76.16, 0.0140167
hold150, 15.33, 76.16, 0.0140167
ANTENNA__6454__A1, 15.33, 76.16, 0.0140167
_6490_, 37.94, 76.16, 0.0146422
_6491_, 37.94, 76.16, 0.0146422
_6526_, 37.94, 76.16, 0.0146422
_7475_, 37.94, 76.16, 0.0146422
hold485, 37.94, 76.16, 0.0146422
_6519_, 50.74, 76.16, 0.0152435
_7488_, 50.74, 76.16, 0.0152435
clkbuf_leaf_2_clk, 50.74, 76.16, 0.0152435
hold514, 50.74, 76.16, 0.0152435
_6409_, 63.54, 76.16, 0.0157605
_6575_, 63.54, 76.16, 0.0157605
_7514_, 63.54, 76.16, 0.0157605
hold501, 63.54, 76.16, 0.0157605
_6629_, 76.34, 76.16, 0.0162521
_6635_, 76.34, 76.16, 0.0162521
_7137_, 76.34, 76.16, 0.0162521
hold531, 76.34, 76.16, 0.0162521
FILLER_0_24_166, 76.34, 76.16, 0.0162521
_6627_, 89.14, 76.16, 0.0166868
_6974_, 89.14, 76.16, 0.0166868
hold653, 89.14, 76.16, 0.0166868
ANTENNA__6629__S, 89.14, 76.16, 0.0166868
ANTENNA__6627__A0, 89.14, 76.16, 0.0166868
ANTENNA__6629__A0, 89.14, 76.16, 0.0166868
ANTENNA__6930__RESET_B, 89.14, 76.16, 0.0166868
ANTENNA__6974__RESET_B, 89.14, 76.16, 0.0166868
FILLER_0_23_181, 89.14, 76.16, 0.0166868
FILLER_0_24_186, 89.14, 76.16, 0.0166868
hold604, 101.94, 76.16, 0.0170797
ANTENNA_clkbuf_leaf_87_clk_A, 101.94, 76.16, 0.0170797
ANTENNA__6933__RESET_B, 101.94, 76.16, 0.0170797
ANTENNA__6973__RESET_B, 101.94, 76.16, 0.0170797
FILLER_0_24_223, 101.94, 76.16, 0.0170797
FILLER_0_25_219, 101.94, 76.16, 0.0170797
_3621_, 114.74, 76.16, 0.017466
_4546_, 114.74, 76.16, 0.017466
_4547_, 114.74, 76.16, 0.017466
_4558_, 114.74, 76.16, 0.017466
_4559_, 114.74, 76.16, 0.017466
ANTENNA__3621__A0, 114.74, 76.16, 0.017466
ANTENNA__4547__A, 114.74, 76.16, 0.017466
ANTENNA__7101__RESET_B, 114.74, 76.16, 0.017466
FILLER_0_25_251, 114.74, 76.16, 0.017466
_3625_, 127.54, 76.16, 0.0178338
_3627_, 127.54, 76.16, 0.0178338
_4557_, 127.54, 76.16, 0.0178338
hold745, 127.54, 76.16, 0.0178338
ANTENNA__3627__S, 127.54, 76.16, 0.0178338
ANTENNA__3625__S, 127.54, 76.16, 0.0178338
ANTENNA__4556__C1, 127.54, 76.16, 0.0178338
ANTENNA__4542__A1, 127.54, 76.16, 0.0178338
FILLER_0_25_277, 127.54, 76.16, 0.0178338
_4287_, 140.34, 76.16, 0.0181848
_4288_, 140.34, 76.16, 0.0181848
hold111, 140.34, 76.16, 0.0181848
ANTENNA__4287__S, 140.34, 76.16, 0.0181848
ANTENNA__4568__B1, 140.34, 76.16, 0.0181848
ANTENNA__4568__A1, 140.34, 76.16, 0.0181848
ANTENNA__4288__A2, 140.34, 76.16, 0.0181848
ANTENNA__4288__B2, 140.34, 76.16, 0.0181848
FILLER_0_23_281, 140.34, 76.16, 0.0181848
FILLER_0_25_302, 140.34, 76.16, 0.0181848
_4405_, 153.14, 76.16, 0.0185286
_4406_, 153.14, 76.16, 0.0185286
hold466, 153.14, 76.16, 0.0185286
hold716, 153.14, 76.16, 0.0185286
ANTENNA__4406__B2, 153.14, 76.16, 0.0185286
ANTENNA__4396__B1, 153.14, 76.16, 0.0185286
FILLER_0_24_309, 153.14, 76.16, 0.0185286
_4125_, 165.94, 76.16, 0.0188504
_4401_, 165.94, 76.16, 0.0188504
_4402_, 165.94, 76.16, 0.0188504
_4403_, 165.94, 76.16, 0.0188504
_7026_, 165.94, 76.16, 0.0188504
hold157, 165.94, 76.16, 0.0188504
ANTENNA__6630__A2, 165.94, 76.16, 0.0188504
ANTENNA__6630__B2, 165.94, 76.16, 0.0188504
ANTENNA__7026__RESET_B, 165.94, 76.16, 0.0188504
FILLER_0_24_345, 165.94, 76.16, 0.0188504
_6641_, 191.429, 76.16, 0.0194655
_6643_, 191.429, 76.16, 0.0194655
_7547_, 191.429, 76.16, 0.0194655
hold574, 191.429, 76.16, 0.0194655
hold616, 191.429, 76.16, 0.0194655
ANTENNA__6636__A2, 191.429, 76.16, 0.0194655
_3739_, 204.118, 76.16, 0.0197785
_3740_, 204.118, 76.16, 0.0197785
_3747_, 204.118, 76.16, 0.0197785
_3750_, 204.118, 76.16, 0.0197785
_3752_, 204.118, 76.16, 0.0197785
_6951_, 204.118, 76.16, 0.0197785
hold658, 204.118, 76.16, 0.0197785
ANTENNA_clkbuf_leaf_78_clk_A, 204.118, 76.16, 0.0197785
ANTENNA__7547__RESET_B, 204.118, 76.16, 0.0197785
ANTENNA__7543__RESET_B, 204.118, 76.16, 0.0197785
FILLER_0_23_422, 204.118, 76.16, 0.0197785
_4802_, 216.807, 76.16, 0.0200532
_5549_, 216.807, 76.16, 0.0200532
hold676, 216.807, 76.16, 0.0200532
ANTENNA__3747__B1, 216.807, 76.16, 0.0200532
ANTENNA__3740__B, 216.807, 76.16, 0.0200532
ANTENNA__6951__RESET_B, 216.807, 76.16, 0.0200532
FILLER_0_24_473, 216.807, 76.16, 0.0200532
_5551_, 229.496, 76.16, 0.0203089
_7152_, 229.496, 76.16, 0.0203089
_7153_, 229.496, 76.16, 0.0203089
hold690, 229.496, 76.16, 0.0203089
hold699, 229.496, 76.16, 0.0203089
ANTENNA__4802__A2, 229.496, 76.16, 0.0203089
ANTENNA__4802__B2, 229.496, 76.16, 0.0203089
_4811_, 242.185, 76.16, 0.0205099
_4817_, 242.185, 76.16, 0.0205099
_5555_, 242.185, 76.16, 0.0205099
clkbuf_leaf_74_clk, 242.185, 76.16, 0.0205099
ANTENNA__4808__A2, 242.185, 76.16, 0.0205099
ANTENNA__4804__A1, 242.185, 76.16, 0.0205099
FILLER_0_24_522, 242.185, 76.16, 0.0205099
_5560_, 254.874, 76.16, 0.0206373
_7156_, 254.874, 76.16, 0.0206373
hold627, 254.874, 76.16, 0.0206373
ANTENNA__5558__S, 254.874, 76.16, 0.0206373
ANTENNA__4816__S, 254.874, 76.16, 0.0206373
ANTENNA__5555__A2, 254.874, 76.16, 0.0206373
_4823_, 267.563, 76.16, 0.0207366
_7158_, 267.563, 76.16, 0.0207366
_7201_, 267.563, 76.16, 0.0207366
ANTENNA__5559__B1, 267.563, 76.16, 0.0207366
ANTENNA__4817__B1, 267.563, 76.16, 0.0207366
FILLER_0_23_557, 267.563, 76.16, 0.0207366
FILLER_0_24_565, 267.563, 76.16, 0.0207366
_5568_, 280.252, 76.16, 0.0208104
clkbuf_leaf_70_clk, 280.252, 76.16, 0.0208104
hold201, 280.252, 76.16, 0.0208104
hold202, 280.252, 76.16, 0.0208104
hold538, 280.252, 76.16, 0.0208104
_5573_, 292.941, 76.16, 0.0208313
_5574_, 292.941, 76.16, 0.0208313
hold218, 292.941, 76.16, 0.0208313
ANTENNA__5570__A2, 292.941, 76.16, 0.0208313
ANTENNA__5573__S, 292.941, 76.16, 0.0208313
ANTENNA__7282__RESET_B, 292.941, 76.16, 0.0208313
_5575_, 305.63, 76.16, 0.0208439
_7163_, 305.63, 76.16, 0.0208439
ANTENNA__5572__A2, 305.63, 76.16, 0.0208439
FILLER_0_24_645, 305.63, 76.16, 0.0208439
_6455_, 5.52, 70.72, 0.0130215
_7458_, 5.52, 70.72, 0.0130215
PHY_42, 5.52, 70.72, 0.0130215
PHY_44, 5.52, 70.72, 0.0130215
FILLER_0_22_3, 5.52, 70.72, 0.0130215
FILLER_0_22_9, 5.52, 70.72, 0.0130215
PHY_43, 318.32, 70.72, 0.0198749
PHY_45, 318.32, 70.72, 0.0198749
output52, 318.32, 70.72, 0.0198749
ANTENNA_output52_A, 318.32, 70.72, 0.0198749
ANTENNA_clkbuf_leaf_71_clk_A, 318.32, 70.72, 0.0198749
_6481_, 15.33, 70.72, 0.0130144
_6482_, 15.33, 70.72, 0.0130144
_7471_, 15.33, 70.72, 0.0130144
hold267, 15.33, 70.72, 0.0130144
FILLER_0_21_15, 15.33, 70.72, 0.0130144
FILLER_0_23_23, 15.33, 70.72, 0.0130144
_6474_, 37.94, 70.72, 0.0136489
_6479_, 37.94, 70.72, 0.0136489
_6603_, 37.94, 70.72, 0.0136489
_6604_, 37.94, 70.72, 0.0136489
_7467_, 37.94, 70.72, 0.0136489
hold277, 37.94, 70.72, 0.0136489
ANTENNA__6490__S, 37.94, 70.72, 0.0136489
ANTENNA__6519__S, 37.94, 70.72, 0.0136489
FILLER_0_22_74, 37.94, 70.72, 0.0136489
FILLER_0_23_78, 37.94, 70.72, 0.0136489
_7441_, 50.74, 70.72, 0.0142789
hold173, 50.74, 70.72, 0.0142789
hold180, 50.74, 70.72, 0.0142789
hold240, 50.74, 70.72, 0.0142789
ANTENNA__6575__S, 50.74, 70.72, 0.0142789
_4761_, 63.54, 70.72, 0.014892
_6424_, 63.54, 70.72, 0.014892
_6428_, 63.54, 70.72, 0.014892
_7443_, 63.54, 70.72, 0.014892
hold224, 63.54, 70.72, 0.014892
ANTENNA__3619__B1, 63.54, 70.72, 0.014892
ANTENNA__4761__S, 63.54, 70.72, 0.014892
ANTENNA__6525__S, 63.54, 70.72, 0.014892
ANTENNA__6581__S, 63.54, 70.72, 0.014892
ANTENNA_clkbuf_leaf_2_clk_A, 63.54, 70.72, 0.014892
FILLER_0_23_131, 63.54, 70.72, 0.014892
_3619_, 76.34, 70.72, 0.0154915
_6932_, 76.34, 70.72, 0.0154915
hold172, 76.34, 70.72, 0.0154915
ANTENNA__3619__A2, 76.34, 70.72, 0.0154915
ANTENNA__6629__A1, 76.34, 70.72, 0.0154915
FILLER_0_21_150, 76.34, 70.72, 0.0154915
FILLER_0_22_141, 76.34, 70.72, 0.0154915
_3613_, 89.14, 70.72, 0.0160618
_6929_, 89.14, 70.72, 0.0160618
_6930_, 89.14, 70.72, 0.0160618
clkbuf_leaf_92_clk, 89.14, 70.72, 0.0160618
ANTENNA__3613__A2, 89.14, 70.72, 0.0160618
_7091_, 101.94, 70.72, 0.0165179
ANTENNA__3621__S, 101.94, 70.72, 0.0165179
ANTENNA__3612__S, 101.94, 70.72, 0.0165179
ANTENNA__3613__B1, 101.94, 70.72, 0.0165179
ANTENNA__7091__RESET_B, 101.94, 70.72, 0.0165179
ANTENNA__6929__RESET_B, 101.94, 70.72, 0.0165179
FILLER_0_22_201, 101.94, 70.72, 0.0165179
FILLER_0_23_216, 101.94, 70.72, 0.0165179
_4527_, 114.74, 70.72, 0.0169472
_4529_, 114.74, 70.72, 0.0169472
_4539_, 114.74, 70.72, 0.0169472
_4545_, 114.74, 70.72, 0.0169472
_4548_, 114.74, 70.72, 0.0169472
_7101_, 114.74, 70.72, 0.0169472
ANTENNA__3623__S, 114.74, 70.72, 0.0169472
ANTENNA__7055__RESET_B, 114.74, 70.72, 0.0169472
FILLER_0_21_228, 114.74, 70.72, 0.0169472
_4286_, 127.54, 70.72, 0.0173285
_7055_, 127.54, 70.72, 0.0173285
hold53, 127.54, 70.72, 0.0173285
hold74, 127.54, 70.72, 0.0173285
ANTENNA__4286__B2, 127.54, 70.72, 0.0173285
FILLER_0_22_253, 127.54, 70.72, 0.0173285
FILLER_0_22_276, 127.54, 70.72, 0.0173285
_4394_, 140.34, 70.72, 0.0176936
_7056_, 140.34, 70.72, 0.0176936
_7072_, 140.34, 70.72, 0.0176936
clkbuf_leaf_88_clk, 140.34, 70.72, 0.0176936
ANTENNA__7072__RESET_B, 140.34, 70.72, 0.0176936
ANTENNA_clkbuf_leaf_88_clk_A, 140.34, 70.72, 0.0176936
_4392_, 153.14, 70.72, 0.0179828
_4395_, 153.14, 70.72, 0.0179828
_4396_, 153.14, 70.72, 0.0179828
_4397_, 153.14, 70.72, 0.0179828
_4398_, 153.14, 70.72, 0.0179828
_4400_, 153.14, 70.72, 0.0179828
ANTENNA__4396__A1, 153.14, 70.72, 0.0179828
ANTENNA__4400__A, 153.14, 70.72, 0.0179828
FILLER_0_22_321, 153.14, 70.72, 0.0179828
FILLER_0_23_324, 153.14, 70.72, 0.0179828
_3601_, 165.94, 70.72, 0.0182378
_4390_, 165.94, 70.72, 0.0182378
_4391_, 165.94, 70.72, 0.0182378
_7025_, 165.94, 70.72, 0.0182378
ANTENNA__4397__B1, 165.94, 70.72, 0.0182378
ANTENNA__4391__A, 165.94, 70.72, 0.0182378
ANTENNA__4390__A, 165.94, 70.72, 0.0182378
ANTENNA__7025__RESET_B, 165.94, 70.72, 0.0182378
FILLER_0_21_341, 165.94, 70.72, 0.0182378
_4122_, 191.429, 70.72, 0.0186689
_4124_, 191.429, 70.72, 0.0186689
_6950_, 191.429, 70.72, 0.0186689
ANTENNA__6641__B, 191.429, 70.72, 0.0186689
FILLER_0_22_401, 191.429, 70.72, 0.0186689
FILLER_0_22_417, 191.429, 70.72, 0.0186689
_3741_, 204.118, 70.72, 0.0189175
_3742_, 204.118, 70.72, 0.0189175
_3743_, 204.118, 70.72, 0.0189175
_3746_, 204.118, 70.72, 0.0189175
_3755_, 204.118, 70.72, 0.0189175
hold566, 204.118, 70.72, 0.0189175
ANTENNA__3749__B, 204.118, 70.72, 0.0189175
ANTENNA__3747__A1, 204.118, 70.72, 0.0189175
ANTENNA__7546__RESET_B, 204.118, 70.72, 0.0189175
FILLER_0_23_436, 204.118, 70.72, 0.0189175
_3745_, 216.807, 70.72, 0.0191357
_5044_, 216.807, 70.72, 0.0191357
_5045_, 216.807, 70.72, 0.0191357
_7196_, 216.807, 70.72, 0.0191357
ANTENNA__3739__B, 216.807, 70.72, 0.0191357
ANTENNA__3727__B, 216.807, 70.72, 0.0191357
ANTENNA__4802__B1, 216.807, 70.72, 0.0191357
FILLER_0_21_458, 216.807, 70.72, 0.0191357
_4805_, 229.496, 70.72, 0.019323
hold332, 229.496, 70.72, 0.019323
ANTENNA__5551__S, 229.496, 70.72, 0.019323
ANTENNA__4808__B1, 229.496, 70.72, 0.019323
ANTENNA__4805__B1, 229.496, 70.72, 0.019323
ANTENNA__7152__RESET_B, 229.496, 70.72, 0.019323
FILLER_0_21_479, 229.496, 70.72, 0.019323
_5554_, 242.185, 70.72, 0.0194952
_5556_, 242.185, 70.72, 0.0194952
_7154_, 242.185, 70.72, 0.0194952
hold527, 242.185, 70.72, 0.0194952
ANTENNA__4816__A1, 242.185, 70.72, 0.0194952
ANTENNA_clkbuf_leaf_74_clk_A, 242.185, 70.72, 0.0194952
FILLER_0_22_501, 242.185, 70.72, 0.0194952
FILLER_0_22_508, 242.185, 70.72, 0.0194952
_5094_, 254.874, 70.72, 0.0196317
_5095_, 254.874, 70.72, 0.0196317
_5096_, 254.874, 70.72, 0.0196317
_5097_, 254.874, 70.72, 0.0196317
_5105_, 254.874, 70.72, 0.0196317
_5111_, 254.874, 70.72, 0.0196317
ANTENNA__4817__A2, 254.874, 70.72, 0.0196317
ANTENNA__4811__A2, 254.874, 70.72, 0.0196317
ANTENNA__5561__A2, 254.874, 70.72, 0.0196317
ANTENNA__5559__A2, 254.874, 70.72, 0.0196317
_5104_, 267.563, 70.72, 0.0197297
_5107_, 267.563, 70.72, 0.0197297
_5109_, 267.563, 70.72, 0.0197297
_7159_, 267.563, 70.72, 0.0197297
hold573, 267.563, 70.72, 0.0197297
ANTENNA__4820__B, 267.563, 70.72, 0.0197297
ANTENNA__7158__RESET_B, 267.563, 70.72, 0.0197297
ANTENNA__7201__RESET_B, 267.563, 70.72, 0.0197297
FILLER_0_21_565, 267.563, 70.72, 0.0197297
FILLER_0_22_580, 267.563, 70.72, 0.0197297
_4822_, 280.252, 70.72, 0.0197988
_4828_, 280.252, 70.72, 0.0197988
_5567_, 280.252, 70.72, 0.0197988
_7162_, 280.252, 70.72, 0.0197988
ANTENNA__4822__B, 280.252, 70.72, 0.0197988
ANTENNA__5568__B2, 280.252, 70.72, 0.0197988
ANTENNA__5568__A2, 280.252, 70.72, 0.0197988
ANTENNA__7162__RESET_B, 280.252, 70.72, 0.0197988
ANTENNA__7159__RESET_B, 280.252, 70.72, 0.0197988
FILLER_0_22_585, 280.252, 70.72, 0.0197988
_5155_, 292.941, 70.72, 0.0198554
_5165_, 292.941, 70.72, 0.0198554
_5166_, 292.941, 70.72, 0.0198554
_5167_, 292.941, 70.72, 0.0198554
_7208_, 292.941, 70.72, 0.0198554
hold520, 292.941, 70.72, 0.0198554
ANTENNA__5567__S, 292.941, 70.72, 0.0198554
FILLER_0_21_623, 292.941, 70.72, 0.0198554
_4831_, 305.63, 70.72, 0.0198706
_5571_, 305.63, 70.72, 0.0198706
hold346, 305.63, 70.72, 0.0198706
hold578, 305.63, 70.72, 0.0198706
ANTENNA__4830__B, 305.63, 70.72, 0.0198706
ANTENNA__5574__B2, 305.63, 70.72, 0.0198706
ANTENNA__7283__RESET_B, 305.63, 70.72, 0.0198706
ANTENNA__7281__RESET_B, 305.63, 70.72, 0.0198706
ANTENNA__7208__RESET_B, 305.63, 70.72, 0.0198706
FILLER_0_21_640, 305.63, 70.72, 0.0198706
_7456_, 5.52, 65.28, 0.0118654
PHY_38, 5.52, 65.28, 0.0118654
PHY_40, 5.52, 65.28, 0.0118654
PHY_39, 318.32, 65.28, 0.0190866
PHY_41, 318.32, 65.28, 0.0190866
FILLER_0_19_669, 318.32, 65.28, 0.0190866
FILLER_0_19_673, 318.32, 65.28, 0.0190866
_6450_, 15.33, 65.28, 0.0118586
_6478_, 15.33, 65.28, 0.0118586
hold212, 15.33, 65.28, 0.0118586
ANTENNA__6621__S, 15.33, 65.28, 0.0118586
FILLER_0_21_23, 15.33, 65.28, 0.0118586
_6447_, 37.94, 65.28, 0.0124868
_6452_, 37.94, 65.28, 0.0124868
_6473_, 37.94, 65.28, 0.0124868
_7454_, 37.94, 65.28, 0.0124868
ANTENNA__6473__A1, 37.94, 65.28, 0.0124868
ANTENNA__6479__A1, 37.94, 65.28, 0.0124868
ANTENNA__6603__S, 37.94, 65.28, 0.0124868
_6419_, 50.74, 65.28, 0.0131117
_6420_, 50.74, 65.28, 0.0131117
_6427_, 50.74, 65.28, 0.0131117
_7445_, 50.74, 65.28, 0.0131117
hold229, 50.74, 65.28, 0.0131117
ANTENNA__6419__A1, 50.74, 65.28, 0.0131117
ANTENNA__6585__S, 50.74, 65.28, 0.0131117
FILLER_0_19_93, 50.74, 65.28, 0.0131117
_6423_, 63.54, 65.28, 0.0137259
_6426_, 63.54, 65.28, 0.0137259
_6430_, 63.54, 65.28, 0.0137259
_6585_, 63.54, 65.28, 0.0137259
_6594_, 63.54, 65.28, 0.0137259
_7444_, 63.54, 65.28, 0.0137259
ANTENNA__3618__A0, 63.54, 65.28, 0.0137259
FILLER_0_20_119, 63.54, 65.28, 0.0137259
_3608_, 76.34, 65.28, 0.0143241
_3609_, 76.34, 65.28, 0.0143241
_3618_, 76.34, 65.28, 0.0143241
_6425_, 76.34, 65.28, 0.0143241
_7093_, 76.34, 65.28, 0.0143241
ANTENNA__6627__A1, 76.34, 65.28, 0.0143241
ANTENNA__6932__RESET_B, 76.34, 65.28, 0.0143241
FILLER_0_20_161, 76.34, 65.28, 0.0143241
_3605_, 89.14, 65.28, 0.0148878
_3612_, 89.14, 65.28, 0.0148878
_4455_, 89.14, 65.28, 0.0148878
hold327, 89.14, 65.28, 0.0148878
hold588, 89.14, 65.28, 0.0148878
FILLER_0_20_184, 89.14, 65.28, 0.0148878
FILLER_0_21_189, 89.14, 65.28, 0.0148878
_7099_, 101.94, 65.28, 0.0154179
hold368, 101.94, 65.28, 0.0154179
ANTENNA__4501__B1, 101.94, 65.28, 0.0154179
ANTENNA__4455__B1, 101.94, 65.28, 0.0154179
FILLER_0_19_201, 101.94, 65.28, 0.0154179
FILLER_0_20_217, 101.94, 65.28, 0.0154179
FILLER_0_21_221, 101.94, 65.28, 0.0154179
_3623_, 114.74, 65.28, 0.0159252
_4525_, 114.74, 65.28, 0.0159252
_4528_, 114.74, 65.28, 0.0159252
_4530_, 114.74, 65.28, 0.0159252
_4538_, 114.74, 65.28, 0.0159252
ANTENNA__4548__B2, 114.74, 65.28, 0.0159252
ANTENNA__4529__A, 114.74, 65.28, 0.0159252
FILLER_0_20_246, 114.74, 65.28, 0.0159252
FILLER_0_21_250, 114.74, 65.28, 0.0159252
_4283_, 127.54, 65.28, 0.0163924
_7054_, 127.54, 65.28, 0.0163924
_7100_, 127.54, 65.28, 0.0163924
hold75, 127.54, 65.28, 0.0163924
ANTENNA__4286__A2, 127.54, 65.28, 0.0163924
ANTENNA__4283__A2, 127.54, 65.28, 0.0163924
FILLER_0_20_253, 127.54, 65.28, 0.0163924
_3698_, 140.34, 65.28, 0.0168204
_4284_, 140.34, 65.28, 0.0168204
_4385_, 140.34, 65.28, 0.0168204
hold112, 140.34, 65.28, 0.0168204
_4384_, 153.14, 65.28, 0.017136
_4386_, 153.14, 65.28, 0.017136
_4393_, 153.14, 65.28, 0.017136
_7024_, 153.14, 65.28, 0.017136
clkbuf_leaf_89_clk, 153.14, 65.28, 0.017136
hold732, 153.14, 65.28, 0.017136
ANTENNA__7024__RESET_B, 153.14, 65.28, 0.017136
_4121_, 165.94, 65.28, 0.017356
hold96, 165.94, 65.28, 0.017356
hold184, 165.94, 65.28, 0.017356
FILLER_0_20_361, 165.94, 65.28, 0.017356
_3715_, 191.429, 65.28, 0.0178433
_3716_, 191.429, 65.28, 0.0178433
_3733_, 191.429, 65.28, 0.0178433
ANTENNA__4122__S, 191.429, 65.28, 0.0178433
ANTENNA__4120__S, 191.429, 65.28, 0.0178433
ANTENNA__7545__RESET_B, 191.429, 65.28, 0.0178433
FILLER_0_19_393, 191.429, 65.28, 0.0178433
FILLER_0_19_400, 191.429, 65.28, 0.0178433
_3727_, 204.118, 65.28, 0.0180979
_3728_, 204.118, 65.28, 0.0180979
_3729_, 204.118, 65.28, 0.0180979
_3730_, 204.118, 65.28, 0.0180979
_3731_, 204.118, 65.28, 0.0180979
_3744_, 204.118, 65.28, 0.0180979
ANTENNA__4124__S, 204.118, 65.28, 0.0180979
ANTENNA__3733__A1, 204.118, 65.28, 0.0180979
ANTENNA__3733__B1, 204.118, 65.28, 0.0180979
ANTENNA__3755__B1, 204.118, 65.28, 0.0180979
ANTENNA__6950__RESET_B, 204.118, 65.28, 0.0180979
FILLER_0_19_426, 204.118, 65.28, 0.0180979
_5046_, 216.807, 65.28, 0.0183237
_5051_, 216.807, 65.28, 0.0183237
_7197_, 216.807, 65.28, 0.0183237
ANTENNA__5549__S, 216.807, 65.28, 0.0183237
ANTENNA__5054__B1, 216.807, 65.28, 0.0183237
ANTENNA__5046__B1, 216.807, 65.28, 0.0183237
ANTENNA__5046__A1, 216.807, 65.28, 0.0183237
ANTENNA__7196__RESET_B, 216.807, 65.28, 0.0183237
ANTENNA__7197__RESET_B, 216.807, 65.28, 0.0183237
FILLER_0_20_463, 216.807, 65.28, 0.0183237
FILLER_0_21_469, 216.807, 65.28, 0.0183237
_5052_, 229.496, 65.28, 0.0185197
_5053_, 229.496, 65.28, 0.0185197
_5054_, 229.496, 65.28, 0.0185197
_7198_, 229.496, 65.28, 0.0185197
hold513, 229.496, 65.28, 0.0185197
ANTENNA__4805__A2, 229.496, 65.28, 0.0185197
ANTENNA__7198__RESET_B, 229.496, 65.28, 0.0185197
ANTENNA__7153__RESET_B, 229.496, 65.28, 0.0185197
FILLER_0_21_498, 229.496, 65.28, 0.0185197
_5079_, 242.185, 65.28, 0.018674
hold503, 242.185, 65.28, 0.018674
ANTENNA__5064__B1, 242.185, 65.28, 0.018674
ANTENNA__5555__B1, 242.185, 65.28, 0.018674
ANTENNA__4811__B1, 242.185, 65.28, 0.018674
ANTENNA__7154__RESET_B, 242.185, 65.28, 0.018674
FILLER_0_19_505, 242.185, 65.28, 0.018674
FILLER_0_20_524, 242.185, 65.28, 0.018674
_5082_, 254.874, 65.28, 0.018819
_5103_, 254.874, 65.28, 0.018819
_5112_, 254.874, 65.28, 0.018819
ANTENNA__5561__B1, 254.874, 65.28, 0.018819
ANTENNA__5105__A2, 254.874, 65.28, 0.018819
ANTENNA__5095__B, 254.874, 65.28, 0.018819
ANTENNA__7156__RESET_B, 254.874, 65.28, 0.018819
FILLER_0_20_545, 254.874, 65.28, 0.018819
FILLER_0_20_554, 254.874, 65.28, 0.018819
_5108_, 267.563, 65.28, 0.0189431
_5110_, 267.563, 65.28, 0.0189431
_5113_, 267.563, 65.28, 0.0189431
hold684, 267.563, 65.28, 0.0189431
ANTENNA__5104__B1, 267.563, 65.28, 0.0189431
ANTENNA__5117__A2, 267.563, 65.28, 0.0189431
ANTENNA__5109__A1, 267.563, 65.28, 0.0189431
ANTENNA__5108__A, 267.563, 65.28, 0.0189431
FILLER_0_19_556, 267.563, 65.28, 0.0189431
FILLER_0_20_561, 267.563, 65.28, 0.0189431
_5156_, 280.252, 65.28, 0.0190348
_5162_, 280.252, 65.28, 0.0190348
_7202_, 280.252, 65.28, 0.0190348
_7207_, 280.252, 65.28, 0.0190348
ANTENNA__4828__B, 280.252, 65.28, 0.0190348
ANTENNA__5156__A_N, 280.252, 65.28, 0.0190348
ANTENNA__5155__B, 280.252, 65.28, 0.0190348
ANTENNA__7207__RESET_B, 280.252, 65.28, 0.0190348
ANTENNA__7202__RESET_B, 280.252, 65.28, 0.0190348
FILLER_0_19_584, 280.252, 65.28, 0.0190348
_5157_, 292.941, 65.28, 0.0190779
_5158_, 292.941, 65.28, 0.0190779
_5159_, 292.941, 65.28, 0.0190779
_5163_, 292.941, 65.28, 0.0190779
_5164_, 292.941, 65.28, 0.0190779
hold210, 292.941, 65.28, 0.0190779
ANTENNA__5167__A2, 292.941, 65.28, 0.0190779
ANTENNA__5574__A2, 292.941, 65.28, 0.0190779
FILLER_0_19_613, 292.941, 65.28, 0.0190779
_4826_, 305.63, 65.28, 0.0190866
_4827_, 305.63, 65.28, 0.0190866
_7161_, 305.63, 65.28, 0.0190866
hold528, 305.63, 65.28, 0.0190866
ANTENNA__5571__S, 305.63, 65.28, 0.0190866
ANTENNA__7161__RESET_B, 305.63, 65.28, 0.0190866
FILLER_0_19_639, 305.63, 65.28, 0.0190866
_6451_, 5.52, 59.84, 0.0107431
PHY_34, 5.52, 59.84, 0.0107431
PHY_36, 5.52, 59.84, 0.0107431
input7, 5.52, 59.84, 0.0107431
ANTENNA_input7_A, 5.52, 59.84, 0.0107431
FILLER_0_18_7, 5.52, 59.84, 0.0107431
PHY_35, 318.32, 59.84, 0.0178941
PHY_37, 318.32, 59.84, 0.0178941
FILLER_0_17_673, 318.32, 59.84, 0.0178941
FILLER_0_18_669, 318.32, 59.84, 0.0178941
_6456_, 15.33, 59.84, 0.0107423
_6457_, 15.33, 59.84, 0.0107423
_6621_, 15.33, 59.84, 0.0107423
_7459_, 15.33, 59.84, 0.0107423
hold274, 15.33, 59.84, 0.0107423
ANTENNA__6450__A1, 15.33, 59.84, 0.0107423
ANTENNA__6621__A1, 15.33, 59.84, 0.0107423
FILLER_0_19_24, 15.33, 59.84, 0.0107423
_6446_, 37.94, 59.84, 0.0113643
_6507_, 37.94, 59.84, 0.0113643
_7483_, 37.94, 59.84, 0.0113643
hold231, 37.94, 59.84, 0.0113643
ANTENNA__6506__A1, 37.94, 59.84, 0.0113643
_6538_, 50.74, 59.84, 0.0119843
_7519_, 50.74, 59.84, 0.0119843
_7523_, 50.74, 59.84, 0.0119843
hold223, 50.74, 59.84, 0.0119843
hold279, 50.74, 59.84, 0.0119843
ANTENNA__6427__A1, 50.74, 59.84, 0.0119843
ANTENNA__6537__S, 50.74, 59.84, 0.0119843
FILLER_0_18_89, 50.74, 59.84, 0.0119843
_6429_, 63.54, 59.84, 0.0125693
_6593_, 63.54, 59.84, 0.0125693
hold256, 63.54, 59.84, 0.0125693
hold258, 63.54, 59.84, 0.0125693
ANTENNA__6425__A1, 63.54, 59.84, 0.0125693
ANTENNA__6429__A1, 63.54, 59.84, 0.0125693
ANTENNA__6593__S, 63.54, 59.84, 0.0125693
FILLER_0_17_113, 63.54, 59.84, 0.0125693
_7446_, 76.34, 59.84, 0.0131437
hold291, 76.34, 59.84, 0.0131437
ANTENNA__3609__S, 76.34, 59.84, 0.0131437
ANTENNA_clkbuf_leaf_92_clk_A, 76.34, 59.84, 0.0131437
ANTENNA__7093__RESET_B, 76.34, 59.84, 0.0131437
_3610_, 89.14, 59.84, 0.0137031
_4451_, 89.14, 59.84, 0.0137031
_4452_, 89.14, 59.84, 0.0137031
_4462_, 89.14, 59.84, 0.0137031
ANTENNA__3608__S, 89.14, 59.84, 0.0137031
ANTENNA__3605__S, 89.14, 59.84, 0.0137031
ANTENNA__4455__A1, 89.14, 59.84, 0.0137031
ANTENNA__7099__RESET_B, 89.14, 59.84, 0.0137031
ANTENNA__7094__RESET_B, 89.14, 59.84, 0.0137031
FILLER_0_17_180, 89.14, 59.84, 0.0137031
FILLER_0_18_169, 89.14, 59.84, 0.0137031
FILLER_0_19_192, 89.14, 59.84, 0.0137031
_4453_, 101.94, 59.84, 0.0142465
_4500_, 101.94, 59.84, 0.0142465
_4501_, 101.94, 59.84, 0.0142465
_4524_, 101.94, 59.84, 0.0142465
_4526_, 101.94, 59.84, 0.0142465
_4534_, 101.94, 59.84, 0.0142465
_4535_, 101.94, 59.84, 0.0142465
_4536_, 101.94, 59.84, 0.0142465
hold682, 101.94, 59.84, 0.0142465
FILLER_0_17_203, 101.94, 59.84, 0.0142465
FILLER_0_18_200, 101.94, 59.84, 0.0142465
FILLER_0_19_211, 101.94, 59.84, 0.0142465
_4518_, 114.74, 59.84, 0.014752
_4519_, 114.74, 59.84, 0.014752
_4520_, 114.74, 59.84, 0.014752
_4521_, 114.74, 59.84, 0.014752
_4522_, 114.74, 59.84, 0.014752
_4531_, 114.74, 59.84, 0.014752
_4533_, 114.74, 59.84, 0.014752
_4537_, 114.74, 59.84, 0.014752
ANTENNA__4528__A1, 114.74, 59.84, 0.014752
ANTENNA__4528__B1, 114.74, 59.84, 0.014752
ANTENNA__4518__A1, 114.74, 59.84, 0.014752
FILLER_0_18_226, 114.74, 59.84, 0.014752
_4532_, 127.54, 59.84, 0.0152076
_7019_, 127.54, 59.84, 0.0152076
ANTENNA__4283__B2, 127.54, 59.84, 0.0152076
ANTENNA__4533__A1, 127.54, 59.84, 0.0152076
ANTENNA__4533__B1, 127.54, 59.84, 0.0152076
ANTENNA__3698__A, 127.54, 59.84, 0.0152076
ANTENNA__7019__RESET_B, 127.54, 59.84, 0.0152076
ANTENNA__7100__RESET_B, 127.54, 59.84, 0.0152076
ANTENNA__7056__RESET_B, 127.54, 59.84, 0.0152076
ANTENNA__7054__RESET_B, 127.54, 59.84, 0.0152076
FILLER_0_18_266, 127.54, 59.84, 0.0152076
FILLER_0_18_276, 127.54, 59.84, 0.0152076
FILLER_0_19_275, 127.54, 59.84, 0.0152076
_4389_, 140.34, 59.84, 0.0156353
_7018_, 140.34, 59.84, 0.0156353
_7071_, 140.34, 59.84, 0.0156353
ANTENNA__4385__C, 140.34, 59.84, 0.0156353
ANTENNA__7071__RESET_B, 140.34, 59.84, 0.0156353
_4282_, 153.14, 59.84, 0.0160139
_4382_, 153.14, 59.84, 0.0160139
_4383_, 153.14, 59.84, 0.0160139
_4387_, 153.14, 59.84, 0.0160139
_4388_, 153.14, 59.84, 0.0160139
ANTENNA__4282__S, 153.14, 59.84, 0.0160139
ANTENNA__4384__A1, 153.14, 59.84, 0.0160139
ANTENNA__4383__A, 153.14, 59.84, 0.0160139
FILLER_0_18_309, 153.14, 59.84, 0.0160139
FILLER_0_18_319, 153.14, 59.84, 0.0160139
FILLER_0_18_329, 153.14, 59.84, 0.0160139
FILLER_0_19_333, 153.14, 59.84, 0.0160139
_4123_, 165.94, 59.84, 0.0163753
_6943_, 165.94, 59.84, 0.0163753
ANTENNA__4389__B2, 165.94, 59.84, 0.0163753
ANTENNA__4121__B2, 165.94, 59.84, 0.0163753
ANTENNA__4121__A2, 165.94, 59.84, 0.0163753
FILLER_0_18_354, 165.94, 59.84, 0.0163753
_3713_, 191.429, 59.84, 0.0169825
_3714_, 191.429, 59.84, 0.0169825
_3725_, 191.429, 59.84, 0.0169825
_3726_, 191.429, 59.84, 0.0169825
_3732_, 191.429, 59.84, 0.0169825
hold315, 191.429, 59.84, 0.0169825
_3722_, 204.118, 59.84, 0.0172122
_3723_, 204.118, 59.84, 0.0172122
_3724_, 204.118, 59.84, 0.0172122
_3734_, 204.118, 59.84, 0.0172122
_3736_, 204.118, 59.84, 0.0172122
_3737_, 204.118, 59.84, 0.0172122
_3738_, 204.118, 59.84, 0.0172122
_4958_, 204.118, 59.84, 0.0172122
ANTENNA__3728__B, 204.118, 59.84, 0.0172122
FILLER_0_17_431, 204.118, 59.84, 0.0172122
FILLER_0_18_441, 204.118, 59.84, 0.0172122
_5048_, 216.807, 59.84, 0.0173991
_5049_, 216.807, 59.84, 0.0173991
_7179_, 216.807, 59.84, 0.0173991
ANTENNA__4958__S, 216.807, 59.84, 0.0173991
ANTENNA__5049__B, 216.807, 59.84, 0.0173991
ANTENNA__5048__A2, 216.807, 59.84, 0.0173991
FILLER_0_18_457, 216.807, 59.84, 0.0173991
_5050_, 229.496, 59.84, 0.0175632
_5057_, 229.496, 59.84, 0.0175632
_5059_, 229.496, 59.84, 0.0175632
_5062_, 229.496, 59.84, 0.0175632
_5064_, 229.496, 59.84, 0.0175632
_5067_, 229.496, 59.84, 0.0175632
ANTENNA__5064__A2, 229.496, 59.84, 0.0175632
ANTENNA__5054__A1, 229.496, 59.84, 0.0175632
ANTENNA__5060__B1, 229.496, 59.84, 0.0175632
FILLER_0_17_484, 229.496, 59.84, 0.0175632
_5070_, 242.185, 59.84, 0.0176957
_5071_, 242.185, 59.84, 0.0176957
_5080_, 242.185, 59.84, 0.0176957
_5083_, 242.185, 59.84, 0.0176957
ANTENNA__5556__S, 242.185, 59.84, 0.0176957
ANTENNA__5554__S, 242.185, 59.84, 0.0176957
ANTENNA__5067__B, 242.185, 59.84, 0.0176957
ANTENNA__5056__B_N, 242.185, 59.84, 0.0176957
FILLER_0_17_509, 242.185, 59.84, 0.0176957
FILLER_0_18_507, 242.185, 59.84, 0.0176957
FILLER_0_19_519, 242.185, 59.84, 0.0176957
_5081_, 254.874, 59.84, 0.0177993
_5084_, 254.874, 59.84, 0.0177993
_5098_, 254.874, 59.84, 0.0177993
_5099_, 254.874, 59.84, 0.0177993
_5100_, 254.874, 59.84, 0.0177993
_5106_, 254.874, 59.84, 0.0177993
ANTENNA__5081__A, 254.874, 59.84, 0.0177993
FILLER_0_17_533, 254.874, 59.84, 0.0177993
FILLER_0_18_538, 254.874, 59.84, 0.0177993
_5114_, 267.563, 59.84, 0.0178502
_5115_, 267.563, 59.84, 0.0178502
_5116_, 267.563, 59.84, 0.0178502
_5117_, 267.563, 59.84, 0.0178502
_5118_, 267.563, 59.84, 0.0178502
ANTENNA__5116__A, 267.563, 59.84, 0.0178502
FILLER_0_18_558, 267.563, 59.84, 0.0178502
FILLER_0_19_574, 267.563, 59.84, 0.0178502
_5132_, 280.252, 59.84, 0.017875
ANTENNA__5162__A1, 280.252, 59.84, 0.017875
ANTENNA__5132__A1, 280.252, 59.84, 0.017875
ANTENNA__5131__A, 280.252, 59.84, 0.017875
ANTENNA__5130__A, 280.252, 59.84, 0.017875
ANTENNA__5162__B1, 280.252, 59.84, 0.017875
FILLER_0_17_585, 280.252, 59.84, 0.017875
FILLER_0_18_584, 280.252, 59.84, 0.017875
FILLER_0_18_589, 280.252, 59.84, 0.017875
FILLER_0_18_598, 280.252, 59.84, 0.017875
FILLER_0_18_603, 280.252, 59.84, 0.017875
_5147_, 292.941, 59.84, 0.0178941
_5150_, 292.941, 59.84, 0.0178941
_5152_, 292.941, 59.84, 0.0178941
_5160_, 292.941, 59.84, 0.0178941
_5161_, 292.941, 59.84, 0.0178941
ANTENNA__5167__B1, 292.941, 59.84, 0.0178941
ANTENNA__5163__B1, 292.941, 59.84, 0.0178941
ANTENNA__5147__A, 292.941, 59.84, 0.0178941
ANTENNA__5139__A, 292.941, 59.84, 0.0178941
FILLER_0_17_617, 292.941, 59.84, 0.0178941
ANTENNA__4826__B, 305.63, 59.84, 0.0178941
ANTENNA__5154__B2, 305.63, 59.84, 0.0178941
ANTENNA__5148__A, 305.63, 59.84, 0.0178941
ANTENNA__7163__RESET_B, 305.63, 59.84, 0.0178941
FILLER_0_18_640, 305.63, 59.84, 0.0178941
FILLER_0_19_661, 305.63, 59.84, 0.0178941
_6622_, 5.52, 54.4, 0.0096774
_7536_, 5.52, 54.4, 0.0096774
PHY_30, 5.52, 54.4, 0.0096774
PHY_32, 5.52, 54.4, 0.0096774
FILLER_0_16_3, 5.52, 54.4, 0.0096774
FILLER_0_16_9, 5.52, 54.4, 0.0096774
PHY_31, 318.32, 54.4, 0.0178286
PHY_33, 318.32, 54.4, 0.0178286
input2, 318.32, 54.4, 0.0178286
ANTENNA_input2_A, 318.32, 54.4, 0.0178286
_7537_, 15.33, 54.4, 0.00966518
hold270, 15.33, 54.4, 0.00966518
ANTENNA__6565__A1, 15.33, 54.4, 0.00966518
ANTENNA__6508__A1, 15.33, 54.4, 0.00966518
FILLER_0_16_29, 15.33, 54.4, 0.00966518
FILLER_0_17_28, 15.33, 54.4, 0.00966518
_6506_, 37.94, 54.4, 0.0103038
_6510_, 37.94, 54.4, 0.0103038
_7497_, 37.94, 54.4, 0.0103038
hold269, 37.94, 54.4, 0.0103038
hold272, 37.94, 54.4, 0.0103038
ANTENNA__6537__A1, 37.94, 54.4, 0.0103038
ANTENNA__6506__S, 37.94, 54.4, 0.0103038
FILLER_0_16_60, 37.94, 54.4, 0.0103038
FILLER_0_17_77, 37.94, 54.4, 0.0103038
_6537_, 50.74, 54.4, 0.0109387
_6586_, 50.74, 54.4, 0.0109387
_6592_, 50.74, 54.4, 0.0109387
hold193, 50.74, 54.4, 0.0109387
hold227, 50.74, 54.4, 0.0109387
ANTENNA__6591__A1, 50.74, 54.4, 0.0109387
ANTENNA__6591__S, 50.74, 54.4, 0.0109387
FILLER_0_15_94, 50.74, 54.4, 0.0109387
FILLER_0_16_85, 50.74, 54.4, 0.0109387
FILLER_0_16_97, 50.74, 54.4, 0.0109387
FILLER_0_17_109, 50.74, 54.4, 0.0109387
_4788_, 63.54, 54.4, 0.011556
_6595_, 63.54, 54.4, 0.011556
hold167, 63.54, 54.4, 0.011556
hold249, 63.54, 54.4, 0.011556
ANTENNA__4788__S, 63.54, 54.4, 0.011556
ANTENNA__6585__A1, 63.54, 54.4, 0.011556
ANTENNA__6423__A1, 63.54, 54.4, 0.011556
ANTENNA__6593__A1, 63.54, 54.4, 0.011556
ANTENNA__6595__S, 63.54, 54.4, 0.011556
FILLER_0_16_115, 63.54, 54.4, 0.011556
FILLER_0_16_124, 63.54, 54.4, 0.011556
FILLER_0_17_135, 63.54, 54.4, 0.011556
_4789_, 76.34, 54.4, 0.0121548
_7094_, 76.34, 54.4, 0.0121548
ANTENNA__3618__S, 76.34, 54.4, 0.0121548
ANTENNA__6589__A1, 76.34, 54.4, 0.0121548
ANTENNA__4788__A0, 76.34, 54.4, 0.0121548
ANTENNA__3609__A0, 76.34, 54.4, 0.0121548
FILLER_0_16_144, 76.34, 54.4, 0.0121548
_4460_, 89.14, 54.4, 0.0127346
_4463_, 89.14, 54.4, 0.0127346
_4464_, 89.14, 54.4, 0.0127346
_4465_, 89.14, 54.4, 0.0127346
_4502_, 89.14, 54.4, 0.0127346
hold484, 89.14, 54.4, 0.0127346
ANTENNA__3610__A2, 89.14, 54.4, 0.0127346
ANTENNA__3610__B1, 89.14, 54.4, 0.0127346
ANTENNA__4502__B2, 89.14, 54.4, 0.0127346
ANTENNA__7097__RESET_B, 89.14, 54.4, 0.0127346
FILLER_0_16_168, 89.14, 54.4, 0.0127346
_4499_, 101.94, 54.4, 0.0132813
_4512_, 101.94, 54.4, 0.0132813
_7097_, 101.94, 54.4, 0.0132813
FILLER_0_15_203, 101.94, 54.4, 0.0132813
FILLER_0_17_214, 101.94, 54.4, 0.0132813
_3620_, 114.74, 54.4, 0.0137922
_4516_, 114.74, 54.4, 0.0137922
_4517_, 114.74, 54.4, 0.0137922
_7098_, 114.74, 54.4, 0.0137922
ANTENNA__3620__S, 114.74, 54.4, 0.0137922
ANTENNA__4512__B1, 114.74, 54.4, 0.0137922
ANTENNA__4517__A, 114.74, 54.4, 0.0137922
FILLER_0_16_241, 114.74, 54.4, 0.0137922
FILLER_0_17_248, 114.74, 54.4, 0.0137922
_4108_, 127.54, 54.4, 0.0142704
_4110_, 127.54, 54.4, 0.0142704
_4270_, 127.54, 54.4, 0.0142704
hold525, 127.54, 54.4, 0.0142704
hold565, 127.54, 54.4, 0.0142704
ANTENNA__4110__B1, 127.54, 54.4, 0.0142704
ANTENNA__4110__A2, 127.54, 54.4, 0.0142704
ANTENNA__4270__B1, 127.54, 54.4, 0.0142704
FILLER_0_16_268, 127.54, 54.4, 0.0142704
hold679, 140.34, 54.4, 0.0147157
ANTENNA__4269__S, 140.34, 54.4, 0.0147157
ANTENNA__4108__B1, 140.34, 54.4, 0.0147157
ANTENNA__4284__S, 140.34, 54.4, 0.0147157
ANTENNA__4108__A2, 140.34, 54.4, 0.0147157
FILLER_0_15_281, 140.34, 54.4, 0.0147157
FILLER_0_16_302, 140.34, 54.4, 0.0147157
FILLER_0_17_304, 140.34, 54.4, 0.0147157
_4368_, 153.14, 54.4, 0.0151546
_4369_, 153.14, 54.4, 0.0151546
_4371_, 153.14, 54.4, 0.0151546
_7069_, 153.14, 54.4, 0.0151546
ANTENNA__4382__A, 153.14, 54.4, 0.0151546
ANTENNA__4371__A, 153.14, 54.4, 0.0151546
ANTENNA__4388__B1, 153.14, 54.4, 0.0151546
ANTENNA__6943__RESET_B, 153.14, 54.4, 0.0151546
ANTENNA_clkbuf_leaf_89_clk_A, 153.14, 54.4, 0.0151546
FILLER_0_15_319, 153.14, 54.4, 0.0151546
FILLER_0_17_321, 153.14, 54.4, 0.0151546
FILLER_0_17_331, 153.14, 54.4, 0.0151546
_4107_, 165.94, 54.4, 0.0155618
_4370_, 165.94, 54.4, 0.0155618
hold468, 165.94, 54.4, 0.0155618
ANTENNA__4107__S, 165.94, 54.4, 0.0155618
ANTENNA__4361__A1, 165.94, 54.4, 0.0155618
FILLER_0_15_337, 165.94, 54.4, 0.0155618
FILLER_0_17_358, 165.94, 54.4, 0.0155618
_3702_, 191.429, 54.4, 0.0162958
_3717_, 191.429, 54.4, 0.0162958
_3718_, 191.429, 54.4, 0.0162958
_3719_, 191.429, 54.4, 0.0162958
ANTENNA__3725__A1, 191.429, 54.4, 0.0162958
ANTENNA__3715__A2, 191.429, 54.4, 0.0162958
ANTENNA__3714__C, 191.429, 54.4, 0.0162958
ANTENNA__3717__A, 191.429, 54.4, 0.0162958
ANTENNA__3713__A, 191.429, 54.4, 0.0162958
ANTENNA__6949__RESET_B, 191.429, 54.4, 0.0162958
FILLER_0_16_399, 191.429, 54.4, 0.0162958
FILLER_0_16_408, 191.429, 54.4, 0.0162958
_3721_, 204.118, 54.4, 0.0166203
_3735_, 204.118, 54.4, 0.0166203
_4959_, 204.118, 54.4, 0.0166203
ANTENNA__3725__B1, 204.118, 54.4, 0.0166203
ANTENNA__4958__A0, 204.118, 54.4, 0.0166203
FILLER_0_15_422, 204.118, 54.4, 0.0166203
FILLER_0_17_442, 204.118, 54.4, 0.0166203
_5060_, 216.807, 54.4, 0.0169322
_7194_, 216.807, 54.4, 0.0169322
hold23, 216.807, 54.4, 0.0169322
ANTENNA__6948__RESET_B, 216.807, 54.4, 0.0169322
ANTENNA__7194__RESET_B, 216.807, 54.4, 0.0169322
ANTENNA__7179__RESET_B, 216.807, 54.4, 0.0169322
FILLER_0_15_449, 216.807, 54.4, 0.0169322
FILLER_0_16_471, 216.807, 54.4, 0.0169322
_5055_, 229.496, 54.4, 0.0172012
_5056_, 229.496, 54.4, 0.0172012
_5058_, 229.496, 54.4, 0.0172012
_5068_, 229.496, 54.4, 0.0172012
clkbuf_leaf_75_clk, 229.496, 54.4, 0.0172012
ANTENNA_clkbuf_leaf_75_clk_A, 229.496, 54.4, 0.0172012
_5069_, 242.185, 54.4, 0.0173909
_5072_, 242.185, 54.4, 0.0173909
_5073_, 242.185, 54.4, 0.0173909
_5074_, 242.185, 54.4, 0.0173909
_5085_, 242.185, 54.4, 0.0173909
ANTENNA__5085__C, 242.185, 54.4, 0.0173909
ANTENNA__5080__A1, 242.185, 54.4, 0.0173909
ANTENNA__5070__B_N, 242.185, 54.4, 0.0173909
FILLER_0_15_513, 242.185, 54.4, 0.0173909
FILLER_0_16_505, 242.185, 54.4, 0.0173909
FILLER_0_17_523, 242.185, 54.4, 0.0173909
FILLER_0_17_528, 242.185, 54.4, 0.0173909
_5087_, 254.874, 54.4, 0.0175522
_5101_, 254.874, 54.4, 0.0175522
_5124_, 254.874, 54.4, 0.0175522
_5127_, 254.874, 54.4, 0.0175522
FILLER_0_16_533, 254.874, 54.4, 0.0175522
FILLER_0_17_555, 254.874, 54.4, 0.0175522
_5120_, 267.563, 54.4, 0.0176762
_5121_, 267.563, 54.4, 0.0176762
_5126_, 267.563, 54.4, 0.0176762
_5129_, 267.563, 54.4, 0.0176762
ANTENNA__5136__B1, 267.563, 54.4, 0.0176762
FILLER_0_16_567, 267.563, 54.4, 0.0176762
FILLER_0_16_575, 267.563, 54.4, 0.0176762
_5130_, 280.252, 54.4, 0.0177731
_5131_, 280.252, 54.4, 0.0177731
_5134_, 280.252, 54.4, 0.0177731
_5136_, 280.252, 54.4, 0.0177731
_5139_, 280.252, 54.4, 0.0177731
_5140_, 280.252, 54.4, 0.0177731
_5141_, 280.252, 54.4, 0.0177731
_5145_, 280.252, 54.4, 0.0177731
_5146_, 280.252, 54.4, 0.0177731
ANTENNA__5145__B1, 280.252, 54.4, 0.0177731
FILLER_0_15_597, 280.252, 54.4, 0.0177731
FILLER_0_16_584, 280.252, 54.4, 0.0177731
FILLER_0_16_589, 280.252, 54.4, 0.0177731
_5143_, 292.941, 54.4, 0.0178204
_5148_, 292.941, 54.4, 0.0178204
_5149_, 292.941, 54.4, 0.0178204
_5151_, 292.941, 54.4, 0.0178204
_5153_, 292.941, 54.4, 0.0178204
_5154_, 292.941, 54.4, 0.0178204
hold599, 292.941, 54.4, 0.0178204
ANTENNA__7206__RESET_B, 292.941, 54.4, 0.0178204
FILLER_0_15_613, 292.941, 54.4, 0.0178204
hold747, 305.63, 54.4, 0.0178277
ANTENNA__5153__B1, 305.63, 54.4, 0.0178277
FILLER_0_16_641, 305.63, 54.4, 0.0178277
_6565_, 5.52, 48.96, 0.00845434
_7510_, 5.52, 48.96, 0.00845434
PHY_26, 5.52, 48.96, 0.00845434
PHY_28, 5.52, 48.96, 0.00845434
FILLER_0_15_3, 5.52, 48.96, 0.00845434
PHY_27, 318.32, 48.96, 0.0168174
PHY_29, 318.32, 48.96, 0.0168174
FILLER_0_13_669, 318.32, 48.96, 0.0168174
FILLER_0_13_673, 318.32, 48.96, 0.0168174
FILLER_0_14_669, 318.32, 48.96, 0.0168174
_6505_, 15.33, 48.96, 0.00844647
_6624_, 15.33, 48.96, 0.00844647
ANTENNA__6623__A1, 15.33, 48.96, 0.00844647
ANTENNA__6565__S, 15.33, 48.96, 0.00844647
FILLER_0_13_17, 15.33, 48.96, 0.00844647
_6501_, 37.94, 48.96, 0.00916501
_7498_, 37.94, 48.96, 0.00916501
hold236, 37.94, 48.96, 0.00916501
hold262, 37.94, 48.96, 0.00916501
ANTENNA__6446__A1, 37.94, 48.96, 0.00916501
ANTENNA__6510__A1, 37.94, 48.96, 0.00916501
FILLER_0_13_57, 37.94, 48.96, 0.00916501
FILLER_0_14_73, 37.94, 48.96, 0.00916501
FILLER_0_15_74, 37.94, 48.96, 0.00916501
_6591_, 50.74, 48.96, 0.00987542
_7480_, 50.74, 48.96, 0.00987542
_7521_, 50.74, 48.96, 0.00987542
_7522_, 50.74, 48.96, 0.00987542
FILLER_0_13_90, 50.74, 48.96, 0.00987542
FILLER_0_15_109, 50.74, 48.96, 0.00987542
_6589_, 63.54, 48.96, 0.0105419
_6596_, 63.54, 48.96, 0.0105419
_7146_, 63.54, 48.96, 0.0105419
_7524_, 63.54, 48.96, 0.0105419
ANTENNA__6595__A1, 63.54, 48.96, 0.0105419
FILLER_0_14_137, 63.54, 48.96, 0.0105419
_4786_, 76.34, 48.96, 0.0111755
_7145_, 76.34, 48.96, 0.0111755
hold281, 76.34, 48.96, 0.0111755
hold288, 76.34, 48.96, 0.0111755
FILLER_0_14_141, 76.34, 48.96, 0.0111755
FILLER_0_14_155, 76.34, 48.96, 0.0111755
FILLER_0_14_166, 76.34, 48.96, 0.0111755
FILLER_0_15_164, 76.34, 48.96, 0.0111755
_4456_, 89.14, 48.96, 0.0117807
_4458_, 89.14, 48.96, 0.0117807
_4459_, 89.14, 48.96, 0.0117807
_4461_, 89.14, 48.96, 0.0117807
_4466_, 89.14, 48.96, 0.0117807
ANTENNA__4463__A1, 89.14, 48.96, 0.0117807
ANTENNA__4463__B1, 89.14, 48.96, 0.0117807
ANTENNA__4458__B, 89.14, 48.96, 0.0117807
FILLER_0_13_169, 89.14, 48.96, 0.0117807
_4495_, 101.94, 48.96, 0.0123673
_4497_, 101.94, 48.96, 0.0123673
_4498_, 101.94, 48.96, 0.0123673
_4510_, 101.94, 48.96, 0.0123673
_4511_, 101.94, 48.96, 0.0123673
_4513_, 101.94, 48.96, 0.0123673
_4523_, 101.94, 48.96, 0.0123673
ANTENNA__3617__S, 101.94, 48.96, 0.0123673
ANTENNA__7098__RESET_B, 101.94, 48.96, 0.0123673
FILLER_0_14_197, 101.94, 48.96, 0.0123673
FILLER_0_14_206, 101.94, 48.96, 0.0123673
FILLER_0_15_211, 101.94, 48.96, 0.0123673
_4514_, 114.74, 48.96, 0.012901
hold608, 114.74, 48.96, 0.012901
ANTENNA__4513__A2, 114.74, 48.96, 0.012901
ANTENNA__7048__RESET_B, 114.74, 48.96, 0.012901
FILLER_0_13_225, 114.74, 48.96, 0.012901
FILLER_0_14_234, 114.74, 48.96, 0.012901
FILLER_0_14_247, 114.74, 48.96, 0.012901
FILLER_0_15_251, 114.74, 48.96, 0.012901
_4269_, 127.54, 48.96, 0.0134274
_7048_, 127.54, 48.96, 0.0134274
_7063_, 127.54, 48.96, 0.0134274
ANTENNA__7070__RESET_B, 127.54, 48.96, 0.0134274
ANTENNA__7018__RESET_B, 127.54, 48.96, 0.0134274
ANTENNA__7063__RESET_B, 127.54, 48.96, 0.0134274
FILLER_0_15_271, 127.54, 48.96, 0.0134274
_4374_, 140.34, 48.96, 0.0139138
_4375_, 140.34, 48.96, 0.0139138
_7070_, 140.34, 48.96, 0.0139138
hold324, 140.34, 48.96, 0.0139138
ANTENNA__4270__A2, 140.34, 48.96, 0.0139138
FILLER_0_13_281, 140.34, 48.96, 0.0139138
FILLER_0_15_296, 140.34, 48.96, 0.0139138
FILLER_0_15_303, 140.34, 48.96, 0.0139138
_4360_, 153.14, 48.96, 0.0143609
_4372_, 153.14, 48.96, 0.0143609
_4373_, 153.14, 48.96, 0.0143609
_4380_, 153.14, 48.96, 0.0143609
ANTENNA__4368__A, 153.14, 48.96, 0.0143609
ANTENNA__4369__A2, 153.14, 48.96, 0.0143609
ANTENNA__4375__A1, 153.14, 48.96, 0.0143609
ANTENNA__4360__A, 153.14, 48.96, 0.0143609
ANTENNA__7069__RESET_B, 153.14, 48.96, 0.0143609
FILLER_0_14_309, 153.14, 48.96, 0.0143609
_3638_, 165.94, 48.96, 0.0147825
_3648_, 165.94, 48.96, 0.0147825
_4119_, 165.94, 48.96, 0.0147825
_4359_, 165.94, 48.96, 0.0147825
_4361_, 165.94, 48.96, 0.0147825
_4365_, 165.94, 48.96, 0.0147825
hold577, 165.94, 48.96, 0.0147825
ANTENNA__3648__A3, 165.94, 48.96, 0.0147825
ANTENNA__4119__A2, 165.94, 48.96, 0.0147825
_3703_, 191.429, 48.96, 0.015464
_3704_, 191.429, 48.96, 0.015464
_3705_, 191.429, 48.96, 0.015464
_3707_, 191.429, 48.96, 0.015464
_3708_, 191.429, 48.96, 0.015464
ANTENNA__4118__S, 191.429, 48.96, 0.015464
_3709_, 204.118, 48.96, 0.0157429
_3710_, 204.118, 48.96, 0.0157429
_3711_, 204.118, 48.96, 0.0157429
_3720_, 204.118, 48.96, 0.0157429
_6948_, 204.118, 48.96, 0.0157429
hold628, 204.118, 48.96, 0.0157429
FILLER_0_13_421, 204.118, 48.96, 0.0157429
_4961_, 216.807, 48.96, 0.0159698
ANTENNA__3712__A2, 216.807, 48.96, 0.0159698
FILLER_0_13_453, 216.807, 48.96, 0.0159698
_5061_, 229.496, 48.96, 0.0161915
_5063_, 229.496, 48.96, 0.0161915
_5065_, 229.496, 48.96, 0.0161915
_5088_, 229.496, 48.96, 0.0161915
FILLER_0_15_497, 229.496, 48.96, 0.0161915
_5075_, 242.185, 48.96, 0.0163651
_5076_, 242.185, 48.96, 0.0163651
_5077_, 242.185, 48.96, 0.0163651
_5078_, 242.185, 48.96, 0.0163651
_5086_, 242.185, 48.96, 0.0163651
ANTENNA__5078__B1, 242.185, 48.96, 0.0163651
ANTENNA__5078__A1, 242.185, 48.96, 0.0163651
FILLER_0_13_513, 242.185, 48.96, 0.0163651
FILLER_0_14_521, 242.185, 48.96, 0.0163651
FILLER_0_15_528, 242.185, 48.96, 0.0163651
_5089_, 254.874, 48.96, 0.0165105
_5091_, 254.874, 48.96, 0.0165105
_5093_, 254.874, 48.96, 0.0165105
_5102_, 254.874, 48.96, 0.0165105
_5125_, 254.874, 48.96, 0.0165105
FILLER_0_14_529, 254.874, 48.96, 0.0165105
FILLER_0_14_533, 254.874, 48.96, 0.0165105
FILLER_0_14_551, 254.874, 48.96, 0.0165105
FILLER_0_15_546, 254.874, 48.96, 0.0165105
_5122_, 267.563, 48.96, 0.0166301
_5123_, 267.563, 48.96, 0.0166301
_5128_, 267.563, 48.96, 0.0166301
_5135_, 267.563, 48.96, 0.0166301
ANTENNA__5123__A1, 267.563, 48.96, 0.0166301
ANTENNA__5123__B1, 267.563, 48.96, 0.0166301
ANTENNA__7203__RESET_B, 267.563, 48.96, 0.0166301
FILLER_0_13_561, 267.563, 48.96, 0.0166301
FILLER_0_14_559, 267.563, 48.96, 0.0166301
FILLER_0_14_578, 267.563, 48.96, 0.0166301
_5137_, 280.252, 48.96, 0.0167347
_5142_, 280.252, 48.96, 0.0167347
_5144_, 280.252, 48.96, 0.0167347
hold632, 280.252, 48.96, 0.0167347
ANTENNA__5137__B2, 280.252, 48.96, 0.0167347
ANTENNA__5144__A1, 280.252, 48.96, 0.0167347
ANTENNA__5144__B1, 280.252, 48.96, 0.0167347
ANTENNA_clkbuf_leaf_72_clk_A, 280.252, 48.96, 0.0167347
FILLER_0_14_589, 280.252, 48.96, 0.0167347
FILLER_0_14_594, 280.252, 48.96, 0.0167347
FILLER_0_15_605, 280.252, 48.96, 0.0167347
_5138_, 292.941, 48.96, 0.0168174
_7205_, 292.941, 48.96, 0.0168174
_7206_, 292.941, 48.96, 0.0168174
clkbuf_leaf_72_clk, 292.941, 48.96, 0.0168174
ANTENNA__7205__RESET_B, 292.941, 48.96, 0.0168174
FILLER_0_15_629, 292.941, 48.96, 0.0168174
ANTENNA__5138__A, 305.63, 48.96, 0.0168174
FILLER_0_15_665, 305.63, 48.96, 0.0168174
_6566_, 5.52, 43.52, 0.00724303
PHY_22, 5.52, 43.52, 0.00724303
PHY_24, 5.52, 43.52, 0.00724303
FILLER_0_13_3, 5.52, 43.52, 0.00724303
FILLER_0_13_9, 5.52, 43.52, 0.00724303
PHY_23, 318.32, 43.52, 0.0155481
PHY_25, 318.32, 43.52, 0.0155481
FILLER_0_11_673, 318.32, 43.52, 0.0155481
FILLER_0_12_669, 318.32, 43.52, 0.0155481
_6568_, 15.33, 43.52, 0.00724262
_7511_, 15.33, 43.52, 0.00724262
hold233, 15.33, 43.52, 0.00724262
hold297, 15.33, 43.52, 0.00724262
ANTENNA__6504__A1, 15.33, 43.52, 0.00724262
FILLER_0_12_15, 15.33, 43.52, 0.00724262
_6500_, 37.94, 43.52, 0.00799008
_6539_, 37.94, 43.52, 0.00799008
_6540_, 37.94, 43.52, 0.00799008
_7532_, 37.94, 43.52, 0.00799008
ANTENNA__6504__S, 37.94, 43.52, 0.00799008
ANTENNA__6500__S, 37.94, 43.52, 0.00799008
ANTENNA__6539__S, 37.94, 43.52, 0.00799008
FILLER_0_12_78, 37.94, 43.52, 0.00799008
FILLER_0_13_78, 37.94, 43.52, 0.00799008
_6536_, 50.74, 43.52, 0.00873681
_6590_, 50.74, 43.52, 0.00873681
_7496_, 50.74, 43.52, 0.00873681
clkbuf_leaf_93_clk, 50.74, 43.52, 0.00873681
hold178, 50.74, 43.52, 0.00873681
hold206, 50.74, 43.52, 0.00873681
FILLER_0_12_96, 50.74, 43.52, 0.00873681
_4792_, 63.54, 43.52, 0.00939518
_6533_, 63.54, 43.52, 0.00939518
_7147_, 63.54, 43.52, 0.00939518
hold252, 63.54, 43.52, 0.00939518
ANTENNA__4791__S, 63.54, 43.52, 0.00939518
ANTENNA__4785__S, 63.54, 43.52, 0.00939518
FILLER_0_12_134, 63.54, 43.52, 0.00939518
_4471_, 76.34, 43.52, 0.0100358
_4785_, 76.34, 43.52, 0.0100358
_4791_, 76.34, 43.52, 0.0100358
hold292, 76.34, 43.52, 0.0100358
ANTENNA__4785__A0, 76.34, 43.52, 0.0100358
FILLER_0_13_161, 76.34, 43.52, 0.0100358
_3617_, 89.14, 43.52, 0.0106516
_4472_, 89.14, 43.52, 0.0106516
_4474_, 89.14, 43.52, 0.0106516
_4475_, 89.14, 43.52, 0.0106516
hold680, 89.14, 43.52, 0.0106516
ANTENNA__4473__B1, 89.14, 43.52, 0.0106516
ANTENNA__4474__A2, 89.14, 43.52, 0.0106516
ANTENNA__4466__B1_N, 89.14, 43.52, 0.0106516
FILLER_0_12_190, 89.14, 43.52, 0.0106516
FILLER_0_13_186, 89.14, 43.52, 0.0106516
_4492_, 101.94, 43.52, 0.0112408
_4493_, 101.94, 43.52, 0.0112408
_4494_, 101.94, 43.52, 0.0112408
_4507_, 101.94, 43.52, 0.0112408
_4508_, 101.94, 43.52, 0.0112408
_4509_, 101.94, 43.52, 0.0112408
ANTENNA__4492__A1, 101.94, 43.52, 0.0112408
FILLER_0_12_197, 101.94, 43.52, 0.0112408
FILLER_0_12_223, 101.94, 43.52, 0.0112408
FILLER_0_13_212, 101.94, 43.52, 0.0112408
_4503_, 114.74, 43.52, 0.0118072
_4505_, 114.74, 43.52, 0.0118072
_4506_, 114.74, 43.52, 0.0118072
_4515_, 114.74, 43.52, 0.0118072
ANTENNA__4503__B, 114.74, 43.52, 0.0118072
FILLER_0_12_245, 114.74, 43.52, 0.0118072
_4281_, 127.54, 43.52, 0.0123462
hold695, 127.54, 43.52, 0.0123462
ANTENNA__4299__B1, 127.54, 43.52, 0.0123462
ANTENNA__4281__B1, 127.54, 43.52, 0.0123462
ANTENNA__4281__A2, 127.54, 43.52, 0.0123462
FILLER_0_11_263, 127.54, 43.52, 0.0123462
FILLER_0_12_276, 127.54, 43.52, 0.0123462
_4297_, 140.34, 43.52, 0.0128722
_4298_, 140.34, 43.52, 0.0128722
_4299_, 140.34, 43.52, 0.0128722
_4378_, 140.34, 43.52, 0.0128722
hold711, 140.34, 43.52, 0.0128722
ANTENNA__4299__A1, 140.34, 43.52, 0.0128722
ANTENNA_clkbuf_leaf_90_clk_A, 140.34, 43.52, 0.0128722
FILLER_0_11_281, 140.34, 43.52, 0.0128722
FILLER_0_11_288, 140.34, 43.52, 0.0128722
FILLER_0_12_299, 140.34, 43.52, 0.0128722
_4358_, 153.14, 43.52, 0.0133722
_4362_, 153.14, 43.52, 0.0133722
_4366_, 153.14, 43.52, 0.0133722
_4367_, 153.14, 43.52, 0.0133722
_4381_, 153.14, 43.52, 0.0133722
FILLER_0_11_311, 153.14, 43.52, 0.0133722
FILLER_0_11_318, 153.14, 43.52, 0.0133722
_4280_, 165.94, 43.52, 0.0138502
_7023_, 165.94, 43.52, 0.0138502
ANTENNA__4280__S, 165.94, 43.52, 0.0138502
ANTENNA__4119__B1, 165.94, 43.52, 0.0138502
ANTENNA__7023__RESET_B, 165.94, 43.52, 0.0138502
FILLER_0_12_337, 165.94, 43.52, 0.0138502
FILLER_0_12_361, 165.94, 43.52, 0.0138502
_3662_, 191.429, 43.52, 0.0145797
ANTENNA__3703__B, 191.429, 43.52, 0.0145797
ANTENNA__3662__B, 191.429, 43.52, 0.0145797
FILLER_0_12_416, 191.429, 43.52, 0.0145797
_3695_, 204.118, 43.52, 0.0148491
_3696_, 204.118, 43.52, 0.0148491
_3701_, 204.118, 43.52, 0.0148491
_3712_, 204.118, 43.52, 0.0148491
_6947_, 204.118, 43.52, 0.0148491
hold644, 204.118, 43.52, 0.0148491
ANTENNA__3711__B1, 204.118, 43.52, 0.0148491
ANTENNA__3701__B2, 204.118, 43.52, 0.0148491
ANTENNA__6947__RESET_B, 204.118, 43.52, 0.0148491
FILLER_0_12_421, 204.118, 43.52, 0.0148491
FILLER_0_12_428, 204.118, 43.52, 0.0148491
FILLER_0_13_445, 204.118, 43.52, 0.0148491
_4960_, 216.807, 43.52, 0.0150604
_7180_, 216.807, 43.52, 0.0150604
ANTENNA__4960__S, 216.807, 43.52, 0.0150604
ANTENNA__7180__RESET_B, 216.807, 43.52, 0.0150604
FILLER_0_12_473, 216.807, 43.52, 0.0150604
FILLER_0_13_471, 216.807, 43.52, 0.0150604
_5047_, 229.496, 43.52, 0.0152496
_5066_, 229.496, 43.52, 0.0152496
hold13, 229.496, 43.52, 0.0152496
FILLER_0_12_485, 229.496, 43.52, 0.0152496
FILLER_0_12_499, 229.496, 43.52, 0.0152496
FILLER_0_13_493, 229.496, 43.52, 0.0152496
_7199_, 242.185, 43.52, 0.0153753
hold373, 242.185, 43.52, 0.0153753
hold439, 242.185, 43.52, 0.0153753
FILLER_0_12_522, 242.185, 43.52, 0.0153753
_5090_, 254.874, 43.52, 0.0154723
clkbuf_leaf_73_clk, 254.874, 43.52, 0.0154723
ANTENNA__5093__A1, 254.874, 43.52, 0.0154723
ANTENNA__5093__B1, 254.874, 43.52, 0.0154723
ANTENNA_clkbuf_leaf_73_clk_A, 254.874, 43.52, 0.0154723
FILLER_0_12_537, 254.874, 43.52, 0.0154723
FILLER_0_13_550, 254.874, 43.52, 0.0154723
_5119_, 267.563, 43.52, 0.015525
_7203_, 267.563, 43.52, 0.015525
ANTENNA__5119__A, 267.563, 43.52, 0.015525
_5133_, 280.252, 43.52, 0.0155481
_7204_, 280.252, 43.52, 0.0155481
ANTENNA__5133__C, 280.252, 43.52, 0.0155481
ANTENNA__7204__RESET_B, 280.252, 43.52, 0.0155481
FILLER_0_13_611, 280.252, 43.52, 0.0155481
FILLER_0_11_613, 292.941, 43.52, 0.0155481
FILLER_0_12_634, 292.941, 43.52, 0.0155481
FILLER_0_13_661, 305.63, 43.52, 0.0155481
_6618_, 5.52, 38.08, 0.005974
_7534_, 5.52, 38.08, 0.005974
PHY_18, 5.52, 38.08, 0.005974
PHY_20, 5.52, 38.08, 0.005974
input8, 5.52, 38.08, 0.005974
PHY_19, 318.32, 38.08, 0.0147338
PHY_21, 318.32, 38.08, 0.0147338
FILLER_0_9_673, 318.32, 38.08, 0.0147338
FILLER_0_10_669, 318.32, 38.08, 0.0147338
_6561_, 15.33, 38.08, 0.00596109
_6562_, 15.33, 38.08, 0.00596109
_6567_, 15.33, 38.08, 0.00596109
_6617_, 15.33, 38.08, 0.00596109
_7508_, 15.33, 38.08, 0.00596109
ANTENNA__6567__A1, 15.33, 38.08, 0.00596109
ANTENNA__6617__S, 15.33, 38.08, 0.00596109
FILLER_0_9_15, 15.33, 38.08, 0.00596109
_6613_, 37.94, 38.08, 0.00669372
_6614_, 37.94, 38.08, 0.00669372
_6620_, 37.94, 38.08, 0.00669372
_7506_, 37.94, 38.08, 0.00669372
ANTENNA__6529__A1, 37.94, 38.08, 0.00669372
ANTENNA__6500__A1, 37.94, 38.08, 0.00669372
ANTENNA__6613__S, 37.94, 38.08, 0.00669372
FILLER_0_10_60, 37.94, 38.08, 0.00669372
FILLER_0_10_79, 37.94, 38.08, 0.00669372
FILLER_0_11_79, 37.94, 38.08, 0.00669372
_6529_, 50.74, 38.08, 0.00743264
_6535_, 50.74, 38.08, 0.00743264
_7495_, 50.74, 38.08, 0.00743264
hold219, 50.74, 38.08, 0.00743264
FILLER_0_10_85, 50.74, 38.08, 0.00743264
FILLER_0_10_97, 50.74, 38.08, 0.00743264
_4776_, 63.54, 38.08, 0.00815953
_4782_, 63.54, 38.08, 0.00815953
_4783_, 63.54, 38.08, 0.00815953
_7144_, 63.54, 38.08, 0.00815953
hold300, 63.54, 38.08, 0.00815953
ANTENNA__4776__S, 63.54, 38.08, 0.00815953
ANTENNA__6533__A1, 63.54, 38.08, 0.00815953
ANTENNA__6589__S, 63.54, 38.08, 0.00815953
FILLER_0_11_133, 63.54, 38.08, 0.00815953
_4777_, 76.34, 38.08, 0.00885754
_7095_, 76.34, 38.08, 0.00885754
ANTENNA__4776__A0, 76.34, 38.08, 0.00885754
ANTENNA__4791__A0, 76.34, 38.08, 0.00885754
ANTENNA_clkbuf_leaf_93_clk_A, 76.34, 38.08, 0.00885754
FILLER_0_11_163, 76.34, 38.08, 0.00885754
_3611_, 89.14, 38.08, 0.00953595
_4473_, 89.14, 38.08, 0.00953595
_4476_, 89.14, 38.08, 0.00953595
ANTENNA__7095__RESET_B, 89.14, 38.08, 0.00953595
FILLER_0_10_168, 89.14, 38.08, 0.00953595
FILLER_0_10_177, 89.14, 38.08, 0.00953595
FILLER_0_10_193, 89.14, 38.08, 0.00953595
_3614_, 101.94, 38.08, 0.0101923
_4479_, 101.94, 38.08, 0.0101923
_4491_, 101.94, 38.08, 0.0101923
ANTENNA__3614__S, 101.94, 38.08, 0.0101923
ANTENNA__4493__B, 101.94, 38.08, 0.0101923
ANTENNA__4479__D, 101.94, 38.08, 0.0101923
ANTENNA__4478__A1, 101.94, 38.08, 0.0101923
FILLER_0_10_217, 101.94, 38.08, 0.0101923
FILLER_0_11_214, 101.94, 38.08, 0.0101923
_4504_, 114.74, 38.08, 0.0108315
_7053_, 114.74, 38.08, 0.0108315
ANTENNA__4272__A2, 114.74, 38.08, 0.0108315
ANTENNA__4279__B1, 114.74, 38.08, 0.0108315
ANTENNA__4279__A2, 114.74, 38.08, 0.0108315
ANTENNA__7049__RESET_B, 114.74, 38.08, 0.0108315
ANTENNA__7053__RESET_B, 114.74, 38.08, 0.0108315
FILLER_0_9_225, 114.74, 38.08, 0.0108315
FILLER_0_9_236, 114.74, 38.08, 0.0108315
FILLER_0_10_224, 114.74, 38.08, 0.0108315
FILLER_0_10_234, 114.74, 38.08, 0.0108315
FILLER_0_10_242, 114.74, 38.08, 0.0108315
FILLER_0_11_239, 114.74, 38.08, 0.0108315
_4271_, 127.54, 38.08, 0.0114508
_4301_, 127.54, 38.08, 0.0114508
_4303_, 127.54, 38.08, 0.0114508
_4304_, 127.54, 38.08, 0.0114508
_4306_, 127.54, 38.08, 0.0114508
_4307_, 127.54, 38.08, 0.0114508
ANTENNA__4271__S, 127.54, 38.08, 0.0114508
ANTENNA__4307__B1, 127.54, 38.08, 0.0114508
ANTENNA__4272__B1, 127.54, 38.08, 0.0114508
ANTENNA__4301__A2, 127.54, 38.08, 0.0114508
FILLER_0_9_258, 127.54, 38.08, 0.0114508
FILLER_0_11_268, 127.54, 38.08, 0.0114508
_4302_, 140.34, 38.08, 0.0120475
_4305_, 140.34, 38.08, 0.0120475
_4313_, 140.34, 38.08, 0.0120475
_4376_, 140.34, 38.08, 0.0120475
clkbuf_leaf_90_clk, 140.34, 38.08, 0.0120475
ANTENNA__4375__B1, 140.34, 38.08, 0.0120475
ANTENNA__4302__B, 140.34, 38.08, 0.0120475
FILLER_0_11_297, 140.34, 38.08, 0.0120475
_4352_, 153.14, 38.08, 0.0125658
_4354_, 153.14, 38.08, 0.0125658
_4355_, 153.14, 38.08, 0.0125658
_4356_, 153.14, 38.08, 0.0125658
_4357_, 153.14, 38.08, 0.0125658
_4377_, 153.14, 38.08, 0.0125658
ANTENNA__4356__B1, 153.14, 38.08, 0.0125658
ANTENNA__7068__RESET_B, 153.14, 38.08, 0.0125658
FILLER_0_10_309, 153.14, 38.08, 0.0125658
FILLER_0_10_317, 153.14, 38.08, 0.0125658
FILLER_0_11_327, 153.14, 38.08, 0.0125658
_4346_, 165.94, 38.08, 0.0130528
_4348_, 165.94, 38.08, 0.0130528
_4364_, 165.94, 38.08, 0.0130528
_7068_, 165.94, 38.08, 0.0130528
hold534, 165.94, 38.08, 0.0130528
ANTENNA__4357__A2, 165.94, 38.08, 0.0130528
FILLER_0_11_350, 165.94, 38.08, 0.0130528
_3687_, 191.429, 38.08, 0.0137177
_3688_, 191.429, 38.08, 0.0137177
_3689_, 191.429, 38.08, 0.0137177
_3690_, 191.429, 38.08, 0.0137177
_3691_, 191.429, 38.08, 0.0137177
_3694_, 191.429, 38.08, 0.0137177
_3706_, 191.429, 38.08, 0.0137177
_4116_, 191.429, 38.08, 0.0137177
ANTENNA__4116__S, 191.429, 38.08, 0.0137177
FILLER_0_9_393, 191.429, 38.08, 0.0137177
FILLER_0_11_407, 191.429, 38.08, 0.0137177
_3693_, 204.118, 38.08, 0.0139003
_3699_, 204.118, 38.08, 0.0139003
ANTENNA__3699__B1, 204.118, 38.08, 0.0139003
FILLER_0_9_428, 204.118, 38.08, 0.0139003
FILLER_0_10_426, 204.118, 38.08, 0.0139003
FILLER_0_10_439, 204.118, 38.08, 0.0139003
_4268_, 216.807, 38.08, 0.0140745
_7047_, 216.807, 38.08, 0.0140745
_7195_, 216.807, 38.08, 0.0140745
ANTENNA__7195__RESET_B, 216.807, 38.08, 0.0140745
ANTENNA__7047__RESET_B, 216.807, 38.08, 0.0140745
FILLER_0_9_449, 216.807, 38.08, 0.0140745
FILLER_0_10_447, 216.807, 38.08, 0.0140745
FILLER_0_10_452, 216.807, 38.08, 0.0140745
FILLER_0_10_459, 216.807, 38.08, 0.0140745
FILLER_0_10_469, 216.807, 38.08, 0.0140745
FILLER_0_11_466, 216.807, 38.08, 0.0140745
ANTENNA__7199__RESET_B, 229.496, 38.08, 0.0142164
FILLER_0_11_489, 229.496, 38.08, 0.0142164
FILLER_0_11_497, 229.496, 38.08, 0.0142164
_7200_, 242.185, 38.08, 0.0143583
ANTENNA__7200__RESET_B, 242.185, 38.08, 0.0143583
FILLER_0_10_525, 242.185, 38.08, 0.0143583
FILLER_0_11_553, 254.874, 38.08, 0.0144835
FILLER_0_10_581, 267.563, 38.08, 0.0146086
FILLER_0_11_580, 267.563, 38.08, 0.0146086
_3670_, 280.252, 38.08, 0.0147338
ANTENNA__3670__A, 280.252, 38.08, 0.0147338
FILLER_0_10_636, 292.941, 38.08, 0.0147338
FILLER_0_11_665, 305.63, 38.08, 0.0147338
PHY_14, 5.52, 32.64, 0.00459457
PHY_16, 5.52, 32.64, 0.00459457
ANTENNA_input8_A, 5.52, 32.64, 0.00459457
FILLER_0_9_7, 5.52, 32.64, 0.00459457
PHY_15, 318.32, 32.64, 0.0128271
PHY_17, 318.32, 32.64, 0.0128271
FILLER_0_7_673, 318.32, 32.64, 0.0128271
FILLER_0_8_669, 318.32, 32.64, 0.0128271
ANTENNA__6617__A1, 15.33, 32.64, 0.00459457
FILLER_0_8_15, 15.33, 32.64, 0.00459457
FILLER_0_8_22, 15.33, 32.64, 0.00459457
FILLER_0_8_29, 15.33, 32.64, 0.00459457
_6557_, 37.94, 32.64, 0.00536305
_6558_, 37.94, 32.64, 0.00536305
_7493_, 37.94, 32.64, 0.00536305
hold176, 37.94, 32.64, 0.00536305
hold235, 37.94, 32.64, 0.00536305
ANTENNA__6539__A1, 37.94, 32.64, 0.00536305
ANTENNA__6563__S, 37.94, 32.64, 0.00536305
ANTENNA__6619__S, 37.94, 32.64, 0.00536305
FILLER_0_7_70, 37.94, 32.64, 0.00536305
FILLER_0_9_75, 37.94, 32.64, 0.00536305
_6530_, 50.74, 32.64, 0.00611806
_6534_, 50.74, 32.64, 0.00611806
ANTENNA__6557__A1, 50.74, 32.64, 0.00611806
ANTENNA__6535__S, 50.74, 32.64, 0.00611806
ANTENNA__6533__S, 50.74, 32.64, 0.00611806
ANTENNA__6529__S, 50.74, 32.64, 0.00611806
FILLER_0_8_92, 50.74, 32.64, 0.00611806
FILLER_0_8_106, 50.74, 32.64, 0.00611806
FILLER_0_9_109, 50.74, 32.64, 0.00611806
_7142_, 63.54, 32.64, 0.00687209
ANTENNA__4782__S, 63.54, 32.64, 0.00687209
ANTENNA__4782__A0, 63.54, 32.64, 0.00687209
ANTENNA__6535__A1, 63.54, 32.64, 0.00687209
FILLER_0_8_121, 63.54, 32.64, 0.00687209
FILLER_0_8_132, 63.54, 32.64, 0.00687209
_4470_, 76.34, 32.64, 0.00761242
FILLER_0_8_153, 76.34, 32.64, 0.00761242
FILLER_0_9_160, 76.34, 32.64, 0.00761242
_4467_, 89.14, 32.64, 0.00834206
_4468_, 89.14, 32.64, 0.00834206
_4469_, 89.14, 32.64, 0.00834206
_4483_, 89.14, 32.64, 0.00834206
_4484_, 89.14, 32.64, 0.00834206
ANTENNA__3611__S, 89.14, 32.64, 0.00834206
FILLER_0_7_169, 89.14, 32.64, 0.00834206
FILLER_0_8_169, 89.14, 32.64, 0.00834206
FILLER_0_9_185, 89.14, 32.64, 0.00834206
_4477_, 101.94, 32.64, 0.00905269
_4478_, 101.94, 32.64, 0.00905269
_4480_, 101.94, 32.64, 0.00905269
_4481_, 101.94, 32.64, 0.00905269
_4482_, 101.94, 32.64, 0.00905269
_4485_, 101.94, 32.64, 0.00905269
_4486_, 101.94, 32.64, 0.00905269
_4496_, 101.94, 32.64, 0.00905269
FILLER_0_7_202, 101.94, 32.64, 0.00905269
FILLER_0_8_197, 101.94, 32.64, 0.00905269
_4272_, 114.74, 32.64, 0.00973156
_4279_, 114.74, 32.64, 0.00973156
_7049_, 114.74, 32.64, 0.00973156
hold652, 114.74, 32.64, 0.00973156
hold664, 114.74, 32.64, 0.00973156
ANTENNA_clkbuf_leaf_91_clk_A, 114.74, 32.64, 0.00973156
ANTENNA__7064__RESET_B, 114.74, 32.64, 0.00973156
FILLER_0_7_225, 114.74, 32.64, 0.00973156
_4315_, 127.54, 32.64, 0.0103659
_4316_, 127.54, 32.64, 0.0103659
_7064_, 127.54, 32.64, 0.0103659
hold467, 127.54, 32.64, 0.0103659
FILLER_0_7_258, 127.54, 32.64, 0.0103659
_4312_, 140.34, 32.64, 0.0109674
_4318_, 140.34, 32.64, 0.0109674
_4328_, 140.34, 32.64, 0.0109674
_4340_, 140.34, 32.64, 0.0109674
_4342_, 140.34, 32.64, 0.0109674
ANTENNA__4307__A1, 140.34, 32.64, 0.0109674
ANTENNA__4313__B1, 140.34, 32.64, 0.0109674
FILLER_0_7_284, 140.34, 32.64, 0.0109674
FILLER_0_8_295, 140.34, 32.64, 0.0109674
FILLER_0_8_304, 140.34, 32.64, 0.0109674
_4343_, 153.14, 32.64, 0.0115397
_4344_, 153.14, 32.64, 0.0115397
_4350_, 153.14, 32.64, 0.0115397
_4353_, 153.14, 32.64, 0.0115397
_4379_, 153.14, 32.64, 0.0115397
ANTENNA__4331__B1, 153.14, 32.64, 0.0115397
FILLER_0_7_309, 153.14, 32.64, 0.0115397
FILLER_0_8_328, 153.14, 32.64, 0.0115397
_3666_, 165.94, 32.64, 0.0120956
_4335_, 165.94, 32.64, 0.0120956
_4349_, 165.94, 32.64, 0.0120956
_4351_, 165.94, 32.64, 0.0120956
FILLER_0_7_347, 165.94, 32.64, 0.0120956
FILLER_0_8_357, 165.94, 32.64, 0.0120956
FILLER_0_9_360, 165.94, 32.64, 0.0120956
_3663_, 191.429, 32.64, 0.0127088
_3679_, 191.429, 32.64, 0.0127088
ANTENNA__3689__D, 191.429, 32.64, 0.0127088
ANTENNA__3688__B1, 191.429, 32.64, 0.0127088
ANTENNA__3687__A, 191.429, 32.64, 0.0127088
FILLER_0_8_409, 191.429, 32.64, 0.0127088
FILLER_0_8_417, 191.429, 32.64, 0.0127088
_3681_, 204.118, 32.64, 0.0127894
_3682_, 204.118, 32.64, 0.0127894
_3683_, 204.118, 32.64, 0.0127894
_3684_, 204.118, 32.64, 0.0127894
_3685_, 204.118, 32.64, 0.0127894
_3686_, 204.118, 32.64, 0.0127894
ANTENNA__3674__B1, 204.118, 32.64, 0.0127894
ANTENNA__3685__A2, 204.118, 32.64, 0.0127894
ANTENNA__3685__B1, 204.118, 32.64, 0.0127894
ANTENNA__3674__A1, 204.118, 32.64, 0.0127894
_4267_, 216.807, 32.64, 0.0128271
_6946_, 216.807, 32.64, 0.0128271
hold591, 216.807, 32.64, 0.0128271
hold622, 216.807, 32.64, 0.0128271
ANTENNA__4267__S, 216.807, 32.64, 0.0128271
FILLER_0_8_470, 216.807, 32.64, 0.0128271
FILLER_0_7_501, 242.185, 32.64, 0.0128271
FILLER_0_8_525, 242.185, 32.64, 0.0128271
FILLER_0_9_553, 254.874, 32.64, 0.0128271
FILLER_0_8_581, 267.563, 32.64, 0.0128271
FILLER_0_9_609, 280.252, 32.64, 0.0128271
FILLER_0_8_637, 292.941, 32.64, 0.0128271
FILLER_0_9_665, 305.63, 32.64, 0.0128271
PHY_10, 5.52, 27.2, 0.0042482
PHY_12, 5.52, 27.2, 0.0042482
PHY_11, 318.32, 27.2, 0.012909
PHY_13, 318.32, 27.2, 0.012909
output50, 318.32, 27.2, 0.012909
ANTENNA_output50_A, 318.32, 27.2, 0.012909
FILLER_0_5_673, 318.32, 27.2, 0.012909
ANTENNA__6613__A1, 37.94, 27.2, 0.00503517
ANTENNA__6557__S, 37.94, 27.2, 0.00503517
FILLER_0_6_77, 37.94, 27.2, 0.00503517
FILLER_0_7_109, 50.74, 27.2, 0.00582215
FILLER_0_6_133, 63.54, 27.2, 0.00660912
FILLER_0_7_161, 76.34, 27.2, 0.0073961
_4488_, 89.14, 27.2, 0.00818307
_4490_, 89.14, 27.2, 0.00818307
ANTENNA__4467__B, 89.14, 27.2, 0.00818307
FILLER_0_7_182, 89.14, 27.2, 0.00818307
FILLER_0_7_188, 89.14, 27.2, 0.00818307
_4487_, 101.94, 27.2, 0.00895214
_7096_, 101.94, 27.2, 0.00895214
hold689, 101.94, 27.2, 0.00895214
ANTENNA__7096__RESET_B, 101.94, 27.2, 0.00895214
ANTENNA__7052__RESET_B, 101.94, 27.2, 0.00895214
FILLER_0_7_214, 101.94, 27.2, 0.00895214
_4277_, 114.74, 27.2, 0.00968825
_7050_, 114.74, 27.2, 0.00968825
_7052_, 114.74, 27.2, 0.00968825
clkbuf_leaf_91_clk, 114.74, 27.2, 0.00968825
FILLER_0_6_245, 114.74, 27.2, 0.00968825
_4314_, 127.54, 27.2, 0.0103294
_4317_, 127.54, 27.2, 0.0103294
_7065_, 127.54, 27.2, 0.0103294
hold511, 127.54, 27.2, 0.0103294
ANTENNA__4317__B1, 127.54, 27.2, 0.0103294
ANTENNA__4317__A2, 127.54, 27.2, 0.0103294
FILLER_0_6_253, 127.54, 27.2, 0.0103294
FILLER_0_7_276, 127.54, 27.2, 0.0103294
_4319_, 140.34, 27.2, 0.0109125
_4329_, 140.34, 27.2, 0.0109125
_4330_, 140.34, 27.2, 0.0109125
_4331_, 140.34, 27.2, 0.0109125
_4341_, 140.34, 27.2, 0.0109125
ANTENNA__4331__A1, 140.34, 27.2, 0.0109125
FILLER_0_7_295, 140.34, 27.2, 0.0109125
_4278_, 153.14, 27.2, 0.011463
_4334_, 153.14, 27.2, 0.011463
_4336_, 153.14, 27.2, 0.011463
_4337_, 153.14, 27.2, 0.011463
_4345_, 153.14, 27.2, 0.011463
ANTENNA__4345__B1, 153.14, 27.2, 0.011463
ANTENNA__4334__A, 153.14, 27.2, 0.011463
FILLER_0_6_309, 153.14, 27.2, 0.011463
FILLER_0_6_325, 153.14, 27.2, 0.011463
FILLER_0_7_322, 153.14, 27.2, 0.011463
_4115_, 165.94, 27.2, 0.0119754
_4117_, 165.94, 27.2, 0.0119754
_4332_, 165.94, 27.2, 0.0119754
_4333_, 165.94, 27.2, 0.0119754
ANTENNA__4117__A2, 165.94, 27.2, 0.0119754
ANTENNA__4115__A2, 165.94, 27.2, 0.0119754
ANTENNA__4117__B1, 165.94, 27.2, 0.0119754
ANTENNA__4333__A1, 165.94, 27.2, 0.0119754
FILLER_0_6_345, 165.94, 27.2, 0.0119754
_3661_, 191.429, 27.2, 0.0126425
_3673_, 191.429, 27.2, 0.0126425
_3674_, 191.429, 27.2, 0.0126425
_3680_, 191.429, 27.2, 0.0126425
_3692_, 191.429, 27.2, 0.0126425
_4114_, 191.429, 27.2, 0.0126425
ANTENNA__3594__S, 191.429, 27.2, 0.0126425
ANTENNA__3679__A, 191.429, 27.2, 0.0126425
ANTENNA__3673__A, 191.429, 27.2, 0.0126425
ANTENNA__3661__A, 191.429, 27.2, 0.0126425
ANTENNA_clkbuf_leaf_77_clk_A, 191.429, 27.2, 0.0126425
FILLER_0_5_401, 191.429, 27.2, 0.0126425
_3650_, 204.118, 27.2, 0.0127936
_3677_, 204.118, 27.2, 0.0127936
_3678_, 204.118, 27.2, 0.0127936
hold724, 204.118, 27.2, 0.0127936
hold725, 204.118, 27.2, 0.0127936
ANTENNA__4114__S, 204.118, 27.2, 0.0127936
ANTENNA__4265__S, 204.118, 27.2, 0.0127936
ANTENNA__4114__A1, 204.118, 27.2, 0.0127936
FILLER_0_6_443, 204.118, 27.2, 0.0127936
FILLER_0_7_445, 204.118, 27.2, 0.0127936
_3596_, 216.807, 27.2, 0.0128702
_3597_, 216.807, 27.2, 0.0128702
clkbuf_leaf_76_clk, 216.807, 27.2, 0.0128702
hold14, 216.807, 27.2, 0.0128702
ANTENNA_clkbuf_leaf_76_clk_A, 216.807, 27.2, 0.0128702
ANTENNA__6946__RESET_B, 216.807, 27.2, 0.0128702
FILLER_0_6_472, 216.807, 27.2, 0.0128702
FILLER_0_6_525, 242.185, 27.2, 0.0128799
FILLER_0_7_553, 254.874, 27.2, 0.0128848
FILLER_0_6_581, 267.563, 27.2, 0.0128896
FILLER_0_7_609, 280.252, 27.2, 0.0128945
FILLER_0_6_637, 292.941, 27.2, 0.0128993
FILLER_0_7_665, 305.63, 27.2, 0.0129042
PHY_6, 5.52, 21.76, 0.00427884
PHY_8, 5.52, 21.76, 0.00427884
input25, 5.52, 21.76, 0.00427884
ANTENNA_input25_A, 5.52, 21.76, 0.00427884
PHY_7, 318.32, 21.76, 0.0124377
PHY_9, 318.32, 21.76, 0.0124377
FILLER_0_3_673, 318.32, 21.76, 0.0124377
FILLER_0_4_669, 318.32, 21.76, 0.0124377
FILLER_0_4_22, 15.33, 21.76, 0.00427827
FILLER_0_4_77, 37.94, 21.76, 0.00497614
FILLER_0_5_105, 50.74, 21.76, 0.00567458
FILLER_0_4_133, 63.54, 21.76, 0.00637303
FILLER_0_5_161, 76.34, 21.76, 0.00707147
FILLER_0_4_189, 89.14, 21.76, 0.00776991
FILLER_0_5_193, 89.14, 21.76, 0.00776991
_4489_, 101.94, 21.76, 0.00846836
_7051_, 101.94, 21.76, 0.00846836
hold617, 101.94, 21.76, 0.00846836
ANTENNA__4489__A2, 101.94, 21.76, 0.00846836
ANTENNA__7051__RESET_B, 101.94, 21.76, 0.00846836
FILLER_0_4_197, 101.94, 21.76, 0.00846836
FILLER_0_4_210, 101.94, 21.76, 0.00846836
FILLER_0_5_221, 101.94, 21.76, 0.00846836
hold601, 114.74, 21.76, 0.00913457
ANTENNA__4277__A2, 114.74, 21.76, 0.00913457
ANTENNA__7050__RESET_B, 114.74, 21.76, 0.00913457
FILLER_0_3_225, 114.74, 21.76, 0.00913457
FILLER_0_4_235, 114.74, 21.76, 0.00913457
FILLER_0_4_246, 114.74, 21.76, 0.00913457
_4274_, 127.54, 21.76, 0.00979457
ANTENNA__4274__S, 127.54, 21.76, 0.00979457
ANTENNA__4275__B1, 127.54, 21.76, 0.00979457
ANTENNA__7065__RESET_B, 127.54, 21.76, 0.00979457
FILLER_0_5_274, 127.54, 21.76, 0.00979457
_4276_, 140.34, 21.76, 0.01045
_7066_, 140.34, 21.76, 0.01045
hold421, 140.34, 21.76, 0.01045
ANTENNA__7066__RESET_B, 140.34, 21.76, 0.01045
FILLER_0_4_283, 140.34, 21.76, 0.01045
_7067_, 153.14, 21.76, 0.0110757
hold261, 153.14, 21.76, 0.0110757
ANTENNA__4278__S, 153.14, 21.76, 0.0110757
ANTENNA__4276__S, 153.14, 21.76, 0.0110757
ANTENNA__7067__RESET_B, 153.14, 21.76, 0.0110757
FILLER_0_3_313, 153.14, 21.76, 0.0110757
FILLER_0_4_333, 153.14, 21.76, 0.0110757
FILLER_0_5_321, 153.14, 21.76, 0.0110757
_4113_, 165.94, 21.76, 0.0116795
_7020_, 165.94, 21.76, 0.0116795
_7022_, 165.94, 21.76, 0.0116795
hold535, 165.94, 21.76, 0.0116795
hold558, 165.94, 21.76, 0.0116795
ANTENNA__4115__B1, 165.94, 21.76, 0.0116795
FILLER_0_3_337, 165.94, 21.76, 0.0116795
_3594_, 191.429, 21.76, 0.0123382
_3595_, 191.429, 21.76, 0.0123382
_3675_, 191.429, 21.76, 0.0123382
_3676_, 191.429, 21.76, 0.0123382
_6941_, 191.429, 21.76, 0.0123382
hold11, 191.429, 21.76, 0.0123382
ANTENNA__3675__A_N, 191.429, 21.76, 0.0123382
ANTENNA__6945__RESET_B, 191.429, 21.76, 0.0123382
FILLER_0_3_396, 191.429, 21.76, 0.0123382
_4265_, 204.118, 21.76, 0.0124015
_4266_, 204.118, 21.76, 0.0124015
_7046_, 204.118, 21.76, 0.0124015
ANTENNA__3675__D, 204.118, 21.76, 0.0124015
ANTENNA__3675__B, 204.118, 21.76, 0.0124015
ANTENNA__7046__RESET_B, 204.118, 21.76, 0.0124015
FILLER_0_5_445, 204.118, 21.76, 0.0124015
_6927_, 216.807, 21.76, 0.0124377
_7062_, 216.807, 21.76, 0.0124377
hold6, 216.807, 21.76, 0.0124377
ANTENNA__3596__S, 216.807, 21.76, 0.0124377
ANTENNA__6942__RESET_B, 216.807, 21.76, 0.0124377
FILLER_0_3_453, 216.807, 21.76, 0.0124377
FILLER_0_5_494, 229.496, 21.76, 0.0124377
FILLER_0_4_525, 242.185, 21.76, 0.0124377
FILLER_0_5_553, 254.874, 21.76, 0.0124377
FILLER_0_4_581, 267.563, 21.76, 0.0124377
FILLER_0_5_609, 280.252, 21.76, 0.0124377
FILLER_0_4_637, 292.941, 21.76, 0.0124377
FILLER_0_5_665, 305.63, 21.76, 0.0124377
PHY_2, 5.52, 16.32, 0.00432593
PHY_4, 5.52, 16.32, 0.00432593
PHY_3, 318.32, 16.32, 0.0121739
PHY_5, 318.32, 16.32, 0.0121739
FILLER_0_1_673, 318.32, 16.32, 0.0121739
FILLER_0_2_669, 318.32, 16.32, 0.0121739
FILLER_0_2_77, 37.94, 16.32, 0.0050042
FILLER_0_3_105, 50.74, 16.32, 0.00568246
_3497_, 63.54, 16.32, 0.00636073
FILLER_0_1_113, 63.54, 16.32, 0.00636073
FILLER_0_1_121, 63.54, 16.32, 0.00636073
FILLER_0_2_133, 63.54, 16.32, 0.00636073
FILLER_0_3_161, 76.34, 16.32, 0.00703685
FILLER_0_2_189, 89.14, 16.32, 0.00771297
FILLER_0_3_193, 89.14, 16.32, 0.00771297
ANTENNA__4489__B1, 101.94, 16.32, 0.00838909
FILLER_0_3_215, 101.94, 16.32, 0.00838909
_4275_, 114.74, 16.32, 0.00906521
ANTENNA__4277__B1, 114.74, 16.32, 0.00906521
ANTENNA__4275__A2, 114.74, 16.32, 0.00906521
FILLER_0_2_245, 114.74, 16.32, 0.00906521
_4310_, 127.54, 16.32, 0.00973429
_4311_, 127.54, 16.32, 0.00973429
_4320_, 127.54, 16.32, 0.00973429
ANTENNA__4320__B, 127.54, 16.32, 0.00973429
FILLER_0_1_261, 127.54, 16.32, 0.00973429
FILLER_0_2_253, 127.54, 16.32, 0.00973429
_4321_, 140.34, 16.32, 0.0103653
_4322_, 140.34, 16.32, 0.0103653
_4323_, 140.34, 16.32, 0.0103653
_4326_, 140.34, 16.32, 0.0103653
_4327_, 140.34, 16.32, 0.0103653
FILLER_0_1_281, 140.34, 16.32, 0.0103653
FILLER_0_2_300, 140.34, 16.32, 0.0103653
FILLER_0_3_305, 140.34, 16.32, 0.0103653
_4338_, 153.14, 16.32, 0.010974
_4339_, 153.14, 16.32, 0.010974
_7021_, 153.14, 16.32, 0.010974
ANTENNA__4345__A1, 153.14, 16.32, 0.010974
ANTENNA__7020__RESET_B, 153.14, 16.32, 0.010974
ANTENNA__7021__RESET_B, 153.14, 16.32, 0.010974
FILLER_0_1_313, 153.14, 16.32, 0.010974
FILLER_0_2_323, 153.14, 16.32, 0.010974
FILLER_0_3_325, 153.14, 16.32, 0.010974
_7061_, 165.94, 16.32, 0.0115543
ANTENNA__4113__A2, 165.94, 16.32, 0.0115543
hold2, 191.429, 16.32, 0.0121312
ANTENNA__6926__RESET_B, 191.429, 16.32, 0.0121312
ANTENNA__6927__RESET_B, 204.118, 16.32, 0.012148
FILLER_0_3_434, 204.118, 16.32, 0.012148
FILLER_0_3_442, 204.118, 16.32, 0.012148
_6942_, 216.807, 16.32, 0.0121647
ANTENNA__7062__RESET_B, 216.807, 16.32, 0.0121647
FILLER_0_2_469, 216.807, 16.32, 0.0121647
FILLER_0_3_494, 229.496, 16.32, 0.012167
FILLER_0_2_525, 242.185, 16.32, 0.0121693
FILLER_0_3_553, 254.874, 16.32, 0.0121716
_3509_, 267.563, 16.32, 0.0121739
ANTENNA__3509__A, 267.563, 16.32, 0.0121739
FILLER_0_2_581, 267.563, 16.32, 0.0121739
FILLER_0_3_609, 280.252, 16.32, 0.0121739
FILLER_0_1_613, 292.941, 16.32, 0.0121739
FILLER_0_2_637, 292.941, 16.32, 0.0121739
FILLER_0_3_665, 305.63, 16.32, 0.0121739
PHY_0, 5.52, 10.88, 0.00435506
input14, 5.52, 10.88, 0.00435506
ANTENNA_input14_A, 5.52, 10.88, 0.00435506
PHY_1, 318.32, 10.88, 0.0125303
FILLER_0_0_667, 318.32, 10.88, 0.0125303
FILLER_0_0_673, 318.32, 10.88, 0.0125303
input11, 15.33, 10.88, 0.00435325
FILLER_0_0_23, 15.33, 10.88, 0.00435325
input22, 37.94, 10.88, 0.00501621
ANTENNA_input22_A, 37.94, 10.88, 0.00501621
FILLER_0_0_76, 37.94, 10.88, 0.00501621
FILLER_0_0_109, 50.74, 10.88, 0.005681
FILLER_0_1_105, 50.74, 10.88, 0.005681
output36, 63.54, 10.88, 0.00634578
ANTENNA__3497__A, 63.54, 10.88, 0.00634578
FILLER_0_0_113, 63.54, 10.88, 0.00634578
input6, 76.34, 10.88, 0.00699616
ANTENNA_input6_A, 76.34, 10.88, 0.00699616
FILLER_0_0_153, 76.34, 10.88, 0.00699616
FILLER_0_0_193, 89.14, 10.88, 0.00764493
input23, 101.94, 10.88, 0.00829369
ANTENNA_input23_A, 101.94, 10.88, 0.00829369
FILLER_0_0_216, 101.94, 10.88, 0.00829369
FILLER_0_1_217, 101.94, 10.88, 0.00829369
FILLER_0_0_249, 114.74, 10.88, 0.00894186
_4308_, 127.54, 10.88, 0.00959004
_4309_, 127.54, 10.88, 0.00959004
input17, 127.54, 10.88, 0.00959004
ANTENNA_input17_A, 127.54, 10.88, 0.00959004
ANTENNA__4309__B_N, 127.54, 10.88, 0.00959004
FILLER_0_0_263, 127.54, 10.88, 0.00959004
FILLER_0_0_275, 127.54, 10.88, 0.00959004
FILLER_0_1_273, 127.54, 10.88, 0.00959004
_4324_, 140.34, 10.88, 0.0102286
_4325_, 140.34, 10.88, 0.0102286
ANTENNA__4323__B_N, 140.34, 10.88, 0.0102286
ANTENNA_output57_A, 140.34, 10.88, 0.0102286
output57, 153.14, 10.88, 0.0108493
ANTENNA__4338__C, 153.14, 10.88, 0.0108493
FILLER_0_0_327, 153.14, 10.88, 0.0108493
FILLER_0_1_325, 153.14, 10.88, 0.0108493
FILLER_0_1_333, 153.14, 10.88, 0.0108493
input26, 165.94, 10.88, 0.0114561
ANTENNA_input26_A, 165.94, 10.88, 0.0114561
FILLER_0_0_337, 165.94, 10.88, 0.0114561
FILLER_0_0_361, 165.94, 10.88, 0.0114561
output51, 191.429, 10.88, 0.0121319
FILLER_0_0_413, 191.429, 10.88, 0.0121319
input31, 204.118, 10.88, 0.0121965
ANTENNA_input31_A, 204.118, 10.88, 0.0121965
FILLER_0_0_440, 204.118, 10.88, 0.0121965
FILLER_0_1_441, 204.118, 10.88, 0.0121965
FILLER_0_0_473, 216.807, 10.88, 0.0122603
output47, 229.496, 10.88, 0.0123241
ANTENNA_output47_A, 229.496, 10.88, 0.0123241
FILLER_0_0_499, 229.496, 10.88, 0.0123241
FILLER_0_1_497, 229.496, 10.88, 0.0123241
_3512_, 242.185, 10.88, 0.01238
ANTENNA__3512__A, 242.185, 10.88, 0.01238
output44, 254.874, 10.88, 0.0124334
FILLER_0_0_529, 254.874, 10.88, 0.0124334
FILLER_0_0_551, 254.874, 10.88, 0.0124334
output43, 267.563, 10.88, 0.0124719
FILLER_0_0_561, 267.563, 10.88, 0.0124719
FILLER_0_1_605, 280.252, 10.88, 0.0124957
output49, 292.941, 10.88, 0.0125195
ANTENNA_output49_A, 292.941, 10.88, 0.0125195
FILLER_0_0_637, 292.941, 10.88, 0.0125195
input19, 305.63, 10.88, 0.0125303
output38, 305.63, 10.88, 0.0125303
ANTENNA_input19_A, 305.63, 10.88, 0.0125303
ANTENNA_output38_A, 305.63, 10.88, 0.0125303
FILLER_0_1_653, 305.63, 10.88, 0.0125303
FILLER_0_1_661, 305.63, 10.88, 0.0125303

