Instance name,  X location,  Y location,  Voltage 
FILLER_0_114_361, 175.44, 323.68, 1.76322
FILLER_0_114_365, 175.44, 323.68, 1.76322
output61, 175.44, 318.24, 1.7632
ANTENNA_output61_A, 175.44, 318.24, 1.7632
FILLER_0_112_357, 175.44, 318.24, 1.7632
_6024_, 175.44, 312.8, 1.76315
_6025_, 175.44, 312.8, 1.76315
ANTENNA__6026__S, 175.44, 312.8, 1.76315
ANTENNA__6024__S, 175.44, 312.8, 1.76315
ANTENNA__6024__A0, 175.44, 312.8, 1.76315
FILLER_0_110_365, 175.44, 312.8, 1.76315
FILLER_0_111_361, 175.44, 312.8, 1.76315
FILLER_0_111_366, 175.44, 312.8, 1.76315
_5327_, 175.44, 307.36, 1.76296
_7359_, 175.44, 307.36, 1.76296
ANTENNA__7360__RESET_B, 175.44, 307.36, 1.76296
FILLER_0_108_358, 175.44, 307.36, 1.76296
FILLER_0_108_365, 175.44, 307.36, 1.76296
FILLER_0_109_375, 175.44, 307.36, 1.76296
_5328_, 175.44, 301.92, 1.76289
_5329_, 175.44, 301.92, 1.76289
_5330_, 175.44, 301.92, 1.76289
_5545_, 175.44, 301.92, 1.76289
_7239_, 175.44, 301.92, 1.76289
_7240_, 175.44, 301.92, 1.76289
ANTENNA__5329__S, 175.44, 301.92, 1.76289
ANTENNA__5704__A1, 175.44, 301.92, 1.76289
FILLER_0_107_360, 175.44, 301.92, 1.76289
_3593_, 175.44, 296.48, 1.76267
_5546_, 175.44, 296.48, 1.76267
hold728, 175.44, 296.48, 1.76267
ANTENNA__4796__S, 175.44, 296.48, 1.76267
ANTENNA__7173__RESET_B, 175.44, 296.48, 1.76267
FILLER_0_104_365, 175.44, 296.48, 1.76267
FILLER_0_105_368, 175.44, 296.48, 1.76267
_4914_, 175.44, 291.04, 1.76282
_7173_, 175.44, 291.04, 1.76282
_7269_, 175.44, 291.04, 1.76282
ANTENNA__4906__B1, 175.44, 291.04, 1.76282
ANTENNA__4914__A1, 175.44, 291.04, 1.76282
ANTENNA__4906__A1, 175.44, 291.04, 1.76282
_4903_, 175.44, 285.6, 1.76297
_4911_, 175.44, 285.6, 1.76297
_4912_, 175.44, 285.6, 1.76297
_4913_, 175.44, 285.6, 1.76297
_4915_, 175.44, 285.6, 1.76297
fanout75, 175.44, 285.6, 1.76297
ANTENNA__4914__B1, 175.44, 285.6, 1.76297
ANTENNA_load_slew2_A, 175.44, 285.6, 1.76297
ANTENNA_fanout75_A, 175.44, 285.6, 1.76297
FILLER_0_101_372, 175.44, 285.6, 1.76297
_4908_, 175.44, 280.16, 1.76303
_4910_, 175.44, 280.16, 1.76303
_4917_, 175.44, 280.16, 1.76303
_4918_, 175.44, 280.16, 1.76303
_4919_, 175.44, 280.16, 1.76303
hold607, 175.44, 280.16, 1.76303
ANTENNA__4908__B, 175.44, 280.16, 1.76303
FILLER_0_99_375, 175.44, 280.16, 1.76303
_4891_, 175.44, 274.72, 1.76315
_4892_, 175.44, 274.72, 1.76315
_4893_, 175.44, 274.72, 1.76315
_7171_, 175.44, 274.72, 1.76315
ANTENNA__4936__B1, 175.44, 274.72, 1.76315
FILLER_0_98_373, 175.44, 274.72, 1.76315
_4916_, 175.44, 269.28, 1.76325
_4924_, 175.44, 269.28, 1.76325
_7174_, 175.44, 269.28, 1.76325
ANTENNA__4892__B1, 175.44, 269.28, 1.76325
ANTENNA__4893__A2, 175.44, 269.28, 1.76325
FILLER_0_94_361, 175.44, 269.28, 1.76325
FILLER_0_95_358, 175.44, 269.28, 1.76325
FILLER_0_96_376, 175.44, 269.28, 1.76325
_4880_, 175.44, 263.84, 1.76334
_4881_, 175.44, 263.84, 1.76334
_4925_, 175.44, 263.84, 1.76334
_4928_, 175.44, 263.84, 1.76334
hold30, 175.44, 263.84, 1.76334
hold637, 175.44, 263.84, 1.76334
ANTENNA__4928__A1, 175.44, 263.84, 1.76334
ANTENNA__4882__B2, 175.44, 263.84, 1.76334
FILLER_0_93_368, 175.44, 263.84, 1.76334
_4882_, 175.44, 258.4, 1.76342
_4931_, 175.44, 258.4, 1.76342
_4932_, 175.44, 258.4, 1.76342
_4937_, 175.44, 258.4, 1.76342
ANTENNA__7170__RESET_B, 175.44, 258.4, 1.76342
FILLER_0_90_361, 175.44, 258.4, 1.76342
FILLER_0_90_365, 175.44, 258.4, 1.76342
FILLER_0_91_372, 175.44, 258.4, 1.76342
_4929_, 175.44, 252.96, 1.76366
_4930_, 175.44, 252.96, 1.76366
hold412, 175.44, 252.96, 1.76366
ANTENNA__4934__B1, 175.44, 252.96, 1.76366
ANTENNA__4952__A1, 175.44, 252.96, 1.76366
ANTENNA__4930__B, 175.44, 252.96, 1.76366
ANTENNA__4929__B, 175.44, 252.96, 1.76366
FILLER_0_89_373, 175.44, 252.96, 1.76366
_4938_, 175.44, 247.52, 1.76361
_4941_, 175.44, 247.52, 1.76361
_4942_, 175.44, 247.52, 1.76361
_4949_, 175.44, 247.52, 1.76361
_4950_, 175.44, 247.52, 1.76361
_4951_, 175.44, 247.52, 1.76361
_4952_, 175.44, 247.52, 1.76361
_4953_, 175.44, 247.52, 1.76361
ANTENNA__3972__S, 175.44, 247.52, 1.76361
ANTENNA__4938__B, 175.44, 247.52, 1.76361
FILLER_0_86_358, 175.44, 247.52, 1.76361
_3972_, 175.44, 242.08, 1.76413
_4939_, 175.44, 242.08, 1.76413
_4940_, 175.44, 242.08, 1.76413
_4947_, 175.44, 242.08, 1.76413
_4954_, 175.44, 242.08, 1.76413
ANTENNA__3487__C1, 175.44, 242.08, 1.76413
ANTENNA__4947__A_N, 175.44, 242.08, 1.76413
ANTENNA__4939__B, 175.44, 242.08, 1.76413
FILLER_0_84_358, 175.44, 242.08, 1.76413
FILLER_0_85_381, 175.44, 242.08, 1.76413
_4946_, 175.44, 236.64, 1.76419
_4948_, 175.44, 236.64, 1.76419
_4955_, 175.44, 236.64, 1.76419
_4956_, 175.44, 236.64, 1.76419
_4957_, 175.44, 236.64, 1.76419
ANTENNA__3974__S, 175.44, 236.64, 1.76419
FILLER_0_83_365, 175.44, 236.64, 1.76419
FILLER_0_84_376, 175.44, 236.64, 1.76419
_3974_, 175.44, 231.2, 1.76454
_3976_, 175.44, 231.2, 1.76454
_4584_, 175.44, 231.2, 1.76454
ANTENNA__3976__S, 175.44, 231.2, 1.76454
ANTENNA__3977__B2, 175.44, 231.2, 1.76454
ANTENNA__3977__A2, 175.44, 231.2, 1.76454
ANTENNA__4946__B, 175.44, 231.2, 1.76454
FILLER_0_80_361, 175.44, 231.2, 1.76454
FILLER_0_82_379, 175.44, 231.2, 1.76454
_7107_, 175.44, 225.76, 1.76489
_7255_, 175.44, 225.76, 1.76489
hold722, 175.44, 225.76, 1.76489
ANTENNA__7107__RESET_B, 175.44, 225.76, 1.76489
FILLER_0_78_360, 175.44, 225.76, 1.76489
_4582_, 175.44, 220.32, 1.76516
_4583_, 175.44, 220.32, 1.76516
_4585_, 175.44, 220.32, 1.76516
_7106_, 175.44, 220.32, 1.76516
clkbuf_leaf_38_clk, 175.44, 220.32, 1.76516
ANTENNA__4612__B2, 175.44, 220.32, 1.76516
FILLER_0_76_361, 175.44, 220.32, 1.76516
FILLER_0_76_365, 175.44, 220.32, 1.76516
FILLER_0_77_362, 175.44, 220.32, 1.76516
_4621_, 175.44, 214.88, 1.76552
_7120_, 175.44, 214.88, 1.76552
hold5, 175.44, 214.88, 1.76552
ANTENNA__3943__S, 175.44, 214.88, 1.76552
_3982_, 175.44, 209.44, 1.76605
_4614_, 175.44, 209.44, 1.76605
_4615_, 175.44, 209.44, 1.76605
ANTENNA__4736__A_N, 175.44, 209.44, 1.76605
ANTENNA__4735__B, 175.44, 209.44, 1.76605
_3453_, 175.44, 204, 1.76635
_4745_, 175.44, 204, 1.76635
_4746_, 175.44, 204, 1.76635
_7135_, 175.44, 204, 1.76635
hold358, 175.44, 204, 1.76635
FILLER_0_70_361, 175.44, 204, 1.76635
FILLER_0_71_356, 175.44, 204, 1.76635
FILLER_0_71_373, 175.44, 204, 1.76635
_3455_, 175.44, 198.56, 1.76666
_3566_, 175.44, 198.56, 1.76666
_3567_, 175.44, 198.56, 1.76666
_4747_, 175.44, 198.56, 1.76666
ANTENNA__3455__A, 175.44, 198.56, 1.76666
FILLER_0_68_359, 175.44, 198.56, 1.76666
FILLER_0_68_365, 175.44, 198.56, 1.76666
FILLER_0_69_375, 175.44, 198.56, 1.76666
FILLER_0_70_380, 175.44, 198.56, 1.76666
_3459_, 175.44, 193.12, 1.7672
_3533_, 175.44, 193.12, 1.7672
_3573_, 175.44, 193.12, 1.7672
_6917_, 175.44, 193.12, 1.7672
ANTENNA__3459__A, 175.44, 193.12, 1.7672
ANTENNA__4727__A, 175.44, 193.12, 1.7672
FILLER_0_66_369, 175.44, 193.12, 1.7672
FILLER_0_68_379, 175.44, 193.12, 1.7672
_3452_, 175.44, 187.68, 1.76769
_3532_, 175.44, 187.68, 1.76769
_3572_, 175.44, 187.68, 1.76769
hold697, 175.44, 187.68, 1.76769
ANTENNA__4609__A2, 175.44, 187.68, 1.76769
ANTENNA__3552__C_N, 175.44, 187.68, 1.76769
FILLER_0_65_361, 175.44, 187.68, 1.76769
FILLER_0_65_383, 175.44, 187.68, 1.76769
_3445_, 175.44, 182.24, 1.76805
_3451_, 175.44, 182.24, 1.76805
_3541_, 175.44, 182.24, 1.76805
_3547_, 175.44, 182.24, 1.76805
_3552_, 175.44, 182.24, 1.76805
ANTENNA__3541__B, 175.44, 182.24, 1.76805
FILLER_0_62_365, 175.44, 182.24, 1.76805
FILLER_0_63_381, 175.44, 182.24, 1.76805
FILLER_0_64_378, 175.44, 182.24, 1.76805
_3444_, 175.44, 176.8, 1.76845
_3450_, 175.44, 176.8, 1.76845
_3544_, 175.44, 176.8, 1.76845
_3553_, 175.44, 176.8, 1.76845
_3554_, 175.44, 176.8, 1.76845
_3560_, 175.44, 176.8, 1.76845
FILLER_0_61_362, 175.44, 176.8, 1.76845
FILLER_0_62_370, 175.44, 176.8, 1.76845
_3540_, 175.44, 171.36, 1.7689
_3543_, 175.44, 171.36, 1.7689
_3559_, 175.44, 171.36, 1.7689
_3561_, 175.44, 171.36, 1.7689
ANTENNA__3543__A1, 175.44, 171.36, 1.7689
ANTENNA__3598__B, 175.44, 171.36, 1.7689
ANTENNA__3561__A1, 175.44, 171.36, 1.7689
FILLER_0_59_372, 175.44, 171.36, 1.7689
_3441_, 175.44, 165.92, 1.76904
_3538_, 175.44, 165.92, 1.76904
_3539_, 175.44, 165.92, 1.76904
_3542_, 175.44, 165.92, 1.76904
_3557_, 175.44, 165.92, 1.76904
_4679_, 175.44, 165.92, 1.76904
_6188_, 175.44, 165.92, 1.76904
_6189_, 175.44, 165.92, 1.76904
_3580_, 175.44, 160.48, 1.76949
_3581_, 175.44, 160.48, 1.76949
_3599_, 175.44, 160.48, 1.76949
_3603_, 175.44, 160.48, 1.76949
_4438_, 175.44, 160.48, 1.76949
_6190_, 175.44, 160.48, 1.76949
_3549_, 175.44, 155.04, 1.77016
_3633_, 175.44, 155.04, 1.77016
clkbuf_leaf_60_clk, 175.44, 155.04, 1.77016
ANTENNA__3633__A, 175.44, 155.04, 1.77016
ANTENNA__6919__RESET_B, 175.44, 155.04, 1.77016
FILLER_0_52_365, 175.44, 155.04, 1.77016
_3551_, 175.44, 149.6, 1.77085
_3584_, 175.44, 149.6, 1.77085
_3585_, 175.44, 149.6, 1.77085
_6191_, 175.44, 149.6, 1.77085
fanout73, 175.44, 149.6, 1.77085
hold320, 175.44, 149.6, 1.77085
ANTENNA__4449__S, 175.44, 149.6, 1.77085
FILLER_0_51_360, 175.44, 149.6, 1.77085
_3583_, 175.44, 144.16, 1.7715
hold671, 175.44, 144.16, 1.7715
load_slew4, 175.44, 144.16, 1.7715
ANTENNA__3814__B2, 175.44, 144.16, 1.7715
ANTENNA__6920__RESET_B, 175.44, 144.16, 1.7715
ANTENNA_fanout73_A, 175.44, 144.16, 1.7715
FILLER_0_48_365, 175.44, 144.16, 1.7715
_3586_, 175.44, 138.72, 1.77192
_3587_, 175.44, 138.72, 1.77192
_3971_, 175.44, 138.72, 1.77192
_6921_, 175.44, 138.72, 1.77192
ANTENNA__6638__A2, 175.44, 138.72, 1.77192
ANTENNA__6638__B1, 175.44, 138.72, 1.77192
_3779_, 175.44, 133.28, 1.77239
_5894_, 175.44, 133.28, 1.77239
_7544_, 175.44, 133.28, 1.77239
clkbuf_leaf_82_clk, 175.44, 133.28, 1.77239
ANTENNA__3813__S, 175.44, 133.28, 1.77239
ANTENNA__3779__S, 175.44, 133.28, 1.77239
ANTENNA_hold671_A, 175.44, 133.28, 1.77239
ANTENNA__7544__RESET_B, 175.44, 133.28, 1.77239
FILLER_0_44_359, 175.44, 133.28, 1.77239
_4423_, 175.44, 127.84, 1.77321
_6972_, 175.44, 127.84, 1.77321
_7077_, 175.44, 127.84, 1.77321
hold4, 175.44, 127.84, 1.77321
ANTENNA__4422__S, 175.44, 127.84, 1.77321
ANTENNA__5894__A, 175.44, 127.84, 1.77321
FILLER_0_42_356, 175.44, 127.84, 1.77321
_7330_, 175.44, 122.4, 1.77399
clkbuf_leaf_81_clk, 175.44, 122.4, 1.77399
ANTENNA__7330__RESET_B, 175.44, 122.4, 1.77399
FILLER_0_40_361, 175.44, 122.4, 1.77399
FILLER_0_40_365, 175.44, 122.4, 1.77399
_3818_, 175.44, 116.96, 1.77466
_5869_, 175.44, 116.96, 1.77466
ANTENNA__5868__A0, 175.44, 116.96, 1.77466
FILLER_0_38_359, 175.44, 116.96, 1.77466
_5868_, 175.44, 111.52, 1.77535
_6631_, 175.44, 111.52, 1.77535
hold66, 175.44, 111.52, 1.77535
hold735, 175.44, 111.52, 1.77535
ANTENNA__4295__S, 175.44, 111.52, 1.77535
ANTENNA__7092__RESET_B, 175.44, 111.52, 1.77535
FILLER_0_36_361, 175.44, 111.52, 1.77535
FILLER_0_37_371, 175.44, 111.52, 1.77535
FILLER_0_38_372, 175.44, 111.52, 1.77535
_4133_, 175.44, 106.08, 1.77604
_6632_, 175.44, 106.08, 1.77604
_7030_, 175.44, 106.08, 1.77604
_7541_, 175.44, 106.08, 1.77604
hold354, 175.44, 106.08, 1.77604
_4130_, 175.44, 100.64, 1.77655
_4131_, 175.44, 100.64, 1.77655
_6650_, 175.44, 100.64, 1.77655
_7029_, 175.44, 100.64, 1.77655
_7550_, 175.44, 100.64, 1.77655
ANTENNA__4131__B2, 175.44, 100.64, 1.77655
ANTENNA__4133__A2, 175.44, 100.64, 1.77655
ANTENNA__4131__A2, 175.44, 100.64, 1.77655
ANTENNA__7550__RESET_B, 175.44, 100.64, 1.77655
FILLER_0_33_366, 175.44, 100.64, 1.77655
_4129_, 175.44, 95.2, 1.77755
hold94, 175.44, 95.2, 1.77755
hold119, 175.44, 95.2, 1.77755
hold120, 175.44, 95.2, 1.77755
ANTENNA__4129__B2, 175.44, 95.2, 1.77755
_4127_, 175.44, 89.76, 1.77809
_6648_, 175.44, 89.76, 1.77809
_7027_, 175.44, 89.76, 1.77809
_7549_, 175.44, 89.76, 1.77809
ANTENNA__6647__B, 175.44, 89.76, 1.77809
ANTENNA__7028__RESET_B, 175.44, 89.76, 1.77809
FILLER_0_30_373, 175.44, 89.76, 1.77809
_7540_, 175.44, 84.32, 1.77897
hold151, 175.44, 84.32, 1.77897
ANTENNA__6636__B1, 175.44, 84.32, 1.77897
ANTENNA__4127__B2, 175.44, 84.32, 1.77897
ANTENNA__4127__A2, 175.44, 84.32, 1.77897
ANTENNA__4408__A_N, 175.44, 84.32, 1.77897
FILLER_0_26_356, 175.44, 84.32, 1.77897
FILLER_0_27_360, 175.44, 84.32, 1.77897
_4125_, 175.44, 78.88, 1.77967
_6630_, 175.44, 78.88, 1.77967
_7539_, 175.44, 78.88, 1.77967
hold619, 175.44, 78.88, 1.77967
ANTENNA__6630__B1, 175.44, 78.88, 1.77967
ANTENNA__6630__A2, 175.44, 78.88, 1.77967
ANTENNA__6630__B2, 175.44, 78.88, 1.77967
_6628_, 175.44, 73.44, 1.78053
ANTENNA__4125__B2, 175.44, 73.44, 1.78053
ANTENNA__4125__A2, 175.44, 73.44, 1.78053
ANTENNA__6628__B1, 175.44, 73.44, 1.78053
ANTENNA__6628__B2, 175.44, 73.44, 1.78053
_6639_, 175.44, 68, 1.78126
_6640_, 175.44, 68, 1.78126
_7545_, 175.44, 68, 1.78126
_7546_, 175.44, 68, 1.78126
hold547, 175.44, 68, 1.78126
ANTENNA__6639__B, 175.44, 68, 1.78126
ANTENNA__3601__A, 175.44, 68, 1.78126
ANTENNA__7539__RESET_B, 175.44, 68, 1.78126
FILLER_0_20_361, 175.44, 68, 1.78126
FILLER_0_21_366, 175.44, 68, 1.78126
hold282, 175.44, 62.56, 1.78212
hold426, 175.44, 62.56, 1.78212
ANTENNA__3656__A1, 175.44, 62.56, 1.78212
ANTENNA__4123__B2, 175.44, 62.56, 1.78212
ANTENNA__4123__A2, 175.44, 62.56, 1.78212
ANTENNA__4121__A2, 175.44, 62.56, 1.78212
FILLER_0_19_376, 175.44, 62.56, 1.78212
_3656_, 175.44, 57.12, 1.78296
_4109_, 175.44, 57.12, 1.78296
_6944_, 175.44, 57.12, 1.78296
_6949_, 175.44, 57.12, 1.78296
ANTENNA__4107__S, 175.44, 57.12, 1.78296
FILLER_0_17_358, 175.44, 57.12, 1.78296
_3638_, 175.44, 51.68, 1.78362
_3639_, 175.44, 51.68, 1.78362
_3640_, 175.44, 51.68, 1.78362
_3654_, 175.44, 51.68, 1.78362
_3659_, 175.44, 51.68, 1.78362
ANTENNA__4109__S, 175.44, 51.68, 1.78362
ANTENNA__3648__B1, 175.44, 51.68, 1.78362
ANTENNA__4119__A2, 175.44, 51.68, 1.78362
FILLER_0_14_369, 175.44, 51.68, 1.78362
FILLER_0_15_382, 175.44, 51.68, 1.78362
_3653_, 175.44, 46.24, 1.78453
_3658_, 175.44, 46.24, 1.78453
FILLER_0_12_361, 175.44, 46.24, 1.78453
FILLER_0_12_365, 175.44, 46.24, 1.78453
FILLER_0_13_381, 175.44, 46.24, 1.78453
_3651_, 175.44, 40.8, 1.78541
_3652_, 175.44, 40.8, 1.78541
_3660_, 175.44, 40.8, 1.78541
_4346_, 175.44, 40.8, 1.78541
_4363_, 175.44, 40.8, 1.78541
_3666_, 175.44, 35.36, 1.78615
_3671_, 175.44, 35.36, 1.78615
_3672_, 175.44, 35.36, 1.78615
_4347_, 175.44, 35.36, 1.78615
ANTENNA__4347__B, 175.44, 35.36, 1.78615
FILLER_0_8_357, 175.44, 35.36, 1.78615
FILLER_0_9_360, 175.44, 35.36, 1.78615
FILLER_0_9_382, 175.44, 35.36, 1.78615
_3665_, 175.44, 29.92, 1.78692
_3668_, 175.44, 29.92, 1.78692
_3669_, 175.44, 29.92, 1.78692
_4300_, 175.44, 29.92, 1.78692
hold510, 175.44, 29.92, 1.78692
ANTENNA__3668__B1, 175.44, 29.92, 1.78692
ANTENNA__4117__A2, 175.44, 29.92, 1.78692
FILLER_0_7_383, 175.44, 29.92, 1.78692
clkbuf_leaf_77_clk, 175.44, 24.48, 1.78738
ANTENNA__4113__B1, 175.44, 24.48, 1.78738
ANTENNA__7022__RESET_B, 175.44, 24.48, 1.78738
FILLER_0_4_369, 175.44, 24.48, 1.78738
FILLER_0_6_380, 175.44, 24.48, 1.78738
_6945_, 175.44, 19.04, 1.78749
_7061_, 175.44, 19.04, 1.78749
ANTENNA__4113__A2, 175.44, 19.04, 1.78749
FILLER_0_2_365, 175.44, 19.04, 1.78749
_4112_, 175.44, 13.6, 1.78757
ANTENNA__4112__S, 175.44, 13.6, 1.78757
ANTENNA__4112__A1, 175.44, 13.6, 1.78757
FILLER_0_0_361, 175.44, 13.6, 1.78757
FILLER_0_1_373, 175.44, 13.6, 1.78757
FILLER_0_109_49, 21.84, 307.36, 1.76473
_7640_, 21.84, 285.6, 1.765
FILLER_0_100_29, 21.84, 285.6, 1.765
_6854_, 21.84, 280.16, 1.76508
_6855_, 21.84, 280.16, 1.76508
ANTENNA__6854__S, 21.84, 280.16, 1.76508
FILLER_0_99_31, 21.84, 280.16, 1.76508
_6883_, 21.84, 274.72, 1.76523
_7653_, 21.84, 274.72, 1.76523
hold429, 21.84, 274.72, 1.76523
FILLER_0_96_29, 21.84, 274.72, 1.76523
FILLER_0_98_41, 21.84, 274.72, 1.76523
_6835_, 21.84, 269.28, 1.76531
_6862_, 21.84, 269.28, 1.76531
_7630_, 21.84, 269.28, 1.76531
hold393, 21.84, 269.28, 1.76531
_6834_, 21.84, 263.84, 1.76544
_6841_, 21.84, 263.84, 1.76544
clkbuf_leaf_23_clk, 21.84, 263.84, 1.76544
FILLER_0_92_32, 21.84, 263.84, 1.76544
FILLER_0_94_48, 21.84, 263.84, 1.76544
_5356_, 21.84, 258.4, 1.76547
_5383_, 21.84, 258.4, 1.76547
_6840_, 21.84, 258.4, 1.76547
_7594_, 21.84, 258.4, 1.76547
_5392_, 21.84, 252.96, 1.76586
_6756_, 21.84, 252.96, 1.76586
_7634_, 21.84, 252.96, 1.76586
hold377, 21.84, 252.96, 1.76586
hold387, 21.84, 252.96, 1.76586
hold390, 21.84, 252.96, 1.76586
_6758_, 21.84, 247.52, 1.76601
_6842_, 21.84, 247.52, 1.76601
hold386, 21.84, 247.52, 1.76601
hold456, 21.84, 247.52, 1.76601
ANTENNA__6842__A1, 21.84, 247.52, 1.76601
ANTENNA__6842__S, 21.84, 247.52, 1.76601
_5347_, 21.84, 242.08, 1.76621
_7595_, 21.84, 242.08, 1.76621
_7629_, 21.84, 242.08, 1.76621
hold371, 21.84, 242.08, 1.76621
ANTENNA__6860__S, 21.84, 242.08, 1.76621
FILLER_0_85_49, 21.84, 242.08, 1.76621
_6749_, 21.84, 236.64, 1.76654
_6832_, 21.84, 236.64, 1.76654
_7590_, 21.84, 236.64, 1.76654
hold397, 21.84, 236.64, 1.76654
ANTENNA__6832__S, 21.84, 236.64, 1.76654
FILLER_0_82_29, 21.84, 236.64, 1.76654
FILLER_0_83_27, 21.84, 236.64, 1.76654
_6838_, 21.84, 231.2, 1.76682
_6866_, 21.84, 231.2, 1.76682
hold351, 21.84, 231.2, 1.76682
hold389, 21.84, 231.2, 1.76682
hold392, 21.84, 231.2, 1.76682
ANTENNA__6866__S, 21.84, 231.2, 1.76682
_5374_, 21.84, 225.76, 1.7672
_6755_, 21.84, 225.76, 1.7672
_7593_, 21.84, 225.76, 1.7672
ANTENNA__6838__S, 21.84, 225.76, 1.7672
FILLER_0_78_29, 21.84, 225.76, 1.7672
_5365_, 21.84, 220.32, 1.76744
_6864_, 21.84, 220.32, 1.76744
hold383, 21.84, 220.32, 1.76744
ANTENNA__6864__S, 21.84, 220.32, 1.76744
FILLER_0_76_29, 21.84, 220.32, 1.76744
_6753_, 21.84, 214.88, 1.76783
_7592_, 21.84, 214.88, 1.76783
_7631_, 21.84, 214.88, 1.76783
clkbuf_leaf_19_clk, 21.84, 214.88, 1.76783
FILLER_0_75_31, 21.84, 214.88, 1.76783
_6752_, 21.84, 209.44, 1.76821
_6836_, 21.84, 209.44, 1.76821
hold440, 21.84, 209.44, 1.76821
FILLER_0_73_27, 21.84, 209.44, 1.76821
_7559_, 21.84, 204, 1.76861
ANTENNA__6836__S, 21.84, 204, 1.76861
FILLER_0_71_27, 21.84, 204, 1.76861
FILLER_0_72_44, 21.84, 204, 1.76861
FILLER_0_69_46, 21.84, 198.56, 1.76895
_7425_, 21.84, 155.04, 1.77316
clkbuf_leaf_6_clk, 21.84, 155.04, 1.77316
hold146, 21.84, 155.04, 1.77316
FILLER_0_52_29, 21.84, 155.04, 1.77316
FILLER_0_53_27, 21.84, 155.04, 1.77316
FILLER_0_54_41, 21.84, 155.04, 1.77316
_6502_, 21.84, 149.6, 1.77386
_6615_, 21.84, 149.6, 1.77386
_7481_, 21.84, 149.6, 1.77386
ANTENNA__6625__S, 21.84, 149.6, 1.77386
FILLER_0_50_33, 21.84, 149.6, 1.77386
_6503_, 21.84, 144.16, 1.77457
_6512_, 21.84, 144.16, 1.77457
_6513_, 21.84, 144.16, 1.77457
_7486_, 21.84, 144.16, 1.77457
hold147, 21.84, 144.16, 1.77457
hold148, 21.84, 144.16, 1.77457
ANTENNA__6615__A1, 21.84, 144.16, 1.77457
ANTENNA__6615__S, 21.84, 144.16, 1.77457
FILLER_0_48_29, 21.84, 144.16, 1.77457
_6476_, 21.84, 138.72, 1.77526
_6485_, 21.84, 138.72, 1.77526
_7468_, 21.84, 138.72, 1.77526
ANTENNA__6512__A1, 21.84, 138.72, 1.77526
_6468_, 21.84, 133.28, 1.77601
_6475_, 21.84, 133.28, 1.77601
_6560_, 21.84, 133.28, 1.77601
clkbuf_leaf_5_clk, 21.84, 133.28, 1.77601
hold191, 21.84, 133.28, 1.77601
ANTENNA__6475__A1, 21.84, 133.28, 1.77601
_5005_, 21.84, 127.84, 1.77677
_6467_, 21.84, 127.84, 1.77677
_7464_, 21.84, 127.84, 1.77677
ANTENNA__6559__A1, 21.84, 127.84, 1.77677
ANTENNA__6485__A1, 21.84, 127.84, 1.77677
ANTENNA__6559__S, 21.84, 127.84, 1.77677
_5006_, 21.84, 122.4, 1.77757
_6440_, 21.84, 122.4, 1.77757
_7477_, 21.84, 122.4, 1.77757
hold391, 21.84, 122.4, 1.77757
FILLER_0_41_33, 21.84, 122.4, 1.77757
_4978_, 21.84, 116.96, 1.77836
_6434_, 21.84, 116.96, 1.77836
_6494_, 21.84, 116.96, 1.77836
hold396, 21.84, 116.96, 1.77836
FILLER_0_39_39, 21.84, 116.96, 1.77836
FILLER_0_40_38, 21.84, 116.96, 1.77836
_6461_, 21.84, 111.52, 1.77915
_7461_, 21.84, 111.52, 1.77915
clkbuf_leaf_4_clk, 21.84, 111.52, 1.77915
hold410, 21.84, 111.52, 1.77915
_6444_, 21.84, 106.08, 1.78007
_7466_, 21.84, 106.08, 1.78007
ANTENNA__6555__S, 21.84, 106.08, 1.78007
_6471_, 21.84, 100.64, 1.78078
_7463_, 21.84, 100.64, 1.78078
wire67, 21.84, 100.64, 1.78078
hold365, 21.84, 100.64, 1.78078
hold416, 21.84, 100.64, 1.78078
ANTENNA__6444__A1, 21.84, 100.64, 1.78078
FILLER_0_32_29, 21.84, 100.64, 1.78078
_4996_, 21.84, 95.2, 1.78188
_6465_, 21.84, 95.2, 1.78188
_6466_, 21.84, 95.2, 1.78188
FILLER_0_31_31, 21.84, 95.2, 1.78188
FILLER_0_31_47, 21.84, 95.2, 1.78188
_5015_, 21.84, 89.76, 1.78279
_6439_, 21.84, 89.76, 1.78279
_6497_, 21.84, 89.76, 1.78279
_7478_, 21.84, 89.76, 1.78279
FILLER_0_29_37, 21.84, 89.76, 1.78279
FILLER_0_29_49, 21.84, 89.76, 1.78279
FILLER_0_30_40, 21.84, 89.76, 1.78279
FILLER_0_30_48, 21.84, 89.76, 1.78279
_6496_, 21.84, 84.32, 1.78361
_7449_, 21.84, 84.32, 1.78361
clkbuf_leaf_1_clk, 21.84, 84.32, 1.78361
hold452, 21.84, 84.32, 1.78361
ANTENNA__6553__S, 21.84, 84.32, 1.78361
_6470_, 21.84, 78.88, 1.7847
_6484_, 21.84, 78.88, 1.7847
_7472_, 21.84, 78.88, 1.7847
hold265, 21.84, 78.88, 1.7847
hold482, 21.84, 78.88, 1.7847
ANTENNA_clkbuf_leaf_1_clk_A, 21.84, 78.88, 1.7847
_6481_, 21.84, 73.44, 1.78574
_6483_, 21.84, 73.44, 1.78574
_7501_, 21.84, 73.44, 1.78574
hold267, 21.84, 73.44, 1.78574
_6478_, 21.84, 68, 1.78683
_7469_, 21.84, 68, 1.78683
hold278, 21.84, 68, 1.78683
ANTENNA__6481__A1, 21.84, 68, 1.78683
ANTENNA__6456__A1, 21.84, 68, 1.78683
ANTENNA__6621__S, 21.84, 68, 1.78683
FILLER_0_22_42, 21.84, 68, 1.78683
_6456_, 21.84, 62.56, 1.78793
_6477_, 21.84, 62.56, 1.78793
_7459_, 21.84, 62.56, 1.78793
_7470_, 21.84, 62.56, 1.78793
hold283, 21.84, 62.56, 1.78793
ANTENNA__6452__A1, 21.84, 62.56, 1.78793
FILLER_0_19_44, 21.84, 62.56, 1.78793
_7457_, 21.84, 57.12, 1.78902
_7484_, 21.84, 57.12, 1.78902
clkbuf_leaf_0_clk, 21.84, 57.12, 1.78902
ANTENNA__6508__S, 21.84, 57.12, 1.78902
FILLER_0_16_29, 21.84, 57.12, 1.78902
FILLER_0_17_28, 21.84, 57.12, 1.78902
FILLER_0_18_45, 21.84, 57.12, 1.78902
_6505_, 21.84, 51.68, 1.7902
_6508_, 21.84, 51.68, 1.7902
_6509_, 21.84, 51.68, 1.7902
_7482_, 21.84, 51.68, 1.7902
FILLER_0_15_34, 21.84, 51.68, 1.7902
FILLER_0_15_49, 21.84, 51.68, 1.7902
_6504_, 21.84, 46.24, 1.79137
_6623_, 21.84, 46.24, 1.79137
_7485_, 21.84, 46.24, 1.79137
_7511_, 21.84, 46.24, 1.79137
_6561_, 21.84, 40.8, 1.79267
_6567_, 21.84, 40.8, 1.79267
_7535_, 21.84, 40.8, 1.79267
hold276, 21.84, 40.8, 1.79267
ANTENNA__6623__S, 21.84, 40.8, 1.79267
_6619_, 21.84, 35.36, 1.79393
_7509_, 21.84, 35.36, 1.79393
hold211, 21.84, 35.36, 1.79393
ANTENNA__6561__A1, 21.84, 35.36, 1.79393
ANTENNA__6619__A1, 21.84, 35.36, 1.79393
FILLER_0_8_29, 21.84, 35.36, 1.79393
_6563_, 21.84, 29.92, 1.79528
_6564_, 21.84, 29.92, 1.79528
ANTENNA__6567__S, 21.84, 29.92, 1.79528
ANTENNA__6561__S, 21.84, 29.92, 1.79528
input11, 21.84, 13.6, 1.79577
ANTENNA_input11_A, 21.84, 13.6, 1.79577
PHY_228, 5.52, 323.68, 1.76481
PHY_229, 318.32, 323.68, 1.76314
input16, 318.32, 323.68, 1.76314
ANTENNA_input16_A, 318.32, 323.68, 1.76314
FILLER_0_114_666, 318.32, 323.68, 1.76314
ANTENNA_output56_A, 13.68, 323.68, 1.76481
input15, 34.64, 323.68, 1.76467
FILLER_0_114_53, 34.64, 323.68, 1.76467
FILLER_0_114_78, 47.44, 323.68, 1.76453
input29, 60.24, 323.68, 1.76439
ANTENNA_input29_A, 60.24, 323.68, 1.76439
ANTENNA__6852__S, 60.24, 323.68, 1.76439
FILLER_0_114_113, 60.24, 323.68, 1.76439
hold182, 73.04, 323.68, 1.76425
ANTENNA__6848__A1, 73.04, 323.68, 1.76425
ANTENNA__6904__S, 73.04, 323.68, 1.76425
FILLER_0_114_141, 73.04, 323.68, 1.76425
ANTENNA__6908__S, 85.84, 323.68, 1.76411
input30, 98.64, 323.68, 1.76398
hold153, 98.64, 323.68, 1.76398
ANTENNA_input30_A, 98.64, 323.68, 1.76398
FILLER_0_114_190, 98.64, 323.68, 1.76398
FILLER_0_114_221, 111.44, 323.68, 1.76384
output41, 137.04, 323.68, 1.76357
FILLER_0_114_277, 137.04, 323.68, 1.76357
output37, 162.64, 323.68, 1.76333
ANTENNA_output37_A, 162.64, 323.68, 1.76333
output39, 201.418, 323.68, 1.76319
FILLER_0_114_417, 201.418, 323.68, 1.76319
FILLER_0_114_469, 227.396, 323.68, 1.76317
FILLER_0_114_501, 240.385, 323.68, 1.76316
FILLER_0_114_505, 240.385, 323.68, 1.76316
output58, 266.363, 323.68, 1.76315
ANTENNA_output58_A, 266.363, 323.68, 1.76315
input27, 305.33, 323.68, 1.76314
FILLER_0_114_641, 305.33, 323.68, 1.76314
PHY_224, 5.52, 318.24, 1.76474
PHY_226, 5.52, 318.24, 1.76474
output56, 5.52, 318.24, 1.76474
PHY_225, 318.32, 318.24, 1.76316
PHY_227, 318.32, 318.24, 1.76316
FILLER_0_112_669, 318.32, 318.24, 1.76316
FILLER_0_113_673, 318.32, 318.24, 1.76316
FILLER_0_114_25, 13.68, 318.24, 1.76475
ANTENNA_input15_A, 34.64, 318.24, 1.76456
FILLER_0_113_51, 34.64, 318.24, 1.76456
_7652_, 47.44, 318.24, 1.76436
FILLER_0_114_97, 47.44, 318.24, 1.76436
_6852_, 60.24, 318.24, 1.76418
_6853_, 60.24, 318.24, 1.76418
_7637_, 60.24, 318.24, 1.76418
_7639_, 60.24, 318.24, 1.76418
hold192, 60.24, 318.24, 1.76418
ANTENNA__6852__A1, 60.24, 318.24, 1.76418
ANTENNA__6848__S, 60.24, 318.24, 1.76418
FILLER_0_113_124, 60.24, 318.24, 1.76418
FILLER_0_114_130, 60.24, 318.24, 1.76418
_6848_, 73.04, 318.24, 1.76401
_7663_, 73.04, 318.24, 1.76401
output59, 73.04, 318.24, 1.76401
hold230, 73.04, 318.24, 1.76401
_6905_, 85.84, 318.24, 1.76388
_6908_, 85.84, 318.24, 1.76388
_6909_, 85.84, 318.24, 1.76388
_7626_, 85.84, 318.24, 1.76388
_7665_, 85.84, 318.24, 1.76388
hold164, 85.84, 318.24, 1.76388
ANTENNA__6904__A1, 85.84, 318.24, 1.76388
ANTENNA__6908__A1, 85.84, 318.24, 1.76388
FILLER_0_112_161, 85.84, 318.24, 1.76388
FILLER_0_113_180, 85.84, 318.24, 1.76388
_6824_, 98.64, 318.24, 1.76377
_6825_, 98.64, 318.24, 1.76377
hold154, 98.64, 318.24, 1.76377
ANTENNA__6824__A1, 98.64, 318.24, 1.76377
ANTENNA__6824__S, 98.64, 318.24, 1.76377
FILLER_0_112_193, 98.64, 318.24, 1.76377
input20, 111.44, 318.24, 1.76368
ANTENNA_input20_A, 111.44, 318.24, 1.76368
FILLER_0_114_244, 111.44, 318.24, 1.76368
FILLER_0_112_248, 124.24, 318.24, 1.76358
_3503_, 137.04, 318.24, 1.76348
ANTENNA__3503__A, 137.04, 318.24, 1.76348
FILLER_0_113_273, 137.04, 318.24, 1.76348
FILLER_0_113_281, 137.04, 318.24, 1.76348
FILLER_0_114_299, 137.04, 318.24, 1.76348
FILLER_0_112_301, 149.84, 318.24, 1.76339
FILLER_0_113_327, 149.84, 318.24, 1.76339
FILLER_0_114_321, 149.84, 318.24, 1.76339
FILLER_0_114_353, 162.64, 318.24, 1.76329
ANTENNA__7389__RESET_B, 188.429, 318.24, 1.76319
FILLER_0_112_389, 188.429, 318.24, 1.76319
FILLER_0_113_385, 188.429, 318.24, 1.76319
FILLER_0_112_421, 201.418, 318.24, 1.76318
FILLER_0_114_439, 201.418, 318.24, 1.76318
output48, 214.407, 318.24, 1.76316
FILLER_0_113_441, 214.407, 318.24, 1.76316
input1, 240.385, 318.24, 1.76316
ANTENNA_input1_A, 240.385, 318.24, 1.76316
FILLER_0_113_497, 240.385, 318.24, 1.76316
FILLER_0_114_524, 240.385, 318.24, 1.76316
FILLER_0_112_525, 253.374, 318.24, 1.76316
FILLER_0_113_553, 266.363, 318.24, 1.76316
FILLER_0_114_579, 266.363, 318.24, 1.76316
input28, 279.352, 318.24, 1.76316
ANTENNA_input28_A, 279.352, 318.24, 1.76316
FILLER_0_113_609, 279.352, 318.24, 1.76316
FILLER_0_114_608, 279.352, 318.24, 1.76316
ANTENNA_input27_A, 305.33, 318.24, 1.76316
FILLER_0_113_665, 305.33, 318.24, 1.76316
PHY_220, 5.52, 312.8, 1.76477
PHY_222, 5.52, 312.8, 1.76477
PHY_221, 318.32, 312.8, 1.76306
PHY_223, 318.32, 312.8, 1.76306
input3, 318.32, 312.8, 1.76306
ANTENNA_input3_A, 318.32, 312.8, 1.76306
FILLER_0_110_669, 318.32, 312.8, 1.76306
FILLER_0_111_51, 34.64, 312.8, 1.76456
FILLER_0_112_77, 34.64, 312.8, 1.76456
_6880_, 47.44, 312.8, 1.76434
_6881_, 47.44, 312.8, 1.76434
hold123, 47.44, 312.8, 1.76434
hold152, 47.44, 312.8, 1.76434
ANTENNA__6876__A1, 47.44, 312.8, 1.76434
FILLER_0_111_81, 47.44, 312.8, 1.76434
_6849_, 60.24, 312.8, 1.76414
_6876_, 60.24, 312.8, 1.76414
_6877_, 60.24, 312.8, 1.76414
_7641_, 60.24, 312.8, 1.76414
_7650_, 60.24, 312.8, 1.76414
hold181, 60.24, 312.8, 1.76414
ANTENNA__6856__A1, 60.24, 312.8, 1.76414
ANTENNA__6856__S, 60.24, 312.8, 1.76414
ANTENNA__6876__S, 60.24, 312.8, 1.76414
FILLER_0_111_122, 60.24, 312.8, 1.76414
_6856_, 73.04, 312.8, 1.76397
_6885_, 73.04, 312.8, 1.76397
_6904_, 73.04, 312.8, 1.76397
_7654_, 73.04, 312.8, 1.76397
ANTENNA__6884__A1, 73.04, 312.8, 1.76397
FILLER_0_110_134, 73.04, 312.8, 1.76397
_6912_, 85.84, 312.8, 1.76382
_6913_, 85.84, 312.8, 1.76382
_7628_, 85.84, 312.8, 1.76382
_7667_, 85.84, 312.8, 1.76382
hold156, 85.84, 312.8, 1.76382
hold194, 85.84, 312.8, 1.76382
ANTENNA__6912__S, 85.84, 312.8, 1.76382
FILLER_0_111_163, 85.84, 312.8, 1.76382
_6821_, 98.64, 312.8, 1.7637
_6829_, 98.64, 312.8, 1.7637
_7624_, 98.64, 312.8, 1.7637
hold183, 98.64, 312.8, 1.7637
ANTENNA__6912__A1, 98.64, 312.8, 1.7637
FILLER_0_110_193, 98.64, 312.8, 1.7637
_6356_, 111.44, 312.8, 1.7636
hold286, 111.44, 312.8, 1.7636
ANTENNA__6356__S, 111.44, 312.8, 1.7636
ANTENNA__6356__A0, 111.44, 312.8, 1.7636
FILLER_0_111_218, 111.44, 312.8, 1.7636
FILLER_0_110_249, 124.24, 312.8, 1.76351
FILLER_0_110_253, 124.24, 312.8, 1.76351
FILLER_0_110_304, 149.84, 312.8, 1.76333
FILLER_0_111_329, 162.64, 312.8, 1.76324
_7389_, 188.429, 312.8, 1.76311
ANTENNA__6184__S, 188.429, 312.8, 1.76311
ANTENNA__5327__S, 188.429, 312.8, 1.76311
ANTENNA__5327__A1, 188.429, 312.8, 1.76311
ANTENNA__7359__RESET_B, 188.429, 312.8, 1.76311
ANTENNA__7390__RESET_B, 188.429, 312.8, 1.76311
FILLER_0_110_391, 188.429, 312.8, 1.76311
FILLER_0_111_389, 188.429, 312.8, 1.76311
FILLER_0_111_405, 188.429, 312.8, 1.76311
_6186_, 201.418, 312.8, 1.76308
_6187_, 201.418, 312.8, 1.76308
hold26, 201.418, 312.8, 1.76308
ANTENNA__6186__S, 201.418, 312.8, 1.76308
ANTENNA__6184__A0, 201.418, 312.8, 1.76308
ANTENNA__6186__A0, 201.418, 312.8, 1.76308
ANTENNA__7395__RESET_B, 201.418, 312.8, 1.76308
FILLER_0_110_421, 201.418, 312.8, 1.76308
FILLER_0_111_438, 201.418, 312.8, 1.76308
hold32, 214.407, 312.8, 1.76307
FILLER_0_110_446, 214.407, 312.8, 1.76307
FILLER_0_112_466, 214.407, 312.8, 1.76307
ANTENNA__7401__RESET_B, 227.396, 312.8, 1.76307
FILLER_0_110_477, 227.396, 312.8, 1.76307
FILLER_0_111_497, 240.385, 312.8, 1.76307
FILLER_0_111_553, 266.363, 312.8, 1.76306
FILLER_0_112_581, 266.363, 312.8, 1.76306
FILLER_0_111_609, 279.352, 312.8, 1.76306
FILLER_0_112_637, 292.341, 312.8, 1.76306
FILLER_0_111_665, 305.33, 312.8, 1.76306
PHY_216, 5.52, 307.36, 1.76473
PHY_218, 5.52, 307.36, 1.76473
input33, 5.52, 307.36, 1.76473
PHY_217, 318.32, 307.36, 1.76236
PHY_219, 318.32, 307.36, 1.76236
FILLER_0_108_669, 318.32, 307.36, 1.76236
FILLER_0_109_673, 318.32, 307.36, 1.76236
_6846_, 34.64, 307.36, 1.76443
_6847_, 34.64, 307.36, 1.76443
_6851_, 34.64, 307.36, 1.76443
_7636_, 34.64, 307.36, 1.76443
_7638_, 34.64, 307.36, 1.76443
ANTENNA__6850__A1, 34.64, 307.36, 1.76443
FILLER_0_108_53, 34.64, 307.36, 1.76443
FILLER_0_110_65, 34.64, 307.36, 1.76443
_6850_, 47.44, 307.36, 1.76416
_6879_, 47.44, 307.36, 1.76416
_6903_, 47.44, 307.36, 1.76416
hold214, 47.44, 307.36, 1.76416
ANTENNA__6880__A1, 47.44, 307.36, 1.76416
ANTENNA__6850__S, 47.44, 307.36, 1.76416
ANTENNA__6880__S, 47.44, 307.36, 1.76416
ANTENNA__6878__S, 47.44, 307.36, 1.76416
ANTENNA_clkbuf_leaf_25_clk_A, 47.44, 307.36, 1.76416
FILLER_0_108_85, 47.44, 307.36, 1.76416
_6819_, 60.24, 307.36, 1.76389
_6857_, 60.24, 307.36, 1.76389
_7623_, 60.24, 307.36, 1.76389
hold165, 60.24, 307.36, 1.76389
hold203, 60.24, 307.36, 1.76389
ANTENNA__6844__S, 60.24, 307.36, 1.76389
ANTENNA__6902__S, 60.24, 307.36, 1.76389
FILLER_0_109_109, 60.24, 307.36, 1.76389
FILLER_0_109_116, 60.24, 307.36, 1.76389
FILLER_0_109_130, 60.24, 307.36, 1.76389
_6845_, 73.04, 307.36, 1.76364
_6873_, 73.04, 307.36, 1.76364
_6884_, 73.04, 307.36, 1.76364
clkbuf_leaf_26_clk, 73.04, 307.36, 1.76364
hold179, 73.04, 307.36, 1.76364
ANTENNA_clkbuf_leaf_26_clk_A, 73.04, 307.36, 1.76364
FILLER_0_108_144, 73.04, 307.36, 1.76364
FILLER_0_110_150, 73.04, 307.36, 1.76364
_6900_, 85.84, 307.36, 1.76346
hold188, 85.84, 307.36, 1.76346
hold237, 85.84, 307.36, 1.76346
ANTENNA__6906__A1, 85.84, 307.36, 1.76346
ANTENNA__6906__S, 85.84, 307.36, 1.76346
FILLER_0_108_163, 85.84, 307.36, 1.76346
FILLER_0_109_187, 85.84, 307.36, 1.76346
FILLER_0_110_183, 85.84, 307.36, 1.76346
_6348_, 98.64, 307.36, 1.7633
_6820_, 98.64, 307.36, 1.7633
_6828_, 98.64, 307.36, 1.7633
clkbuf_leaf_30_clk, 98.64, 307.36, 1.7633
hold273, 98.64, 307.36, 1.7633
ANTENNA__6347__S, 98.64, 307.36, 1.7633
ANTENNA__6820__A1, 98.64, 307.36, 1.7633
ANTENNA__6828__A1, 98.64, 307.36, 1.7633
ANTENNA__6828__S, 98.64, 307.36, 1.7633
ANTENNA__6820__S, 98.64, 307.36, 1.7633
FILLER_0_109_210, 98.64, 307.36, 1.7633
_6357_, 111.44, 307.36, 1.7632
_6363_, 111.44, 307.36, 1.7632
_7418_, 111.44, 307.36, 1.7632
_7422_, 111.44, 307.36, 1.7632
hold250, 111.44, 307.36, 1.7632
ANTENNA_clkbuf_leaf_30_clk_A, 111.44, 307.36, 1.7632
FILLER_0_108_230, 111.44, 307.36, 1.7632
FILLER_0_109_221, 111.44, 307.36, 1.7632
_6350_, 124.24, 307.36, 1.76313
_6351_, 124.24, 307.36, 1.76313
hold242, 124.24, 307.36, 1.76313
ANTENNA__6350__S, 124.24, 307.36, 1.76313
ANTENNA__6350__A0, 124.24, 307.36, 1.76313
ANTENNA__6362__A0, 124.24, 307.36, 1.76313
FILLER_0_108_253, 124.24, 307.36, 1.76313
FILLER_0_109_271, 124.24, 307.36, 1.76313
ANTENNA__4105__S, 149.84, 307.36, 1.76303
FILLER_0_108_303, 149.84, 307.36, 1.76303
_5705_, 162.64, 307.36, 1.76298
_6026_, 162.64, 307.36, 1.76298
_7360_, 162.64, 307.36, 1.76298
ANTENNA__5704__A0, 162.64, 307.36, 1.76298
ANTENNA__7299__RESET_B, 162.64, 307.36, 1.76298
FILLER_0_109_329, 162.64, 307.36, 1.76298
FILLER_0_110_345, 162.64, 307.36, 1.76298
_6184_, 188.429, 307.36, 1.76275
_6185_, 188.429, 307.36, 1.76275
_7390_, 188.429, 307.36, 1.76275
hold24, 188.429, 307.36, 1.76275
ANTENNA__5545__S, 188.429, 307.36, 1.76275
ANTENNA__7240__RESET_B, 188.429, 307.36, 1.76275
_7395_, 201.418, 307.36, 1.76259
hold21, 201.418, 307.36, 1.76259
ANTENNA__7394__RESET_B, 201.418, 307.36, 1.76259
FILLER_0_108_417, 201.418, 307.36, 1.76259
_6195_, 214.407, 307.36, 1.76244
clkbuf_leaf_43_clk, 214.407, 307.36, 1.76244
ANTENNA_clkbuf_leaf_43_clk_A, 214.407, 307.36, 1.76244
FILLER_0_109_443, 214.407, 307.36, 1.76244
FILLER_0_109_460, 214.407, 307.36, 1.76244
FILLER_0_110_457, 214.407, 307.36, 1.76244
_6246_, 227.396, 307.36, 1.76238
_7401_, 227.396, 307.36, 1.76238
_7374_, 240.385, 307.36, 1.76236
ANTENNA__7374__RESET_B, 240.385, 307.36, 1.76236
FILLER_0_108_529, 253.374, 307.36, 1.76236
FILLER_0_109_552, 253.374, 307.36, 1.76236
FILLER_0_110_581, 266.363, 307.36, 1.76236
FILLER_0_109_609, 279.352, 307.36, 1.76236
FILLER_0_110_637, 292.341, 307.36, 1.76236
FILLER_0_109_665, 305.33, 307.36, 1.76236
PHY_212, 5.52, 301.92, 1.76474
PHY_214, 5.52, 301.92, 1.76474
ANTENNA_input33_A, 5.52, 301.92, 1.76474
PHY_213, 318.32, 301.92, 1.76243
PHY_215, 318.32, 301.92, 1.76243
FILLER_0_106_669, 318.32, 301.92, 1.76243
FILLER_0_107_673, 318.32, 301.92, 1.76243
FILLER_0_108_19, 13.68, 301.92, 1.76474
_7649_, 34.64, 301.92, 1.76439
_7651_, 34.64, 301.92, 1.76439
hold129, 34.64, 301.92, 1.76439
ANTENNA__6846__S, 34.64, 301.92, 1.76439
ANTENNA__6874__S, 34.64, 301.92, 1.76439
FILLER_0_106_53, 34.64, 301.92, 1.76439
FILLER_0_107_51, 34.64, 301.92, 1.76439
_6796_, 47.44, 301.92, 1.76407
_6878_, 47.44, 301.92, 1.76407
_7662_, 47.44, 301.92, 1.76407
clkbuf_leaf_25_clk, 47.44, 301.92, 1.76407
_6800_, 60.24, 301.92, 1.76384
_6818_, 60.24, 301.92, 1.76384
_7635_, 60.24, 301.92, 1.76384
hold253, 60.24, 301.92, 1.76384
hold271, 60.24, 301.92, 1.76384
_6844_, 73.04, 301.92, 1.76363
_6872_, 73.04, 301.92, 1.76363
_7648_, 73.04, 301.92, 1.76363
hold238, 73.04, 301.92, 1.76363
ANTENNA__6799__S, 73.04, 301.92, 1.76363
ANTENNA__6872__S, 73.04, 301.92, 1.76363
FILLER_0_106_137, 73.04, 301.92, 1.76363
FILLER_0_107_147, 73.04, 301.92, 1.76363
_6901_, 85.84, 301.92, 1.76345
_6906_, 85.84, 301.92, 1.76345
_7417_, 85.84, 301.92, 1.76345
_7661_, 85.84, 301.92, 1.76345
hold244, 85.84, 301.92, 1.76345
ANTENNA__6900__S, 85.84, 301.92, 1.76345
FILLER_0_106_169, 85.84, 301.92, 1.76345
FILLER_0_107_162, 85.84, 301.92, 1.76345
_6347_, 98.64, 301.92, 1.7633
_6817_, 98.64, 301.92, 1.7633
_7420_, 98.64, 301.92, 1.7633
_7622_, 98.64, 301.92, 1.7633
ANTENNA__6816__S, 98.64, 301.92, 1.7633
FILLER_0_106_191, 98.64, 301.92, 1.7633
_6345_, 111.44, 301.92, 1.76317
_6362_, 111.44, 301.92, 1.76317
_7416_, 111.44, 301.92, 1.76317
hold185, 111.44, 301.92, 1.76317
hold248, 111.44, 301.92, 1.76317
ANTENNA__6362__S, 111.44, 301.92, 1.76317
ANTENNA__6710__A1, 111.44, 301.92, 1.76317
FILLER_0_107_217, 111.44, 301.92, 1.76317
FILLER_0_107_241, 111.44, 301.92, 1.76317
_6353_, 124.24, 301.92, 1.76308
ANTENNA__6353__S, 124.24, 301.92, 1.76308
_4105_, 137.04, 301.92, 1.76299
_7017_, 137.04, 301.92, 1.76299
ANTENNA__7017__RESET_B, 137.04, 301.92, 1.76299
FILLER_0_107_277, 137.04, 301.92, 1.76299
FILLER_0_107_281, 137.04, 301.92, 1.76299
FILLER_0_107_289, 137.04, 301.92, 1.76299
FILLER_0_108_294, 137.04, 301.92, 1.76299
_7150_, 149.84, 301.92, 1.76292
hold1, 149.84, 301.92, 1.76292
hold17, 149.84, 301.92, 1.76292
ANTENNA_clkbuf_leaf_32_clk_A, 149.84, 301.92, 1.76292
ANTENNA__7150__RESET_B, 149.84, 301.92, 1.76292
FILLER_0_106_301, 149.84, 301.92, 1.76292
_4798_, 162.64, 301.92, 1.76288
_5704_, 162.64, 301.92, 1.76288
_6027_, 162.64, 301.92, 1.76288
_7299_, 162.64, 301.92, 1.76288
ANTENNA__5704__S, 162.64, 301.92, 1.76288
ANTENNA__4798__S, 162.64, 301.92, 1.76288
FILLER_0_107_333, 162.64, 301.92, 1.76288
FILLER_0_108_346, 162.64, 301.92, 1.76288
FILLER_0_108_351, 162.64, 301.92, 1.76288
_5547_, 188.429, 301.92, 1.76267
_5548_, 188.429, 301.92, 1.76267
_7394_, 188.429, 301.92, 1.76267
clkbuf_leaf_42_clk, 188.429, 301.92, 1.76267
ANTENNA__3593__A, 188.429, 301.92, 1.76267
ANTENNA__5547__S, 188.429, 301.92, 1.76267
ANTENNA__7239__RESET_B, 188.429, 301.92, 1.76267
FILLER_0_107_387, 188.429, 301.92, 1.76267
_7375_, 201.418, 301.92, 1.76257
_7400_, 201.418, 301.92, 1.76257
ANTENNA_clkbuf_leaf_42_clk_A, 201.418, 301.92, 1.76257
ANTENNA__7400__RESET_B, 201.418, 301.92, 1.76257
FILLER_0_106_417, 201.418, 301.92, 1.76257
FILLER_0_108_429, 201.418, 301.92, 1.76257
_6230_, 214.407, 301.92, 1.7625
_6232_, 214.407, 301.92, 1.7625
_6244_, 214.407, 301.92, 1.7625
_6245_, 214.407, 301.92, 1.7625
ANTENNA__6244__B, 214.407, 301.92, 1.7625
ANTENNA__6230__A2, 214.407, 301.92, 1.7625
FILLER_0_106_441, 214.407, 301.92, 1.7625
FILLER_0_106_449, 214.407, 301.92, 1.7625
FILLER_0_107_444, 214.407, 301.92, 1.7625
FILLER_0_107_449, 214.407, 301.92, 1.7625
FILLER_0_108_456, 214.407, 301.92, 1.7625
_6243_, 227.396, 301.92, 1.76245
_6253_, 227.396, 301.92, 1.76245
_6257_, 227.396, 301.92, 1.76245
_6258_, 227.396, 301.92, 1.76245
hold696, 227.396, 301.92, 1.76245
ANTENNA__6253__A2, 227.396, 301.92, 1.76245
ANTENNA__6257__B, 227.396, 301.92, 1.76245
ANTENNA__6256__A2, 227.396, 301.92, 1.76245
FILLER_0_106_472, 227.396, 301.92, 1.76245
FILLER_0_106_477, 227.396, 301.92, 1.76245
_6254_, 240.385, 301.92, 1.76243
_6255_, 240.385, 301.92, 1.76243
_6256_, 240.385, 301.92, 1.76243
_6259_, 240.385, 301.92, 1.76243
ANTENNA__6255__C, 240.385, 301.92, 1.76243
ANTENNA__7402__RESET_B, 240.385, 301.92, 1.76243
ANTENNA__6076__A2, 253.374, 301.92, 1.76243
ANTENNA__7378__RESET_B, 253.374, 301.92, 1.76243
FILLER_0_106_533, 253.374, 301.92, 1.76243
FILLER_0_107_554, 266.363, 301.92, 1.76243
FILLER_0_108_581, 266.363, 301.92, 1.76243
FILLER_0_107_609, 279.352, 301.92, 1.76243
FILLER_0_108_637, 292.341, 301.92, 1.76243
FILLER_0_107_665, 305.33, 301.92, 1.76243
PHY_208, 5.52, 296.48, 1.76478
PHY_210, 5.52, 296.48, 1.76478
PHY_209, 318.32, 296.48, 1.76098
PHY_211, 318.32, 296.48, 1.76098
input10, 318.32, 296.48, 1.76098
ANTENNA_input10_A, 318.32, 296.48, 1.76098
FILLER_0_105_673, 318.32, 296.48, 1.76098
_6874_, 34.64, 296.48, 1.7644
_6875_, 34.64, 296.48, 1.7644
clkbuf_leaf_24_clk, 34.64, 296.48, 1.7644
hold196, 34.64, 296.48, 1.7644
ANTENNA_clkbuf_leaf_24_clk_A, 34.64, 296.48, 1.7644
FILLER_0_104_53, 34.64, 296.48, 1.7644
FILLER_0_105_51, 34.64, 296.48, 1.7644
FILLER_0_105_57, 34.64, 296.48, 1.7644
FILLER_0_105_63, 34.64, 296.48, 1.7644
_6792_, 47.44, 296.48, 1.76409
_6795_, 47.44, 296.48, 1.76409
_6902_, 47.44, 296.48, 1.76409
_7611_, 47.44, 296.48, 1.76409
_7613_, 47.44, 296.48, 1.76409
ANTENNA__6878__A1, 47.44, 296.48, 1.76409
ANTENNA__6795__A1, 47.44, 296.48, 1.76409
FILLER_0_104_85, 47.44, 296.48, 1.76409
_6735_, 60.24, 296.48, 1.76382
_6799_, 60.24, 296.48, 1.76382
_7584_, 60.24, 296.48, 1.76382
_7615_, 60.24, 296.48, 1.76382
hold260, 60.24, 296.48, 1.76382
_6736_, 73.04, 296.48, 1.76357
_6739_, 73.04, 296.48, 1.76357
_6740_, 73.04, 296.48, 1.76357
_7586_, 73.04, 296.48, 1.76357
hold198, 73.04, 296.48, 1.76357
ANTENNA__6799__A1, 73.04, 296.48, 1.76357
ANTENNA__6884__S, 73.04, 296.48, 1.76357
FILLER_0_106_160, 73.04, 296.48, 1.76357
_6715_, 85.84, 296.48, 1.76334
_6907_, 85.84, 296.48, 1.76334
_7664_, 85.84, 296.48, 1.76334
hold159, 85.84, 296.48, 1.76334
hold221, 85.84, 296.48, 1.76334
FILLER_0_105_162, 85.84, 296.48, 1.76334
FILLER_0_105_172, 85.84, 296.48, 1.76334
FILLER_0_105_188, 85.84, 296.48, 1.76334
_6711_, 98.64, 296.48, 1.76312
_6816_, 98.64, 296.48, 1.76312
_6823_, 98.64, 296.48, 1.76312
clkbuf_leaf_29_clk, 98.64, 296.48, 1.76312
hold197, 98.64, 296.48, 1.76312
hold226, 98.64, 296.48, 1.76312
ANTENNA__6822__S, 98.64, 296.48, 1.76312
FILLER_0_105_199, 98.64, 296.48, 1.76312
FILLER_0_105_215, 98.64, 296.48, 1.76312
_6344_, 111.44, 296.48, 1.76297
_6354_, 111.44, 296.48, 1.76297
_7419_, 111.44, 296.48, 1.76297
hold280, 111.44, 296.48, 1.76297
ANTENNA__6344__S, 111.44, 296.48, 1.76297
ANTENNA__6822__A1, 111.44, 296.48, 1.76297
ANTENNA_clkbuf_leaf_29_clk_A, 111.44, 296.48, 1.76297
FILLER_0_105_239, 111.44, 296.48, 1.76297
_7164_, 124.24, 296.48, 1.76284
hold232, 124.24, 296.48, 1.76284
ANTENNA__4103__S, 124.24, 296.48, 1.76284
ANTENNA__6353__A0, 124.24, 296.48, 1.76284
ANTENNA_clkbuf_leaf_31_clk_A, 124.24, 296.48, 1.76284
ANTENNA__7164__RESET_B, 124.24, 296.48, 1.76284
FILLER_0_104_246, 124.24, 296.48, 1.76284
FILLER_0_105_246, 124.24, 296.48, 1.76284
FILLER_0_105_257, 124.24, 296.48, 1.76284
FILLER_0_106_270, 124.24, 296.48, 1.76284
_4106_, 137.04, 296.48, 1.76274
_7032_, 137.04, 296.48, 1.76274
hold441, 137.04, 296.48, 1.76274
ANTENNA__7032__RESET_B, 137.04, 296.48, 1.76274
ANTENNA__7167__RESET_B, 137.04, 296.48, 1.76274
FILLER_0_104_276, 137.04, 296.48, 1.76274
FILLER_0_105_276, 137.04, 296.48, 1.76274
FILLER_0_105_281, 137.04, 296.48, 1.76274
_4799_, 149.84, 296.48, 1.76266
clkbuf_leaf_32_clk, 149.84, 296.48, 1.76266
hold19, 149.84, 296.48, 1.76266
ANTENNA__7165__RESET_B, 149.84, 296.48, 1.76266
_7149_, 162.64, 296.48, 1.76265
hold720, 162.64, 296.48, 1.76265
hold721, 162.64, 296.48, 1.76265
ANTENNA__7149__RESET_B, 162.64, 296.48, 1.76265
FILLER_0_105_330, 162.64, 296.48, 1.76265
FILLER_0_105_337, 162.64, 296.48, 1.76265
_7270_, 188.429, 296.48, 1.76232
_7285_, 188.429, 296.48, 1.76232
hold25, 188.429, 296.48, 1.76232
hold356, 201.418, 296.48, 1.76201
ANTENNA__6228__B1, 201.418, 296.48, 1.76201
ANTENNA__6228__A1, 201.418, 296.48, 1.76201
ANTENNA__7375__RESET_B, 201.418, 296.48, 1.76201
ANTENNA__7285__RESET_B, 201.418, 296.48, 1.76201
ANTENNA__7270__RESET_B, 201.418, 296.48, 1.76201
ANTENNA__7269__RESET_B, 201.418, 296.48, 1.76201
ANTENNA__7399__RESET_B, 201.418, 296.48, 1.76201
_6217_, 214.407, 296.48, 1.7617
_6229_, 214.407, 296.48, 1.7617
_6231_, 214.407, 296.48, 1.7617
_6233_, 214.407, 296.48, 1.7617
_6234_, 214.407, 296.48, 1.7617
hold364, 214.407, 296.48, 1.7617
ANTENNA__6242__B1, 214.407, 296.48, 1.7617
ANTENNA__6242__A1, 214.407, 296.48, 1.7617
ANTENNA__6231__C, 214.407, 296.48, 1.7617
FILLER_0_105_445, 214.407, 296.48, 1.7617
FILLER_0_105_449, 214.407, 296.48, 1.7617
_6247_, 227.396, 296.48, 1.76143
_6248_, 227.396, 296.48, 1.76143
_6251_, 227.396, 296.48, 1.76143
_6252_, 227.396, 296.48, 1.76143
_6260_, 227.396, 296.48, 1.76143
_6261_, 227.396, 296.48, 1.76143
_6262_, 227.396, 296.48, 1.76143
_6263_, 227.396, 296.48, 1.76143
FILLER_0_104_477, 227.396, 296.48, 1.76143
FILLER_0_105_492, 227.396, 296.48, 1.76143
_6264_, 240.385, 296.48, 1.76124
_6265_, 240.385, 296.48, 1.76124
_6266_, 240.385, 296.48, 1.76124
_7402_, 240.385, 296.48, 1.76124
hold636, 240.385, 296.48, 1.76124
ANTENNA__6275__B1, 240.385, 296.48, 1.76124
ANTENNA__6264__B1, 240.385, 296.48, 1.76124
FILLER_0_104_504, 240.385, 296.48, 1.76124
FILLER_0_104_509, 240.385, 296.48, 1.76124
_6073_, 253.374, 296.48, 1.7611
_6074_, 253.374, 296.48, 1.7611
_6075_, 253.374, 296.48, 1.7611
_6076_, 253.374, 296.48, 1.7611
_6078_, 253.374, 296.48, 1.7611
_7378_, 253.374, 296.48, 1.7611
hold639, 253.374, 296.48, 1.7611
ANTENNA__6075__B1, 253.374, 296.48, 1.7611
FILLER_0_105_525, 253.374, 296.48, 1.7611
_6084_, 266.363, 296.48, 1.76102
_6087_, 266.363, 296.48, 1.76102
clkbuf_leaf_46_clk, 266.363, 296.48, 1.76102
FILLER_0_104_557, 266.363, 296.48, 1.76102
FILLER_0_105_561, 266.363, 296.48, 1.76102
FILLER_0_106_578, 266.363, 296.48, 1.76102
_7379_, 279.352, 296.48, 1.76099
ANTENNA_clkbuf_leaf_46_clk_A, 279.352, 296.48, 1.76099
ANTENNA__7379__RESET_B, 279.352, 296.48, 1.76099
FILLER_0_105_585, 279.352, 296.48, 1.76099
FILLER_0_105_607, 279.352, 296.48, 1.76099
hold669, 292.341, 296.48, 1.76098
FILLER_0_106_637, 292.341, 296.48, 1.76098
FILLER_0_105_665, 305.33, 296.48, 1.76098
PHY_204, 5.52, 291.04, 1.76489
PHY_206, 5.52, 291.04, 1.76489
PHY_205, 318.32, 291.04, 1.76129
PHY_207, 318.32, 291.04, 1.76129
FILLER_0_102_669, 318.32, 291.04, 1.76129
FILLER_0_103_673, 318.32, 291.04, 1.76129
_6790_, 34.64, 291.04, 1.76456
_7610_, 34.64, 291.04, 1.76456
_7612_, 34.64, 291.04, 1.76456
FILLER_0_102_53, 34.64, 291.04, 1.76456
FILLER_0_103_51, 34.64, 291.04, 1.76456
FILLER_0_103_57, 34.64, 291.04, 1.76456
FILLER_0_103_63, 34.64, 291.04, 1.76456
FILLER_0_104_77, 34.64, 291.04, 1.76456
_6791_, 47.44, 291.04, 1.76426
_6793_, 47.44, 291.04, 1.76426
_6794_, 47.44, 291.04, 1.76426
hold163, 47.44, 291.04, 1.76426
hold213, 47.44, 291.04, 1.76426
ANTENNA__6793__A1, 47.44, 291.04, 1.76426
ANTENNA__6795__S, 47.44, 291.04, 1.76426
FILLER_0_102_85, 47.44, 291.04, 1.76426
FILLER_0_104_99, 47.44, 291.04, 1.76426
_7609_, 60.24, 291.04, 1.76398
hold204, 60.24, 291.04, 1.76398
hold207, 60.24, 291.04, 1.76398
ANTENNA__6791__A1, 60.24, 291.04, 1.76398
ANTENNA__6793__S, 60.24, 291.04, 1.76398
ANTENNA__6791__S, 60.24, 291.04, 1.76398
ANTENNA__6818__S, 60.24, 291.04, 1.76398
FILLER_0_103_109, 60.24, 291.04, 1.76398
FILLER_0_103_121, 60.24, 291.04, 1.76398
_6737_, 73.04, 291.04, 1.76373
_6738_, 73.04, 291.04, 1.76373
_6746_, 73.04, 291.04, 1.76373
_7585_, 73.04, 291.04, 1.76373
ANTENNA__6739__A1, 73.04, 291.04, 1.76373
ANTENNA__6745__A1, 73.04, 291.04, 1.76373
ANTENNA__6787__S, 73.04, 291.04, 1.76373
FILLER_0_102_141, 73.04, 291.04, 1.76373
FILLER_0_103_140, 73.04, 291.04, 1.76373
_6707_, 85.84, 291.04, 1.76348
_6714_, 85.84, 291.04, 1.76348
_7570_, 85.84, 291.04, 1.76348
_7574_, 85.84, 291.04, 1.76348
ANTENNA__6737__A1, 85.84, 291.04, 1.76348
FILLER_0_102_168, 85.84, 291.04, 1.76348
FILLER_0_103_188, 85.84, 291.04, 1.76348
_6710_, 98.64, 291.04, 1.76326
_7572_, 98.64, 291.04, 1.76326
_7625_, 98.64, 291.04, 1.76326
ANTENNA__7031__RESET_B, 98.64, 291.04, 1.76326
_4103_, 111.44, 291.04, 1.76305
_4104_, 111.44, 291.04, 1.76305
_7016_, 111.44, 291.04, 1.76305
_7031_, 111.44, 291.04, 1.76305
_7166_, 124.24, 291.04, 1.7629
clkbuf_leaf_31_clk, 124.24, 291.04, 1.7629
hold8, 124.24, 291.04, 1.7629
ANTENNA__7166__RESET_B, 124.24, 291.04, 1.7629
FILLER_0_102_245, 124.24, 291.04, 1.7629
_4843_, 137.04, 291.04, 1.76282
_7167_, 137.04, 291.04, 1.76282
hold275, 137.04, 291.04, 1.76282
ANTENNA__7168__RESET_B, 137.04, 291.04, 1.76282
FILLER_0_103_277, 137.04, 291.04, 1.76282
FILLER_0_104_290, 137.04, 291.04, 1.76282
_4854_, 149.84, 291.04, 1.76277
_7165_, 149.84, 291.04, 1.76277
_7168_, 149.84, 291.04, 1.76277
hold641, 149.84, 291.04, 1.76277
ANTENNA__4843__A1, 149.84, 291.04, 1.76277
FILLER_0_102_302, 149.84, 291.04, 1.76277
_4796_, 162.64, 291.04, 1.76277
_4797_, 162.64, 291.04, 1.76277
_4837_, 162.64, 291.04, 1.76277
FILLER_0_103_330, 162.64, 291.04, 1.76277
_7399_, 188.429, 291.04, 1.76247
load_slew2, 188.429, 291.04, 1.76247
FILLER_0_103_389, 188.429, 291.04, 1.76247
_6204_, 201.418, 291.04, 1.76215
_6221_, 201.418, 291.04, 1.76215
_6222_, 201.418, 291.04, 1.76215
_6223_, 201.418, 291.04, 1.76215
_6224_, 201.418, 291.04, 1.76215
_6225_, 201.418, 291.04, 1.76215
_6228_, 201.418, 291.04, 1.76215
_6239_, 201.418, 291.04, 1.76215
_6219_, 214.407, 291.04, 1.7619
_6235_, 214.407, 291.04, 1.7619
_6237_, 214.407, 291.04, 1.7619
_6238_, 214.407, 291.04, 1.7619
_6241_, 214.407, 291.04, 1.7619
_6242_, 214.407, 291.04, 1.7619
_6278_, 214.407, 291.04, 1.7619
ANTENNA__6220__C, 214.407, 291.04, 1.7619
ANTENNA__6219__A2, 214.407, 291.04, 1.7619
FILLER_0_104_467, 214.407, 291.04, 1.7619
_6249_, 227.396, 291.04, 1.76169
_6250_, 227.396, 291.04, 1.76169
_6276_, 227.396, 291.04, 1.76169
_6277_, 227.396, 291.04, 1.76169
_6279_, 227.396, 291.04, 1.76169
ANTENNA__6252__B1, 227.396, 291.04, 1.76169
FILLER_0_103_495, 227.396, 291.04, 1.76169
FILLER_0_104_490, 227.396, 291.04, 1.76169
_6267_, 240.385, 291.04, 1.76151
_6271_, 240.385, 291.04, 1.76151
_6273_, 240.385, 291.04, 1.76151
_6274_, 240.385, 291.04, 1.76151
_6275_, 240.385, 291.04, 1.76151
_7403_, 240.385, 291.04, 1.76151
hold717, 240.385, 291.04, 1.76151
ANTENNA__6264__A2, 240.385, 291.04, 1.76151
ANTENNA__6275__A1, 240.385, 291.04, 1.76151
FILLER_0_103_517, 240.385, 291.04, 1.76151
FILLER_0_104_522, 240.385, 291.04, 1.76151
_6059_, 253.374, 291.04, 1.76138
_6070_, 253.374, 291.04, 1.76138
_6072_, 253.374, 291.04, 1.76138
_6077_, 253.374, 291.04, 1.76138
FILLER_0_102_533, 253.374, 291.04, 1.76138
FILLER_0_104_543, 253.374, 291.04, 1.76138
_6086_, 266.363, 291.04, 1.76132
_6088_, 266.363, 291.04, 1.76132
_6089_, 266.363, 291.04, 1.76132
_6090_, 266.363, 291.04, 1.76132
_6092_, 266.363, 291.04, 1.76132
FILLER_0_102_566, 266.363, 291.04, 1.76132
FILLER_0_103_557, 266.363, 291.04, 1.76132
_6091_, 279.352, 291.04, 1.76129
_7380_, 279.352, 291.04, 1.76129
ANTENNA__6091__B1, 279.352, 291.04, 1.76129
ANTENNA__6091__A2, 279.352, 291.04, 1.76129
ANTENNA__7380__RESET_B, 279.352, 291.04, 1.76129
FILLER_0_102_583, 279.352, 291.04, 1.76129
FILLER_0_102_589, 279.352, 291.04, 1.76129
FILLER_0_103_613, 292.341, 291.04, 1.76129
FILLER_0_103_665, 305.33, 291.04, 1.76129
PHY_200, 5.52, 285.6, 1.765
PHY_202, 5.52, 285.6, 1.765
PHY_201, 318.32, 285.6, 1.76119
PHY_203, 318.32, 285.6, 1.76119
FILLER_0_100_669, 318.32, 285.6, 1.76119
FILLER_0_101_673, 318.32, 285.6, 1.76119
_6763_, 34.64, 285.6, 1.76471
_6789_, 34.64, 285.6, 1.76471
_7597_, 34.64, 285.6, 1.76471
_7599_, 34.64, 285.6, 1.76471
hold121, 34.64, 285.6, 1.76471
hold141, 34.64, 285.6, 1.76471
ANTENNA__6854__A1, 34.64, 285.6, 1.76471
ANTENNA__6789__S, 34.64, 285.6, 1.76471
FILLER_0_101_51, 34.64, 285.6, 1.76471
FILLER_0_101_57, 34.64, 285.6, 1.76471
_6766_, 47.44, 285.6, 1.76446
_7598_, 47.44, 285.6, 1.76446
ANTENNA__6766__A1, 47.44, 285.6, 1.76446
FILLER_0_102_103, 47.44, 285.6, 1.76446
_6761_, 60.24, 285.6, 1.76423
_6787_, 60.24, 285.6, 1.76423
_6788_, 60.24, 285.6, 1.76423
_7589_, 60.24, 285.6, 1.76423
_7596_, 60.24, 285.6, 1.76423
hold166, 60.24, 285.6, 1.76423
FILLER_0_100_109, 60.24, 285.6, 1.76423
FILLER_0_101_109, 60.24, 285.6, 1.76423
FILLER_0_101_124, 60.24, 285.6, 1.76423
_6734_, 73.04, 285.6, 1.76403
_6745_, 73.04, 285.6, 1.76403
_7583_, 73.04, 285.6, 1.76403
hold222, 73.04, 285.6, 1.76403
hold247, 73.04, 285.6, 1.76403
_6706_, 85.84, 285.6, 1.76384
_6709_, 85.84, 285.6, 1.76384
_6713_, 85.84, 285.6, 1.76384
_6719_, 85.84, 285.6, 1.76384
_7576_, 85.84, 285.6, 1.76384
hold243, 85.84, 285.6, 1.76384
ANTENNA__6714__A1, 85.84, 285.6, 1.76384
FILLER_0_101_172, 85.84, 285.6, 1.76384
FILLER_0_102_180, 85.84, 285.6, 1.76384
_6712_, 98.64, 285.6, 1.76366
_6822_, 98.64, 285.6, 1.76366
_7573_, 98.64, 285.6, 1.76366
hold177, 98.64, 285.6, 1.76366
hold190, 98.64, 285.6, 1.76366
FILLER_0_100_193, 98.64, 285.6, 1.76366
FILLER_0_102_206, 98.64, 285.6, 1.76366
_6343_, 111.44, 285.6, 1.7635
_6994_, 111.44, 285.6, 1.7635
ANTENNA__3966__A2, 111.44, 285.6, 1.7635
ANTENNA__3966__B2, 111.44, 285.6, 1.7635
ANTENNA__6343__A1, 111.44, 285.6, 1.7635
ANTENNA__7016__RESET_B, 111.44, 285.6, 1.7635
FILLER_0_101_229, 111.44, 285.6, 1.7635
_4834_, 124.24, 285.6, 1.76335
_4835_, 124.24, 285.6, 1.76335
hold43, 124.24, 285.6, 1.76335
ANTENNA__3945__S, 124.24, 285.6, 1.76335
ANTENNA__4835__A1, 124.24, 285.6, 1.76335
ANTENNA__6343__B1, 124.24, 285.6, 1.76335
FILLER_0_100_247, 124.24, 285.6, 1.76335
FILLER_0_101_247, 124.24, 285.6, 1.76335
_4839_, 137.04, 285.6, 1.76321
_4840_, 137.04, 285.6, 1.76321
_4841_, 137.04, 285.6, 1.76321
_4842_, 137.04, 285.6, 1.76321
_4844_, 137.04, 285.6, 1.76321
_4845_, 137.04, 285.6, 1.76321
ANTENNA__4843__B1, 137.04, 285.6, 1.76321
FILLER_0_100_281, 137.04, 285.6, 1.76321
FILLER_0_101_287, 137.04, 285.6, 1.76321
_4851_, 149.84, 285.6, 1.76309
_4852_, 149.84, 285.6, 1.76309
_4853_, 149.84, 285.6, 1.76309
_7172_, 149.84, 285.6, 1.76309
ANTENNA__4853__B1, 149.84, 285.6, 1.76309
ANTENNA__4854__A2, 149.84, 285.6, 1.76309
ANTENNA__6352__A1, 149.84, 285.6, 1.76309
ANTENNA__4846__B1_N, 149.84, 285.6, 1.76309
ANTENNA__7172__RESET_B, 149.84, 285.6, 1.76309
FILLER_0_100_309, 149.84, 285.6, 1.76309
_4895_, 162.64, 285.6, 1.76301
_4897_, 162.64, 285.6, 1.76301
_4900_, 162.64, 285.6, 1.76301
_4904_, 162.64, 285.6, 1.76301
_4905_, 162.64, 285.6, 1.76301
_4906_, 162.64, 285.6, 1.76301
hold508, 162.64, 285.6, 1.76301
FILLER_0_101_330, 162.64, 285.6, 1.76301
FILLER_0_101_345, 162.64, 285.6, 1.76301
_4909_, 188.429, 285.6, 1.76263
_7284_, 188.429, 285.6, 1.76263
_7398_, 188.429, 285.6, 1.76263
hold22, 188.429, 285.6, 1.76263
ANTENNA__4909__B, 188.429, 285.6, 1.76263
ANTENNA__7284__RESET_B, 188.429, 285.6, 1.76263
FILLER_0_101_387, 188.429, 285.6, 1.76263
_6205_, 201.418, 285.6, 1.76235
_6215_, 201.418, 285.6, 1.76235
_6216_, 201.418, 285.6, 1.76235
_6218_, 201.418, 285.6, 1.76235
_6220_, 201.418, 285.6, 1.76235
_6226_, 201.418, 285.6, 1.76235
_6227_, 201.418, 285.6, 1.76235
hold589, 201.418, 285.6, 1.76235
ANTENNA__5378__S, 201.418, 285.6, 1.76235
ANTENNA__6204__B_N, 201.418, 285.6, 1.76235
_6236_, 214.407, 285.6, 1.76211
_6240_, 214.407, 285.6, 1.76211
hold708, 214.407, 285.6, 1.76211
ANTENNA__5387__S, 214.407, 285.6, 1.76211
ANTENNA__5465__A, 214.407, 285.6, 1.76211
ANTENNA__7364__RESET_B, 214.407, 285.6, 1.76211
FILLER_0_101_444, 214.407, 285.6, 1.76211
FILLER_0_101_465, 214.407, 285.6, 1.76211
FILLER_0_102_458, 214.407, 285.6, 1.76211
FILLER_0_102_466, 214.407, 285.6, 1.76211
_6272_, 227.396, 285.6, 1.76189
_6280_, 227.396, 285.6, 1.76189
_6287_, 227.396, 285.6, 1.76189
_6288_, 227.396, 285.6, 1.76189
ANTENNA__6288__B1, 227.396, 285.6, 1.76189
ANTENNA__7404__RESET_B, 227.396, 285.6, 1.76189
FILLER_0_101_473, 227.396, 285.6, 1.76189
FILLER_0_101_490, 227.396, 285.6, 1.76189
FILLER_0_102_483, 227.396, 285.6, 1.76189
FILLER_0_102_491, 227.396, 285.6, 1.76189
_6269_, 240.385, 285.6, 1.7617
_6270_, 240.385, 285.6, 1.7617
_7365_, 240.385, 285.6, 1.7617
ANTENNA__6268__B, 240.385, 285.6, 1.7617
ANTENNA__7366__RESET_B, 240.385, 285.6, 1.7617
ANTENNA__7403__RESET_B, 240.385, 285.6, 1.7617
FILLER_0_101_513, 240.385, 285.6, 1.7617
_6058_, 253.374, 285.6, 1.76154
_6069_, 253.374, 285.6, 1.76154
_6071_, 253.374, 285.6, 1.76154
_6085_, 253.374, 285.6, 1.76154
ANTENNA__6069__B, 253.374, 285.6, 1.76154
ANTENNA__7365__RESET_B, 253.374, 285.6, 1.76154
FILLER_0_100_533, 253.374, 285.6, 1.76154
FILLER_0_101_547, 253.374, 285.6, 1.76154
_6079_, 266.363, 285.6, 1.7614
_6080_, 266.363, 285.6, 1.7614
_6081_, 266.363, 285.6, 1.7614
_6082_, 266.363, 285.6, 1.7614
_6083_, 266.363, 285.6, 1.7614
_6098_, 266.363, 285.6, 1.7614
ANTENNA__6081__D, 266.363, 285.6, 1.7614
ANTENNA__6080__A1, 266.363, 285.6, 1.7614
FILLER_0_100_564, 266.363, 285.6, 1.7614
FILLER_0_102_575, 266.363, 285.6, 1.7614
_6099_, 279.352, 285.6, 1.76128
_6101_, 279.352, 285.6, 1.76128
_6104_, 279.352, 285.6, 1.76128
hold686, 279.352, 285.6, 1.76128
ANTENNA__6103__B1, 279.352, 285.6, 1.76128
FILLER_0_101_594, 279.352, 285.6, 1.76128
FILLER_0_101_603, 279.352, 285.6, 1.76128
_3647_, 292.341, 285.6, 1.76119
hold685, 292.341, 285.6, 1.76119
ANTENNA__3647__A, 292.341, 285.6, 1.76119
FILLER_0_101_617, 292.341, 285.6, 1.76119
FILLER_0_102_636, 292.341, 285.6, 1.76119
FILLER_0_100_641, 305.33, 285.6, 1.76119
FILLER_0_101_664, 305.33, 285.6, 1.76119
PHY_196, 5.52, 280.16, 1.76506
PHY_198, 5.52, 280.16, 1.76506
input13, 5.52, 280.16, 1.76506
ANTENNA_input13_A, 5.52, 280.16, 1.76506
PHY_197, 318.32, 280.16, 1.76128
PHY_199, 318.32, 280.16, 1.76128
FILLER_0_99_669, 318.32, 280.16, 1.76128
FILLER_0_99_673, 318.32, 280.16, 1.76128
FILLER_0_100_23, 13.68, 280.16, 1.76507
_6762_, 34.64, 280.16, 1.76474
_6798_, 34.64, 280.16, 1.76474
_6882_, 34.64, 280.16, 1.76474
_7614_, 34.64, 280.16, 1.76474
hold136, 34.64, 280.16, 1.76474
hold149, 34.64, 280.16, 1.76474
ANTENNA__6882__S, 34.64, 280.16, 1.76474
FILLER_0_99_57, 34.64, 280.16, 1.76474
FILLER_0_99_73, 34.64, 280.16, 1.76474
_6764_, 47.44, 280.16, 1.76444
_6765_, 47.44, 280.16, 1.76444
_6767_, 47.44, 280.16, 1.76444
_6769_, 47.44, 280.16, 1.76444
_6770_, 47.44, 280.16, 1.76444
_6771_, 47.44, 280.16, 1.76444
hold171, 47.44, 280.16, 1.76444
hold264, 47.44, 280.16, 1.76444
FILLER_0_99_87, 47.44, 280.16, 1.76444
FILLER_0_100_94, 47.44, 280.16, 1.76444
_6760_, 60.24, 280.16, 1.76417
_7602_, 60.24, 280.16, 1.76417
hold158, 60.24, 280.16, 1.76417
hold199, 60.24, 280.16, 1.76417
ANTENNA__6764__A1, 60.24, 280.16, 1.76417
FILLER_0_99_109, 60.24, 280.16, 1.76417
_6733_, 73.04, 280.16, 1.76393
_6742_, 73.04, 280.16, 1.76393
_6744_, 73.04, 280.16, 1.76393
wire64, 73.04, 280.16, 1.76393
clkbuf_leaf_27_clk, 73.04, 280.16, 1.76393
hold251, 73.04, 280.16, 1.76393
ANTENNA__6743__A1, 73.04, 280.16, 1.76393
FILLER_0_99_159, 73.04, 280.16, 1.76393
_6708_, 85.84, 280.16, 1.76375
_6716_, 85.84, 280.16, 1.76375
_6718_, 85.84, 280.16, 1.76375
_7571_, 85.84, 280.16, 1.76375
ANTENNA__3481__C1, 85.84, 280.16, 1.76375
ANTENNA__6346__A1, 85.84, 280.16, 1.76375
ANTENNA__6741__A1, 85.84, 280.16, 1.76375
ANTENNA__6716__A1, 85.84, 280.16, 1.76375
ANTENNA__6718__A1, 85.84, 280.16, 1.76375
FILLER_0_99_178, 85.84, 280.16, 1.76375
_3480_, 98.64, 280.16, 1.76359
_3481_, 98.64, 280.16, 1.76359
_3966_, 98.64, 280.16, 1.76359
_6346_, 98.64, 280.16, 1.76359
_6995_, 98.64, 280.16, 1.76359
hold85, 98.64, 280.16, 1.76359
ANTENNA__3480__B, 98.64, 280.16, 1.76359
FILLER_0_99_201, 98.64, 280.16, 1.76359
_3964_, 111.44, 280.16, 1.76345
ANTENNA__3479__C1, 111.44, 280.16, 1.76345
ANTENNA__3963__S, 111.44, 280.16, 1.76345
ANTENNA__3964__B2, 111.44, 280.16, 1.76345
ANTENNA__6994__RESET_B, 111.44, 280.16, 1.76345
FILLER_0_99_229, 111.44, 280.16, 1.76345
_3945_, 124.24, 280.16, 1.7633
_3963_, 124.24, 280.16, 1.7633
_3965_, 124.24, 280.16, 1.7633
_4832_, 124.24, 280.16, 1.7633
_4833_, 124.24, 280.16, 1.7633
ANTENNA__3965__S, 124.24, 280.16, 1.7633
ANTENNA__4835__B1, 124.24, 280.16, 1.7633
ANTENNA__3965__A0, 124.24, 280.16, 1.7633
FILLER_0_98_253, 124.24, 280.16, 1.7633
FILLER_0_99_263, 124.24, 280.16, 1.7633
FILLER_0_99_269, 124.24, 280.16, 1.7633
_3948_, 137.04, 280.16, 1.76318
_4836_, 137.04, 280.16, 1.76318
_4838_, 137.04, 280.16, 1.76318
_4846_, 137.04, 280.16, 1.76318
hold41, 137.04, 280.16, 1.76318
ANTENNA__3483__C1, 137.04, 280.16, 1.76318
ANTENNA__3948__S, 137.04, 280.16, 1.76318
ANTENNA__4838__B, 137.04, 280.16, 1.76318
ANTENNA__3967__A0, 137.04, 280.16, 1.76318
FILLER_0_99_274, 137.04, 280.16, 1.76318
FILLER_0_99_285, 137.04, 280.16, 1.76318
FILLER_0_99_297, 137.04, 280.16, 1.76318
_4140_, 149.84, 280.16, 1.76308
_4855_, 149.84, 280.16, 1.76308
_4856_, 149.84, 280.16, 1.76308
_4896_, 149.84, 280.16, 1.76308
_6352_, 149.84, 280.16, 1.76308
ANTENNA__4847__B, 149.84, 280.16, 1.76308
ANTENNA__6352__B1, 149.84, 280.16, 1.76308
FILLER_0_98_304, 149.84, 280.16, 1.76308
FILLER_0_99_311, 149.84, 280.16, 1.76308
_4894_, 162.64, 280.16, 1.76305
_4898_, 162.64, 280.16, 1.76305
_4907_, 162.64, 280.16, 1.76305
ANTENNA__4896__A2, 162.64, 280.16, 1.76305
ANTENNA__4895__C, 162.64, 280.16, 1.76305
FILLER_0_100_353, 162.64, 280.16, 1.76305
_5369_, 188.429, 280.16, 1.76268
ANTENNA__5369__S, 188.429, 280.16, 1.76268
ANTENNA__7171__RESET_B, 188.429, 280.16, 1.76268
ANTENNA__7398__RESET_B, 188.429, 280.16, 1.76268
FILLER_0_99_386, 188.429, 280.16, 1.76268
FILLER_0_99_397, 188.429, 280.16, 1.76268
_5378_, 201.418, 280.16, 1.76232
_6212_, 201.418, 280.16, 1.76232
_7364_, 201.418, 280.16, 1.76232
ANTENNA__6212__A2, 201.418, 280.16, 1.76232
ANTENNA__6212__B1, 201.418, 280.16, 1.76232
ANTENNA__6215__C, 201.418, 280.16, 1.76232
FILLER_0_98_413, 201.418, 280.16, 1.76232
FILLER_0_98_421, 201.418, 280.16, 1.76232
FILLER_0_99_414, 201.418, 280.16, 1.76232
FILLER_0_99_437, 201.418, 280.16, 1.76232
_5387_, 214.407, 280.16, 1.76201
_5465_, 214.407, 280.16, 1.76201
_6033_, 214.407, 280.16, 1.76201
_6035_, 214.407, 280.16, 1.76201
_7404_, 214.407, 280.16, 1.76201
hold704, 214.407, 280.16, 1.76201
ANTENNA__6035__A2, 214.407, 280.16, 1.76201
ANTENNA_load_slew1_A, 214.407, 280.16, 1.76201
_5396_, 227.396, 280.16, 1.76181
_6285_, 227.396, 280.16, 1.76181
_6286_, 227.396, 280.16, 1.76181
hold633, 227.396, 280.16, 1.76181
ANTENNA__6289__B2, 227.396, 280.16, 1.76181
ANTENNA_clkbuf_leaf_44_clk_A, 227.396, 280.16, 1.76181
FILLER_0_100_494, 227.396, 280.16, 1.76181
_6037_, 240.385, 280.16, 1.76164
_6268_, 240.385, 280.16, 1.76164
_6283_, 240.385, 280.16, 1.76164
_6284_, 240.385, 280.16, 1.76164
_7366_, 240.385, 280.16, 1.76164
hold575, 240.385, 280.16, 1.76164
ANTENNA__5396__S, 240.385, 280.16, 1.76164
ANTENNA__6057__B1, 240.385, 280.16, 1.76164
ANTENNA__6282__B, 240.385, 280.16, 1.76164
ANTENNA__6269__B, 240.385, 280.16, 1.76164
FILLER_0_100_515, 240.385, 280.16, 1.76164
_6032_, 253.374, 280.16, 1.76151
_6034_, 253.374, 280.16, 1.76151
_6061_, 253.374, 280.16, 1.76151
_6068_, 253.374, 280.16, 1.76151
ANTENNA__6034__S, 253.374, 280.16, 1.76151
ANTENNA__6032__S, 253.374, 280.16, 1.76151
ANTENNA__6037__B1, 253.374, 280.16, 1.76151
ANTENNA__6039__A2, 253.374, 280.16, 1.76151
ANTENNA__6037__A2, 253.374, 280.16, 1.76151
ANTENNA__6068__B1_N, 253.374, 280.16, 1.76151
_6093_, 266.363, 280.16, 1.76141
_6094_, 266.363, 280.16, 1.76141
_6095_, 266.363, 280.16, 1.76141
_6096_, 266.363, 280.16, 1.76141
_6097_, 266.363, 280.16, 1.76141
_6109_, 266.363, 280.16, 1.76141
ANTENNA__6094__A1, 266.363, 280.16, 1.76141
FILLER_0_98_564, 266.363, 280.16, 1.76141
FILLER_0_99_557, 266.363, 280.16, 1.76141
FILLER_0_100_569, 266.363, 280.16, 1.76141
_6100_, 279.352, 280.16, 1.76133
_6102_, 279.352, 280.16, 1.76133
_6103_, 279.352, 280.16, 1.76133
_6115_, 279.352, 280.16, 1.76133
ANTENNA__6115__A2, 279.352, 280.16, 1.76133
ANTENNA__6104__B2, 279.352, 280.16, 1.76133
ANTENNA__6114__B1, 279.352, 280.16, 1.76133
FILLER_0_98_583, 279.352, 280.16, 1.76133
FILLER_0_98_589, 279.352, 280.16, 1.76133
FILLER_0_99_586, 279.352, 280.16, 1.76133
FILLER_0_99_595, 279.352, 280.16, 1.76133
FILLER_0_99_601, 279.352, 280.16, 1.76133
FILLER_0_100_609, 279.352, 280.16, 1.76133
_6136_, 292.341, 280.16, 1.76129
_7381_, 292.341, 280.16, 1.76129
_7384_, 292.341, 280.16, 1.76129
ANTENNA__7381__RESET_B, 292.341, 280.16, 1.76129
FILLER_0_98_620, 292.341, 280.16, 1.76129
FILLER_0_99_613, 292.341, 280.16, 1.76129
FILLER_0_100_633, 292.341, 280.16, 1.76129
hold654, 305.33, 280.16, 1.76128
FILLER_0_99_661, 305.33, 280.16, 1.76128
PHY_192, 5.52, 274.72, 1.76523
PHY_194, 5.52, 274.72, 1.76523
PHY_193, 318.32, 274.72, 1.76138
PHY_195, 318.32, 274.72, 1.76138
FILLER_0_96_666, 318.32, 274.72, 1.76138
FILLER_0_96_674, 318.32, 274.72, 1.76138
FILLER_0_97_668, 318.32, 274.72, 1.76138
FILLER_0_97_673, 318.32, 274.72, 1.76138
_6797_, 34.64, 274.72, 1.76494
wire62, 34.64, 274.72, 1.76494
hold130, 34.64, 274.72, 1.76494
ANTENNA__6882__A1, 34.64, 274.72, 1.76494
FILLER_0_96_54, 34.64, 274.72, 1.76494
_6768_, 47.44, 274.72, 1.76466
_7600_, 47.44, 274.72, 1.76466
_7601_, 47.44, 274.72, 1.76466
ANTENNA__6768__A1, 47.44, 274.72, 1.76466
ANTENNA__6797__A1, 47.44, 274.72, 1.76466
ANTENNA__6797__S, 47.44, 274.72, 1.76466
FILLER_0_96_89, 47.44, 274.72, 1.76466
FILLER_0_97_96, 47.44, 274.72, 1.76466
_6743_, 60.24, 274.72, 1.76442
_6772_, 60.24, 274.72, 1.76442
_6773_, 60.24, 274.72, 1.76442
_7588_, 60.24, 274.72, 1.76442
hold394, 60.24, 274.72, 1.76442
ANTENNA__6806__S, 60.24, 274.72, 1.76442
_6697_, 73.04, 274.72, 1.76419
_7587_, 73.04, 274.72, 1.76419
max_cap66, 73.04, 274.72, 1.76419
hold375, 73.04, 274.72, 1.76419
_3946_, 85.84, 274.72, 1.76397
_4212_, 85.84, 274.72, 1.76397
_6717_, 85.84, 274.72, 1.76397
_7575_, 85.84, 274.72, 1.76397
hold216, 85.84, 274.72, 1.76397
ANTENNA__6328__A1, 85.84, 274.72, 1.76397
ANTENNA__3946__A0, 85.84, 274.72, 1.76397
_4213_, 98.64, 274.72, 1.76377
_7039_, 98.64, 274.72, 1.76377
ANTENNA__3481__A2, 98.64, 274.72, 1.76377
ANTENNA__4212__A, 98.64, 274.72, 1.76377
ANTENNA__6712__A1, 98.64, 274.72, 1.76377
ANTENNA_load_slew6_A, 98.64, 274.72, 1.76377
ANTENNA__6995__RESET_B, 98.64, 274.72, 1.76377
ANTENNA__7039__RESET_B, 98.64, 274.72, 1.76377
ANTENNA__7040__RESET_B, 98.64, 274.72, 1.76377
FILLER_0_97_197, 98.64, 274.72, 1.76377
FILLER_0_97_215, 98.64, 274.72, 1.76377
_3477_, 111.44, 274.72, 1.76361
_3479_, 111.44, 274.72, 1.76361
_4200_, 111.44, 274.72, 1.76361
_4201_, 111.44, 274.72, 1.76361
_4202_, 111.44, 274.72, 1.76361
hold322, 111.44, 274.72, 1.76361
ANTENNA__3479__A2, 111.44, 274.72, 1.76361
ANTENNA__4211__B1, 111.44, 274.72, 1.76361
ANTENNA__4211__A1, 111.44, 274.72, 1.76361
ANTENNA__4201__A1, 111.44, 274.72, 1.76361
ANTENNA__3963__A0, 111.44, 274.72, 1.76361
FILLER_0_97_233, 111.44, 274.72, 1.76361
_6996_, 124.24, 274.72, 1.76347
_7041_, 124.24, 274.72, 1.76347
ANTENNA__3477__B, 124.24, 274.72, 1.76347
ANTENNA__3964__A2, 124.24, 274.72, 1.76347
ANTENNA__3949__A0, 124.24, 274.72, 1.76347
ANTENNA__6996__RESET_B, 124.24, 274.72, 1.76347
ANTENNA__7041__RESET_B, 124.24, 274.72, 1.76347
FILLER_0_96_247, 124.24, 274.72, 1.76347
FILLER_0_98_267, 124.24, 274.72, 1.76347
_3483_, 137.04, 274.72, 1.76335
_3967_, 137.04, 274.72, 1.76335
_3968_, 137.04, 274.72, 1.76335
_4847_, 137.04, 274.72, 1.76335
ANTENNA__3951__S, 137.04, 274.72, 1.76335
ANTENNA__3968__A2, 137.04, 274.72, 1.76335
ANTENNA__3968__B2, 137.04, 274.72, 1.76335
FILLER_0_96_274, 137.04, 274.72, 1.76335
FILLER_0_97_288, 137.04, 274.72, 1.76335
FILLER_0_98_299, 137.04, 274.72, 1.76335
_3960_, 149.84, 274.72, 1.76325
_4848_, 149.84, 274.72, 1.76325
_4849_, 149.84, 274.72, 1.76325
_4850_, 149.84, 274.72, 1.76325
_4863_, 149.84, 274.72, 1.76325
_4864_, 149.84, 274.72, 1.76325
ANTENNA__3960__S, 149.84, 274.72, 1.76325
FILLER_0_97_319, 149.84, 274.72, 1.76325
FILLER_0_98_327, 149.84, 274.72, 1.76325
_4884_, 162.64, 274.72, 1.76319
_4885_, 162.64, 274.72, 1.76319
_4886_, 162.64, 274.72, 1.76319
_4899_, 162.64, 274.72, 1.76319
_4902_, 162.64, 274.72, 1.76319
FILLER_0_96_333, 162.64, 274.72, 1.76319
FILLER_0_97_350, 162.64, 274.72, 1.76319
_4936_, 188.429, 274.72, 1.7628
_6209_, 188.429, 274.72, 1.7628
_6203_, 201.418, 274.72, 1.76247
_6206_, 201.418, 274.72, 1.76247
_6211_, 201.418, 274.72, 1.76247
_6214_, 201.418, 274.72, 1.76247
hold499, 201.418, 274.72, 1.76247
ANTENNA__6035__B1, 201.418, 274.72, 1.76247
ANTENNA__6033__B1, 201.418, 274.72, 1.76247
ANTENNA__6033__A2, 201.418, 274.72, 1.76247
FILLER_0_96_414, 201.418, 274.72, 1.76247
_7363_, 214.407, 274.72, 1.76218
load_slew1, 214.407, 274.72, 1.76218
ANTENNA__6031__B1, 214.407, 274.72, 1.76218
ANTENNA__6202__A1, 214.407, 274.72, 1.76218
ANTENNA__7363__RESET_B, 214.407, 274.72, 1.76218
ANTENNA__7362__RESET_B, 214.407, 274.72, 1.76218
ANTENNA__7361__RESET_B, 214.407, 274.72, 1.76218
FILLER_0_96_445, 214.407, 274.72, 1.76218
FILLER_0_97_442, 214.407, 274.72, 1.76218
_6281_, 227.396, 274.72, 1.76192
_6282_, 227.396, 274.72, 1.76192
_6289_, 227.396, 274.72, 1.76192
_6296_, 227.396, 274.72, 1.76192
clkbuf_leaf_44_clk, 227.396, 274.72, 1.76192
ANTENNA__6296__A1, 227.396, 274.72, 1.76192
_6039_, 240.385, 274.72, 1.76174
_6291_, 240.385, 274.72, 1.76174
_6292_, 240.385, 274.72, 1.76174
hold512, 240.385, 274.72, 1.76174
ANTENNA__6292__C, 240.385, 274.72, 1.76174
ANTENNA__6291__B, 240.385, 274.72, 1.76174
ANTENNA__6281__B, 240.385, 274.72, 1.76174
FILLER_0_97_501, 240.385, 274.72, 1.76174
_6036_, 253.374, 274.72, 1.76158
_6056_, 253.374, 274.72, 1.76158
_6060_, 253.374, 274.72, 1.76158
_6066_, 253.374, 274.72, 1.76158
_6067_, 253.374, 274.72, 1.76158
clkbuf_leaf_45_clk, 253.374, 274.72, 1.76158
ANTENNA__6039__B1, 253.374, 274.72, 1.76158
ANTENNA__6065__A1, 253.374, 274.72, 1.76158
ANTENNA__6057__A1, 253.374, 274.72, 1.76158
ANTENNA__6060__B, 253.374, 274.72, 1.76158
_6038_, 266.363, 274.72, 1.76148
_6064_, 266.363, 274.72, 1.76148
_6107_, 266.363, 274.72, 1.76148
_6116_, 266.363, 274.72, 1.76148
ANTENNA__6038__S, 266.363, 274.72, 1.76148
ANTENNA__6036__S, 266.363, 274.72, 1.76148
ANTENNA__6095__B, 266.363, 274.72, 1.76148
ANTENNA_clkbuf_leaf_45_clk_A, 266.363, 274.72, 1.76148
FILLER_0_96_560, 266.363, 274.72, 1.76148
FILLER_0_97_555, 266.363, 274.72, 1.76148
FILLER_0_97_575, 266.363, 274.72, 1.76148
_6110_, 279.352, 274.72, 1.76141
_6111_, 279.352, 274.72, 1.76141
_6112_, 279.352, 274.72, 1.76141
_6113_, 279.352, 274.72, 1.76141
_6114_, 279.352, 274.72, 1.76141
_6125_, 279.352, 274.72, 1.76141
_6126_, 279.352, 274.72, 1.76141
_6138_, 279.352, 274.72, 1.76141
FILLER_0_96_583, 279.352, 274.72, 1.76141
FILLER_0_97_607, 279.352, 274.72, 1.76141
_6147_, 292.341, 274.72, 1.76138
_6149_, 292.341, 274.72, 1.76138
_6150_, 292.341, 274.72, 1.76138
ANTENNA__6150__B2, 292.341, 274.72, 1.76138
ANTENNA__7384__RESET_B, 292.341, 274.72, 1.76138
FILLER_0_96_613, 292.341, 274.72, 1.76138
FILLER_0_97_617, 292.341, 274.72, 1.76138
_6143_, 305.33, 274.72, 1.76138
ANTENNA__6144__A1, 305.33, 274.72, 1.76138
ANTENNA__6149__A, 305.33, 274.72, 1.76138
PHY_188, 5.52, 269.28, 1.7653
PHY_190, 5.52, 269.28, 1.7653
PHY_189, 318.32, 269.28, 1.76152
PHY_191, 318.32, 269.28, 1.76152
output60, 318.32, 269.28, 1.76152
FILLER_0_95_673, 318.32, 269.28, 1.76152
_7643_, 13.68, 269.28, 1.7653
FILLER_0_94_15, 13.68, 269.28, 1.7653
_6750_, 34.64, 269.28, 1.76496
_6751_, 34.64, 269.28, 1.76496
_6778_, 34.64, 269.28, 1.76496
_7591_, 34.64, 269.28, 1.76496
_7604_, 34.64, 269.28, 1.76496
hold361, 34.64, 269.28, 1.76496
ANTENNA__6834__S, 34.64, 269.28, 1.76496
FILLER_0_96_75, 34.64, 269.28, 1.76496
_6806_, 47.44, 269.28, 1.76466
_6807_, 47.44, 269.28, 1.76466
_6891_, 47.44, 269.28, 1.76466
_7617_, 47.44, 269.28, 1.76466
_7656_, 47.44, 269.28, 1.76466
hold454, 47.44, 269.28, 1.76466
ANTENNA__6770__A1, 47.44, 269.28, 1.76466
FILLER_0_94_78, 47.44, 269.28, 1.76466
_6703_, 60.24, 269.28, 1.76439
_6723_, 60.24, 269.28, 1.76439
_6724_, 60.24, 269.28, 1.76439
_7578_, 60.24, 269.28, 1.76439
hold459, 60.24, 269.28, 1.76439
ANTENNA__6772__A1, 60.24, 269.28, 1.76439
ANTENNA_clkbuf_leaf_27_clk_A, 60.24, 269.28, 1.76439
ANTENNA_clkbuf_leaf_22_clk_A, 60.24, 269.28, 1.76439
FILLER_0_96_119, 60.24, 269.28, 1.76439
_6696_, 73.04, 269.28, 1.76413
_6741_, 73.04, 269.28, 1.76413
_7565_, 73.04, 269.28, 1.76413
hold285, 73.04, 269.28, 1.76413
hold430, 73.04, 269.28, 1.76413
_4216_, 85.84, 269.28, 1.76388
_6328_, 85.84, 269.28, 1.76388
_6330_, 85.84, 269.28, 1.76388
_7040_, 85.84, 269.28, 1.76388
ANTENNA__3946__S, 85.84, 269.28, 1.76388
ANTENNA__4216__B1, 85.84, 269.28, 1.76388
ANTENNA__4216__A1, 85.84, 269.28, 1.76388
ANTENNA_fanout76_A, 85.84, 269.28, 1.76388
FILLER_0_95_172, 85.84, 269.28, 1.76388
_4210_, 98.64, 269.28, 1.76369
_4211_, 98.64, 269.28, 1.76369
_4214_, 98.64, 269.28, 1.76369
_4215_, 98.64, 269.28, 1.76369
_4220_, 98.64, 269.28, 1.76369
_4221_, 98.64, 269.28, 1.76369
_4222_, 98.64, 269.28, 1.76369
load_slew6, 98.64, 269.28, 1.76369
FILLER_0_96_206, 98.64, 269.28, 1.76369
FILLER_0_96_215, 98.64, 269.28, 1.76369
_3949_, 111.44, 269.28, 1.76354
_3961_, 111.44, 269.28, 1.76354
_4199_, 111.44, 269.28, 1.76354
_4203_, 111.44, 269.28, 1.76354
_4204_, 111.44, 269.28, 1.76354
_4205_, 111.44, 269.28, 1.76354
_6993_, 111.44, 269.28, 1.76354
ANTENNA__4200__A, 111.44, 269.28, 1.76354
FILLER_0_94_219, 111.44, 269.28, 1.76354
FILLER_0_95_230, 111.44, 269.28, 1.76354
_4230_, 124.24, 269.28, 1.76345
ANTENNA__3483__A2, 124.24, 269.28, 1.76345
ANTENNA__3961__S, 124.24, 269.28, 1.76345
ANTENNA__3949__S, 124.24, 269.28, 1.76345
ANTENNA__3962__A2, 124.24, 269.28, 1.76345
ANTENNA__6349__A1, 124.24, 269.28, 1.76345
ANTENNA__4230__A, 124.24, 269.28, 1.76345
FILLER_0_95_254, 124.24, 269.28, 1.76345
FILLER_0_95_261, 124.24, 269.28, 1.76345
_3482_, 137.04, 269.28, 1.76336
_3951_, 137.04, 269.28, 1.76336
_4224_, 137.04, 269.28, 1.76336
_4225_, 137.04, 269.28, 1.76336
_6349_, 137.04, 269.28, 1.76336
ANTENNA__3482__B, 137.04, 269.28, 1.76336
ANTENNA__3967__S, 137.04, 269.28, 1.76336
ANTENNA__4224__A, 137.04, 269.28, 1.76336
ANTENNA__6349__B1, 137.04, 269.28, 1.76336
_4866_, 149.84, 269.28, 1.7633
hold33, 149.84, 269.28, 1.7633
FILLER_0_94_301, 149.84, 269.28, 1.7633
FILLER_0_95_312, 149.84, 269.28, 1.7633
_4883_, 162.64, 269.28, 1.76326
_4888_, 162.64, 269.28, 1.76326
_4889_, 162.64, 269.28, 1.76326
_4890_, 162.64, 269.28, 1.76326
_4901_, 162.64, 269.28, 1.76326
ANTENNA__4883__B, 162.64, 269.28, 1.76326
FILLER_0_95_337, 162.64, 269.28, 1.76326
FILLER_0_96_345, 162.64, 269.28, 1.76326
_4920_, 188.429, 269.28, 1.76291
_4923_, 188.429, 269.28, 1.76291
_4926_, 188.429, 269.28, 1.76291
_6213_, 188.429, 269.28, 1.76291
_7397_, 188.429, 269.28, 1.76291
hold31, 188.429, 269.28, 1.76291
hold701, 188.429, 269.28, 1.76291
ANTENNA__7174__RESET_B, 188.429, 269.28, 1.76291
ANTENNA__7397__RESET_B, 188.429, 269.28, 1.76291
_6202_, 201.418, 269.28, 1.76262
_6207_, 201.418, 269.28, 1.76262
_6208_, 201.418, 269.28, 1.76262
_6210_, 201.418, 269.28, 1.76262
ANTENNA__6031__A2, 201.418, 269.28, 1.76262
ANTENNA__6208__B1, 201.418, 269.28, 1.76262
ANTENNA__6197__C, 201.418, 269.28, 1.76262
ANTENNA__6196__A2, 201.418, 269.28, 1.76262
ANTENNA_hold31_A, 201.418, 269.28, 1.76262
FILLER_0_96_435, 201.418, 269.28, 1.76262
_6031_, 214.407, 269.28, 1.76235
_7362_, 214.407, 269.28, 1.76235
_7405_, 214.407, 269.28, 1.76235
hold706, 214.407, 269.28, 1.76235
ANTENNA__6202__B1, 214.407, 269.28, 1.76235
FILLER_0_94_440, 214.407, 269.28, 1.76235
FILLER_0_95_445, 214.407, 269.28, 1.76235
_6293_, 227.396, 269.28, 1.76213
_6294_, 227.396, 269.28, 1.76213
_6295_, 227.396, 269.28, 1.76213
_6298_, 227.396, 269.28, 1.76213
hold603, 227.396, 269.28, 1.76213
ANTENNA__6029__A2, 227.396, 269.28, 1.76213
ANTENNA__6305__A1, 227.396, 269.28, 1.76213
ANTENNA__7405__RESET_B, 227.396, 269.28, 1.76213
FILLER_0_94_473, 227.396, 269.28, 1.76213
FILLER_0_95_478, 227.396, 269.28, 1.76213
_6057_, 240.385, 269.28, 1.76195
_7376_, 240.385, 269.28, 1.76195
hold298, 240.385, 269.28, 1.76195
ANTENNA__6297__B1, 240.385, 269.28, 1.76195
ANTENNA__7376__RESET_B, 240.385, 269.28, 1.76195
FILLER_0_94_509, 240.385, 269.28, 1.76195
FILLER_0_95_501, 240.385, 269.28, 1.76195
FILLER_0_96_512, 240.385, 269.28, 1.76195
_6030_, 253.374, 269.28, 1.7618
_6054_, 253.374, 269.28, 1.7618
_6055_, 253.374, 269.28, 1.7618
_6062_, 253.374, 269.28, 1.7618
_6065_, 253.374, 269.28, 1.7618
ANTENNA__7377__RESET_B, 253.374, 269.28, 1.7618
_6063_, 266.363, 269.28, 1.76169
_6105_, 266.363, 269.28, 1.76169
_6106_, 266.363, 269.28, 1.76169
_6108_, 266.363, 269.28, 1.76169
_6117_, 266.363, 269.28, 1.76169
hold413, 266.363, 269.28, 1.76169
ANTENNA__6105__B, 266.363, 269.28, 1.76169
FILLER_0_94_562, 266.363, 269.28, 1.76169
_6124_, 279.352, 269.28, 1.7616
_6128_, 279.352, 269.28, 1.7616
_6131_, 279.352, 269.28, 1.7616
_6137_, 279.352, 269.28, 1.7616
ANTENNA__6131__A, 279.352, 269.28, 1.7616
FILLER_0_95_593, 279.352, 269.28, 1.7616
_6141_, 292.341, 269.28, 1.76155
_6146_, 292.341, 269.28, 1.76155
_6148_, 292.341, 269.28, 1.76155
_6155_, 292.341, 269.28, 1.76155
_6161_, 292.341, 269.28, 1.76155
ANTENNA__6157__A1, 292.341, 269.28, 1.76155
ANTENNA__6143__A, 292.341, 269.28, 1.76155
FILLER_0_94_616, 292.341, 269.28, 1.76155
FILLER_0_95_613, 292.341, 269.28, 1.76155
FILLER_0_95_621, 292.341, 269.28, 1.76155
FILLER_0_96_628, 292.341, 269.28, 1.76155
_6142_, 305.33, 269.28, 1.76153
_6144_, 305.33, 269.28, 1.76153
_6158_, 305.33, 269.28, 1.76153
_6160_, 305.33, 269.28, 1.76153
ANTENNA__6158__C1, 305.33, 269.28, 1.76153
ANTENNA__6145__C, 305.33, 269.28, 1.76153
ANTENNA__6142__A, 305.33, 269.28, 1.76153
ANTENNA_output60_A, 305.33, 269.28, 1.76153
FILLER_0_95_656, 305.33, 269.28, 1.76153
PHY_184, 5.52, 263.84, 1.76543
PHY_186, 5.52, 263.84, 1.76543
PHY_185, 318.32, 263.84, 1.76118
PHY_187, 318.32, 263.84, 1.76118
ANTENNA__6170__B1, 318.32, 263.84, 1.76118
ANTENNA__6170__A1, 318.32, 263.84, 1.76118
FILLER_0_93_669, 318.32, 263.84, 1.76118
FILLER_0_93_673, 318.32, 263.84, 1.76118
_6863_, 13.68, 263.84, 1.76543
_7646_, 13.68, 263.84, 1.76543
hold374, 13.68, 263.84, 1.76543
ANTENNA__6862__S, 13.68, 263.84, 1.76543
FILLER_0_93_15, 13.68, 263.84, 1.76543
_5357_, 34.64, 263.84, 1.76511
_6777_, 34.64, 263.84, 1.76511
hold382, 34.64, 263.84, 1.76511
hold448, 34.64, 263.84, 1.76511
ANTENNA_clkbuf_leaf_23_clk_A, 34.64, 263.84, 1.76511
FILLER_0_93_53, 34.64, 263.84, 1.76511
FILLER_0_93_57, 34.64, 263.84, 1.76511
FILLER_0_93_73, 34.64, 263.84, 1.76511
_5355_, 47.44, 263.84, 1.7648
_6784_, 47.44, 263.84, 1.7648
_6890_, 47.44, 263.84, 1.7648
hold411, 47.44, 263.84, 1.7648
hold486, 47.44, 263.84, 1.7648
ANTENNA__6777__S, 47.44, 263.84, 1.7648
ANTENNA__6890__S, 47.44, 263.84, 1.7648
FILLER_0_92_85, 47.44, 263.84, 1.7648
FILLER_0_93_80, 47.44, 263.84, 1.7648
_5358_, 60.24, 263.84, 1.76452
_5385_, 60.24, 263.84, 1.76452
_6702_, 60.24, 263.84, 1.76452
_7568_, 60.24, 263.84, 1.76452
hold480, 60.24, 263.84, 1.76452
ANTENNA__5386__C1, 60.24, 263.84, 1.76452
ANTENNA__5386__A2, 60.24, 263.84, 1.76452
ANTENNA__6329__S, 60.24, 263.84, 1.76452
FILLER_0_93_120, 60.24, 263.84, 1.76452
_5386_, 73.04, 263.84, 1.76425
_6329_, 73.04, 263.84, 1.76425
_6339_, 73.04, 263.84, 1.76425
_7411_, 73.04, 263.84, 1.76425
hold489, 73.04, 263.84, 1.76425
ANTENNA__6337__A2, 73.04, 263.84, 1.76425
ANTENNA__6337__A1, 73.04, 263.84, 1.76425
ANTENNA__6338__S, 73.04, 263.84, 1.76425
_3463_, 85.84, 263.84, 1.76403
fanout76, 85.84, 263.84, 1.76403
hold492, 85.84, 263.84, 1.76403
ANTENNA__3478__A, 85.84, 263.84, 1.76403
ANTENNA__5359__C1, 85.84, 263.84, 1.76403
ANTENNA__6337__B1, 85.84, 263.84, 1.76403
ANTENNA_clkbuf_leaf_28_clk_A, 85.84, 263.84, 1.76403
ANTENNA__7037__RESET_B, 85.84, 263.84, 1.76403
_4185_, 98.64, 263.84, 1.76382
_4208_, 98.64, 263.84, 1.76382
_4209_, 98.64, 263.84, 1.76382
_4218_, 98.64, 263.84, 1.76382
ANTENNA__3947__A2, 98.64, 263.84, 1.76382
FILLER_0_93_210, 98.64, 263.84, 1.76382
_3962_, 111.44, 263.84, 1.76365
_4217_, 111.44, 263.84, 1.76365
hold692, 111.44, 263.84, 1.76365
ANTENNA__3947__B1, 111.44, 263.84, 1.76365
ANTENNA__4185__B2, 111.44, 263.84, 1.76365
ANTENNA__6993__RESET_B, 111.44, 263.84, 1.76365
FILLER_0_93_229, 111.44, 263.84, 1.76365
_4226_, 124.24, 263.84, 1.76349
_4229_, 124.24, 263.84, 1.76349
_4231_, 124.24, 263.84, 1.76349
clkbuf_leaf_34_clk, 124.24, 263.84, 1.76349
hold663, 124.24, 263.84, 1.76349
ANTENNA__4226__C, 124.24, 263.84, 1.76349
FILLER_0_94_259, 124.24, 263.84, 1.76349
_4223_, 137.04, 263.84, 1.7634
_4227_, 137.04, 263.84, 1.7634
_4234_, 137.04, 263.84, 1.7634
_4239_, 137.04, 263.84, 1.7634
_6997_, 137.04, 263.84, 1.7634
ANTENNA__4239__C1, 137.04, 263.84, 1.7634
ANTENNA__4225__A1, 137.04, 263.84, 1.7634
ANTENNA__4223__A, 137.04, 263.84, 1.7634
ANTENNA__6997__RESET_B, 137.04, 263.84, 1.7634
FILLER_0_93_284, 137.04, 263.84, 1.7634
_3484_, 149.84, 263.84, 1.76335
_3485_, 149.84, 263.84, 1.76335
_3970_, 149.84, 263.84, 1.76335
_4865_, 149.84, 263.84, 1.76335
_4867_, 149.84, 263.84, 1.76335
_4868_, 149.84, 263.84, 1.76335
_4870_, 149.84, 263.84, 1.76335
ANTENNA__3970__A2, 149.84, 263.84, 1.76335
ANTENNA__3970__B2, 149.84, 263.84, 1.76335
_3957_, 162.64, 263.84, 1.76332
_4874_, 162.64, 263.84, 1.76332
_4878_, 162.64, 263.84, 1.76332
_4879_, 162.64, 263.84, 1.76332
ANTENNA__4881__B1, 162.64, 263.84, 1.76332
FILLER_0_93_330, 162.64, 263.84, 1.76332
FILLER_0_93_337, 162.64, 263.84, 1.76332
FILLER_0_93_346, 162.64, 263.84, 1.76332
FILLER_0_94_353, 162.64, 263.84, 1.76332
_4921_, 188.429, 263.84, 1.76296
_4922_, 188.429, 263.84, 1.76296
_4927_, 188.429, 263.84, 1.76296
clkbuf_leaf_41_clk, 188.429, 263.84, 1.76296
ANTENNA__4928__B1, 188.429, 263.84, 1.76296
ANTENNA__5361__A, 188.429, 263.84, 1.76296
ANTENNA__4921__B, 188.429, 263.84, 1.76296
ANTENNA__4920__B, 188.429, 263.84, 1.76296
FILLER_0_93_389, 188.429, 263.84, 1.76296
FILLER_0_93_410, 188.429, 263.84, 1.76296
_5360_, 201.418, 263.84, 1.76266
_6196_, 201.418, 263.84, 1.76266
_6197_, 201.418, 263.84, 1.76266
_6198_, 201.418, 263.84, 1.76266
_6200_, 201.418, 263.84, 1.76266
ANTENNA__5360__S, 201.418, 263.84, 1.76266
ANTENNA__5362__B1, 201.418, 263.84, 1.76266
ANTENNA__6194__A1, 201.418, 263.84, 1.76266
ANTENNA__7396__RESET_B, 201.418, 263.84, 1.76266
FILLER_0_93_437, 201.418, 263.84, 1.76266
FILLER_0_94_428, 201.418, 263.84, 1.76266
_5388_, 214.407, 263.84, 1.76238
_6029_, 214.407, 263.84, 1.76238
_6201_, 214.407, 263.84, 1.76238
_7361_, 214.407, 263.84, 1.76238
hold665, 214.407, 263.84, 1.76238
ANTENNA__6194__B1, 214.407, 263.84, 1.76238
ANTENNA__7245__RESET_B, 214.407, 263.84, 1.76238
FILLER_0_93_445, 214.407, 263.84, 1.76238
FILLER_0_93_449, 214.407, 263.84, 1.76238
_6290_, 227.396, 263.84, 1.76213
_6297_, 227.396, 263.84, 1.76213
_6304_, 227.396, 263.84, 1.76213
ANTENNA__6305__B1, 227.396, 263.84, 1.76213
ANTENNA__6296__B1, 227.396, 263.84, 1.76213
ANTENNA__5388__A, 227.396, 263.84, 1.76213
ANTENNA__6029__B1, 227.396, 263.84, 1.76213
ANTENNA__6300__B, 227.396, 263.84, 1.76213
ANTENNA__6290__B, 227.396, 263.84, 1.76213
ANTENNA_hold498_A, 227.396, 263.84, 1.76213
ANTENNA__7406__RESET_B, 227.396, 263.84, 1.76213
FILLER_0_93_487, 227.396, 263.84, 1.76213
FILLER_0_93_496, 227.396, 263.84, 1.76213
_6028_, 240.385, 263.84, 1.7619
_6311_, 240.385, 263.84, 1.7619
_6312_, 240.385, 263.84, 1.7619
hold691, 240.385, 263.84, 1.7619
ANTENNA__6028__S, 240.385, 263.84, 1.7619
ANTENNA__6312__A2, 240.385, 263.84, 1.7619
ANTENNA__6312__B1, 240.385, 263.84, 1.7619
FILLER_0_92_508, 240.385, 263.84, 1.7619
FILLER_0_93_505, 240.385, 263.84, 1.7619
_7377_, 253.374, 263.84, 1.7617
ANTENNA__6030__S, 253.374, 263.84, 1.7617
ANTENNA__6065__B1, 253.374, 263.84, 1.7617
ANTENNA__5879__B1, 253.374, 263.84, 1.7617
ANTENNA__5873__B1, 253.374, 263.84, 1.7617
ANTENNA__5873__A2, 253.374, 263.84, 1.7617
ANTENNA__6041__A2, 253.374, 263.84, 1.7617
FILLER_0_93_543, 253.374, 263.84, 1.7617
_6122_, 266.363, 263.84, 1.76151
_6123_, 266.363, 263.84, 1.76151
hold643, 266.363, 263.84, 1.76151
ANTENNA__6045__B2, 266.363, 263.84, 1.76151
ANTENNA__5881__A2, 266.363, 263.84, 1.76151
ANTENNA__6120__A1, 266.363, 263.84, 1.76151
ANTENNA__6119__A, 266.363, 263.84, 1.76151
FILLER_0_93_553, 266.363, 263.84, 1.76151
FILLER_0_93_565, 266.363, 263.84, 1.76151
FILLER_0_93_576, 266.363, 263.84, 1.76151
FILLER_0_94_569, 266.363, 263.84, 1.76151
FILLER_0_94_577, 266.363, 263.84, 1.76151
_6121_, 279.352, 263.84, 1.76135
_6127_, 279.352, 263.84, 1.76135
_6132_, 279.352, 263.84, 1.76135
_6139_, 279.352, 263.84, 1.76135
_6140_, 279.352, 263.84, 1.76135
ANTENNA__6130__B1, 279.352, 263.84, 1.76135
ANTENNA__6135__A1, 279.352, 263.84, 1.76135
ANTENNA__6130__A1, 279.352, 263.84, 1.76135
FILLER_0_92_585, 279.352, 263.84, 1.76135
FILLER_0_93_592, 279.352, 263.84, 1.76135
FILLER_0_93_600, 279.352, 263.84, 1.76135
_6133_, 292.341, 263.84, 1.76122
_6145_, 292.341, 263.84, 1.76122
_6156_, 292.341, 263.84, 1.76122
_6157_, 292.341, 263.84, 1.76122
clkbuf_leaf_47_clk, 292.341, 263.84, 1.76122
hold670, 292.341, 263.84, 1.76122
ANTENNA__6157__B1, 292.341, 263.84, 1.76122
ANTENNA__6135__B1, 292.341, 263.84, 1.76122
ANTENNA__7385__RESET_B, 292.341, 263.84, 1.76122
ANTENNA_clkbuf_leaf_47_clk_A, 292.341, 263.84, 1.76122
FILLER_0_93_610, 292.341, 263.84, 1.76122
FILLER_0_93_617, 292.341, 263.84, 1.76122
FILLER_0_93_633, 292.341, 263.84, 1.76122
_6152_, 305.33, 263.84, 1.76118
_6153_, 305.33, 263.84, 1.76118
_6154_, 305.33, 263.84, 1.76118
_6159_, 305.33, 263.84, 1.76118
_6168_, 305.33, 263.84, 1.76118
_6169_, 305.33, 263.84, 1.76118
ANTENNA__6152__A, 305.33, 263.84, 1.76118
ANTENNA__6151__A, 305.33, 263.84, 1.76118
ANTENNA__7386__RESET_B, 305.33, 263.84, 1.76118
PHY_180, 5.52, 258.4, 1.76545
PHY_182, 5.52, 258.4, 1.76545
output53, 5.52, 258.4, 1.76545
FILLER_0_91_3, 5.52, 258.4, 1.76545
PHY_181, 318.32, 258.4, 1.7614
PHY_183, 318.32, 258.4, 1.7614
ANTENNA_input18_A, 318.32, 258.4, 1.7614
ANTENNA__6166__A, 318.32, 258.4, 1.7614
FILLER_0_90_668, 318.32, 258.4, 1.7614
FILLER_0_91_673, 318.32, 258.4, 1.7614
_6868_, 13.68, 258.4, 1.76546
_6869_, 13.68, 258.4, 1.76546
_7633_, 13.68, 258.4, 1.76546
FILLER_0_90_15, 13.68, 258.4, 1.76546
_5384_, 34.64, 258.4, 1.76494
_6757_, 34.64, 258.4, 1.76494
_7607_, 34.64, 258.4, 1.76494
_7659_, 34.64, 258.4, 1.76494
FILLER_0_90_60, 34.64, 258.4, 1.76494
_5382_, 47.44, 258.4, 1.76445
_6813_, 47.44, 258.4, 1.76445
_6897_, 47.44, 258.4, 1.76445
_7620_, 47.44, 258.4, 1.76445
clkbuf_leaf_22_clk, 47.44, 258.4, 1.76445
FILLER_0_90_85, 47.44, 258.4, 1.76445
FILLER_0_92_100, 47.44, 258.4, 1.76445
_6729_, 60.24, 258.4, 1.76403
_6730_, 60.24, 258.4, 1.76403
_7414_, 60.24, 258.4, 1.76403
_7581_, 60.24, 258.4, 1.76403
ANTENNA__5359__A2, 60.24, 258.4, 1.76403
FILLER_0_92_128, 60.24, 258.4, 1.76403
_3478_, 73.04, 258.4, 1.76364
_5359_, 73.04, 258.4, 1.76364
_5381_, 73.04, 258.4, 1.76364
_6337_, 73.04, 258.4, 1.76364
_6338_, 73.04, 258.4, 1.76364
_6988_, 85.84, 258.4, 1.76346
_7037_, 85.84, 258.4, 1.76346
clkbuf_leaf_28_clk, 85.84, 258.4, 1.76346
_3947_, 98.64, 258.4, 1.76336
_4183_, 98.64, 258.4, 1.76336
_4184_, 98.64, 258.4, 1.76336
_4193_, 98.64, 258.4, 1.76336
_4206_, 98.64, 258.4, 1.76336
_4207_, 98.64, 258.4, 1.76336
_4219_, 98.64, 258.4, 1.76336
hold667, 98.64, 258.4, 1.76336
ANTENNA__4184__B1, 98.64, 258.4, 1.76336
_4186_, 111.44, 258.4, 1.7633
_4192_, 111.44, 258.4, 1.7633
_4197_, 111.44, 258.4, 1.7633
_4198_, 111.44, 258.4, 1.7633
_4228_, 111.44, 258.4, 1.7633
ANTENNA__4195__B1, 111.44, 258.4, 1.7633
ANTENNA__4197__A, 111.44, 258.4, 1.7633
ANTENNA_clkbuf_leaf_34_clk_A, 111.44, 258.4, 1.7633
FILLER_0_91_237, 111.44, 258.4, 1.7633
FILLER_0_92_236, 111.44, 258.4, 1.7633
_4235_, 124.24, 258.4, 1.76327
_4236_, 124.24, 258.4, 1.76327
_4237_, 124.24, 258.4, 1.76327
_4238_, 124.24, 258.4, 1.76327
_4241_, 124.24, 258.4, 1.76327
_4242_, 124.24, 258.4, 1.76327
ANTENNA__3962__B1, 124.24, 258.4, 1.76327
ANTENNA__4231__B2, 124.24, 258.4, 1.76327
ANTENNA__4238__B1, 124.24, 258.4, 1.76327
ANTENNA__4238__A1, 124.24, 258.4, 1.76327
FILLER_0_90_246, 124.24, 258.4, 1.76327
FILLER_0_90_253, 124.24, 258.4, 1.76327
FILLER_0_91_249, 124.24, 258.4, 1.76327
FILLER_0_91_271, 124.24, 258.4, 1.76327
_4233_, 137.04, 258.4, 1.76327
_4240_, 137.04, 258.4, 1.76327
_4249_, 137.04, 258.4, 1.76327
_4250_, 137.04, 258.4, 1.76327
_4251_, 137.04, 258.4, 1.76327
ANTENNA__3484__B, 137.04, 258.4, 1.76327
ANTENNA__4251__A1, 137.04, 258.4, 1.76327
ANTENNA__4233__A, 137.04, 258.4, 1.76327
ANTENNA_clkbuf_leaf_33_clk_A, 137.04, 258.4, 1.76327
FILLER_0_92_296, 137.04, 258.4, 1.76327
_4861_, 149.84, 258.4, 1.7633
_4862_, 149.84, 258.4, 1.7633
ANTENNA__3485__C1, 149.84, 258.4, 1.7633
ANTENNA__3485__A2, 149.84, 258.4, 1.7633
ANTENNA__3957__S, 149.84, 258.4, 1.7633
ANTENNA__4251__B1, 149.84, 258.4, 1.7633
FILLER_0_90_309, 149.84, 258.4, 1.7633
FILLER_0_91_302, 149.84, 258.4, 1.7633
FILLER_0_91_309, 149.84, 258.4, 1.7633
FILLER_0_91_327, 149.84, 258.4, 1.7633
FILLER_0_92_321, 149.84, 258.4, 1.7633
_4872_, 162.64, 258.4, 1.76334
_4873_, 162.64, 258.4, 1.76334
_4875_, 162.64, 258.4, 1.76334
_4877_, 162.64, 258.4, 1.76334
_4887_, 162.64, 258.4, 1.76334
_7170_, 162.64, 258.4, 1.76334
ANTENNA__4872__B1, 162.64, 258.4, 1.76334
ANTENNA__4858__B1, 162.64, 258.4, 1.76334
FILLER_0_91_333, 162.64, 258.4, 1.76334
FILLER_0_91_341, 162.64, 258.4, 1.76334
FILLER_0_91_349, 162.64, 258.4, 1.76334
FILLER_0_92_354, 162.64, 258.4, 1.76334
_4933_, 188.429, 258.4, 1.76302
_4934_, 188.429, 258.4, 1.76302
_5361_, 188.429, 258.4, 1.76302
_7242_, 188.429, 258.4, 1.76302
hold666, 188.429, 258.4, 1.76302
ANTENNA__5362__A1, 188.429, 258.4, 1.76302
FILLER_0_90_391, 188.429, 258.4, 1.76302
FILLER_0_91_393, 188.429, 258.4, 1.76302
_6192_, 201.418, 258.4, 1.76266
_6194_, 201.418, 258.4, 1.76266
_6199_, 201.418, 258.4, 1.76266
_7396_, 201.418, 258.4, 1.76266
hold334, 201.418, 258.4, 1.76266
hold518, 201.418, 258.4, 1.76266
ANTENNA__5362__A2, 201.418, 258.4, 1.76266
ANTENNA_clkbuf_leaf_41_clk_A, 201.418, 258.4, 1.76266
ANTENNA__7242__RESET_B, 201.418, 258.4, 1.76266
ANTENNA__7176__RESET_B, 201.418, 258.4, 1.76266
_5389_, 214.407, 258.4, 1.76235
_6193_, 214.407, 258.4, 1.76235
_7245_, 214.407, 258.4, 1.76235
_7406_, 214.407, 258.4, 1.76235
hold498, 214.407, 258.4, 1.76235
hold674, 214.407, 258.4, 1.76235
_6300_, 227.396, 258.4, 1.76211
_6302_, 227.396, 258.4, 1.76211
_6303_, 227.396, 258.4, 1.76211
_6305_, 227.396, 258.4, 1.76211
_6306_, 227.396, 258.4, 1.76211
ANTENNA__5389__B1, 227.396, 258.4, 1.76211
ANTENNA__5389__A1, 227.396, 258.4, 1.76211
ANTENNA__5389__A2, 227.396, 258.4, 1.76211
_6301_, 240.385, 258.4, 1.7619
_6308_, 240.385, 258.4, 1.7619
_6310_, 240.385, 258.4, 1.7619
_7407_, 240.385, 258.4, 1.7619
ANTENNA__6313__B1, 240.385, 258.4, 1.7619
ANTENNA__7331__RESET_B, 240.385, 258.4, 1.7619
ANTENNA__7407__RESET_B, 240.385, 258.4, 1.7619
FILLER_0_90_504, 240.385, 258.4, 1.7619
FILLER_0_91_518, 240.385, 258.4, 1.7619
FILLER_0_91_524, 240.385, 258.4, 1.7619
_5873_, 253.374, 258.4, 1.76174
_5879_, 253.374, 258.4, 1.76174
_7332_, 253.374, 258.4, 1.76174
hold479, 253.374, 258.4, 1.76174
ANTENNA__5871__B1, 253.374, 258.4, 1.76174
ANTENNA__5879__A2, 253.374, 258.4, 1.76174
ANTENNA__7335__RESET_B, 253.374, 258.4, 1.76174
ANTENNA__7332__RESET_B, 253.374, 258.4, 1.76174
_6118_, 266.363, 258.4, 1.76161
_6119_, 266.363, 258.4, 1.76161
_6120_, 266.363, 258.4, 1.76161
_7336_, 266.363, 258.4, 1.76161
ANTENNA__7336__RESET_B, 266.363, 258.4, 1.76161
ANTENNA__7369__RESET_B, 266.363, 258.4, 1.76161
FILLER_0_91_581, 266.363, 258.4, 1.76161
_6129_, 279.352, 258.4, 1.76151
_6130_, 279.352, 258.4, 1.76151
_6134_, 279.352, 258.4, 1.76151
_6135_, 279.352, 258.4, 1.76151
hold309, 279.352, 258.4, 1.76151
ANTENNA__6045__A2, 279.352, 258.4, 1.76151
ANTENNA__7383__RESET_B, 279.352, 258.4, 1.76151
ANTENNA__7382__RESET_B, 279.352, 258.4, 1.76151
FILLER_0_90_585, 279.352, 258.4, 1.76151
FILLER_0_90_593, 279.352, 258.4, 1.76151
FILLER_0_92_597, 279.352, 258.4, 1.76151
FILLER_0_92_603, 279.352, 258.4, 1.76151
_7385_, 292.341, 258.4, 1.76145
ANTENNA__6047__B2, 292.341, 258.4, 1.76145
FILLER_0_91_617, 292.341, 258.4, 1.76145
_6151_, 305.33, 258.4, 1.7614
_6163_, 305.33, 258.4, 1.7614
_6165_, 305.33, 258.4, 1.7614
_6170_, 305.33, 258.4, 1.7614
_7386_, 305.33, 258.4, 1.7614
hold646, 305.33, 258.4, 1.7614
ANTENNA__6163__A, 305.33, 258.4, 1.7614
FILLER_0_90_638, 305.33, 258.4, 1.7614
PHY_176, 5.52, 252.96, 1.76585
PHY_178, 5.52, 252.96, 1.76585
_6176_, 318.32, 252.96, 1.76122
PHY_177, 318.32, 252.96, 1.76122
PHY_179, 318.32, 252.96, 1.76122
ANTENNA__6179__B1, 318.32, 252.96, 1.76122
ANTENNA__6171__B, 318.32, 252.96, 1.76122
ANTENNA__6162__A, 318.32, 252.96, 1.76122
FILLER_0_89_669, 318.32, 252.96, 1.76122
_7647_, 13.68, 252.96, 1.76585
ANTENNA__6840__S, 13.68, 252.96, 1.76585
ANTENNA__6868__S, 13.68, 252.96, 1.76585
_6783_, 34.64, 252.96, 1.76555
ANTENNA__6758__A1, 34.64, 252.96, 1.76555
ANTENNA__6783__S, 34.64, 252.96, 1.76555
FILLER_0_88_61, 34.64, 252.96, 1.76555
FILLER_0_89_53, 34.64, 252.96, 1.76555
FILLER_0_90_77, 34.64, 252.96, 1.76555
_6812_, 47.44, 252.96, 1.76524
_6896_, 47.44, 252.96, 1.76524
_6899_, 47.44, 252.96, 1.76524
hold507, 47.44, 252.96, 1.76524
ANTENNA__6812__S, 47.44, 252.96, 1.76524
ANTENNA__6896__S, 47.44, 252.96, 1.76524
FILLER_0_89_81, 47.44, 252.96, 1.76524
_5394_, 60.24, 252.96, 1.76495
_6732_, 60.24, 252.96, 1.76495
_7582_, 60.24, 252.96, 1.76495
hold453, 60.24, 252.96, 1.76495
hold481, 60.24, 252.96, 1.76495
ANTENNA__6814__A1, 60.24, 252.96, 1.76495
FILLER_0_89_128, 60.24, 252.96, 1.76495
_3472_, 73.04, 252.96, 1.76467
_5354_, 73.04, 252.96, 1.76467
_5390_, 73.04, 252.96, 1.76467
_5395_, 73.04, 252.96, 1.76467
hold299, 73.04, 252.96, 1.76467
ANTENNA__5395__C1, 73.04, 252.96, 1.76467
ANTENNA__5395__A2, 73.04, 252.96, 1.76467
FILLER_0_88_137, 73.04, 252.96, 1.76467
FILLER_0_90_150, 73.04, 252.96, 1.76467
_3470_, 85.84, 252.96, 1.76442
_3471_, 85.84, 252.96, 1.76442
_4177_, 85.84, 252.96, 1.76442
hold614, 85.84, 252.96, 1.76442
ANTENNA__3471__A, 85.84, 252.96, 1.76442
ANTENNA__3471__B, 85.84, 252.96, 1.76442
ANTENNA__6988__RESET_B, 85.84, 252.96, 1.76442
FILLER_0_88_174, 85.84, 252.96, 1.76442
FILLER_0_89_169, 85.84, 252.96, 1.76442
FILLER_0_89_184, 85.84, 252.96, 1.76442
_4176_, 98.64, 252.96, 1.7642
_4178_, 98.64, 252.96, 1.7642
_4180_, 98.64, 252.96, 1.7642
_4181_, 98.64, 252.96, 1.7642
_4182_, 98.64, 252.96, 1.7642
_4190_, 98.64, 252.96, 1.7642
_4191_, 98.64, 252.96, 1.7642
_4195_, 98.64, 252.96, 1.7642
ANTENNA__4186__A, 98.64, 252.96, 1.7642
FILLER_0_90_208, 98.64, 252.96, 1.7642
_4187_, 111.44, 252.96, 1.76401
_4188_, 111.44, 252.96, 1.76401
_4189_, 111.44, 252.96, 1.76401
_4194_, 111.44, 252.96, 1.76401
ANTENNA__3473__S, 111.44, 252.96, 1.76401
ANTENNA__4187__B, 111.44, 252.96, 1.76401
ANTENNA_clkbuf_3_3__f_clk_A, 111.44, 252.96, 1.76401
FILLER_0_89_225, 111.44, 252.96, 1.76401
_7042_, 124.24, 252.96, 1.76385
hold417, 124.24, 252.96, 1.76385
hold634, 124.24, 252.96, 1.76385
ANTENNA__3959__B1, 124.24, 252.96, 1.76385
ANTENNA__3959__A2, 124.24, 252.96, 1.76385
ANTENNA__7042__RESET_B, 124.24, 252.96, 1.76385
FILLER_0_88_246, 124.24, 252.96, 1.76385
FILLER_0_90_266, 124.24, 252.96, 1.76385
_4232_, 137.04, 252.96, 1.76373
_4244_, 137.04, 252.96, 1.76373
_4246_, 137.04, 252.96, 1.76373
_4247_, 137.04, 252.96, 1.76373
_4248_, 137.04, 252.96, 1.76373
_7043_, 137.04, 252.96, 1.76373
clkbuf_leaf_33_clk, 137.04, 252.96, 1.76373
ANTENNA__3958__S, 137.04, 252.96, 1.76373
ANTENNA__4247__A, 137.04, 252.96, 1.76373
ANTENNA__3958__A0, 137.04, 252.96, 1.76373
FILLER_0_88_281, 137.04, 252.96, 1.76373
_4857_, 149.84, 252.96, 1.76369
_4858_, 149.84, 252.96, 1.76369
_4859_, 149.84, 252.96, 1.76369
_4860_, 149.84, 252.96, 1.76369
ANTENNA__4232__A, 149.84, 252.96, 1.76369
ANTENNA__4859__D, 149.84, 252.96, 1.76369
ANTENNA__7169__RESET_B, 149.84, 252.96, 1.76369
FILLER_0_88_305, 149.84, 252.96, 1.76369
FILLER_0_88_309, 149.84, 252.96, 1.76369
_3969_, 162.64, 252.96, 1.76367
_4871_, 162.64, 252.96, 1.76367
_4876_, 162.64, 252.96, 1.76367
ANTENNA__3969__S, 162.64, 252.96, 1.76367
ANTENNA__4869__A2, 162.64, 252.96, 1.76367
ANTENNA__4873__D, 162.64, 252.96, 1.76367
FILLER_0_89_330, 162.64, 252.96, 1.76367
FILLER_0_90_353, 162.64, 252.96, 1.76367
_4935_, 188.429, 252.96, 1.76323
_5362_, 188.429, 252.96, 1.76323
_7175_, 188.429, 252.96, 1.76323
ANTENNA__4952__B1, 188.429, 252.96, 1.76323
ANTENNA__5352__A, 188.429, 252.96, 1.76323
FILLER_0_88_388, 188.429, 252.96, 1.76323
FILLER_0_89_384, 188.429, 252.96, 1.76323
_3657_, 201.418, 252.96, 1.76285
_5351_, 201.418, 252.96, 1.76285
_5352_, 201.418, 252.96, 1.76285
ANTENNA__3528__C1, 201.418, 252.96, 1.76285
ANTENNA__4667__A, 201.418, 252.96, 1.76285
ANTENNA__3990__A, 201.418, 252.96, 1.76285
_5397_, 214.407, 252.96, 1.76255
ANTENNA__5351__S, 214.407, 252.96, 1.76255
ANTENNA__3523__B, 214.407, 252.96, 1.76255
ANTENNA__3657__A, 214.407, 252.96, 1.76255
ANTENNA__5703__B1, 214.407, 252.96, 1.76255
ANTENNA__5398__A2, 214.407, 252.96, 1.76255
ANTENNA__5693__B, 214.407, 252.96, 1.76255
ANTENNA__7246__RESET_B, 214.407, 252.96, 1.76255
ANTENNA__7298__RESET_B, 214.407, 252.96, 1.76255
ANTENNA__7175__RESET_B, 214.407, 252.96, 1.76255
FILLER_0_89_453, 214.407, 252.96, 1.76255
FILLER_0_89_458, 214.407, 252.96, 1.76255
FILLER_0_89_463, 214.407, 252.96, 1.76255
_6299_, 227.396, 252.96, 1.76226
_6313_, 227.396, 252.96, 1.76226
_6314_, 227.396, 252.96, 1.76226
hold495, 227.396, 252.96, 1.76226
ANTENNA__3522__C1, 227.396, 252.96, 1.76226
ANTENNA__5398__A1, 227.396, 252.96, 1.76226
ANTENNA__5408__S, 227.396, 252.96, 1.76226
ANTENNA__5397__A, 227.396, 252.96, 1.76226
ANTENNA__5699__B1, 227.396, 252.96, 1.76226
ANTENNA__6299__B, 227.396, 252.96, 1.76226
ANTENNA_clkbuf_leaf_40_clk_A, 227.396, 252.96, 1.76226
FILLER_0_89_495, 227.396, 252.96, 1.76226
_6307_, 240.385, 252.96, 1.76199
_6309_, 240.385, 252.96, 1.76199
_6315_, 240.385, 252.96, 1.76199
_7331_, 240.385, 252.96, 1.76199
ANTENNA__5406__S, 240.385, 252.96, 1.76199
ANTENNA__6317__B1, 240.385, 252.96, 1.76199
ANTENNA__5871__A2, 240.385, 252.96, 1.76199
ANTENNA__6308__A_N, 240.385, 252.96, 1.76199
ANTENNA__6307__B, 240.385, 252.96, 1.76199
ANTENNA__7408__RESET_B, 240.385, 252.96, 1.76199
FILLER_0_88_503, 240.385, 252.96, 1.76199
FILLER_0_89_505, 240.385, 252.96, 1.76199
_7335_, 253.374, 252.96, 1.76176
hold530, 253.374, 252.96, 1.76176
ANTENNA__5401__S, 253.374, 252.96, 1.76176
ANTENNA__5399__S, 253.374, 252.96, 1.76176
ANTENNA__7367__RESET_B, 253.374, 252.96, 1.76176
_5881_, 266.363, 252.96, 1.76155
_6045_, 266.363, 252.96, 1.76155
_7369_, 266.363, 252.96, 1.76155
_7382_, 266.363, 252.96, 1.76155
hold162, 266.363, 252.96, 1.76155
hold714, 266.363, 252.96, 1.76155
ANTENNA__5881__B1, 266.363, 252.96, 1.76155
_6047_, 279.352, 252.96, 1.76139
_7383_, 279.352, 252.96, 1.76139
hold340, 279.352, 252.96, 1.76139
ANTENNA__5883__B2, 279.352, 252.96, 1.76139
ANTENNA__6040__S, 279.352, 252.96, 1.76139
ANTENNA__5883__A2, 279.352, 252.96, 1.76139
ANTENNA__6047__A2, 279.352, 252.96, 1.76139
ANTENNA__7370__RESET_B, 279.352, 252.96, 1.76139
_3700_, 292.341, 252.96, 1.76125
_7387_, 292.341, 252.96, 1.76125
ANTENNA__6049__B2, 292.341, 252.96, 1.76125
ANTENNA__6044__S, 292.341, 252.96, 1.76125
ANTENNA__6049__A2, 292.341, 252.96, 1.76125
ANTENNA__6178__A1, 292.341, 252.96, 1.76125
ANTENNA__7387__RESET_B, 292.341, 252.96, 1.76125
_6162_, 305.33, 252.96, 1.76122
_6164_, 305.33, 252.96, 1.76122
_6166_, 305.33, 252.96, 1.76122
_6167_, 305.33, 252.96, 1.76122
hold438, 305.33, 252.96, 1.76122
ANTENNA__6178__B1, 305.33, 252.96, 1.76122
ANTENNA__3700__A, 305.33, 252.96, 1.76122
ANTENNA__6183__A2, 305.33, 252.96, 1.76122
FILLER_0_88_649, 305.33, 252.96, 1.76122
PHY_172, 5.52, 247.52, 1.766
PHY_174, 5.52, 247.52, 1.766
FILLER_0_88_3, 5.52, 247.52, 1.766
_6175_, 318.32, 247.52, 1.76086
PHY_173, 318.32, 247.52, 1.76086
PHY_175, 318.32, 247.52, 1.76086
input18, 318.32, 247.52, 1.76086
ANTENNA__5513__A, 318.32, 247.52, 1.76086
ANTENNA__6172__A_N, 318.32, 247.52, 1.76086
FILLER_0_86_674, 318.32, 247.52, 1.76086
_6870_, 13.68, 247.52, 1.766
_6871_, 13.68, 247.52, 1.766
ANTENNA__6870__S, 13.68, 247.52, 1.766
FILLER_0_86_15, 13.68, 247.52, 1.766
_5393_, 34.64, 247.52, 1.76558
_6759_, 34.64, 247.52, 1.76558
_6786_, 34.64, 247.52, 1.76558
_7608_, 34.64, 247.52, 1.76558
hold442, 34.64, 247.52, 1.76558
ANTENNA__6785__A1, 34.64, 247.52, 1.76558
FILLER_0_86_63, 34.64, 247.52, 1.76558
_6814_, 47.44, 247.52, 1.76518
_6815_, 47.44, 247.52, 1.76518
_6898_, 47.44, 247.52, 1.76518
_7621_, 47.44, 247.52, 1.76518
_7660_, 47.44, 247.52, 1.76518
ANTENNA__6898__S, 47.44, 247.52, 1.76518
_6731_, 60.24, 247.52, 1.76481
_7415_, 60.24, 247.52, 1.76481
hold446, 60.24, 247.52, 1.76481
ANTENNA__6814__S, 60.24, 247.52, 1.76481
FILLER_0_87_113, 60.24, 247.52, 1.76481
FILLER_0_87_125, 60.24, 247.52, 1.76481
_6341_, 73.04, 247.52, 1.76446
_6704_, 73.04, 247.52, 1.76446
_6705_, 73.04, 247.52, 1.76446
_7569_, 73.04, 247.52, 1.76446
ANTENNA__6341__S, 73.04, 247.52, 1.76446
FILLER_0_86_135, 73.04, 247.52, 1.76446
FILLER_0_87_144, 73.04, 247.52, 1.76446
_4169_, 85.84, 247.52, 1.76412
_4171_, 85.84, 247.52, 1.76412
_4173_, 85.84, 247.52, 1.76412
_4175_, 85.84, 247.52, 1.76412
ANTENNA__3470__S, 85.84, 247.52, 1.76412
ANTENNA__5350__C1, 85.84, 247.52, 1.76412
ANTENNA__4175__A1, 85.84, 247.52, 1.76412
ANTENNA__6704__A1, 85.84, 247.52, 1.76412
ANTENNA__6341__A0, 85.84, 247.52, 1.76412
FILLER_0_87_169, 85.84, 247.52, 1.76412
clkbuf_3_3__f_clk, 98.64, 247.52, 1.76382
hold581, 98.64, 247.52, 1.76382
load_slew5, 98.64, 247.52, 1.76382
ANTENNA__4196__A2, 98.64, 247.52, 1.76382
ANTENNA__4172__A2, 98.64, 247.52, 1.76382
ANTENNA__4176__B, 98.64, 247.52, 1.76382
ANTENNA__4176__A, 98.64, 247.52, 1.76382
ANTENNA__4175__B2, 98.64, 247.52, 1.76382
ANTENNA_load_slew5_A, 98.64, 247.52, 1.76382
ANTENNA__7038__RESET_B, 98.64, 247.52, 1.76382
FILLER_0_87_205, 98.64, 247.52, 1.76382
_3473_, 111.44, 247.52, 1.76369
_4196_, 111.44, 247.52, 1.76369
_6992_, 111.44, 247.52, 1.76369
_7038_, 111.44, 247.52, 1.76369
hold583, 111.44, 247.52, 1.76369
ANTENNA__6340__A1, 111.44, 247.52, 1.76369
ANTENNA__6992__RESET_B, 111.44, 247.52, 1.76369
FILLER_0_87_225, 111.44, 247.52, 1.76369
_3958_, 124.24, 247.52, 1.76362
_3959_, 124.24, 247.52, 1.76362
hold539, 124.24, 247.52, 1.76362
ANTENNA__3955__S, 124.24, 247.52, 1.76362
ANTENNA__3958__A1, 124.24, 247.52, 1.76362
ANTENNA__6340__B1, 124.24, 247.52, 1.76362
FILLER_0_87_262, 124.24, 247.52, 1.76362
_3956_, 137.04, 247.52, 1.76358
_4243_, 137.04, 247.52, 1.76358
_4245_, 137.04, 247.52, 1.76358
_4257_, 137.04, 247.52, 1.76358
ANTENNA__3956__B1, 137.04, 247.52, 1.76358
ANTENNA__3956__A2, 137.04, 247.52, 1.76358
ANTENNA__4260__B1, 137.04, 247.52, 1.76358
ANTENNA__4244__A, 137.04, 247.52, 1.76358
ANTENNA__4243__A, 137.04, 247.52, 1.76358
ANTENNA__7043__RESET_B, 137.04, 247.52, 1.76358
FILLER_0_87_277, 137.04, 247.52, 1.76358
FILLER_0_87_294, 137.04, 247.52, 1.76358
_4255_, 149.84, 247.52, 1.76355
_4260_, 149.84, 247.52, 1.76355
_4261_, 149.84, 247.52, 1.76355
_4869_, 149.84, 247.52, 1.76355
_7169_, 149.84, 247.52, 1.76355
hold586, 149.84, 247.52, 1.76355
ANTENNA__3954__S, 149.84, 247.52, 1.76355
ANTENNA__4869__B1, 149.84, 247.52, 1.76355
ANTENNA__3975__B2, 149.84, 247.52, 1.76355
_6355_, 162.64, 247.52, 1.76356
_7177_, 162.64, 247.52, 1.76356
hold44, 162.64, 247.52, 1.76356
ANTENNA__3973__A2, 162.64, 247.52, 1.76356
ANTENNA__7177__RESET_B, 162.64, 247.52, 1.76356
ANTENNA__6998__RESET_B, 162.64, 247.52, 1.76356
_3990_, 188.429, 247.52, 1.76295
_4943_, 188.429, 247.52, 1.76295
_4944_, 188.429, 247.52, 1.76295
_4945_, 188.429, 247.52, 1.76295
_5580_, 188.429, 247.52, 1.76295
_7176_, 188.429, 247.52, 1.76295
ANTENNA__5353__B1, 188.429, 247.52, 1.76295
ANTENNA__4945__B2, 188.429, 247.52, 1.76295
ANTENNA__4935__A2, 188.429, 247.52, 1.76295
ANTENNA__4953__B1, 188.429, 247.52, 1.76295
FILLER_0_87_401, 188.429, 247.52, 1.76295
FILLER_0_88_398, 188.429, 247.52, 1.76295
_4667_, 201.418, 247.52, 1.76246
_5703_, 201.418, 247.52, 1.76246
_7298_, 201.418, 247.52, 1.76246
hold436, 201.418, 247.52, 1.76246
hold743, 201.418, 247.52, 1.76246
_5398_, 214.407, 247.52, 1.76207
_5694_, 214.407, 247.52, 1.76207
_5695_, 214.407, 247.52, 1.76207
_5702_, 214.407, 247.52, 1.76207
_7246_, 214.407, 247.52, 1.76207
ANTENNA__3527__B, 214.407, 247.52, 1.76207
ANTENNA__5703__A2, 214.407, 247.52, 1.76207
ANTENNA__5694__A_N, 214.407, 247.52, 1.76207
FILLER_0_87_460, 214.407, 247.52, 1.76207
_5403_, 227.396, 247.52, 1.76174
_5406_, 227.396, 247.52, 1.76174
_6316_, 227.396, 247.52, 1.76174
clkbuf_leaf_40_clk, 227.396, 247.52, 1.76174
ANTENNA__5398__B1, 227.396, 247.52, 1.76174
FILLER_0_88_489, 227.396, 247.52, 1.76174
_5399_, 240.385, 247.52, 1.76147
_5871_, 240.385, 247.52, 1.76147
_6317_, 240.385, 247.52, 1.76147
_7408_, 240.385, 247.52, 1.76147
hold380, 240.385, 247.52, 1.76147
ANTENNA__6317__A2, 240.385, 247.52, 1.76147
ANTENNA__5403__S, 240.385, 247.52, 1.76147
ANTENNA__5409__B2, 240.385, 247.52, 1.76147
FILLER_0_87_512, 240.385, 247.52, 1.76147
FILLER_0_88_521, 240.385, 247.52, 1.76147
_6041_, 253.374, 247.52, 1.76126
_7333_, 253.374, 247.52, 1.76126
_7367_, 253.374, 247.52, 1.76126
hold95, 253.374, 247.52, 1.76126
ANTENNA__5877__B1, 253.374, 247.52, 1.76126
FILLER_0_87_533, 253.374, 247.52, 1.76126
_6040_, 266.363, 247.52, 1.76108
_7337_, 266.363, 247.52, 1.76108
clkbuf_leaf_48_clk, 266.363, 247.52, 1.76108
hold161, 266.363, 247.52, 1.76108
ANTENNA__6041__B2, 266.363, 247.52, 1.76108
ANTENNA__7333__RESET_B, 266.363, 247.52, 1.76108
FILLER_0_87_569, 266.363, 247.52, 1.76108
_6049_, 279.352, 247.52, 1.76098
_7370_, 279.352, 247.52, 1.76098
_7371_, 279.352, 247.52, 1.76098
hold73, 279.352, 247.52, 1.76098
hold341, 279.352, 247.52, 1.76098
ANTENNA__7337__RESET_B, 279.352, 247.52, 1.76098
_6044_, 292.341, 247.52, 1.76091
_6046_, 292.341, 247.52, 1.76091
_6178_, 292.341, 247.52, 1.76091
_7339_, 292.341, 247.52, 1.76091
ANTENNA__5886__S, 292.341, 247.52, 1.76091
ANTENNA_clkbuf_leaf_48_clk_A, 292.341, 247.52, 1.76091
ANTENNA__7371__RESET_B, 292.341, 247.52, 1.76091
_6171_, 305.33, 247.52, 1.76087
_6172_, 305.33, 247.52, 1.76087
_6173_, 305.33, 247.52, 1.76087
_6177_, 305.33, 247.52, 1.76087
_6180_, 305.33, 247.52, 1.76087
ANTENNA__6183__B1, 305.33, 247.52, 1.76087
ANTENNA__6048__S, 305.33, 247.52, 1.76087
ANTENNA__6046__S, 305.33, 247.52, 1.76087
ANTENNA__7339__RESET_B, 305.33, 247.52, 1.76087
ANTENNA__7388__RESET_B, 305.33, 247.52, 1.76087
PHY_168, 5.52, 242.08, 1.7662
PHY_170, 5.52, 242.08, 1.7662
FILLER_0_85_3, 5.52, 242.08, 1.7662
PHY_169, 318.32, 242.08, 1.76293
PHY_171, 318.32, 242.08, 1.76293
ANTENNA__5503__A, 318.32, 242.08, 1.76293
_6843_, 13.68, 242.08, 1.7662
_6860_, 13.68, 242.08, 1.7662
_6861_, 13.68, 242.08, 1.7662
_7642_, 13.68, 242.08, 1.7662
ANTENNA__6870__A1, 13.68, 242.08, 1.7662
FILLER_0_84_9, 13.68, 242.08, 1.7662
_5348_, 34.64, 242.08, 1.76576
_6776_, 34.64, 242.08, 1.76576
_6785_, 34.64, 242.08, 1.76576
_7603_, 34.64, 242.08, 1.76576
hold455, 34.64, 242.08, 1.76576
ANTENNA__6785__S, 34.64, 242.08, 1.76576
FILLER_0_86_77, 34.64, 242.08, 1.76576
_5341_, 47.44, 242.08, 1.76535
_6805_, 47.44, 242.08, 1.76535
_6888_, 47.44, 242.08, 1.76535
_6889_, 47.44, 242.08, 1.76535
clkbuf_3_2__f_clk, 47.44, 242.08, 1.76535
hold363, 47.44, 242.08, 1.76535
ANTENNA__6898__A1, 47.44, 242.08, 1.76535
ANTENNA__6888__S, 47.44, 242.08, 1.76535
ANTENNA_clkbuf_leaf_20_clk_A, 47.44, 242.08, 1.76535
FILLER_0_84_78, 47.44, 242.08, 1.76535
FILLER_0_85_81, 47.44, 242.08, 1.76535
FILLER_0_86_95, 47.44, 242.08, 1.76535
_5349_, 60.24, 242.08, 1.7651
_5391_, 60.24, 242.08, 1.7651
_6342_, 60.24, 242.08, 1.7651
_6722_, 60.24, 242.08, 1.7651
_7577_, 60.24, 242.08, 1.7651
hold370, 60.24, 242.08, 1.7651
hold407, 60.24, 242.08, 1.7651
ANTENNA__6731__A1, 60.24, 242.08, 1.7651
ANTENNA_clkbuf_3_2__f_clk_A, 60.24, 242.08, 1.7651
FILLER_0_85_109, 60.24, 242.08, 1.7651
_5336_, 73.04, 242.08, 1.76487
_5350_, 73.04, 242.08, 1.76487
_6694_, 73.04, 242.08, 1.76487
_6695_, 73.04, 242.08, 1.76487
hold312, 73.04, 242.08, 1.76487
hold475, 73.04, 242.08, 1.76487
ANTENNA__5350__A2, 73.04, 242.08, 1.76487
FILLER_0_84_137, 73.04, 242.08, 1.76487
FILLER_0_85_136, 73.04, 242.08, 1.76487
FILLER_0_86_158, 73.04, 242.08, 1.76487
_4168_, 85.84, 242.08, 1.76465
_4170_, 85.84, 242.08, 1.76465
_4172_, 85.84, 242.08, 1.76465
_6327_, 85.84, 242.08, 1.76465
hold476, 85.84, 242.08, 1.76465
ANTENNA__4172__B1, 85.84, 242.08, 1.76465
ANTENNA__6318__B1, 85.84, 242.08, 1.76465
FILLER_0_85_165, 85.84, 242.08, 1.76465
FILLER_0_85_173, 85.84, 242.08, 1.76465
FILLER_0_85_179, 85.84, 242.08, 1.76465
_4165_, 98.64, 242.08, 1.76447
_4174_, 98.64, 242.08, 1.76447
_7036_, 98.64, 242.08, 1.76447
ANTENNA__3467__S, 98.64, 242.08, 1.76447
FILLER_0_84_193, 98.64, 242.08, 1.76447
FILLER_0_84_201, 98.64, 242.08, 1.76447
FILLER_0_86_216, 98.64, 242.08, 1.76447
_3475_, 111.44, 242.08, 1.76431
_4164_, 111.44, 242.08, 1.76431
_6340_, 111.44, 242.08, 1.76431
_6989_, 111.44, 242.08, 1.76431
ANTENNA__3474__A, 111.44, 242.08, 1.76431
ANTENNA__3474__B, 111.44, 242.08, 1.76431
ANTENNA__4161__B2, 111.44, 242.08, 1.76431
ANTENNA__6991__RESET_B, 111.44, 242.08, 1.76431
ANTENNA__6989__RESET_B, 111.44, 242.08, 1.76431
FILLER_0_84_222, 111.44, 242.08, 1.76431
FILLER_0_85_229, 111.44, 242.08, 1.76431
_3955_, 124.24, 242.08, 1.76422
_6991_, 124.24, 242.08, 1.76422
ANTENNA__3950__B1, 124.24, 242.08, 1.76422
ANTENNA__3950__A2, 124.24, 242.08, 1.76422
ANTENNA__7124__RESET_B, 124.24, 242.08, 1.76422
FILLER_0_84_257, 124.24, 242.08, 1.76422
FILLER_0_85_270, 124.24, 242.08, 1.76422
_4254_, 137.04, 242.08, 1.76415
_4258_, 137.04, 242.08, 1.76415
_4259_, 137.04, 242.08, 1.76415
_7044_, 137.04, 242.08, 1.76415
ANTENNA__4259__B1, 137.04, 242.08, 1.76415
ANTENNA__4259__A1, 137.04, 242.08, 1.76415
ANTENNA__4252__B, 137.04, 242.08, 1.76415
ANTENNA__3955__A0, 137.04, 242.08, 1.76415
ANTENNA__7044__RESET_B, 137.04, 242.08, 1.76415
FILLER_0_86_294, 137.04, 242.08, 1.76415
_3486_, 149.84, 242.08, 1.76412
_3954_, 149.84, 242.08, 1.76412
_4253_, 149.84, 242.08, 1.76412
_4256_, 149.84, 242.08, 1.76412
hold304, 149.84, 242.08, 1.76412
ANTENNA__3486__B, 149.84, 242.08, 1.76412
ANTENNA__6358__B1, 149.84, 242.08, 1.76412
FILLER_0_84_309, 149.84, 242.08, 1.76412
FILLER_0_85_319, 149.84, 242.08, 1.76412
FILLER_0_86_324, 149.84, 242.08, 1.76412
_3487_, 162.64, 242.08, 1.76412
_3973_, 162.64, 242.08, 1.76412
_6998_, 162.64, 242.08, 1.76412
ANTENNA__3973__B2, 162.64, 242.08, 1.76412
ANTENNA__6355__A1, 162.64, 242.08, 1.76412
ANTENNA__6355__B1, 162.64, 242.08, 1.76412
_3646_, 188.429, 242.08, 1.76382
_5353_, 188.429, 242.08, 1.76382
_7241_, 188.429, 242.08, 1.76382
hold443, 188.429, 242.08, 1.76382
ANTENNA__5353__A1, 188.429, 242.08, 1.76382
ANTENNA__4944__B1, 188.429, 242.08, 1.76382
ANTENNA__5353__A2, 188.429, 242.08, 1.76382
ANTENNA__7251__RESET_B, 188.429, 242.08, 1.76382
FILLER_0_84_384, 188.429, 242.08, 1.76382
FILLER_0_85_387, 188.429, 242.08, 1.76382
_3527_, 201.418, 242.08, 1.76359
_3528_, 201.418, 242.08, 1.76359
_5701_, 201.418, 242.08, 1.76359
_7251_, 201.418, 242.08, 1.76359
ANTENNA_clkbuf_leaf_39_clk_A, 201.418, 242.08, 1.76359
ANTENNA__7241__RESET_B, 201.418, 242.08, 1.76359
_3523_, 214.407, 242.08, 1.76339
_3524_, 214.407, 242.08, 1.76339
_5408_, 214.407, 242.08, 1.76339
_5681_, 214.407, 242.08, 1.76339
_5693_, 214.407, 242.08, 1.76339
hold115, 214.407, 242.08, 1.76339
hold116, 214.407, 242.08, 1.76339
ANTENNA__3528__A2, 214.407, 242.08, 1.76339
FILLER_0_85_445, 214.407, 242.08, 1.76339
FILLER_0_86_464, 214.407, 242.08, 1.76339
_3522_, 227.396, 242.08, 1.76328
_5699_, 227.396, 242.08, 1.76328
_7250_, 227.396, 242.08, 1.76328
hold36, 227.396, 242.08, 1.76328
ANTENNA__3524__C1, 227.396, 242.08, 1.76328
FILLER_0_84_477, 227.396, 242.08, 1.76328
_5401_, 240.385, 242.08, 1.76319
hold225, 240.385, 242.08, 1.76319
ANTENNA__3522__A2, 240.385, 242.08, 1.76319
ANTENNA__5412__S, 240.385, 242.08, 1.76319
ANTENNA__5413__A2, 240.385, 242.08, 1.76319
ANTENNA__5698__B1, 240.385, 242.08, 1.76319
ANTENNA__7250__RESET_B, 240.385, 242.08, 1.76319
FILLER_0_85_501, 240.385, 242.08, 1.76319
_5875_, 253.374, 242.08, 1.76311
hold343, 253.374, 242.08, 1.76311
ANTENNA__5402__A2, 253.374, 242.08, 1.76311
ANTENNA__5875__B1, 253.374, 242.08, 1.76311
ANTENNA__5875__A2, 253.374, 242.08, 1.76311
ANTENNA__7253__RESET_B, 253.374, 242.08, 1.76311
_5883_, 266.363, 242.08, 1.76304
_7368_, 266.363, 242.08, 1.76304
hold582, 266.363, 242.08, 1.76304
ANTENNA__5878__S, 266.363, 242.08, 1.76304
ANTENNA__5877__A2, 266.363, 242.08, 1.76304
ANTENNA__7334__RESET_B, 266.363, 242.08, 1.76304
_6042_, 279.352, 242.08, 1.763
_6043_, 279.352, 242.08, 1.763
ANTENNA__6043__B2, 279.352, 242.08, 1.763
ANTENNA__5885__A2, 279.352, 242.08, 1.763
ANTENNA__7260__RESET_B, 279.352, 242.08, 1.763
ANTENNA__7368__RESET_B, 279.352, 242.08, 1.763
_5887_, 292.341, 242.08, 1.76296
_6048_, 292.341, 242.08, 1.76296
hold69, 292.341, 242.08, 1.76296
ANTENNA__7263__RESET_B, 292.341, 242.08, 1.76296
ANTENNA__7338__RESET_B, 292.341, 242.08, 1.76296
_6174_, 305.33, 242.08, 1.76293
_6179_, 305.33, 242.08, 1.76293
_6181_, 305.33, 242.08, 1.76293
_6183_, 305.33, 242.08, 1.76293
hold673, 305.33, 242.08, 1.76293
ANTENNA__5887__B2, 305.33, 242.08, 1.76293
ANTENNA__5518__B1, 305.33, 242.08, 1.76293
ANTENNA__5887__A2, 305.33, 242.08, 1.76293
ANTENNA__7264__RESET_B, 305.33, 242.08, 1.76293
FILLER_0_84_639, 305.33, 242.08, 1.76293
FILLER_0_84_645, 305.33, 242.08, 1.76293
PHY_164, 5.52, 236.64, 1.76652
PHY_166, 5.52, 236.64, 1.76652
output42, 5.52, 236.64, 1.76652
PHY_165, 318.32, 236.64, 1.7618
PHY_167, 318.32, 236.64, 1.7618
ANTENNA__5523__A, 318.32, 236.64, 1.7618
ANTENNA__5519__C1, 318.32, 236.64, 1.7618
ANTENNA__5512__A, 318.32, 236.64, 1.7618
ANTENNA__5505__A1, 318.32, 236.64, 1.7618
ANTENNA__5504__A, 318.32, 236.64, 1.7618
FILLER_0_83_669, 318.32, 236.64, 1.7618
_6833_, 13.68, 236.64, 1.76653
ANTENNA__3506__A, 13.68, 236.64, 1.76653
FILLER_0_82_13, 13.68, 236.64, 1.76653
FILLER_0_84_18, 13.68, 236.64, 1.76653
_6748_, 34.64, 236.64, 1.76616
clkbuf_leaf_20_clk, 34.64, 236.64, 1.76616
FILLER_0_82_53, 34.64, 236.64, 1.76616
_6804_, 47.44, 236.64, 1.76583
_6894_, 47.44, 236.64, 1.76583
_7616_, 47.44, 236.64, 1.76583
_7655_, 47.44, 236.64, 1.76583
ANTENNA__6894__S, 47.44, 236.64, 1.76583
_5376_, 60.24, 236.64, 1.76553
_6721_, 60.24, 236.64, 1.76553
_6727_, 60.24, 236.64, 1.76553
_6728_, 60.24, 236.64, 1.76553
_7564_, 60.24, 236.64, 1.76553
ANTENNA__6804__S, 60.24, 236.64, 1.76553
FILLER_0_83_109, 60.24, 236.64, 1.76553
FILLER_0_83_128, 60.24, 236.64, 1.76553
_5372_, 73.04, 236.64, 1.76525
_6326_, 73.04, 236.64, 1.76525
_7410_, 73.04, 236.64, 1.76525
ANTENNA__5377__A2, 73.04, 236.64, 1.76525
ANTENNA__6326__S, 73.04, 236.64, 1.76525
FILLER_0_82_133, 73.04, 236.64, 1.76525
_3467_, 85.84, 236.64, 1.76499
_4153_, 85.84, 236.64, 1.76499
_6318_, 85.84, 236.64, 1.76499
ANTENNA__5377__C1, 85.84, 236.64, 1.76499
ANTENNA__6318__A1, 85.84, 236.64, 1.76499
FILLER_0_83_164, 85.84, 236.64, 1.76499
FILLER_0_83_169, 85.84, 236.64, 1.76499
FILLER_0_83_187, 85.84, 236.64, 1.76499
_4151_, 98.64, 236.64, 1.76477
_4152_, 98.64, 236.64, 1.76477
_4161_, 98.64, 236.64, 1.76477
_4162_, 98.64, 236.64, 1.76477
_4163_, 98.64, 236.64, 1.76477
_4179_, 98.64, 236.64, 1.76477
ANTENNA__4162__D, 98.64, 236.64, 1.76477
ANTENNA__4151__B, 98.64, 236.64, 1.76477
ANTENNA__4166__A, 98.64, 236.64, 1.76477
ANTENNA__7036__RESET_B, 98.64, 236.64, 1.76477
FILLER_0_83_192, 98.64, 236.64, 1.76477
FILLER_0_83_198, 98.64, 236.64, 1.76477
_3474_, 111.44, 236.64, 1.76457
_3950_, 111.44, 236.64, 1.76457
_4160_, 111.44, 236.64, 1.76457
clkbuf_leaf_35_clk, 111.44, 236.64, 1.76457
hold550, 111.44, 236.64, 1.76457
ANTENNA__4161__A1, 111.44, 236.64, 1.76457
ANTENNA__6990__RESET_B, 111.44, 236.64, 1.76457
_4625_, 124.24, 236.64, 1.76444
_4627_, 124.24, 236.64, 1.76444
_7124_, 124.24, 236.64, 1.76444
hold400, 124.24, 236.64, 1.76444
ANTENNA__4627__B1, 124.24, 236.64, 1.76444
FILLER_0_84_265, 124.24, 236.64, 1.76444
_3975_, 137.04, 236.64, 1.76435
_4252_, 137.04, 236.64, 1.76435
_4262_, 137.04, 236.64, 1.76435
_6999_, 137.04, 236.64, 1.76435
hold651, 137.04, 236.64, 1.76435
ANTENNA__6999__RESET_B, 137.04, 236.64, 1.76435
ANTENNA_clkbuf_leaf_36_clk_A, 137.04, 236.64, 1.76435
FILLER_0_83_289, 137.04, 236.64, 1.76435
_3488_, 149.84, 236.64, 1.76428
_4263_, 149.84, 236.64, 1.76428
hold49, 149.84, 236.64, 1.76428
ANTENNA__3488__B, 149.84, 236.64, 1.76428
ANTENNA__3487__A2, 149.84, 236.64, 1.76428
ANTENNA__4264__B1, 149.84, 236.64, 1.76428
ANTENNA__3975__A2, 149.84, 236.64, 1.76428
ANTENNA__4253__A_N, 149.84, 236.64, 1.76428
ANTENNA__7045__RESET_B, 149.84, 236.64, 1.76428
FILLER_0_82_305, 149.84, 236.64, 1.76428
FILLER_0_83_322, 149.84, 236.64, 1.76428
_3490_, 162.64, 236.64, 1.76423
_6361_, 162.64, 236.64, 1.76423
hold494, 162.64, 236.64, 1.76423
ANTENNA__3491__C1, 162.64, 236.64, 1.76423
ANTENNA__3490__B, 162.64, 236.64, 1.76423
ANTENNA__3491__A2, 162.64, 236.64, 1.76423
ANTENNA__6361__A1, 162.64, 236.64, 1.76423
ANTENNA__6361__B1, 162.64, 236.64, 1.76423
FILLER_0_83_328, 162.64, 236.64, 1.76423
_7178_, 188.429, 236.64, 1.76358
ANTENNA__4957__B1, 188.429, 236.64, 1.76358
ANTENNA__4957__A2, 188.429, 236.64, 1.76358
ANTENNA__7244__RESET_B, 188.429, 236.64, 1.76358
_3980_, 201.418, 236.64, 1.76298
_4454_, 201.418, 236.64, 1.76298
_5092_, 201.418, 236.64, 1.76298
ANTENNA__5380__B1, 201.418, 236.64, 1.76298
_5409_, 214.407, 236.64, 1.7626
_5696_, 214.407, 236.64, 1.7626
_5697_, 214.407, 236.64, 1.7626
_5700_, 214.407, 236.64, 1.7626
clkbuf_3_6__f_clk, 214.407, 236.64, 1.7626
ANTENNA__7178__RESET_B, 214.407, 236.64, 1.7626
FILLER_0_83_445, 214.407, 236.64, 1.7626
_3521_, 227.396, 236.64, 1.7624
_5407_, 227.396, 236.64, 1.7624
_5698_, 227.396, 236.64, 1.7624
_7297_, 227.396, 236.64, 1.7624
hold37, 227.396, 236.64, 1.7624
hold702, 227.396, 236.64, 1.7624
ANTENNA__3524__A2, 227.396, 236.64, 1.7624
_5413_, 240.385, 236.64, 1.76224
_7253_, 240.385, 236.64, 1.76224
ANTENNA__5409__A2, 240.385, 236.64, 1.76224
ANTENNA__5407__A2, 240.385, 236.64, 1.76224
ANTENNA__5413__B2, 240.385, 236.64, 1.76224
ANTENNA__5407__B2, 240.385, 236.64, 1.76224
ANTENNA__7248__RESET_B, 240.385, 236.64, 1.76224
FILLER_0_82_501, 240.385, 236.64, 1.76224
_5402_, 253.374, 236.64, 1.76209
_5876_, 253.374, 236.64, 1.76209
_5877_, 253.374, 236.64, 1.76209
_5878_, 253.374, 236.64, 1.76209
_7334_, 253.374, 236.64, 1.76209
hold51, 253.374, 236.64, 1.76209
ANTENNA__5402__B2, 253.374, 236.64, 1.76209
FILLER_0_82_529, 253.374, 236.64, 1.76209
_5457_, 266.363, 236.64, 1.76198
_7260_, 266.363, 236.64, 1.76198
hold143, 266.363, 236.64, 1.76198
ANTENNA__5876__S, 266.363, 236.64, 1.76198
ANTENNA__5454__A1, 266.363, 236.64, 1.76198
FILLER_0_83_557, 266.363, 236.64, 1.76198
FILLER_0_83_565, 266.363, 236.64, 1.76198
_5882_, 279.352, 236.64, 1.76189
_5885_, 279.352, 236.64, 1.76189
_7338_, 279.352, 236.64, 1.76189
hold42, 279.352, 236.64, 1.76189
hold675, 279.352, 236.64, 1.76189
ANTENNA__5451__B1, 279.352, 236.64, 1.76189
ANTENNA__6043__A2, 279.352, 236.64, 1.76189
FILLER_0_82_585, 279.352, 236.64, 1.76189
_5886_, 292.341, 236.64, 1.76183
_7264_, 292.341, 236.64, 1.76183
ANTENNA__5885__B2, 292.341, 236.64, 1.76183
ANTENNA__5511__B2, 292.341, 236.64, 1.76183
ANTENNA__5506__C, 292.341, 236.64, 1.76183
ANTENNA__6042__S, 292.341, 236.64, 1.76183
ANTENNA__5882__S, 292.341, 236.64, 1.76183
FILLER_0_83_621, 292.341, 236.64, 1.76183
_6182_, 305.33, 236.64, 1.7618
_7388_, 305.33, 236.64, 1.7618
hold746, 305.33, 236.64, 1.7618
ANTENNA__5531__A1, 305.33, 236.64, 1.7618
ANTENNA__5518__A1, 305.33, 236.64, 1.7618
FILLER_0_82_645, 305.33, 236.64, 1.7618
_3506_, 5.52, 231.2, 1.76681
PHY_160, 5.52, 231.2, 1.76681
PHY_162, 5.52, 231.2, 1.76681
FILLER_0_82_3, 5.52, 231.2, 1.76681
_5513_, 318.32, 231.2, 1.76195
_5514_, 318.32, 231.2, 1.76195
_5515_, 318.32, 231.2, 1.76195
PHY_161, 318.32, 231.2, 1.76195
PHY_163, 318.32, 231.2, 1.76195
ANTENNA_output35_A, 318.32, 231.2, 1.76195
_6867_, 13.68, 231.2, 1.76681
_7645_, 13.68, 231.2, 1.76681
FILLER_0_80_15, 13.68, 231.2, 1.76681
FILLER_0_81_15, 13.68, 231.2, 1.76681
_5375_, 34.64, 231.2, 1.76643
_6754_, 34.64, 231.2, 1.76643
_6775_, 34.64, 231.2, 1.76643
_6895_, 34.64, 231.2, 1.76643
_7606_, 34.64, 231.2, 1.76643
hold366, 34.64, 231.2, 1.76643
_5373_, 47.44, 231.2, 1.76607
_6811_, 47.44, 231.2, 1.76607
_7619_, 47.44, 231.2, 1.76607
_7658_, 47.44, 231.2, 1.76607
hold367, 47.44, 231.2, 1.76607
hold369, 47.44, 231.2, 1.76607
ANTENNA__6775__S, 47.44, 231.2, 1.76607
FILLER_0_80_85, 47.44, 231.2, 1.76607
_7580_, 60.24, 231.2, 1.76575
clkbuf_leaf_21_clk, 60.24, 231.2, 1.76575
hold395, 60.24, 231.2, 1.76575
_5377_, 73.04, 231.2, 1.7655
_6336_, 73.04, 231.2, 1.7655
_6700_, 73.04, 231.2, 1.7655
_7413_, 73.04, 231.2, 1.7655
hold419, 73.04, 231.2, 1.7655
ANTENNA__6335__S, 73.04, 231.2, 1.7655
FILLER_0_81_133, 73.04, 231.2, 1.7655
FILLER_0_82_147, 73.04, 231.2, 1.7655
_4154_, 85.84, 231.2, 1.76527
_4158_, 85.84, 231.2, 1.76527
_4159_, 85.84, 231.2, 1.76527
_4166_, 85.84, 231.2, 1.76527
_4167_, 85.84, 231.2, 1.76527
ANTENNA__6334__B1, 85.84, 231.2, 1.76527
FILLER_0_80_170, 85.84, 231.2, 1.76527
FILLER_0_81_162, 85.84, 231.2, 1.76527
FILLER_0_81_169, 85.84, 231.2, 1.76527
FILLER_0_82_182, 85.84, 231.2, 1.76527
_4150_, 98.64, 231.2, 1.76507
_6990_, 98.64, 231.2, 1.76507
ANTENNA__4156__B1, 98.64, 231.2, 1.76507
ANTENNA__4157__A2, 98.64, 231.2, 1.76507
ANTENNA__4141__B, 98.64, 231.2, 1.76507
ANTENNA__4162__C, 98.64, 231.2, 1.76507
ANTENNA__4150__A, 98.64, 231.2, 1.76507
FILLER_0_81_190, 98.64, 231.2, 1.76507
FILLER_0_82_204, 98.64, 231.2, 1.76507
FILLER_0_82_212, 98.64, 231.2, 1.76507
_4586_, 111.44, 231.2, 1.76489
hold580, 111.44, 231.2, 1.76489
ANTENNA_clkbuf_leaf_35_clk_A, 111.44, 231.2, 1.76489
FILLER_0_80_230, 111.44, 231.2, 1.76489
_4587_, 124.24, 231.2, 1.76472
_4618_, 124.24, 231.2, 1.76472
_4626_, 124.24, 231.2, 1.76472
_4629_, 124.24, 231.2, 1.76472
_7108_, 124.24, 231.2, 1.76472
ANTENNA__4586__S, 124.24, 231.2, 1.76472
ANTENNA__4587__B1, 124.24, 231.2, 1.76472
ANTENNA__4627__A1, 124.24, 231.2, 1.76472
ANTENNA__4587__A2, 124.24, 231.2, 1.76472
ANTENNA__7108__RESET_B, 124.24, 231.2, 1.76472
FILLER_0_81_247, 124.24, 231.2, 1.76472
_7109_, 137.04, 231.2, 1.76459
clkbuf_leaf_36_clk, 137.04, 231.2, 1.76459
hold631, 137.04, 231.2, 1.76459
ANTENNA__3489__A2, 137.04, 231.2, 1.76459
ANTENNA__4588__S, 137.04, 231.2, 1.76459
FILLER_0_81_277, 137.04, 231.2, 1.76459
FILLER_0_81_281, 137.04, 231.2, 1.76459
_4264_, 149.84, 231.2, 1.76454
_6358_, 149.84, 231.2, 1.76454
_7045_, 149.84, 231.2, 1.76454
ANTENNA__4264__A2, 149.84, 231.2, 1.76454
ANTENNA__6358__A1, 149.84, 231.2, 1.76454
FILLER_0_81_314, 149.84, 231.2, 1.76454
FILLER_0_81_326, 149.84, 231.2, 1.76454
_3491_, 162.64, 231.2, 1.76453
_3977_, 162.64, 231.2, 1.76453
_7000_, 162.64, 231.2, 1.76453
hold595, 162.64, 231.2, 1.76453
ANTENNA__7119__RESET_B, 162.64, 231.2, 1.76453
ANTENNA__7000__RESET_B, 162.64, 231.2, 1.76453
_3505_, 188.429, 231.2, 1.76404
_3645_, 188.429, 231.2, 1.76404
_7254_, 188.429, 231.2, 1.76404
clkbuf_leaf_39_clk, 188.429, 231.2, 1.76404
ANTENNA__3502__A, 188.429, 231.2, 1.76404
ANTENNA__4584__S, 188.429, 231.2, 1.76404
ANTENNA__5370__A, 188.429, 231.2, 1.76404
ANTENNA__7255__RESET_B, 188.429, 231.2, 1.76404
FILLER_0_81_397, 188.429, 231.2, 1.76404
FILLER_0_81_404, 188.429, 231.2, 1.76404
_5379_, 201.418, 231.2, 1.76367
_5380_, 201.418, 231.2, 1.76367
_7244_, 201.418, 231.2, 1.76367
hold471, 201.418, 231.2, 1.76367
_5685_, 214.407, 231.2, 1.76333
_5686_, 214.407, 231.2, 1.76333
_5688_, 214.407, 231.2, 1.76333
_5692_, 214.407, 231.2, 1.76333
_7295_, 214.407, 231.2, 1.76333
hold502, 214.407, 231.2, 1.76333
ANTENNA__5379__A, 214.407, 231.2, 1.76333
ANTENNA_clkbuf_3_6__f_clk_A, 214.407, 231.2, 1.76333
FILLER_0_81_445, 214.407, 231.2, 1.76333
FILLER_0_82_468, 214.407, 231.2, 1.76333
hold662, 227.396, 231.2, 1.76305
ANTENNA__3521__B, 227.396, 231.2, 1.76305
ANTENNA__5682__A1, 227.396, 231.2, 1.76305
ANTENNA__5698__A2, 227.396, 231.2, 1.76305
ANTENNA__5675__B, 227.396, 231.2, 1.76305
ANTENNA__7295__RESET_B, 227.396, 231.2, 1.76305
FILLER_0_80_481, 227.396, 231.2, 1.76305
_5412_, 240.385, 231.2, 1.76278
_7248_, 240.385, 231.2, 1.76278
hold34, 240.385, 231.2, 1.76278
hold50, 240.385, 231.2, 1.76278
ANTENNA__5405__A2, 240.385, 231.2, 1.76278
ANTENNA__7297__RESET_B, 240.385, 231.2, 1.76278
_5451_, 253.374, 231.2, 1.76253
_5454_, 253.374, 231.2, 1.76253
_5458_, 253.374, 231.2, 1.76253
_7259_, 253.374, 231.2, 1.76253
hold557, 253.374, 231.2, 1.76253
ANTENNA__5177__B1, 253.374, 231.2, 1.76253
_5455_, 266.363, 231.2, 1.76232
_5456_, 266.363, 231.2, 1.76232
_5459_, 266.363, 231.2, 1.76232
_5460_, 266.363, 231.2, 1.76232
_5463_, 266.363, 231.2, 1.76232
_5464_, 266.363, 231.2, 1.76232
_5470_, 266.363, 231.2, 1.76232
ANTENNA__5451__A2, 266.363, 231.2, 1.76232
ANTENNA__7259__RESET_B, 266.363, 231.2, 1.76232
FILLER_0_80_553, 266.363, 231.2, 1.76232
FILLER_0_81_557, 266.363, 231.2, 1.76232
FILLER_0_82_570, 266.363, 231.2, 1.76232
_5462_, 279.352, 231.2, 1.76214
_5491_, 279.352, 231.2, 1.76214
_7262_, 279.352, 231.2, 1.76214
_7263_, 279.352, 231.2, 1.76214
hold329, 279.352, 231.2, 1.76214
ANTENNA__5464__B2, 279.352, 231.2, 1.76214
ANTENNA__5463__B1, 279.352, 231.2, 1.76214
ANTENNA__7262__RESET_B, 279.352, 231.2, 1.76214
_5511_, 292.341, 231.2, 1.76203
clkbuf_leaf_49_clk, 292.341, 231.2, 1.76203
ANTENNA__5496__B1, 292.341, 231.2, 1.76203
ANTENNA__5496__A1, 292.341, 231.2, 1.76203
FILLER_0_82_636, 292.341, 231.2, 1.76203
_5503_, 305.33, 231.2, 1.76197
_5504_, 305.33, 231.2, 1.76197
_5505_, 305.33, 231.2, 1.76197
_5506_, 305.33, 231.2, 1.76197
_5507_, 305.33, 231.2, 1.76197
_5517_, 305.33, 231.2, 1.76197
_5521_, 305.33, 231.2, 1.76197
ANTENNA__5531__B1, 305.33, 231.2, 1.76197
ANTENNA_clkbuf_leaf_50_clk_A, 305.33, 231.2, 1.76197
ANTENNA__7266__RESET_B, 305.33, 231.2, 1.76197
FILLER_0_81_651, 305.33, 231.2, 1.76197
FILLER_0_82_664, 305.33, 231.2, 1.76197
PHY_156, 5.52, 225.76, 1.76719
PHY_158, 5.52, 225.76, 1.76719
_5530_, 318.32, 225.76, 1.7621
PHY_157, 318.32, 225.76, 1.7621
PHY_159, 318.32, 225.76, 1.7621
ANTENNA__5533__A_N, 318.32, 225.76, 1.7621
_6839_, 13.68, 225.76, 1.76719
_7632_, 13.68, 225.76, 1.76719
FILLER_0_79_15, 13.68, 225.76, 1.76719
_5344_, 34.64, 225.76, 1.7669
_5366_, 34.64, 225.76, 1.7669
_6781_, 34.64, 225.76, 1.7669
_6782_, 34.64, 225.76, 1.7669
ANTENNA__6781__S, 34.64, 225.76, 1.7669
FILLER_0_78_50, 34.64, 225.76, 1.7669
FILLER_0_79_50, 34.64, 225.76, 1.7669
FILLER_0_79_57, 34.64, 225.76, 1.7669
_6810_, 47.44, 225.76, 1.76662
ANTENNA__5346__A, 47.44, 225.76, 1.76662
FILLER_0_78_81, 47.44, 225.76, 1.76662
FILLER_0_79_89, 47.44, 225.76, 1.76662
_6701_, 60.24, 225.76, 1.76634
_6726_, 60.24, 225.76, 1.76634
_7567_, 60.24, 225.76, 1.76634
hold418, 60.24, 225.76, 1.76634
ANTENNA__6810__S, 60.24, 225.76, 1.76634
ANTENNA_clkbuf_leaf_21_clk_A, 60.24, 225.76, 1.76634
_5363_, 73.04, 225.76, 1.76607
_6334_, 73.04, 225.76, 1.76607
_6335_, 73.04, 225.76, 1.76607
wire65, 73.04, 225.76, 1.76607
hold336, 73.04, 225.76, 1.76607
hold338, 73.04, 225.76, 1.76607
ANTENNA__6334__A1, 73.04, 225.76, 1.76607
ANTENNA__5368__A2, 73.04, 225.76, 1.76607
ANTENNA_clkbuf_leaf_16_clk_A, 73.04, 225.76, 1.76607
FILLER_0_79_134, 73.04, 225.76, 1.76607
_3464_, 85.84, 225.76, 1.76583
_4149_, 85.84, 225.76, 1.76583
_4155_, 85.84, 225.76, 1.76583
_4157_, 85.84, 225.76, 1.76583
ANTENNA__3464__S, 85.84, 225.76, 1.76583
ANTENNA__5368__C1, 85.84, 225.76, 1.76583
FILLER_0_79_163, 85.84, 225.76, 1.76583
FILLER_0_79_169, 85.84, 225.76, 1.76583
_3952_, 98.64, 225.76, 1.7656
_3953_, 98.64, 225.76, 1.7656
_4139_, 98.64, 225.76, 1.7656
_4141_, 98.64, 225.76, 1.7656
_4142_, 98.64, 225.76, 1.7656
_7123_, 98.64, 225.76, 1.7656
ANTENNA__3953__B1, 98.64, 225.76, 1.7656
ANTENNA__4149__B1_N, 98.64, 225.76, 1.7656
ANTENNA__7123__RESET_B, 98.64, 225.76, 1.7656
FILLER_0_79_198, 98.64, 225.76, 1.7656
FILLER_0_80_205, 98.64, 225.76, 1.7656
_4616_, 111.44, 225.76, 1.76542
_4619_, 111.44, 225.76, 1.76542
_4624_, 111.44, 225.76, 1.76542
hold296, 111.44, 225.76, 1.76542
ANTENNA__3941__S, 111.44, 225.76, 1.76542
ANTENNA__3952__A1, 111.44, 225.76, 1.76542
ANTENNA__4619__B1, 111.44, 225.76, 1.76542
ANTENNA__3952__A0, 111.44, 225.76, 1.76542
ANTENNA__7121__RESET_B, 111.44, 225.76, 1.76542
FILLER_0_78_229, 111.44, 225.76, 1.76542
FILLER_0_79_219, 111.44, 225.76, 1.76542
FILLER_0_79_225, 111.44, 225.76, 1.76542
_4588_, 124.24, 225.76, 1.76526
_4622_, 124.24, 225.76, 1.76526
_4628_, 124.24, 225.76, 1.76526
_4637_, 124.24, 225.76, 1.76526
_4638_, 124.24, 225.76, 1.76526
ANTENNA__4637__B1, 124.24, 225.76, 1.76526
ANTENNA__4589__A2, 124.24, 225.76, 1.76526
ANTENNA__7125__RESET_B, 124.24, 225.76, 1.76526
ANTENNA__7110__RESET_B, 124.24, 225.76, 1.76526
ANTENNA__7109__RESET_B, 124.24, 225.76, 1.76526
FILLER_0_78_253, 124.24, 225.76, 1.76526
FILLER_0_79_250, 124.24, 225.76, 1.76526
FILLER_0_79_262, 124.24, 225.76, 1.76526
FILLER_0_80_259, 124.24, 225.76, 1.76526
_3489_, 137.04, 225.76, 1.76511
_4589_, 137.04, 225.76, 1.76511
_4590_, 137.04, 225.76, 1.76511
_7110_, 137.04, 225.76, 1.76511
ANTENNA__3489__C1, 137.04, 225.76, 1.76511
ANTENNA__7111__RESET_B, 137.04, 225.76, 1.76511
FILLER_0_79_281, 137.04, 225.76, 1.76511
_4593_, 149.84, 225.76, 1.76501
_7111_, 149.84, 225.76, 1.76501
hold549, 149.84, 225.76, 1.76501
hold660, 149.84, 225.76, 1.76501
FILLER_0_80_321, 149.84, 225.76, 1.76501
_7119_, 162.64, 225.76, 1.76494
hold38, 162.64, 225.76, 1.76494
hold67, 162.64, 225.76, 1.76494
_3502_, 188.429, 225.76, 1.76442
_5370_, 188.429, 225.76, 1.76442
_5371_, 188.429, 225.76, 1.76442
hold730, 188.429, 225.76, 1.76442
ANTENNA__4582__S, 188.429, 225.76, 1.76442
ANTENNA__5371__A2, 188.429, 225.76, 1.76442
ANTENNA__4582__A0, 188.429, 225.76, 1.76442
FILLER_0_79_389, 188.429, 225.76, 1.76442
FILLER_0_79_401, 188.429, 225.76, 1.76442
_5589_, 201.418, 225.76, 1.76399
_5590_, 201.418, 225.76, 1.76399
_5687_, 201.418, 225.76, 1.76399
_7296_, 201.418, 225.76, 1.76399
ANTENNA__3505__A, 201.418, 225.76, 1.76399
ANTENNA__5371__B1, 201.418, 225.76, 1.76399
ANTENNA__3645__A, 201.418, 225.76, 1.76399
ANTENNA__5380__A2, 201.418, 225.76, 1.76399
FILLER_0_79_424, 201.418, 225.76, 1.76399
_5675_, 214.407, 225.76, 1.76359
_5689_, 214.407, 225.76, 1.76359
_5690_, 214.407, 225.76, 1.76359
_5691_, 214.407, 225.76, 1.76359
ANTENNA__5691__A1, 214.407, 225.76, 1.76359
ANTENNA__5686__B, 214.407, 225.76, 1.76359
ANTENNA__5685__B, 214.407, 225.76, 1.76359
ANTENNA__5691__B1, 214.407, 225.76, 1.76359
ANTENNA__5682__B1, 214.407, 225.76, 1.76359
ANTENNA__7296__RESET_B, 214.407, 225.76, 1.76359
_5679_, 227.396, 225.76, 1.76321
_5682_, 227.396, 225.76, 1.76321
_5683_, 227.396, 225.76, 1.76321
_7249_, 227.396, 225.76, 1.76321
hold35, 227.396, 225.76, 1.76321
ANTENNA__3520__C1, 227.396, 225.76, 1.76321
ANTENNA__5405__B2, 227.396, 225.76, 1.76321
ANTENNA__7249__RESET_B, 227.396, 225.76, 1.76321
_3517_, 240.385, 225.76, 1.76286
_3519_, 240.385, 225.76, 1.76286
_5177_, 240.385, 225.76, 1.76286
_5405_, 240.385, 225.76, 1.76286
_5419_, 240.385, 225.76, 1.76286
_5440_, 240.385, 225.76, 1.76286
clkbuf_leaf_56_clk, 240.385, 225.76, 1.76286
ANTENNA_clkbuf_leaf_56_clk_A, 240.385, 225.76, 1.76286
_5439_, 253.374, 225.76, 1.76264
_5442_, 253.374, 225.76, 1.76264
_5443_, 253.374, 225.76, 1.76264
_5444_, 253.374, 225.76, 1.76264
_5448_, 253.374, 225.76, 1.76264
_5453_, 253.374, 225.76, 1.76264
ANTENNA__3519__B, 253.374, 225.76, 1.76264
ANTENNA__3517__B, 253.374, 225.76, 1.76264
ANTENNA__5177__A2, 253.374, 225.76, 1.76264
ANTENNA__5454__B2, 253.374, 225.76, 1.76264
ANTENNA__5440__B2, 253.374, 225.76, 1.76264
FILLER_0_80_539, 253.374, 225.76, 1.76264
_5461_, 266.363, 225.76, 1.76244
_5471_, 266.363, 225.76, 1.76244
_5472_, 266.363, 225.76, 1.76244
_5473_, 266.363, 225.76, 1.76244
_5486_, 266.363, 225.76, 1.76244
_5499_, 266.363, 225.76, 1.76244
ANTENNA__5455__B, 266.363, 225.76, 1.76244
ANTENNA__5440__A1, 266.363, 225.76, 1.76244
ANTENNA__5476__A2, 266.363, 225.76, 1.76244
ANTENNA__5455__A, 266.363, 225.76, 1.76244
FILLER_0_78_561, 266.363, 225.76, 1.76244
FILLER_0_79_557, 266.363, 225.76, 1.76244
FILLER_0_79_561, 266.363, 225.76, 1.76244
_5487_, 279.352, 225.76, 1.76229
_5488_, 279.352, 225.76, 1.76229
_5489_, 279.352, 225.76, 1.76229
_5490_, 279.352, 225.76, 1.76229
_5496_, 279.352, 225.76, 1.76229
_5497_, 279.352, 225.76, 1.76229
_5498_, 279.352, 225.76, 1.76229
ANTENNA__5491__B1, 279.352, 225.76, 1.76229
ANTENNA__5491__A1, 279.352, 225.76, 1.76229
FILLER_0_78_585, 279.352, 225.76, 1.76229
FILLER_0_79_582, 279.352, 225.76, 1.76229
_5494_, 292.341, 225.76, 1.76218
_5495_, 292.341, 225.76, 1.76218
_5502_, 292.341, 225.76, 1.76218
_5508_, 292.341, 225.76, 1.76218
_5509_, 292.341, 225.76, 1.76218
_5510_, 292.341, 225.76, 1.76218
_5522_, 292.341, 225.76, 1.76218
hold470, 292.341, 225.76, 1.76218
ANTENNA__5889__B2, 292.341, 225.76, 1.76218
ANTENNA__5492__A, 292.341, 225.76, 1.76218
ANTENNA_clkbuf_leaf_49_clk_A, 292.341, 225.76, 1.76218
ANTENNA__7341__RESET_B, 292.341, 225.76, 1.76218
FILLER_0_79_625, 292.341, 225.76, 1.76218
FILLER_0_80_624, 292.341, 225.76, 1.76218
_5516_, 305.33, 225.76, 1.76211
_5518_, 305.33, 225.76, 1.76211
_5519_, 305.33, 225.76, 1.76211
clkbuf_leaf_50_clk, 305.33, 225.76, 1.76211
ANTENNA__5539__A1, 305.33, 225.76, 1.76211
ANTENNA__5540__B1, 305.33, 225.76, 1.76211
ANTENNA__5524__A, 305.33, 225.76, 1.76211
ANTENNA__5890__S, 305.33, 225.76, 1.76211
PHY_152, 5.52, 220.32, 1.76743
PHY_154, 5.52, 220.32, 1.76743
_5512_, 318.32, 220.32, 1.76244
PHY_153, 318.32, 220.32, 1.76244
PHY_155, 318.32, 220.32, 1.76244
ANTENNA__5544__B1, 318.32, 220.32, 1.76244
_7644_, 13.68, 220.32, 1.76743
FILLER_0_76_13, 13.68, 220.32, 1.76743
FILLER_0_77_15, 13.68, 220.32, 1.76743
_5331_, 34.64, 220.32, 1.76702
_5333_, 34.64, 220.32, 1.76702
_5337_, 34.64, 220.32, 1.76702
_5342_, 34.64, 220.32, 1.76702
_5343_, 34.64, 220.32, 1.76702
_5345_, 34.64, 220.32, 1.76702
_5346_, 34.64, 220.32, 1.76702
FILLER_0_77_53, 34.64, 220.32, 1.76702
FILLER_0_78_71, 34.64, 220.32, 1.76702
_5334_, 47.44, 220.32, 1.76666
_5339_, 47.44, 220.32, 1.76666
_5340_, 47.44, 220.32, 1.76666
_5364_, 47.44, 220.32, 1.76666
_5367_, 47.44, 220.32, 1.76666
_6893_, 47.44, 220.32, 1.76666
_7657_, 47.44, 220.32, 1.76666
FILLER_0_76_79, 47.44, 220.32, 1.76666
FILLER_0_77_102, 47.44, 220.32, 1.76666
_5335_, 60.24, 220.32, 1.76634
_6725_, 60.24, 220.32, 1.76634
_7566_, 60.24, 220.32, 1.76634
_7579_, 60.24, 220.32, 1.76634
hold425, 60.24, 220.32, 1.76634
ANTENNA__5335__A, 60.24, 220.32, 1.76634
FILLER_0_78_124, 60.24, 220.32, 1.76634
_6698_, 73.04, 220.32, 1.76606
_6699_, 73.04, 220.32, 1.76606
_7035_, 73.04, 220.32, 1.76606
clkbuf_leaf_16_clk, 73.04, 220.32, 1.76606
_3462_, 85.84, 220.32, 1.76584
_4144_, 85.84, 220.32, 1.76584
_4156_, 85.84, 220.32, 1.76584
hold576, 85.84, 220.32, 1.76584
ANTENNA__3462__A, 85.84, 220.32, 1.76584
ANTENNA__3461__S, 85.84, 220.32, 1.76584
ANTENNA__6331__A2, 85.84, 220.32, 1.76584
ANTENNA__4146__B1, 85.84, 220.32, 1.76584
ANTENNA__6332__S, 85.84, 220.32, 1.76584
ANTENNA__7035__RESET_B, 85.84, 220.32, 1.76584
FILLER_0_76_169, 85.84, 220.32, 1.76584
FILLER_0_77_182, 85.84, 220.32, 1.76584
_3941_, 98.64, 220.32, 1.76565
_3942_, 98.64, 220.32, 1.76565
_6986_, 98.64, 220.32, 1.76565
ANTENNA__3476__A, 98.64, 220.32, 1.76565
ANTENNA__3952__S, 98.64, 220.32, 1.76565
ANTENNA__3953__A2, 98.64, 220.32, 1.76565
ANTENNA__4146__A1, 98.64, 220.32, 1.76565
ANTENNA__4139__A, 98.64, 220.32, 1.76565
ANTENNA__4135__A, 98.64, 220.32, 1.76565
FILLER_0_76_197, 98.64, 220.32, 1.76565
FILLER_0_77_197, 98.64, 220.32, 1.76565
FILLER_0_77_204, 98.64, 220.32, 1.76565
FILLER_0_77_210, 98.64, 220.32, 1.76565
FILLER_0_78_208, 98.64, 220.32, 1.76565
_4617_, 111.44, 220.32, 1.76548
_4623_, 111.44, 220.32, 1.76548
_7121_, 111.44, 220.32, 1.76548
hold3, 111.44, 220.32, 1.76548
ANTENNA__4619__A1, 111.44, 220.32, 1.76548
ANTENNA__6986__RESET_B, 111.44, 220.32, 1.76548
_4620_, 124.24, 220.32, 1.76535
_4635_, 124.24, 220.32, 1.76535
_4636_, 124.24, 220.32, 1.76535
_4640_, 124.24, 220.32, 1.76535
_7125_, 124.24, 220.32, 1.76535
ANTENNA__4638__A2, 124.24, 220.32, 1.76535
ANTENNA__4630__B1_N, 124.24, 220.32, 1.76535
ANTENNA__4622__B, 124.24, 220.32, 1.76535
FILLER_0_76_247, 124.24, 220.32, 1.76535
FILLER_0_77_269, 124.24, 220.32, 1.76535
_4591_, 137.04, 220.32, 1.76526
_4641_, 137.04, 220.32, 1.76526
_4660_, 137.04, 220.32, 1.76526
hold621, 137.04, 220.32, 1.76526
ANTENNA__4590__S, 137.04, 220.32, 1.76526
ANTENNA__4591__B1, 137.04, 220.32, 1.76526
ANTENNA__4589__B1, 137.04, 220.32, 1.76526
FILLER_0_76_284, 137.04, 220.32, 1.76526
FILLER_0_77_289, 137.04, 220.32, 1.76526
_4598_, 149.84, 220.32, 1.76519
_7113_, 149.84, 220.32, 1.76519
hold9, 149.84, 220.32, 1.76519
hold624, 149.84, 220.32, 1.76519
ANTENNA__4593__B1, 149.84, 220.32, 1.76519
ANTENNA__4598__A2, 149.84, 220.32, 1.76519
ANTENNA__4593__A2, 149.84, 220.32, 1.76519
ANTENNA__4591__A2, 149.84, 220.32, 1.76519
ANTENNA__7126__RESET_B, 149.84, 220.32, 1.76519
ANTENNA__7113__RESET_B, 149.84, 220.32, 1.76519
FILLER_0_76_302, 149.84, 220.32, 1.76519
FILLER_0_78_317, 149.84, 220.32, 1.76519
_7122_, 162.64, 220.32, 1.76516
hold12, 162.64, 220.32, 1.76516
hold68, 162.64, 220.32, 1.76516
hold713, 162.64, 220.32, 1.76516
ANTENNA__4596__A2, 162.64, 220.32, 1.76516
ANTENNA__4598__B1, 162.64, 220.32, 1.76516
ANTENNA__4596__B1, 162.64, 220.32, 1.76516
ANTENNA__7122__RESET_B, 162.64, 220.32, 1.76516
FILLER_0_76_329, 162.64, 220.32, 1.76516
FILLER_0_77_333, 162.64, 220.32, 1.76516
FILLER_0_77_337, 162.64, 220.32, 1.76516
_7243_, 188.429, 220.32, 1.76473
hold564, 188.429, 220.32, 1.76473
ANTENNA_clkbuf_leaf_38_clk_A, 188.429, 220.32, 1.76473
ANTENNA__7120__RESET_B, 188.429, 220.32, 1.76473
FILLER_0_76_389, 188.429, 220.32, 1.76473
FILLER_0_78_405, 188.429, 220.32, 1.76473
_3501_, 201.418, 220.32, 1.76433
_5601_, 201.418, 220.32, 1.76433
ANTENNA__3501__S, 201.418, 220.32, 1.76433
ANTENNA__5380__A1, 201.418, 220.32, 1.76433
ANTENNA__5589__B_N, 201.418, 220.32, 1.76433
ANTENNA__5601__B, 201.418, 220.32, 1.76433
ANTENNA__7288__RESET_B, 201.418, 220.32, 1.76433
ANTENNA__7243__RESET_B, 201.418, 220.32, 1.76433
ANTENNA__7254__RESET_B, 201.418, 220.32, 1.76433
FILLER_0_77_436, 201.418, 220.32, 1.76433
_5676_, 214.407, 220.32, 1.76394
_5677_, 214.407, 220.32, 1.76394
_5678_, 214.407, 220.32, 1.76394
_5684_, 214.407, 220.32, 1.76394
ANTENNA__3504__S, 214.407, 220.32, 1.76394
ANTENNA__5597__A2, 214.407, 220.32, 1.76394
ANTENNA__5677__C, 214.407, 220.32, 1.76394
ANTENNA__5676__B, 214.407, 220.32, 1.76394
FILLER_0_77_449, 214.407, 220.32, 1.76394
FILLER_0_78_456, 214.407, 220.32, 1.76394
_3520_, 227.396, 220.32, 1.76357
_5666_, 227.396, 220.32, 1.76357
_5668_, 227.396, 220.32, 1.76357
_5680_, 227.396, 220.32, 1.76357
ANTENNA__3520__A2, 227.396, 220.32, 1.76357
ANTENNA__5179__B1, 227.396, 220.32, 1.76357
ANTENNA__5683__B1, 227.396, 220.32, 1.76357
ANTENNA__5666__B, 227.396, 220.32, 1.76357
FILLER_0_76_481, 227.396, 220.32, 1.76357
_3518_, 240.385, 220.32, 1.76323
_5179_, 240.385, 220.32, 1.76323
_7214_, 240.385, 220.32, 1.76323
hold542, 240.385, 220.32, 1.76323
hold705, 240.385, 220.32, 1.76323
ANTENNA__5179__A2, 240.385, 220.32, 1.76323
ANTENNA__7214__RESET_B, 240.385, 220.32, 1.76323
_5441_, 253.374, 220.32, 1.76293
_5447_, 253.374, 220.32, 1.76293
_5449_, 253.374, 220.32, 1.76293
_5450_, 253.374, 220.32, 1.76293
_5452_, 253.374, 220.32, 1.76293
_5874_, 253.374, 220.32, 1.76293
ANTENNA__5441__D, 253.374, 220.32, 1.76293
ANTENNA__5441__C, 253.374, 220.32, 1.76293
ANTENNA__5430__A, 253.374, 220.32, 1.76293
FILLER_0_76_529, 253.374, 220.32, 1.76293
FILLER_0_77_543, 253.374, 220.32, 1.76293
FILLER_0_77_550, 253.374, 220.32, 1.76293
_5474_, 266.363, 220.32, 1.76267
_5475_, 266.363, 220.32, 1.76267
_5478_, 266.363, 220.32, 1.76267
_5880_, 266.363, 220.32, 1.76267
clkbuf_3_7__f_clk, 266.363, 220.32, 1.76267
ANTENNA__5475__B1, 266.363, 220.32, 1.76267
ANTENNA_clkbuf_3_7__f_clk_A, 266.363, 220.32, 1.76267
FILLER_0_77_581, 266.363, 220.32, 1.76267
FILLER_0_78_568, 266.363, 220.32, 1.76267
_5479_, 279.352, 220.32, 1.76257
_5480_, 279.352, 220.32, 1.76257
_5481_, 279.352, 220.32, 1.76257
_5501_, 279.352, 220.32, 1.76257
ANTENNA__5481__A1, 279.352, 220.32, 1.76257
ANTENNA__5480__A, 279.352, 220.32, 1.76257
ANTENNA__5884__S, 279.352, 220.32, 1.76257
FILLER_0_77_598, 279.352, 220.32, 1.76257
FILLER_0_78_601, 279.352, 220.32, 1.76257
_5492_, 292.341, 220.32, 1.76249
_5493_, 292.341, 220.32, 1.76249
_5500_, 292.341, 220.32, 1.76249
_7265_, 292.341, 220.32, 1.76249
ANTENNA__5527__A, 292.341, 220.32, 1.76249
ANTENNA__5889__A2, 292.341, 220.32, 1.76249
ANTENNA__5510__A, 292.341, 220.32, 1.76249
ANTENNA__7265__RESET_B, 292.341, 220.32, 1.76249
FILLER_0_77_626, 292.341, 220.32, 1.76249
FILLER_0_78_633, 292.341, 220.32, 1.76249
_5520_, 305.33, 220.32, 1.76244
_5526_, 305.33, 220.32, 1.76244
_5527_, 305.33, 220.32, 1.76244
_5528_, 305.33, 220.32, 1.76244
_5529_, 305.33, 220.32, 1.76244
_5531_, 305.33, 220.32, 1.76244
output46, 305.33, 220.32, 1.76244
ANTENNA__5539__B1, 305.33, 220.32, 1.76244
PHY_148, 5.52, 214.88, 1.76782
PHY_150, 5.52, 214.88, 1.76782
input12, 5.52, 214.88, 1.76782
ANTENNA_input12_A, 5.52, 214.88, 1.76782
_5523_, 318.32, 214.88, 1.76354
PHY_149, 318.32, 214.88, 1.76354
PHY_151, 318.32, 214.88, 1.76354
ANTENNA__5532__B, 318.32, 214.88, 1.76354
ANTENNA__5544__A2, 318.32, 214.88, 1.76354
_6865_, 13.68, 214.88, 1.76783
FILLER_0_74_15, 13.68, 214.88, 1.76783
FILLER_0_76_21, 13.68, 214.88, 1.76783
_5338_, 34.64, 214.88, 1.76752
_6779_, 34.64, 214.88, 1.76752
_6780_, 34.64, 214.88, 1.76752
hold473, 34.64, 214.88, 1.76752
ANTENNA_clkbuf_leaf_19_clk_A, 34.64, 214.88, 1.76752
FILLER_0_75_69, 34.64, 214.88, 1.76752
_5332_, 47.44, 214.88, 1.76723
_6809_, 47.44, 214.88, 1.76723
_6892_, 47.44, 214.88, 1.76723
hold144, 47.44, 214.88, 1.76723
ANTENNA__6892__S, 47.44, 214.88, 1.76723
FILLER_0_75_85, 47.44, 214.88, 1.76723
FILLER_0_75_105, 47.44, 214.88, 1.76723
_6693_, 60.24, 214.88, 1.76696
_6720_, 60.24, 214.88, 1.76696
_6747_, 60.24, 214.88, 1.76696
_6858_, 60.24, 214.88, 1.76696
_6859_, 60.24, 214.88, 1.76696
wire63, 60.24, 214.88, 1.76696
hold384, 60.24, 214.88, 1.76696
ANTENNA__6808__S, 60.24, 214.88, 1.76696
_5368_, 73.04, 214.88, 1.76669
_6332_, 73.04, 214.88, 1.76669
_6333_, 73.04, 214.88, 1.76669
_6886_, 73.04, 214.88, 1.76669
_6887_, 73.04, 214.88, 1.76669
hold447, 73.04, 214.88, 1.76669
ANTENNA__6331__A1, 73.04, 214.88, 1.76669
FILLER_0_75_145, 73.04, 214.88, 1.76669
FILLER_0_75_158, 73.04, 214.88, 1.76669
FILLER_0_76_150, 73.04, 214.88, 1.76669
_3461_, 85.84, 214.88, 1.76645
_4143_, 85.84, 214.88, 1.76645
_4145_, 85.84, 214.88, 1.76645
_4146_, 85.84, 214.88, 1.76645
_4148_, 85.84, 214.88, 1.76645
hold409, 85.84, 214.88, 1.76645
ANTENNA__6331__B1, 85.84, 214.88, 1.76645
ANTENNA__7034__RESET_B, 85.84, 214.88, 1.76645
_4135_, 98.64, 214.88, 1.76623
_4136_, 98.64, 214.88, 1.76623
_4147_, 98.64, 214.88, 1.76623
_7001_, 98.64, 214.88, 1.76623
_4630_, 111.44, 214.88, 1.76605
_7078_, 111.44, 214.88, 1.76605
ANTENNA_clkbuf_leaf_15_clk_A, 111.44, 214.88, 1.76605
ANTENNA__7001__RESET_B, 111.44, 214.88, 1.76605
FILLER_0_76_232, 111.44, 214.88, 1.76605
_4634_, 124.24, 214.88, 1.76589
_4639_, 124.24, 214.88, 1.76589
_4643_, 124.24, 214.88, 1.76589
ANTENNA__4643__D, 124.24, 214.88, 1.76589
FILLER_0_75_257, 124.24, 214.88, 1.76589
_4642_, 137.04, 214.88, 1.76574
_4644_, 137.04, 214.88, 1.76574
_4645_, 137.04, 214.88, 1.76574
_4646_, 137.04, 214.88, 1.76574
_4651_, 137.04, 214.88, 1.76574
_4652_, 137.04, 214.88, 1.76574
_4654_, 137.04, 214.88, 1.76574
ANTENNA__4642__A1, 137.04, 214.88, 1.76574
FILLER_0_76_292, 137.04, 214.88, 1.76574
_4592_, 149.84, 214.88, 1.76564
_4653_, 149.84, 214.88, 1.76564
_7126_, 149.84, 214.88, 1.76564
ANTENNA__4653__B1, 149.84, 214.88, 1.76564
ANTENNA__4653__A2, 149.84, 214.88, 1.76564
FILLER_0_76_321, 149.84, 214.88, 1.76564
_4596_, 162.64, 214.88, 1.76557
_4612_, 162.64, 214.88, 1.76557
_6987_, 162.64, 214.88, 1.76557
ANTENNA__4612__A2, 162.64, 214.88, 1.76557
ANTENNA__6987__RESET_B, 162.64, 214.88, 1.76557
FILLER_0_75_337, 162.64, 214.88, 1.76557
_3492_, 188.429, 214.88, 1.76504
_5588_, 188.429, 214.88, 1.76504
_5591_, 188.429, 214.88, 1.76504
hold106, 188.429, 214.88, 1.76504
ANTENNA__3492__A, 188.429, 214.88, 1.76504
ANTENNA__5371__A1, 188.429, 214.88, 1.76504
ANTENNA__4615__B2, 188.429, 214.88, 1.76504
ANTENNA__4615__A2, 188.429, 214.88, 1.76504
ANTENNA__7106__RESET_B, 188.429, 214.88, 1.76504
_3504_, 201.418, 214.88, 1.76473
_5597_, 201.418, 214.88, 1.76473
_5600_, 201.418, 214.88, 1.76473
_5603_, 201.418, 214.88, 1.76473
_7288_, 201.418, 214.88, 1.76473
hold323, 201.418, 214.88, 1.76473
hold541, 201.418, 214.88, 1.76473
ANTENNA__5613__A1, 201.418, 214.88, 1.76473
ANTENNA__5600__C, 201.418, 214.88, 1.76473
ANTENNA__5588__B, 201.418, 214.88, 1.76473
FILLER_0_74_415, 201.418, 214.88, 1.76473
_5602_, 214.407, 214.88, 1.76448
_5667_, 214.407, 214.88, 1.76448
_7294_, 214.407, 214.88, 1.76448
hold615, 214.407, 214.88, 1.76448
ANTENNA__5597__B1, 214.407, 214.88, 1.76448
ANTENNA__5667__B, 214.407, 214.88, 1.76448
ANTENNA__5604__A2, 214.407, 214.88, 1.76448
FILLER_0_75_463, 214.407, 214.88, 1.76448
FILLER_0_76_456, 214.407, 214.88, 1.76448
_5176_, 227.396, 214.88, 1.76425
_5178_, 227.396, 214.88, 1.76425
_5653_, 227.396, 214.88, 1.76425
_5669_, 227.396, 214.88, 1.76425
_5670_, 227.396, 214.88, 1.76425
_5671_, 227.396, 214.88, 1.76425
ANTENNA__5176__S, 227.396, 214.88, 1.76425
ANTENNA__5653__B, 227.396, 214.88, 1.76425
FILLER_0_74_471, 227.396, 214.88, 1.76425
FILLER_0_74_480, 227.396, 214.88, 1.76425
FILLER_0_75_479, 227.396, 214.88, 1.76425
FILLER_0_76_496, 227.396, 214.88, 1.76425
_7213_, 240.385, 214.88, 1.76406
ANTENNA__5178__S, 240.385, 214.88, 1.76406
ANTENNA__3518__C1, 240.385, 214.88, 1.76406
ANTENNA__5178__A1, 240.385, 214.88, 1.76406
ANTENNA__7213__RESET_B, 240.385, 214.88, 1.76406
FILLER_0_74_501, 240.385, 214.88, 1.76406
FILLER_0_74_507, 240.385, 214.88, 1.76406
_5430_, 253.374, 214.88, 1.76389
_5431_, 253.374, 214.88, 1.76389
_5445_, 253.374, 214.88, 1.76389
_5446_, 253.374, 214.88, 1.76389
_5466_, 253.374, 214.88, 1.76389
ANTENNA__3526__C1, 253.374, 214.88, 1.76389
ANTENNA__3518__A2, 253.374, 214.88, 1.76389
ANTENNA__5874__S, 253.374, 214.88, 1.76389
ANTENNA__3525__B, 253.374, 214.88, 1.76389
ANTENNA__5466__B, 253.374, 214.88, 1.76389
ANTENNA__5445__A, 253.374, 214.88, 1.76389
FILLER_0_75_545, 253.374, 214.88, 1.76389
FILLER_0_76_550, 253.374, 214.88, 1.76389
_5467_, 266.363, 214.88, 1.76374
_5468_, 266.363, 214.88, 1.76374
_5469_, 266.363, 214.88, 1.76374
_5476_, 266.363, 214.88, 1.76374
_7261_, 266.363, 214.88, 1.76374
hold556, 266.363, 214.88, 1.76374
ANTENNA__5880__S, 266.363, 214.88, 1.76374
ANTENNA__5467__A, 266.363, 214.88, 1.76374
_5482_, 279.352, 214.88, 1.76364
_5483_, 279.352, 214.88, 1.76364
_5484_, 279.352, 214.88, 1.76364
_5485_, 279.352, 214.88, 1.76364
_5884_, 279.352, 214.88, 1.76364
ANTENNA__6053__B2, 279.352, 214.88, 1.76364
ANTENNA__6051__B2, 279.352, 214.88, 1.76364
ANTENNA__5192__A2, 279.352, 214.88, 1.76364
ANTENNA__7340__RESET_B, 279.352, 214.88, 1.76364
FILLER_0_74_583, 279.352, 214.88, 1.76364
_5889_, 292.341, 214.88, 1.76359
_7341_, 292.341, 214.88, 1.76359
hold290, 292.341, 214.88, 1.76359
hold734, 292.341, 214.88, 1.76359
ANTENNA__5192__B2, 292.341, 214.88, 1.76359
ANTENNA__6050__S, 292.341, 214.88, 1.76359
ANTENNA__5888__S, 292.341, 214.88, 1.76359
FILLER_0_75_613, 292.341, 214.88, 1.76359
FILLER_0_75_621, 292.341, 214.88, 1.76359
FILLER_0_76_631, 292.341, 214.88, 1.76359
_5524_, 305.33, 214.88, 1.76354
_5525_, 305.33, 214.88, 1.76354
_5890_, 305.33, 214.88, 1.76354
_7266_, 305.33, 214.88, 1.76354
hold139, 305.33, 214.88, 1.76354
hold562, 305.33, 214.88, 1.76354
ANTENNA__7267__RESET_B, 305.33, 214.88, 1.76354
PHY_144, 5.52, 209.44, 1.76821
PHY_146, 5.52, 209.44, 1.76821
_5536_, 318.32, 209.44, 1.76477
_5541_, 318.32, 209.44, 1.76477
PHY_145, 318.32, 209.44, 1.76477
PHY_147, 318.32, 209.44, 1.76477
ANTENNA__5891__B2, 318.32, 209.44, 1.76477
FILLER_0_73_669, 318.32, 209.44, 1.76477
_6837_, 13.68, 209.44, 1.76821
_7605_, 34.64, 209.44, 1.76784
_7666_, 34.64, 209.44, 1.76784
hold134, 34.64, 209.44, 1.76784
ANTENNA__6779__S, 34.64, 209.44, 1.76784
FILLER_0_73_50, 34.64, 209.44, 1.76784
FILLER_0_73_66, 34.64, 209.44, 1.76784
_6808_, 47.44, 209.44, 1.76751
_6827_, 47.44, 209.44, 1.76751
_6910_, 47.44, 209.44, 1.76751
_7618_, 47.44, 209.44, 1.76751
ANTENNA__6910__S, 47.44, 209.44, 1.76751
FILLER_0_73_88, 47.44, 209.44, 1.76751
_6658_, 60.24, 209.44, 1.76719
_6774_, 60.24, 209.44, 1.76719
_6803_, 60.24, 209.44, 1.76719
_6830_, 60.24, 209.44, 1.76719
_6831_, 60.24, 209.44, 1.76719
ANTENNA__6826__S, 60.24, 209.44, 1.76719
FILLER_0_73_109, 60.24, 209.44, 1.76719
FILLER_0_74_123, 60.24, 209.44, 1.76719
_6331_, 73.04, 209.44, 1.76689
_6360_, 73.04, 209.44, 1.76689
_7034_, 73.04, 209.44, 1.76689
_7412_, 73.04, 209.44, 1.76689
FILLER_0_72_134, 73.04, 209.44, 1.76689
FILLER_0_72_141, 73.04, 209.44, 1.76689
FILLER_0_73_160, 73.04, 209.44, 1.76689
FILLER_0_74_152, 73.04, 209.44, 1.76689
_3457_, 85.84, 209.44, 1.76663
_3466_, 85.84, 209.44, 1.76663
_3476_, 85.84, 209.44, 1.76663
_7033_, 85.84, 209.44, 1.76663
hold302, 85.84, 209.44, 1.76663
ANTENNA__3468__A, 85.84, 209.44, 1.76663
ANTENNA__3457__A, 85.84, 209.44, 1.76663
ANTENNA__4134__A1, 85.84, 209.44, 1.76663
FILLER_0_73_177, 85.84, 209.44, 1.76663
_3978_, 98.64, 209.44, 1.76643
_3979_, 98.64, 209.44, 1.76643
_4134_, 98.64, 209.44, 1.76643
_7003_, 98.64, 209.44, 1.76643
clkbuf_leaf_15_clk, 98.64, 209.44, 1.76643
ANTENNA__4137__A1, 98.64, 209.44, 1.76643
ANTENNA__4137__B1, 98.64, 209.44, 1.76643
ANTENNA__7078__RESET_B, 98.64, 209.44, 1.76643
FILLER_0_72_197, 98.64, 209.44, 1.76643
_4424_, 111.44, 209.44, 1.76631
_4425_, 111.44, 209.44, 1.76631
_4632_, 111.44, 209.44, 1.76631
_4633_, 111.44, 209.44, 1.76631
hold693, 111.44, 209.44, 1.76631
ANTENNA__4425__A2, 111.44, 209.44, 1.76631
ANTENNA__7003__RESET_B, 111.44, 209.44, 1.76631
FILLER_0_73_236, 111.44, 209.44, 1.76631
_4631_, 124.24, 209.44, 1.76622
_4647_, 124.24, 209.44, 1.76622
_4648_, 124.24, 209.44, 1.76622
ANTENNA__4631__B, 124.24, 209.44, 1.76622
FILLER_0_72_249, 124.24, 209.44, 1.76622
FILLER_0_72_253, 124.24, 209.44, 1.76622
FILLER_0_73_264, 124.24, 209.44, 1.76622
FILLER_0_74_264, 124.24, 209.44, 1.76622
_4649_, 137.04, 209.44, 1.76613
_4650_, 137.04, 209.44, 1.76613
_4658_, 137.04, 209.44, 1.76613
_4659_, 137.04, 209.44, 1.76613
_4666_, 137.04, 209.44, 1.76613
ANTENNA__4657__B, 137.04, 209.44, 1.76613
FILLER_0_73_272, 137.04, 209.44, 1.76613
FILLER_0_73_285, 137.04, 209.44, 1.76613
FILLER_0_73_293, 137.04, 209.44, 1.76613
FILLER_0_74_286, 137.04, 209.44, 1.76613
FILLER_0_74_299, 137.04, 209.44, 1.76613
_4595_, 149.84, 209.44, 1.76607
_4664_, 149.84, 209.44, 1.76607
_7112_, 149.84, 209.44, 1.76607
ANTENNA__4592__S, 149.84, 209.44, 1.76607
ANTENNA__4666__B2, 149.84, 209.44, 1.76607
ANTENNA__7134__RESET_B, 149.84, 209.44, 1.76607
ANTENNA__7112__RESET_B, 149.84, 209.44, 1.76607
FILLER_0_73_308, 149.84, 209.44, 1.76607
FILLER_0_73_316, 149.84, 209.44, 1.76607
FILLER_0_73_325, 149.84, 209.44, 1.76607
FILLER_0_74_318, 149.84, 209.44, 1.76607
_3943_, 162.64, 209.44, 1.76604
_3944_, 162.64, 209.44, 1.76604
_4610_, 162.64, 209.44, 1.76604
_7002_, 162.64, 209.44, 1.76604
ANTENNA__4610__S, 162.64, 209.44, 1.76604
FILLER_0_73_333, 162.64, 209.44, 1.76604
FILLER_0_73_337, 162.64, 209.44, 1.76604
_7289_, 188.429, 209.44, 1.7658
ANTENNA__4614__S, 188.429, 209.44, 1.7658
ANTENNA__7002__RESET_B, 188.429, 209.44, 1.7658
_5604_, 201.418, 209.44, 1.76557
_5607_, 201.418, 209.44, 1.76557
_5608_, 201.418, 209.44, 1.76557
_5609_, 201.418, 209.44, 1.76557
_5610_, 201.418, 209.44, 1.76557
_5612_, 201.418, 209.44, 1.76557
_5613_, 201.418, 209.44, 1.76557
_5620_, 201.418, 209.44, 1.76557
_5624_, 201.418, 209.44, 1.76557
ANTENNA__5613__B1, 201.418, 209.44, 1.76557
ANTENNA__7289__RESET_B, 201.418, 209.44, 1.76557
FILLER_0_72_415, 201.418, 209.44, 1.76557
FILLER_0_73_429, 201.418, 209.44, 1.76557
_5606_, 214.407, 209.44, 1.76541
_5672_, 214.407, 209.44, 1.76541
_5674_, 214.407, 209.44, 1.76541
ANTENNA__5620__A2, 214.407, 209.44, 1.76541
ANTENNA__5602__B, 214.407, 209.44, 1.76541
ANTENNA__7294__RESET_B, 214.407, 209.44, 1.76541
FILLER_0_72_447, 214.407, 209.44, 1.76541
_5652_, 227.396, 209.44, 1.76527
_5654_, 227.396, 209.44, 1.76527
_5655_, 227.396, 209.44, 1.76527
_5657_, 227.396, 209.44, 1.76527
ANTENNA__5660__B1, 227.396, 209.44, 1.76527
ANTENNA__5654__B, 227.396, 209.44, 1.76527
ANTENNA__5673__B1, 227.396, 209.44, 1.76527
ANTENNA__7293__RESET_B, 227.396, 209.44, 1.76527
FILLER_0_72_473, 227.396, 209.44, 1.76527
FILLER_0_73_477, 227.396, 209.44, 1.76527
_3525_, 240.385, 209.44, 1.76515
hold40, 240.385, 209.44, 1.76515
ANTENNA__3526__A2, 240.385, 209.44, 1.76515
ANTENNA__5411__B2, 240.385, 209.44, 1.76515
ANTENNA__7252__RESET_B, 240.385, 209.44, 1.76515
FILLER_0_73_497, 240.385, 209.44, 1.76515
FILLER_0_74_515, 240.385, 209.44, 1.76515
_5410_, 253.374, 209.44, 1.76504
_5411_, 253.374, 209.44, 1.76504
_5432_, 253.374, 209.44, 1.76504
hold342, 253.374, 209.44, 1.76504
ANTENNA__5410__S, 253.374, 209.44, 1.76504
ANTENNA__5411__A2, 253.374, 209.44, 1.76504
ANTENNA__5477__A, 253.374, 209.44, 1.76504
FILLER_0_73_548, 253.374, 209.44, 1.76504
_5436_, 266.363, 209.44, 1.76495
_5477_, 266.363, 209.44, 1.76495
_7258_, 266.363, 209.44, 1.76495
ANTENNA__5436__A2, 266.363, 209.44, 1.76495
ANTENNA__7258__RESET_B, 266.363, 209.44, 1.76495
ANTENNA__7261__RESET_B, 266.363, 209.44, 1.76495
FILLER_0_74_575, 266.363, 209.44, 1.76495
_5192_, 279.352, 209.44, 1.76489
_6051_, 279.352, 209.44, 1.76489
hold289, 279.352, 209.44, 1.76489
hold333, 279.352, 209.44, 1.76489
ANTENNA__5896__B2, 279.352, 209.44, 1.76489
ANTENNA__6053__A2, 279.352, 209.44, 1.76489
ANTENNA__6051__A2, 279.352, 209.44, 1.76489
ANTENNA__7258__CLK, 279.352, 209.44, 1.76489
ANTENNA__7220__RESET_B, 279.352, 209.44, 1.76489
ANTENNA__7372__RESET_B, 279.352, 209.44, 1.76489
FILLER_0_72_585, 279.352, 209.44, 1.76489
FILLER_0_73_582, 279.352, 209.44, 1.76489
FILLER_0_73_587, 279.352, 209.44, 1.76489
_5888_, 292.341, 209.44, 1.76483
_5891_, 292.341, 209.44, 1.76483
hold138, 292.341, 209.44, 1.76483
ANTENNA__7342__RESET_B, 292.341, 209.44, 1.76483
FILLER_0_73_617, 292.341, 209.44, 1.76483
_5535_, 305.33, 209.44, 1.76479
_5537_, 305.33, 209.44, 1.76479
_5538_, 305.33, 209.44, 1.76479
_5539_, 305.33, 209.44, 1.76479
_5540_, 305.33, 209.44, 1.76479
ANTENNA__5893__B2, 305.33, 209.44, 1.76479
ANTENNA__5895__S, 305.33, 209.44, 1.76479
ANTENNA__5892__S, 305.33, 209.44, 1.76479
ANTENNA__5893__A2, 305.33, 209.44, 1.76479
ANTENNA__5891__A2, 305.33, 209.44, 1.76479
ANTENNA_clkbuf_leaf_51_clk_A, 305.33, 209.44, 1.76479
ANTENNA__7268__RESET_B, 305.33, 209.44, 1.76479
FILLER_0_73_645, 305.33, 209.44, 1.76479
PHY_140, 5.52, 204, 1.76861
PHY_142, 5.52, 204, 1.76861
_5544_, 318.32, 204, 1.7646
PHY_141, 318.32, 204, 1.7646
PHY_143, 318.32, 204, 1.7646
output35, 318.32, 204, 1.7646
_6668_, 34.64, 204, 1.76828
_6674_, 34.64, 204, 1.76828
_6675_, 34.64, 204, 1.76828
_6676_, 34.64, 204, 1.76828
_6911_, 34.64, 204, 1.76828
hold449, 34.64, 204, 1.76828
ANTENNA__6675__B2, 34.64, 204, 1.76828
ANTENNA__7559__RESET_B, 34.64, 204, 1.76828
FILLER_0_70_53, 34.64, 204, 1.76828
_6826_, 47.44, 204, 1.76797
_7627_, 47.44, 204, 1.76797
hold155, 47.44, 204, 1.76797
ANTENNA__6668__A2, 47.44, 204, 1.76797
ANTENNA__6910__A1, 47.44, 204, 1.76797
ANTENNA__6826__A1, 47.44, 204, 1.76797
FILLER_0_70_81, 47.44, 204, 1.76797
FILLER_0_70_85, 47.44, 204, 1.76797
FILLER_0_71_82, 47.44, 204, 1.76797
_6322_, 60.24, 204, 1.76767
_6324_, 60.24, 204, 1.76767
_6659_, 60.24, 204, 1.76767
_6691_, 60.24, 204, 1.76767
_6692_, 60.24, 204, 1.76767
_6802_, 60.24, 204, 1.76767
FILLER_0_71_107, 60.24, 204, 1.76767
_3465_, 73.04, 204, 1.76739
_3469_, 73.04, 204, 1.76739
_6325_, 73.04, 204, 1.76739
_7421_, 73.04, 204, 1.76739
hold263, 73.04, 204, 1.76739
ANTENNA__3465__A, 73.04, 204, 1.76739
ANTENNA__6359__S, 73.04, 204, 1.76739
ANTENNA__6359__A0, 73.04, 204, 1.76739
ANTENNA__7553__RESET_B, 73.04, 204, 1.76739
FILLER_0_71_134, 73.04, 204, 1.76739
FILLER_0_72_147, 73.04, 204, 1.76739
_3456_, 85.84, 204, 1.76714
_3458_, 85.84, 204, 1.76714
_4137_, 85.84, 204, 1.76714
ANTENNA__3456__S, 85.84, 204, 1.76714
ANTENNA__3783__A2, 85.84, 204, 1.76714
ANTENNA__3786__B1, 85.84, 204, 1.76714
ANTENNA__6959__RESET_B, 85.84, 204, 1.76714
FILLER_0_71_165, 85.84, 204, 1.76714
_3981_, 98.64, 204, 1.76694
_3983_, 98.64, 204, 1.76694
_3984_, 98.64, 204, 1.76694
hold303, 98.64, 204, 1.76694
ANTENNA__3981__A1, 98.64, 204, 1.76694
ANTENNA__3981__B1, 98.64, 204, 1.76694
ANTENNA__3983__A2, 98.64, 204, 1.76694
ANTENNA__7033__RESET_B, 98.64, 204, 1.76694
FILLER_0_70_189, 98.64, 204, 1.76694
FILLER_0_70_197, 98.64, 204, 1.76694
FILLER_0_71_192, 98.64, 204, 1.76694
_3493_, 111.44, 204, 1.76675
_4427_, 111.44, 204, 1.76675
hold546, 111.44, 204, 1.76675
ANTENNA__4424__S, 111.44, 204, 1.76675
ANTENNA__4427__B1, 111.44, 204, 1.76675
ANTENNA__4425__B1, 111.44, 204, 1.76675
ANTENNA__4427__A2, 111.44, 204, 1.76675
FILLER_0_71_225, 111.44, 204, 1.76675
FILLER_0_71_233, 111.44, 204, 1.76675
_4597_, 124.24, 204, 1.7666
_4655_, 124.24, 204, 1.7666
_4656_, 124.24, 204, 1.7666
_4657_, 124.24, 204, 1.7666
ANTENNA__3493__A, 124.24, 204, 1.7666
ANTENNA__4656__A1, 124.24, 204, 1.7666
FILLER_0_70_249, 124.24, 204, 1.7666
_4661_, 137.04, 204, 1.76648
_4662_, 137.04, 204, 1.76648
_4663_, 137.04, 204, 1.76648
_4665_, 137.04, 204, 1.76648
_4672_, 137.04, 204, 1.76648
_7127_, 137.04, 204, 1.76648
hold681, 137.04, 204, 1.76648
ANTENNA__4665__B1, 137.04, 204, 1.76648
ANTENNA__7127__RESET_B, 137.04, 204, 1.76648
FILLER_0_70_280, 137.04, 204, 1.76648
_4676_, 149.84, 204, 1.76641
_7134_, 149.84, 204, 1.76641
ANTENNA__4595__S, 149.84, 204, 1.76641
ANTENNA__7133__RESET_B, 149.84, 204, 1.76641
FILLER_0_70_309, 149.84, 204, 1.76641
FILLER_0_71_318, 149.84, 204, 1.76641
FILLER_0_71_323, 149.84, 204, 1.76641
_4735_, 162.64, 204, 1.76636
_4736_, 162.64, 204, 1.76636
_4737_, 162.64, 204, 1.76636
_4740_, 162.64, 204, 1.76636
_4741_, 162.64, 204, 1.76636
_4742_, 162.64, 204, 1.76636
hold255, 162.64, 204, 1.76636
ANTENNA__4742__B1, 162.64, 204, 1.76636
ANTENNA__4742__A1, 162.64, 204, 1.76636
_6914_, 188.429, 204, 1.76603
hold388, 188.429, 204, 1.76603
ANTENNA__4747__B1, 188.429, 204, 1.76603
ANTENNA__4747__A2, 188.429, 204, 1.76603
ANTENNA__6914__RESET_B, 188.429, 204, 1.76603
ANTENNA__7135__RESET_B, 188.429, 204, 1.76603
FILLER_0_71_403, 188.429, 204, 1.76603
FILLER_0_71_411, 188.429, 204, 1.76603
_5596_, 201.418, 204, 1.76575
_5598_, 201.418, 204, 1.76575
_5599_, 201.418, 204, 1.76575
_5605_, 201.418, 204, 1.76575
_5611_, 201.418, 204, 1.76575
ANTENNA__5605__C, 201.418, 204, 1.76575
ANTENNA__6915__RESET_B, 201.418, 204, 1.76575
FILLER_0_72_432, 201.418, 204, 1.76575
_5622_, 214.407, 204, 1.76548
_5623_, 214.407, 204, 1.76548
_5625_, 214.407, 204, 1.76548
_5626_, 214.407, 204, 1.76548
_5662_, 214.407, 204, 1.76548
_5663_, 214.407, 204, 1.76548
_5673_, 214.407, 204, 1.76548
ANTENNA__5674__B2, 214.407, 204, 1.76548
FILLER_0_71_449, 214.407, 204, 1.76548
FILLER_0_71_461, 214.407, 204, 1.76548
FILLER_0_72_458, 214.407, 204, 1.76548
_5656_, 227.396, 204, 1.76526
_5660_, 227.396, 204, 1.76526
_5661_, 227.396, 204, 1.76526
_5665_, 227.396, 204, 1.76526
_7293_, 227.396, 204, 1.76526
ANTENNA__5660__A1, 227.396, 204, 1.76526
ANTENNA_clkbuf_leaf_57_clk_A, 227.396, 204, 1.76526
FILLER_0_70_477, 227.396, 204, 1.76526
FILLER_0_71_469, 227.396, 204, 1.76526
_3526_, 240.385, 204, 1.76508
_5658_, 240.385, 204, 1.76508
_7252_, 240.385, 204, 1.76508
hold610, 240.385, 204, 1.76508
_5429_, 253.374, 204, 1.76493
_5433_, 253.374, 204, 1.76493
_5437_, 253.374, 204, 1.76493
_5438_, 253.374, 204, 1.76493
hold39, 253.374, 204, 1.76493
ANTENNA__3513__A, 253.374, 204, 1.76493
ANTENNA__5870__S, 253.374, 204, 1.76493
ANTENNA__5429__B, 253.374, 204, 1.76493
ANTENNA__5418__A, 253.374, 204, 1.76493
ANTENNA__5414__A1, 253.374, 204, 1.76493
FILLER_0_71_539, 253.374, 204, 1.76493
_5434_, 266.363, 204, 1.76482
_5435_, 266.363, 204, 1.76482
_7373_, 266.363, 204, 1.76482
ANTENNA__6052__S, 266.363, 204, 1.76482
ANTENNA__5435__B1, 266.363, 204, 1.76482
ANTENNA__5425__A1, 266.363, 204, 1.76482
ANTENNA__5428__B1_N, 266.363, 204, 1.76482
ANTENNA__5420__B, 266.363, 204, 1.76482
ANTENNA__5415__A, 266.363, 204, 1.76482
ANTENNA__7373__RESET_B, 266.363, 204, 1.76482
FILLER_0_70_561, 266.363, 204, 1.76482
FILLER_0_71_570, 266.363, 204, 1.76482
_6053_, 279.352, 204, 1.76472
_7340_, 279.352, 204, 1.76472
_7372_, 279.352, 204, 1.76472
hold87, 279.352, 204, 1.76472
hold160, 279.352, 204, 1.76472
ANTENNA__4605__A, 279.352, 204, 1.76472
_6050_, 292.341, 204, 1.76465
_7220_, 292.341, 204, 1.76465
_7267_, 292.341, 204, 1.76465
hold101, 292.341, 204, 1.76465
ANTENNA__5896__A2, 292.341, 204, 1.76465
_5533_, 305.33, 204, 1.76461
_5534_, 305.33, 204, 1.76461
_5543_, 305.33, 204, 1.76461
hold93, 305.33, 204, 1.76461
hold246, 305.33, 204, 1.76461
ANTENNA__7223__RESET_B, 305.33, 204, 1.76461
ANTENNA__7222__RESET_B, 305.33, 204, 1.76461
FILLER_0_70_641, 305.33, 204, 1.76461
FILLER_0_71_653, 305.33, 204, 1.76461
PHY_136, 5.52, 198.56, 1.76895
PHY_138, 5.52, 198.56, 1.76895
input24, 5.52, 198.56, 1.76895
ANTENNA_input24_A, 5.52, 198.56, 1.76895
PHY_137, 318.32, 198.56, 1.76417
PHY_139, 318.32, 198.56, 1.76417
ANTENNA__5196__A2, 318.32, 198.56, 1.76417
_6669_, 34.64, 198.56, 1.76853
_6670_, 34.64, 198.56, 1.76853
_6671_, 34.64, 198.56, 1.76853
_6672_, 34.64, 198.56, 1.76853
_7556_, 34.64, 198.56, 1.76853
_7557_, 34.64, 198.56, 1.76853
hold629, 34.64, 198.56, 1.76853
FILLER_0_68_53, 34.64, 198.56, 1.76853
FILLER_0_69_57, 34.64, 198.56, 1.76853
_6666_, 47.44, 198.56, 1.76819
_7555_, 47.44, 198.56, 1.76819
hold102, 47.44, 198.56, 1.76819
ANTENNA__7556__RESET_B, 47.44, 198.56, 1.76819
ANTENNA__7555__RESET_B, 47.44, 198.56, 1.76819
FILLER_0_68_81, 47.44, 198.56, 1.76819
FILLER_0_70_93, 47.44, 198.56, 1.76819
FILLER_0_70_98, 47.44, 198.56, 1.76819
_6323_, 60.24, 198.56, 1.76787
_6660_, 60.24, 198.56, 1.76787
_6801_, 60.24, 198.56, 1.76787
_7553_, 60.24, 198.56, 1.76787
FILLER_0_70_119, 60.24, 198.56, 1.76787
FILLER_0_70_131, 60.24, 198.56, 1.76787
_3468_, 73.04, 198.56, 1.76758
_3786_, 73.04, 198.56, 1.76758
_6359_, 73.04, 198.56, 1.76758
_6655_, 73.04, 198.56, 1.76758
_6959_, 73.04, 198.56, 1.76758
hold742, 73.04, 198.56, 1.76758
ANTENNA__3786__A2, 73.04, 198.56, 1.76758
FILLER_0_68_137, 73.04, 198.56, 1.76758
FILLER_0_69_146, 73.04, 198.56, 1.76758
FILLER_0_70_156, 73.04, 198.56, 1.76758
_3783_, 85.84, 198.56, 1.76734
_6958_, 85.84, 198.56, 1.76734
_7004_, 85.84, 198.56, 1.76734
hold687, 85.84, 198.56, 1.76734
ANTENNA__3783__B1, 85.84, 198.56, 1.76734
ANTENNA__3785__A1, 85.84, 198.56, 1.76734
FILLER_0_68_164, 85.84, 198.56, 1.76734
FILLER_0_69_176, 85.84, 198.56, 1.76734
_3985_, 98.64, 198.56, 1.76715
_3986_, 98.64, 198.56, 1.76715
_3988_, 98.64, 198.56, 1.76715
_3996_, 98.64, 198.56, 1.76715
_4426_, 98.64, 198.56, 1.76715
hold515, 98.64, 198.56, 1.76715
ANTENNA__3984__B, 98.64, 198.56, 1.76715
ANTENNA__7004__RESET_B, 98.64, 198.56, 1.76715
FILLER_0_68_190, 98.64, 198.56, 1.76715
FILLER_0_69_207, 98.64, 198.56, 1.76715
_7079_, 111.44, 198.56, 1.76698
ANTENNA__4426__S, 111.44, 198.56, 1.76698
ANTENNA__7079__RESET_B, 111.44, 198.56, 1.76698
_4669_, 124.24, 198.56, 1.76684
_4670_, 124.24, 198.56, 1.76684
_4671_, 124.24, 198.56, 1.76684
_4680_, 124.24, 198.56, 1.76684
_4681_, 124.24, 198.56, 1.76684
ANTENNA__4597__S, 124.24, 198.56, 1.76684
FILLER_0_69_267, 124.24, 198.56, 1.76684
_4673_, 137.04, 198.56, 1.76671
_4674_, 137.04, 198.56, 1.76671
_4675_, 137.04, 198.56, 1.76671
_4677_, 137.04, 198.56, 1.76671
_4689_, 137.04, 198.56, 1.76671
_7128_, 137.04, 198.56, 1.76671
ANTENNA__4677__B1, 137.04, 198.56, 1.76671
ANTENNA__7128__RESET_B, 137.04, 198.56, 1.76671
_4678_, 149.84, 198.56, 1.76664
_7133_, 149.84, 198.56, 1.76664
hold656, 149.84, 198.56, 1.76664
FILLER_0_70_327, 149.84, 198.56, 1.76664
_4738_, 162.64, 198.56, 1.76661
_4739_, 162.64, 198.56, 1.76661
_4744_, 162.64, 198.56, 1.76661
clkbuf_leaf_37_clk, 162.64, 198.56, 1.76661
hold648, 162.64, 198.56, 1.76661
ANTENNA__4734__B1, 162.64, 198.56, 1.76661
ANTENNA_clkbuf_leaf_37_clk_A, 162.64, 198.56, 1.76661
_3568_, 188.429, 198.56, 1.76621
_5594_, 188.429, 198.56, 1.76621
_6915_, 188.429, 198.56, 1.76621
ANTENNA__6917__RESET_B, 188.429, 198.56, 1.76621
FILLER_0_69_389, 188.429, 198.56, 1.76621
_5592_, 201.418, 198.56, 1.7658
_5593_, 201.418, 198.56, 1.7658
_5595_, 201.418, 198.56, 1.7658
_7287_, 201.418, 198.56, 1.7658
ANTENNA__5627__B1, 201.418, 198.56, 1.7658
ANTENNA__5593__B1, 201.418, 198.56, 1.7658
ANTENNA__7287__RESET_B, 201.418, 198.56, 1.7658
FILLER_0_69_432, 201.418, 198.56, 1.7658
FILLER_0_70_437, 201.418, 198.56, 1.7658
_5614_, 214.407, 198.56, 1.76543
_5619_, 214.407, 198.56, 1.76543
_5621_, 214.407, 198.56, 1.76543
_5627_, 214.407, 198.56, 1.76543
_5635_, 214.407, 198.56, 1.76543
_5647_, 214.407, 198.56, 1.76543
_5664_, 214.407, 198.56, 1.76543
hold496, 214.407, 198.56, 1.76543
ANTENNA__5627__A1, 214.407, 198.56, 1.76543
ANTENNA__5615__A2, 214.407, 198.56, 1.76543
FILLER_0_69_460, 214.407, 198.56, 1.76543
_5645_, 227.396, 198.56, 1.7651
_5648_, 227.396, 198.56, 1.7651
_5650_, 227.396, 198.56, 1.7651
_5651_, 227.396, 198.56, 1.7651
_5659_, 227.396, 198.56, 1.7651
clkbuf_leaf_57_clk, 227.396, 198.56, 1.7651
FILLER_0_68_469, 227.396, 198.56, 1.7651
FILLER_0_69_475, 227.396, 198.56, 1.7651
_3513_, 240.385, 198.56, 1.76486
_7247_, 240.385, 198.56, 1.76486
ANTENNA__5649__B1, 240.385, 198.56, 1.76486
ANTENNA__5649__A2, 240.385, 198.56, 1.76486
ANTENNA__7247__RESET_B, 240.385, 198.56, 1.76486
FILLER_0_69_499, 240.385, 198.56, 1.76486
FILLER_0_69_505, 240.385, 198.56, 1.76486
_5418_, 253.374, 198.56, 1.76465
_5420_, 253.374, 198.56, 1.76465
_5421_, 253.374, 198.56, 1.76465
_5428_, 253.374, 198.56, 1.76465
_5870_, 253.374, 198.56, 1.76465
_5872_, 253.374, 198.56, 1.76465
ANTENNA__5872__S, 253.374, 198.56, 1.76465
ANTENNA__5400__B2, 253.374, 198.56, 1.76465
ANTENNA__5417__B1, 253.374, 198.56, 1.76465
FILLER_0_69_528, 253.374, 198.56, 1.76465
_5423_, 266.363, 198.56, 1.76448
_5426_, 266.363, 198.56, 1.76448
_5427_, 266.363, 198.56, 1.76448
_6052_, 266.363, 198.56, 1.76448
_7257_, 266.363, 198.56, 1.76448
hold483, 266.363, 198.56, 1.76448
ANTENNA__5186__B2, 266.363, 198.56, 1.76448
ANTENNA__5425__B1, 266.363, 198.56, 1.76448
ANTENNA__5186__A2, 266.363, 198.56, 1.76448
ANTENNA_clkbuf_leaf_54_clk_A, 266.363, 198.56, 1.76448
ANTENNA__7257__RESET_B, 266.363, 198.56, 1.76448
FILLER_0_69_557, 266.363, 198.56, 1.76448
FILLER_0_69_561, 266.363, 198.56, 1.76448
FILLER_0_69_578, 266.363, 198.56, 1.76448
FILLER_0_70_576, 266.363, 198.56, 1.76448
_5564_, 279.352, 198.56, 1.76434
_5896_, 279.352, 198.56, 1.76434
_7343_, 279.352, 198.56, 1.76434
_7342_, 292.341, 198.56, 1.76425
hold100, 292.341, 198.56, 1.76425
hold318, 292.341, 198.56, 1.76425
ANTENNA__5564__A, 292.341, 198.56, 1.76425
ANTENNA__7343__RESET_B, 292.341, 198.56, 1.76425
_5532_, 305.33, 198.56, 1.76417
_5542_, 305.33, 198.56, 1.76417
_5892_, 305.33, 198.56, 1.76417
clkbuf_leaf_51_clk, 305.33, 198.56, 1.76417
hold359, 305.33, 198.56, 1.76417
ANTENNA__7221__RESET_B, 305.33, 198.56, 1.76417
FILLER_0_70_659, 305.33, 198.56, 1.76417
PHY_132, 5.52, 193.12, 1.76943
PHY_134, 5.52, 193.12, 1.76943
PHY_133, 318.32, 193.12, 1.76486
PHY_135, 318.32, 193.12, 1.76486
hold88, 318.32, 193.12, 1.76486
ANTENNA__5194__B2, 318.32, 193.12, 1.76486
ANTENNA__5194__A2, 318.32, 193.12, 1.76486
_6673_, 34.64, 193.12, 1.76909
hold385, 34.64, 193.12, 1.76909
FILLER_0_67_51, 34.64, 193.12, 1.76909
FILLER_0_67_57, 34.64, 193.12, 1.76909
FILLER_0_67_68, 34.64, 193.12, 1.76909
_6663_, 47.44, 193.12, 1.76876
_6665_, 47.44, 193.12, 1.76876
clkbuf_leaf_18_clk, 47.44, 193.12, 1.76876
ANTENNA__7557__RESET_B, 47.44, 193.12, 1.76876
FILLER_0_66_85, 47.44, 193.12, 1.76876
_6654_, 60.24, 193.12, 1.76849
_6656_, 60.24, 193.12, 1.76849
_6661_, 60.24, 193.12, 1.76849
_6662_, 60.24, 193.12, 1.76849
_7552_, 60.24, 193.12, 1.76849
ANTENNA_clkbuf_leaf_18_clk_A, 60.24, 193.12, 1.76849
ANTENNA__7554__RESET_B, 60.24, 193.12, 1.76849
ANTENNA__6801__B, 60.24, 193.12, 1.76849
_3785_, 73.04, 193.12, 1.76824
_6321_, 73.04, 193.12, 1.76824
ANTENNA__6320__A, 73.04, 193.12, 1.76824
FILLER_0_66_136, 73.04, 193.12, 1.76824
FILLER_0_66_141, 73.04, 193.12, 1.76824
_3782_, 85.84, 193.12, 1.76803
_3993_, 85.84, 193.12, 1.76803
ANTENNA__3785__S, 85.84, 193.12, 1.76803
ANTENNA__3782__S, 85.84, 193.12, 1.76803
ANTENNA__3782__A1, 85.84, 193.12, 1.76803
FILLER_0_66_162, 85.84, 193.12, 1.76803
FILLER_0_67_165, 85.84, 193.12, 1.76803
FILLER_0_67_186, 85.84, 193.12, 1.76803
_3987_, 98.64, 193.12, 1.76783
_3989_, 98.64, 193.12, 1.76783
_3995_, 98.64, 193.12, 1.76783
_3998_, 98.64, 193.12, 1.76783
_4001_, 98.64, 193.12, 1.76783
ANTENNA__3996__B1, 98.64, 193.12, 1.76783
ANTENNA__6958__RESET_B, 98.64, 193.12, 1.76783
FILLER_0_66_193, 98.64, 193.12, 1.76783
FILLER_0_66_200, 98.64, 193.12, 1.76783
FILLER_0_67_192, 98.64, 193.12, 1.76783
FILLER_0_67_200, 98.64, 193.12, 1.76783
FILLER_0_67_205, 98.64, 193.12, 1.76783
_4668_, 111.44, 193.12, 1.76766
_7080_, 111.44, 193.12, 1.76766
ANTENNA__3989__A1, 111.44, 193.12, 1.76766
ANTENNA__3989__B1, 111.44, 193.12, 1.76766
ANTENNA__4000__A2, 111.44, 193.12, 1.76766
ANTENNA__4668__B, 111.44, 193.12, 1.76766
ANTENNA__7080__RESET_B, 111.44, 193.12, 1.76766
FILLER_0_68_234, 111.44, 193.12, 1.76766
_4682_, 124.24, 193.12, 1.76751
_4685_, 124.24, 193.12, 1.76751
_4686_, 124.24, 193.12, 1.76751
_4687_, 124.24, 193.12, 1.76751
hold626, 124.24, 193.12, 1.76751
ANTENNA__4429__A2, 124.24, 193.12, 1.76751
_4690_, 137.04, 193.12, 1.7674
_4691_, 137.04, 193.12, 1.7674
_4700_, 137.04, 193.12, 1.7674
_4702_, 137.04, 193.12, 1.7674
_4704_, 137.04, 193.12, 1.7674
FILLER_0_67_272, 137.04, 193.12, 1.7674
_4725_, 149.84, 193.12, 1.7673
_4734_, 149.84, 193.12, 1.7673
hold649, 149.84, 193.12, 1.7673
ANTENNA__4734__A1, 149.84, 193.12, 1.7673
ANTENNA__4706__A, 149.84, 193.12, 1.7673
ANTENNA__4678__A2, 149.84, 193.12, 1.7673
FILLER_0_66_309, 149.84, 193.12, 1.7673
FILLER_0_67_309, 149.84, 193.12, 1.7673
FILLER_0_67_317, 149.84, 193.12, 1.7673
_3460_, 162.64, 193.12, 1.76723
_4726_, 162.64, 193.12, 1.76723
_4729_, 162.64, 193.12, 1.76723
_4730_, 162.64, 193.12, 1.76723
_4731_, 162.64, 193.12, 1.76723
_4732_, 162.64, 193.12, 1.76723
_4743_, 162.64, 193.12, 1.76723
ANTENNA__4743__B1, 162.64, 193.12, 1.76723
ANTENNA__4726__A, 162.64, 193.12, 1.76723
ANTENNA__4716__A, 162.64, 193.12, 1.76723
_3569_, 188.429, 193.12, 1.76679
_3570_, 188.429, 193.12, 1.76679
_3571_, 188.429, 193.12, 1.76679
_6916_, 188.429, 193.12, 1.76679
hold29, 188.429, 193.12, 1.76679
hold698, 188.429, 193.12, 1.76679
ANTENNA_hold29_A, 188.429, 193.12, 1.76679
FILLER_0_66_390, 188.429, 193.12, 1.76679
FILLER_0_68_398, 188.429, 193.12, 1.76679
FILLER_0_68_408, 188.429, 193.12, 1.76679
_5585_, 201.418, 193.12, 1.76642
_5587_, 201.418, 193.12, 1.76642
ANTENNA__5586__B, 201.418, 193.12, 1.76642
ANTENNA__5585__A2, 201.418, 193.12, 1.76642
ANTENNA__6916__RESET_B, 201.418, 193.12, 1.76642
FILLER_0_66_421, 201.418, 193.12, 1.76642
_5615_, 214.407, 193.12, 1.76607
_5616_, 214.407, 193.12, 1.76607
_5617_, 214.407, 193.12, 1.76607
_5618_, 214.407, 193.12, 1.76607
hold345, 214.407, 193.12, 1.76607
ANTENNA__3498__S, 214.407, 193.12, 1.76607
ANTENNA__5587__B1, 214.407, 193.12, 1.76607
ANTENNA__5616__C, 214.407, 193.12, 1.76607
ANTENNA__5617__C, 214.407, 193.12, 1.76607
ANTENNA__5617__D, 214.407, 193.12, 1.76607
FILLER_0_66_440, 214.407, 193.12, 1.76607
FILLER_0_66_447, 214.407, 193.12, 1.76607
_5632_, 227.396, 193.12, 1.76574
_5633_, 227.396, 193.12, 1.76574
_5634_, 227.396, 193.12, 1.76574
_5640_, 227.396, 193.12, 1.76574
_5641_, 227.396, 193.12, 1.76574
_5644_, 227.396, 193.12, 1.76574
_5646_, 227.396, 193.12, 1.76574
_5649_, 227.396, 193.12, 1.76574
ANTENNA__5641__A2, 227.396, 193.12, 1.76574
FILLER_0_68_493, 227.396, 193.12, 1.76574
_5639_, 240.385, 193.12, 1.76548
_7292_, 240.385, 193.12, 1.76548
hold45, 240.385, 193.12, 1.76548
hold493, 240.385, 193.12, 1.76548
ANTENNA__3516__C1, 240.385, 193.12, 1.76548
ANTENNA__7292__RESET_B, 240.385, 193.12, 1.76548
ANTENNA__7212__RESET_B, 240.385, 193.12, 1.76548
FILLER_0_67_501, 240.385, 193.12, 1.76548
_5400_, 253.374, 193.12, 1.76525
_5414_, 253.374, 193.12, 1.76525
_5415_, 253.374, 193.12, 1.76525
_5417_, 253.374, 193.12, 1.76525
clkbuf_leaf_54_clk, 253.374, 193.12, 1.76525
hold295, 253.374, 193.12, 1.76525
ANTENNA__3516__A2, 253.374, 193.12, 1.76525
ANTENNA__3515__B, 253.374, 193.12, 1.76525
ANTENNA__5400__A2, 253.374, 193.12, 1.76525
ANTENNA__5417__A1, 253.374, 193.12, 1.76525
_5416_, 266.363, 193.12, 1.76509
_5422_, 266.363, 193.12, 1.76509
_5424_, 266.363, 193.12, 1.76509
_5425_, 266.363, 193.12, 1.76509
ANTENNA__3514__A, 266.363, 193.12, 1.76509
ANTENNA__5184__B1, 266.363, 193.12, 1.76509
ANTENNA__5184__A2, 266.363, 193.12, 1.76509
ANTENNA__7216__RESET_B, 266.363, 193.12, 1.76509
_4605_, 279.352, 193.12, 1.76495
clkbuf_leaf_53_clk, 279.352, 193.12, 1.76495
hold86, 279.352, 193.12, 1.76495
hold305, 279.352, 193.12, 1.76495
ANTENNA__5222__A, 279.352, 193.12, 1.76495
_7219_, 292.341, 193.12, 1.7649
hold92, 292.341, 193.12, 1.7649
hold317, 292.341, 193.12, 1.7649
ANTENNA__5188__B2, 292.341, 193.12, 1.7649
_5895_, 305.33, 193.12, 1.76486
_7222_, 305.33, 193.12, 1.76486
_7268_, 305.33, 193.12, 1.76486
hold89, 305.33, 193.12, 1.76486
ANTENNA__7218__RESET_B, 305.33, 193.12, 1.76486
ANTENNA__7219__RESET_B, 305.33, 193.12, 1.76486
FILLER_0_68_654, 305.33, 193.12, 1.76486
PHY_128, 5.52, 187.68, 1.76981
PHY_130, 5.52, 187.68, 1.76981
PHY_129, 318.32, 187.68, 1.76625
PHY_131, 318.32, 187.68, 1.76625
ANTENNA__5198__B2, 318.32, 187.68, 1.76625
_7558_, 34.64, 187.68, 1.76941
FILLER_0_65_51, 34.64, 187.68, 1.76941
FILLER_0_66_77, 34.64, 187.68, 1.76941
_6664_, 47.44, 187.68, 1.76902
_7554_, 47.44, 187.68, 1.76902
ANTENNA__7558__RESET_B, 47.44, 187.68, 1.76902
FILLER_0_65_97, 47.44, 187.68, 1.76902
FILLER_0_65_103, 47.44, 187.68, 1.76902
FILLER_0_66_93, 47.44, 187.68, 1.76902
_6320_, 60.24, 187.68, 1.76866
_6653_, 60.24, 187.68, 1.76866
_6657_, 60.24, 187.68, 1.76866
_6677_, 60.24, 187.68, 1.76866
ANTENNA__6653__A, 60.24, 187.68, 1.76866
FILLER_0_64_117, 60.24, 187.68, 1.76866
FILLER_0_65_113, 60.24, 187.68, 1.76866
FILLER_0_66_120, 60.24, 187.68, 1.76866
_6960_, 73.04, 187.68, 1.76832
clkbuf_leaf_17_clk, 73.04, 187.68, 1.76832
ANTENNA__3992__B_N, 73.04, 187.68, 1.76832
ANTENNA_clkbuf_leaf_17_clk_A, 73.04, 187.68, 1.76832
ANTENNA__7552__RESET_B, 73.04, 187.68, 1.76832
FILLER_0_64_141, 73.04, 187.68, 1.76832
FILLER_0_65_155, 73.04, 187.68, 1.76832
_3788_, 85.84, 187.68, 1.76806
_3992_, 85.84, 187.68, 1.76806
_3994_, 85.84, 187.68, 1.76806
ANTENNA__6960__RESET_B, 85.84, 187.68, 1.76806
FILLER_0_65_186, 85.84, 187.68, 1.76806
_3997_, 98.64, 187.68, 1.76783
_3999_, 98.64, 187.68, 1.76783
_4000_, 98.64, 187.68, 1.76783
_4024_, 98.64, 187.68, 1.76783
_7005_, 98.64, 187.68, 1.76783
ANTENNA__4003__B, 98.64, 187.68, 1.76783
ANTENNA__7005__RESET_B, 98.64, 187.68, 1.76783
FILLER_0_66_208, 98.64, 187.68, 1.76783
_4428_, 111.44, 187.68, 1.76766
_4429_, 111.44, 187.68, 1.76766
_7129_, 111.44, 187.68, 1.76766
clkbuf_leaf_14_clk, 111.44, 187.68, 1.76766
hold567, 111.44, 187.68, 1.76766
ANTENNA__7129__RESET_B, 111.44, 187.68, 1.76766
FILLER_0_65_219, 111.44, 187.68, 1.76766
_4683_, 124.24, 187.68, 1.76759
_4684_, 124.24, 187.68, 1.76759
_4688_, 124.24, 187.68, 1.76759
_4692_, 124.24, 187.68, 1.76759
_4693_, 124.24, 187.68, 1.76759
_4694_, 124.24, 187.68, 1.76759
hold310, 124.24, 187.68, 1.76759
ANTENNA__4429__B1, 124.24, 187.68, 1.76759
FILLER_0_64_245, 124.24, 187.68, 1.76759
_4696_, 137.04, 187.68, 1.76756
_4701_, 137.04, 187.68, 1.76756
_4703_, 137.04, 187.68, 1.76756
_4705_, 137.04, 187.68, 1.76756
_4711_, 137.04, 187.68, 1.76756
_4712_, 137.04, 187.68, 1.76756
ANTENNA__4699__B1, 137.04, 187.68, 1.76756
ANTENNA__4684__A1, 137.04, 187.68, 1.76756
ANTENNA__4694__A1, 137.04, 187.68, 1.76756
FILLER_0_65_288, 137.04, 187.68, 1.76756
FILLER_0_66_293, 137.04, 187.68, 1.76756
_4706_, 149.84, 187.68, 1.76756
_4708_, 149.84, 187.68, 1.76756
_4710_, 149.84, 187.68, 1.76756
_4718_, 149.84, 187.68, 1.76756
_4722_, 149.84, 187.68, 1.76756
_4723_, 149.84, 187.68, 1.76756
_4724_, 149.84, 187.68, 1.76756
_4733_, 149.84, 187.68, 1.76756
ANTENNA__4722__C1, 149.84, 187.68, 1.76756
FILLER_0_66_315, 149.84, 187.68, 1.76756
_4608_, 162.64, 187.68, 1.76762
_4609_, 162.64, 187.68, 1.76762
_4715_, 162.64, 187.68, 1.76762
_4716_, 162.64, 187.68, 1.76762
_4727_, 162.64, 187.68, 1.76762
_4728_, 162.64, 187.68, 1.76762
ANTENNA__4609__B2, 162.64, 187.68, 1.76762
ANTENNA__4607__B2, 162.64, 187.68, 1.76762
ANTENNA__4730__A, 162.64, 187.68, 1.76762
ANTENNA__4715__A, 162.64, 187.68, 1.76762
ANTENNA__7118__RESET_B, 162.64, 187.68, 1.76762
FILLER_0_65_333, 162.64, 187.68, 1.76762
_3531_, 188.429, 187.68, 1.76744
_3535_, 188.429, 187.68, 1.76744
_3545_, 188.429, 187.68, 1.76744
_3546_, 188.429, 187.68, 1.76744
FILLER_0_64_392, 188.429, 187.68, 1.76744
FILLER_0_65_405, 188.429, 187.68, 1.76744
_3498_, 201.418, 187.68, 1.7672
_5581_, 201.418, 187.68, 1.7672
_5582_, 201.418, 187.68, 1.7672
_5583_, 201.418, 187.68, 1.7672
_5584_, 201.418, 187.68, 1.7672
_5586_, 201.418, 187.68, 1.7672
ANTENNA__5587__A1, 201.418, 187.68, 1.7672
ANTENNA__5582__C, 201.418, 187.68, 1.7672
ANTENNA__5581__A2, 201.418, 187.68, 1.7672
ANTENNA__7290__RESET_B, 201.418, 187.68, 1.7672
FILLER_0_64_421, 201.418, 187.68, 1.7672
FILLER_0_65_433, 201.418, 187.68, 1.7672
FILLER_0_66_435, 201.418, 187.68, 1.7672
_5628_, 214.407, 187.68, 1.76698
_7290_, 214.407, 187.68, 1.76698
ANTENNA__5579__B1, 214.407, 187.68, 1.76698
ANTENNA__5579__A1, 214.407, 187.68, 1.76698
ANTENNA__5618__A1_N, 214.407, 187.68, 1.76698
ANTENNA__5628__B, 214.407, 187.68, 1.76698
ANTENNA__5618__A2_N, 214.407, 187.68, 1.76698
FILLER_0_65_445, 214.407, 187.68, 1.76698
FILLER_0_65_457, 214.407, 187.68, 1.76698
FILLER_0_66_466, 214.407, 187.68, 1.76698
_5630_, 227.396, 187.68, 1.76679
_5631_, 227.396, 187.68, 1.76679
_5643_, 227.396, 187.68, 1.76679
ANTENNA__3507__S, 227.396, 187.68, 1.76679
ANTENNA__5174__A1, 227.396, 187.68, 1.76679
ANTENNA__5642__B, 227.396, 187.68, 1.76679
ANTENNA__5640__C, 227.396, 187.68, 1.76679
ANTENNA__5643__A1, 227.396, 187.68, 1.76679
ANTENNA__3507__A0, 227.396, 187.68, 1.76679
FILLER_0_65_472, 227.396, 187.68, 1.76679
FILLER_0_65_492, 227.396, 187.68, 1.76679
FILLER_0_66_484, 227.396, 187.68, 1.76679
FILLER_0_66_490, 227.396, 187.68, 1.76679
_3515_, 240.385, 187.68, 1.76661
_3516_, 240.385, 187.68, 1.76661
_5175_, 240.385, 187.68, 1.76661
_7212_, 240.385, 187.68, 1.76661
ANTENNA__5175__B1, 240.385, 187.68, 1.76661
_7256_, 253.374, 187.68, 1.76647
hold506, 253.374, 187.68, 1.76647
ANTENNA__5175__A2, 253.374, 187.68, 1.76647
ANTENNA__7256__RESET_B, 253.374, 187.68, 1.76647
FILLER_0_64_527, 253.374, 187.68, 1.76647
FILLER_0_65_525, 253.374, 187.68, 1.76647
_5184_, 266.363, 187.68, 1.76636
_5186_, 266.363, 187.68, 1.76636
_7216_, 266.363, 187.68, 1.76636
_7217_, 266.363, 187.68, 1.76636
hold306, 266.363, 187.68, 1.76636
hold523, 266.363, 187.68, 1.76636
_5188_, 279.352, 187.68, 1.76629
_7218_, 279.352, 187.68, 1.76629
_7235_, 279.352, 187.68, 1.76629
hold209, 279.352, 187.68, 1.76629
ANTENNA_clkbuf_leaf_53_clk_A, 279.352, 187.68, 1.76629
ANTENNA__7217__RESET_B, 279.352, 187.68, 1.76629
_5190_, 292.341, 187.68, 1.76626
_5191_, 292.341, 187.68, 1.76626
_5893_, 292.341, 187.68, 1.76626
_7221_, 292.341, 187.68, 1.76626
hold208, 292.341, 187.68, 1.76626
ANTENNA__5188__A2, 292.341, 187.68, 1.76626
ANTENNA__7235__RESET_B, 292.341, 187.68, 1.76626
_5194_, 305.33, 187.68, 1.76625
hold84, 305.33, 187.68, 1.76625
hold127, 305.33, 187.68, 1.76625
hold128, 305.33, 187.68, 1.76625
ANTENNA__5190__A2, 305.33, 187.68, 1.76625
PHY_124, 5.52, 182.24, 1.77034
PHY_126, 5.52, 182.24, 1.77034
PHY_125, 318.32, 182.24, 1.76514
PHY_127, 318.32, 182.24, 1.76514
ANTENNA__5198__A2, 318.32, 182.24, 1.76514
ANTENNA__7238__RESET_B, 318.32, 182.24, 1.76514
FILLER_0_63_51, 34.64, 182.24, 1.77003
FILLER_0_63_69, 34.64, 182.24, 1.77003
FILLER_0_64_77, 34.64, 182.24, 1.77003
_6688_, 47.44, 182.24, 1.76971
_7562_, 47.44, 182.24, 1.76971
hold505, 47.44, 182.24, 1.76971
ANTENNA__7562__RESET_B, 47.44, 182.24, 1.76971
FILLER_0_64_97, 47.44, 182.24, 1.76971
_6678_, 60.24, 182.24, 1.76944
_6679_, 60.24, 182.24, 1.76944
_6680_, 60.24, 182.24, 1.76944
_6683_, 60.24, 182.24, 1.76944
_6686_, 60.24, 182.24, 1.76944
_6687_, 60.24, 182.24, 1.76944
_6689_, 60.24, 182.24, 1.76944
_6690_, 60.24, 182.24, 1.76944
hold293, 60.24, 182.24, 1.76944
ANTENNA__6679__A, 60.24, 182.24, 1.76944
FILLER_0_63_127, 60.24, 182.24, 1.76944
_3789_, 73.04, 182.24, 1.76919
_7563_, 73.04, 182.24, 1.76919
ANTENNA__6684__A4, 73.04, 182.24, 1.76919
FILLER_0_62_145, 73.04, 182.24, 1.76919
_3991_, 85.84, 182.24, 1.76896
_4003_, 85.84, 182.24, 1.76896
_4004_, 85.84, 182.24, 1.76896
_4007_, 85.84, 182.24, 1.76896
_4009_, 85.84, 182.24, 1.76896
hold741, 85.84, 182.24, 1.76896
ANTENNA__3788__S, 85.84, 182.24, 1.76896
ANTENNA__3789__A2, 85.84, 182.24, 1.76896
ANTENNA__3789__B1, 85.84, 182.24, 1.76896
ANTENNA__3788__A1, 85.84, 182.24, 1.76896
_4002_, 98.64, 182.24, 1.76877
_4010_, 98.64, 182.24, 1.76877
_4011_, 98.64, 182.24, 1.76877
_4012_, 98.64, 182.24, 1.76877
_4013_, 98.64, 182.24, 1.76877
ANTENNA__4000__B1, 98.64, 182.24, 1.76877
ANTENNA__4021__C, 98.64, 182.24, 1.76877
FILLER_0_62_191, 98.64, 182.24, 1.76877
FILLER_0_63_211, 98.64, 182.24, 1.76877
_7081_, 111.44, 182.24, 1.7686
hold618, 111.44, 182.24, 1.7686
ANTENNA__4430__S, 111.44, 182.24, 1.7686
ANTENNA__4428__S, 111.44, 182.24, 1.7686
ANTENNA__4431__B1, 111.44, 182.24, 1.7686
ANTENNA_clkbuf_leaf_14_clk_A, 111.44, 182.24, 1.7686
ANTENNA__7081__RESET_B, 111.44, 182.24, 1.7686
FILLER_0_63_219, 111.44, 182.24, 1.7686
FILLER_0_63_229, 111.44, 182.24, 1.7686
FILLER_0_63_234, 111.44, 182.24, 1.7686
_4699_, 124.24, 182.24, 1.76846
hold555, 124.24, 182.24, 1.76846
ANTENNA__4600__B2, 124.24, 182.24, 1.76846
ANTENNA__4694__B1, 124.24, 182.24, 1.76846
ANTENNA__4683__A, 124.24, 182.24, 1.76846
ANTENNA_hold555_A, 124.24, 182.24, 1.76846
FILLER_0_62_246, 124.24, 182.24, 1.76846
FILLER_0_63_257, 124.24, 182.24, 1.76846
FILLER_0_64_263, 124.24, 182.24, 1.76846
FILLER_0_64_269, 124.24, 182.24, 1.76846
_4695_, 137.04, 182.24, 1.76833
_4698_, 137.04, 182.24, 1.76833
_4707_, 137.04, 182.24, 1.76833
_4709_, 137.04, 182.24, 1.76833
ANTENNA__4599__S, 137.04, 182.24, 1.76833
ANTENNA__4600__A2, 137.04, 182.24, 1.76833
ANTENNA__4707__A, 137.04, 182.24, 1.76833
ANTENNA__4695__A, 137.04, 182.24, 1.76833
ANTENNA__4699__A1, 137.04, 182.24, 1.76833
FILLER_0_62_274, 137.04, 182.24, 1.76833
FILLER_0_63_292, 137.04, 182.24, 1.76833
FILLER_0_64_288, 137.04, 182.24, 1.76833
_4607_, 149.84, 182.24, 1.76821
_4717_, 149.84, 182.24, 1.76821
_4719_, 149.84, 182.24, 1.76821
_4720_, 149.84, 182.24, 1.76821
ANTENNA__4714__B2, 149.84, 182.24, 1.76821
ANTENNA__4604__B2, 149.84, 182.24, 1.76821
ANTENNA__4607__A2, 149.84, 182.24, 1.76821
ANTENNA__4709__C, 149.84, 182.24, 1.76821
ANTENNA__4708__A1, 149.84, 182.24, 1.76821
ANTENNA__4721__A1, 149.84, 182.24, 1.76821
FILLER_0_64_318, 149.84, 182.24, 1.76821
FILLER_0_64_324, 149.84, 182.24, 1.76821
_7117_, 162.64, 182.24, 1.76812
_7118_, 162.64, 182.24, 1.76812
hold347, 162.64, 182.24, 1.76812
hold401, 162.64, 182.24, 1.76812
ANTENNA__4608__S, 162.64, 182.24, 1.76812
ANTENNA__7117__RESET_B, 162.64, 182.24, 1.76812
FILLER_0_63_337, 162.64, 182.24, 1.76812
_3449_, 188.429, 182.24, 1.76754
_3564_, 188.429, 182.24, 1.76754
_3565_, 188.429, 182.24, 1.76754
_3574_, 188.429, 182.24, 1.76754
FILLER_0_62_385, 188.429, 182.24, 1.76754
FILLER_0_63_389, 188.429, 182.24, 1.76754
FILLER_0_63_393, 188.429, 182.24, 1.76754
FILLER_0_63_404, 188.429, 182.24, 1.76754
_5578_, 201.418, 182.24, 1.76706
_7286_, 201.418, 182.24, 1.76706
clkbuf_leaf_59_clk, 201.418, 182.24, 1.76706
hold325, 201.418, 182.24, 1.76706
ANTENNA__5578__C, 201.418, 182.24, 1.76706
ANTENNA_clkbuf_leaf_59_clk_A, 201.418, 182.24, 1.76706
FILLER_0_62_421, 201.418, 182.24, 1.76706
_3507_, 214.407, 182.24, 1.76666
_5172_, 214.407, 182.24, 1.76666
_5577_, 214.407, 182.24, 1.76666
_5579_, 214.407, 182.24, 1.76666
_5637_, 214.407, 182.24, 1.76666
ANTENNA__5577__A2, 214.407, 182.24, 1.76666
_5174_, 227.396, 182.24, 1.76629
_5629_, 227.396, 182.24, 1.76629
_5638_, 227.396, 182.24, 1.76629
_5642_, 227.396, 182.24, 1.76629
ANTENNA__5174__S, 227.396, 182.24, 1.76629
ANTENNA__5637__B1, 227.396, 182.24, 1.76629
ANTENNA__5638__A2, 227.396, 182.24, 1.76629
ANTENNA__5629__B, 227.396, 182.24, 1.76629
ANTENNA__5629__A_N, 227.396, 182.24, 1.76629
FILLER_0_62_481, 227.396, 182.24, 1.76629
FILLER_0_63_473, 227.396, 182.24, 1.76629
FILLER_0_63_495, 227.396, 182.24, 1.76629
_3499_, 240.385, 182.24, 1.76594
_5181_, 240.385, 182.24, 1.76594
_5182_, 240.385, 182.24, 1.76594
_7215_, 240.385, 182.24, 1.76594
hold406, 240.385, 182.24, 1.76594
ANTENNA__5181__S, 240.385, 182.24, 1.76594
ANTENNA__3499__A, 240.385, 182.24, 1.76594
ANTENNA__5182__A2, 240.385, 182.24, 1.76594
_5173_, 253.374, 182.24, 1.76565
_7211_, 253.374, 182.24, 1.76565
hold710, 253.374, 182.24, 1.76565
ANTENNA__5182__B1, 253.374, 182.24, 1.76565
ANTENNA__7215__RESET_B, 253.374, 182.24, 1.76565
ANTENNA__7211__RESET_B, 253.374, 182.24, 1.76565
_3514_, 266.363, 182.24, 1.76539
_5222_, 266.363, 182.24, 1.76539
_5303_, 266.363, 182.24, 1.76539
FILLER_0_63_577, 266.363, 182.24, 1.76539
_5298_, 279.352, 182.24, 1.76528
_5301_, 279.352, 182.24, 1.76528
hold559, 279.352, 182.24, 1.76528
ANTENNA__5303__A2, 279.352, 182.24, 1.76528
ANTENNA__5297__B, 279.352, 182.24, 1.76528
FILLER_0_62_594, 279.352, 182.24, 1.76528
FILLER_0_63_608, 279.352, 182.24, 1.76528
_5198_, 292.341, 182.24, 1.76519
_5307_, 292.341, 182.24, 1.76519
_5308_, 292.341, 182.24, 1.76519
_5316_, 292.341, 182.24, 1.76519
_5318_, 292.341, 182.24, 1.76519
_5322_, 292.341, 182.24, 1.76519
_5323_, 292.341, 182.24, 1.76519
ANTENNA__5191__S, 292.341, 182.24, 1.76519
ANTENNA__5322__B1, 292.341, 182.24, 1.76519
FILLER_0_64_634, 292.341, 182.24, 1.76519
_5196_, 305.33, 182.24, 1.76514
_5317_, 305.33, 182.24, 1.76514
_5325_, 305.33, 182.24, 1.76514
_7223_, 305.33, 182.24, 1.76514
output40, 305.33, 182.24, 1.76514
hold47, 305.33, 182.24, 1.76514
hold474, 305.33, 182.24, 1.76514
ANTENNA__5190__B2, 305.33, 182.24, 1.76514
PHY_120, 5.52, 176.8, 1.77081
PHY_122, 5.52, 176.8, 1.77081
_3500_, 318.32, 176.8, 1.76585
PHY_121, 318.32, 176.8, 1.76585
PHY_123, 318.32, 176.8, 1.76585
ANTENNA_output54_A, 13.68, 176.8, 1.77081
FILLER_0_61_51, 34.64, 176.8, 1.77041
FILLER_0_62_77, 34.64, 176.8, 1.77041
_6681_, 47.44, 176.8, 1.77
_6682_, 47.44, 176.8, 1.77
_6685_, 47.44, 176.8, 1.77
_7560_, 47.44, 176.8, 1.77
hold597, 47.44, 176.8, 1.77
FILLER_0_62_97, 47.44, 176.8, 1.77
_6319_, 60.24, 176.8, 1.76964
_6667_, 60.24, 176.8, 1.76964
_6684_, 60.24, 176.8, 1.76964
_7561_, 60.24, 176.8, 1.76964
ANTENNA__7560__RESET_B, 60.24, 176.8, 1.76964
FILLER_0_61_113, 60.24, 176.8, 1.76964
_4748_, 73.04, 176.8, 1.76933
_6961_, 73.04, 176.8, 1.76933
ANTENNA__6667__B1, 73.04, 176.8, 1.76933
ANTENNA__7561__RESET_B, 73.04, 176.8, 1.76933
ANTENNA__7563__RESET_B, 73.04, 176.8, 1.76933
FILLER_0_60_136, 73.04, 176.8, 1.76933
FILLER_0_61_136, 73.04, 176.8, 1.76933
FILLER_0_62_157, 73.04, 176.8, 1.76933
_3791_, 85.84, 176.8, 1.76913
_4006_, 85.84, 176.8, 1.76913
_4008_, 85.84, 176.8, 1.76913
_4021_, 85.84, 176.8, 1.76913
ANTENNA__4748__A, 85.84, 176.8, 1.76913
ANTENNA__6961__RESET_B, 85.84, 176.8, 1.76913
FILLER_0_60_172, 85.84, 176.8, 1.76913
FILLER_0_62_186, 85.84, 176.8, 1.76913
_4014_, 98.64, 176.8, 1.76896
_4430_, 98.64, 176.8, 1.76896
_7006_, 98.64, 176.8, 1.76896
hold434, 98.64, 176.8, 1.76896
ANTENNA__4014__A1, 98.64, 176.8, 1.76896
FILLER_0_60_190, 98.64, 176.8, 1.76896
FILLER_0_60_197, 98.64, 176.8, 1.76896
FILLER_0_61_189, 98.64, 176.8, 1.76896
_4431_, 111.44, 176.8, 1.76882
_4433_, 111.44, 176.8, 1.76882
_7114_, 111.44, 176.8, 1.76882
ANTENNA__4433__B1, 111.44, 176.8, 1.76882
ANTENNA__4433__A2, 111.44, 176.8, 1.76882
ANTENNA__7114__RESET_B, 111.44, 176.8, 1.76882
ANTENNA__7006__RESET_B, 111.44, 176.8, 1.76882
FILLER_0_61_232, 111.44, 176.8, 1.76882
_4599_, 124.24, 176.8, 1.76871
_4600_, 124.24, 176.8, 1.76871
_4602_, 124.24, 176.8, 1.76871
_4697_, 124.24, 176.8, 1.76871
ANTENNA_hold545_A, 124.24, 176.8, 1.76871
ANTENNA__7130__RESET_B, 124.24, 176.8, 1.76871
FILLER_0_60_247, 124.24, 176.8, 1.76871
FILLER_0_60_253, 124.24, 176.8, 1.76871
_4713_, 137.04, 176.8, 1.7686
_4714_, 137.04, 176.8, 1.7686
ANTENNA__4602__B2, 137.04, 176.8, 1.7686
ANTENNA__4604__A2, 137.04, 176.8, 1.7686
ANTENNA__4602__A2, 137.04, 176.8, 1.7686
ANTENNA_hold544_A, 137.04, 176.8, 1.7686
ANTENNA__4713__A, 137.04, 176.8, 1.7686
ANTENNA__7131__RESET_B, 137.04, 176.8, 1.7686
FILLER_0_61_285, 137.04, 176.8, 1.7686
FILLER_0_62_287, 137.04, 176.8, 1.7686
_4721_, 149.84, 176.8, 1.76851
_7132_, 149.84, 176.8, 1.76851
hold611, 149.84, 176.8, 1.76851
hold647, 149.84, 176.8, 1.76851
ANTENNA__7132__RESET_B, 149.84, 176.8, 1.76851
FILLER_0_60_305, 149.84, 176.8, 1.76851
FILLER_0_61_306, 149.84, 176.8, 1.76851
_3809_, 162.64, 176.8, 1.76846
_4285_, 162.64, 176.8, 1.76846
_4606_, 162.64, 176.8, 1.76846
ANTENNA__4606__S, 162.64, 176.8, 1.76846
ANTENNA__7090__RESET_B, 162.64, 176.8, 1.76846
FILLER_0_61_333, 162.64, 176.8, 1.76846
FILLER_0_61_337, 162.64, 176.8, 1.76846
FILLER_0_62_352, 162.64, 176.8, 1.76846
_3555_, 188.429, 176.8, 1.76799
_3562_, 188.429, 176.8, 1.76799
_3563_, 188.429, 176.8, 1.76799
_6923_, 188.429, 176.8, 1.76799
ANTENNA__3559__A1, 188.429, 176.8, 1.76799
FILLER_0_60_388, 188.429, 176.8, 1.76799
FILLER_0_61_397, 188.429, 176.8, 1.76799
FILLER_0_61_408, 188.429, 176.8, 1.76799
_3442_, 201.418, 176.8, 1.76756
_3495_, 201.418, 176.8, 1.76756
ANTENNA__3496__A, 201.418, 176.8, 1.76756
ANTENNA_max_cap72_A, 201.418, 176.8, 1.76756
ANTENNA__7286__RESET_B, 201.418, 176.8, 1.76756
ANTENNA__6924__RESET_B, 201.418, 176.8, 1.76756
ANTENNA__6923__RESET_B, 201.418, 176.8, 1.76756
FILLER_0_61_429, 201.418, 176.8, 1.76756
_3446_, 214.407, 176.8, 1.76716
_4611_, 214.407, 176.8, 1.76716
_5404_, 214.407, 176.8, 1.76716
clkbuf_leaf_58_clk, 214.407, 176.8, 1.76716
ANTENNA__5172__S, 214.407, 176.8, 1.76716
ANTENNA__3495__S, 214.407, 176.8, 1.76716
FILLER_0_60_441, 214.407, 176.8, 1.76716
FILLER_0_60_446, 214.407, 176.8, 1.76716
FILLER_0_62_455, 214.407, 176.8, 1.76716
_3510_, 227.396, 176.8, 1.76687
_5636_, 227.396, 176.8, 1.76687
_7291_, 227.396, 176.8, 1.76687
hold585, 227.396, 176.8, 1.76687
ANTENNA__3510__S, 227.396, 176.8, 1.76687
ANTENNA__4801__A1, 227.396, 176.8, 1.76687
_3511_, 240.385, 176.8, 1.76661
_5183_, 240.385, 176.8, 1.76661
_7232_, 240.385, 176.8, 1.76661
ANTENNA__5183__S, 240.385, 176.8, 1.76661
ANTENNA__3511__A, 240.385, 176.8, 1.76661
ANTENNA__5181__A1, 240.385, 176.8, 1.76661
ANTENNA__4807__A1, 240.385, 176.8, 1.76661
FILLER_0_60_501, 240.385, 176.8, 1.76661
FILLER_0_61_505, 240.385, 176.8, 1.76661
_5274_, 253.374, 176.8, 1.76639
_5282_, 253.374, 176.8, 1.76639
_7233_, 253.374, 176.8, 1.76639
hold335, 253.374, 176.8, 1.76639
ANTENNA__5173__B1, 253.374, 176.8, 1.76639
ANTENNA__5173__A2, 253.374, 176.8, 1.76639
ANTENNA__7232__RESET_B, 253.374, 176.8, 1.76639
_5185_, 266.363, 176.8, 1.76621
_5280_, 266.363, 176.8, 1.76621
_5302_, 266.363, 176.8, 1.76621
hold563, 266.363, 176.8, 1.76621
ANTENNA__5185__S, 266.363, 176.8, 1.76621
ANTENNA__7233__RESET_B, 266.363, 176.8, 1.76621
FILLER_0_61_557, 266.363, 176.8, 1.76621
FILLER_0_61_565, 266.363, 176.8, 1.76621
_5187_, 279.352, 176.8, 1.76606
_5297_, 279.352, 176.8, 1.76606
_5299_, 279.352, 176.8, 1.76606
_5300_, 279.352, 176.8, 1.76606
_5304_, 279.352, 176.8, 1.76606
_5305_, 279.352, 176.8, 1.76606
ANTENNA__5302__B1, 279.352, 176.8, 1.76606
ANTENNA__5187__S, 279.352, 176.8, 1.76606
ANTENNA__5304__B1, 279.352, 176.8, 1.76606
ANTENNA__5298__B, 279.352, 176.8, 1.76606
_5306_, 292.341, 176.8, 1.76594
_5309_, 292.341, 176.8, 1.76594
_5310_, 292.341, 176.8, 1.76594
_5311_, 292.341, 176.8, 1.76594
_5315_, 292.341, 176.8, 1.76594
_5324_, 292.341, 176.8, 1.76594
ANTENNA__5313__B2, 292.341, 176.8, 1.76594
ANTENNA__5315__B, 292.341, 176.8, 1.76594
ANTENNA__5307__B, 292.341, 176.8, 1.76594
ANTENNA__5306__B, 292.341, 176.8, 1.76594
ANTENNA__5326__B1, 292.341, 176.8, 1.76594
FILLER_0_60_622, 292.341, 176.8, 1.76594
FILLER_0_61_621, 292.341, 176.8, 1.76594
FILLER_0_61_630, 292.341, 176.8, 1.76594
_5043_, 305.33, 176.8, 1.76585
_5195_, 305.33, 176.8, 1.76585
_5326_, 305.33, 176.8, 1.76585
_7238_, 305.33, 176.8, 1.76585
clkbuf_leaf_52_clk, 305.33, 176.8, 1.76585
FILLER_0_60_645, 305.33, 176.8, 1.76585
PHY_116, 5.52, 171.36, 1.77145
PHY_118, 5.52, 171.36, 1.77145
output54, 5.52, 171.36, 1.77145
PHY_117, 318.32, 171.36, 1.76686
PHY_119, 318.32, 171.36, 1.76686
ANTENNA__7193__RESET_B, 318.32, 171.36, 1.76686
FILLER_0_60_25, 13.68, 171.36, 1.77145
FILLER_0_59_51, 34.64, 171.36, 1.77116
FILLER_0_60_77, 34.64, 171.36, 1.77116
hold124, 47.44, 171.36, 1.77085
FILLER_0_59_105, 47.44, 171.36, 1.77085
_6402_, 60.24, 171.36, 1.77055
_7433_, 60.24, 171.36, 1.77055
ANTENNA__7434__RESET_B, 60.24, 171.36, 1.77055
FILLER_0_58_107, 60.24, 171.36, 1.77055
FILLER_0_59_113, 60.24, 171.36, 1.77055
FILLER_0_59_121, 60.24, 171.36, 1.77055
_3792_, 73.04, 171.36, 1.77027
hold569, 73.04, 171.36, 1.77027
ANTENNA__3792__A2, 73.04, 171.36, 1.77027
ANTENNA__3792__B1, 73.04, 171.36, 1.77027
ANTENNA__7433__RESET_B, 73.04, 171.36, 1.77027
FILLER_0_58_141, 73.04, 171.36, 1.77027
_4005_, 85.84, 171.36, 1.77001
_4015_, 85.84, 171.36, 1.77001
_4019_, 85.84, 171.36, 1.77001
_4022_, 85.84, 171.36, 1.77001
hold571, 85.84, 171.36, 1.77001
ANTENNA__3791__S, 85.84, 171.36, 1.77001
ANTENNA__3791__A1, 85.84, 171.36, 1.77001
ANTENNA__4017__A, 85.84, 171.36, 1.77001
ANTENNA__4006__B_N, 85.84, 171.36, 1.77001
FILLER_0_58_170, 85.84, 171.36, 1.77001
FILLER_0_59_169, 85.84, 171.36, 1.77001
FILLER_0_59_183, 85.84, 171.36, 1.77001
_4025_, 98.64, 171.36, 1.76977
_4026_, 98.64, 171.36, 1.76977
_4027_, 98.64, 171.36, 1.76977
_4036_, 98.64, 171.36, 1.76977
ANTENNA__4014__B1, 98.64, 171.36, 1.76977
ANTENNA__7007__RESET_B, 98.64, 171.36, 1.76977
FILLER_0_59_200, 98.64, 171.36, 1.76977
FILLER_0_59_213, 98.64, 171.36, 1.76977
FILLER_0_60_207, 98.64, 171.36, 1.76977
_4432_, 111.44, 171.36, 1.76955
_7082_, 111.44, 171.36, 1.76955
hold533, 111.44, 171.36, 1.76955
ANTENNA__4431__A2, 111.44, 171.36, 1.76955
ANTENNA__7082__RESET_B, 111.44, 171.36, 1.76955
FILLER_0_59_225, 111.44, 171.36, 1.76955
_7115_, 124.24, 171.36, 1.76936
_7130_, 124.24, 171.36, 1.76936
hold99, 124.24, 171.36, 1.76936
hold545, 124.24, 171.36, 1.76936
ANTENNA__4437__B2, 124.24, 171.36, 1.76936
ANTENNA__7115__RESET_B, 124.24, 171.36, 1.76936
_4603_, 137.04, 171.36, 1.76921
_4604_, 137.04, 171.36, 1.76921
_7116_, 137.04, 171.36, 1.76921
_7131_, 137.04, 171.36, 1.76921
hold544, 137.04, 171.36, 1.76921
ANTENNA__4603__S, 137.04, 171.36, 1.76921
ANTENNA_clkbuf_leaf_13_clk_A, 137.04, 171.36, 1.76921
ANTENNA__7116__RESET_B, 137.04, 171.36, 1.76921
FILLER_0_59_277, 137.04, 171.36, 1.76921
FILLER_0_59_281, 137.04, 171.36, 1.76921
_4446_, 149.84, 171.36, 1.76909
hold117, 149.84, 171.36, 1.76909
hold118, 149.84, 171.36, 1.76909
ANTENNA__4446__A2, 149.84, 171.36, 1.76909
ANTENNA__4721__B1, 149.84, 171.36, 1.76909
FILLER_0_58_301, 149.84, 171.36, 1.76909
FILLER_0_58_309, 149.84, 171.36, 1.76909
FILLER_0_60_318, 149.84, 171.36, 1.76909
FILLER_0_60_324, 149.84, 171.36, 1.76909
_4450_, 162.64, 171.36, 1.76899
_7090_, 162.64, 171.36, 1.76899
hold311, 162.64, 171.36, 1.76899
ANTENNA__4450__B2, 162.64, 171.36, 1.76899
ANTENNA__4450__A2, 162.64, 171.36, 1.76899
FILLER_0_58_339, 162.64, 171.36, 1.76899
FILLER_0_59_337, 162.64, 171.36, 1.76899
_3443_, 188.429, 171.36, 1.7684
_3448_, 188.429, 171.36, 1.7684
_3537_, 188.429, 171.36, 1.7684
_3556_, 188.429, 171.36, 1.7684
_6924_, 188.429, 171.36, 1.7684
FILLER_0_59_385, 188.429, 171.36, 1.7684
_3496_, 201.418, 171.36, 1.76795
_3529_, 201.418, 171.36, 1.76795
_3641_, 201.418, 171.36, 1.76795
_7409_, 201.418, 171.36, 1.76795
max_cap72, 201.418, 171.36, 1.76795
hold215, 201.418, 171.36, 1.76795
FILLER_0_59_433, 201.418, 171.36, 1.76795
_4801_, 214.407, 171.36, 1.76767
_7228_, 214.407, 171.36, 1.76767
max_cap71, 214.407, 171.36, 1.76767
ANTENNA__4801__S, 214.407, 171.36, 1.76767
ANTENNA_max_cap71_A, 214.407, 171.36, 1.76767
ANTENNA_clkbuf_leaf_58_clk_A, 214.407, 171.36, 1.76767
ANTENNA__7228__RESET_B, 214.407, 171.36, 1.76767
FILLER_0_58_441, 214.407, 171.36, 1.76767
FILLER_0_59_449, 214.407, 171.36, 1.76767
_4807_, 227.396, 171.36, 1.76745
_5236_, 227.396, 171.36, 1.76745
_7229_, 227.396, 171.36, 1.76745
ANTENNA__4807__S, 227.396, 171.36, 1.76745
ANTENNA__5237__A2, 227.396, 171.36, 1.76745
ANTENNA__7291__RESET_B, 227.396, 171.36, 1.76745
ANTENNA__7229__RESET_B, 227.396, 171.36, 1.76745
FILLER_0_60_485, 227.396, 171.36, 1.76745
_3508_, 240.385, 171.36, 1.76727
_5250_, 240.385, 171.36, 1.76727
_7230_, 240.385, 171.36, 1.76727
ANTENNA__3508__A, 240.385, 171.36, 1.76727
ANTENNA__5183__A1, 240.385, 171.36, 1.76727
ANTENNA__7230__RESET_B, 240.385, 171.36, 1.76727
FILLER_0_59_501, 240.385, 171.36, 1.76727
_5270_, 253.374, 171.36, 1.76713
_5273_, 253.374, 171.36, 1.76713
_5281_, 253.374, 171.36, 1.76713
_5283_, 253.374, 171.36, 1.76713
_5284_, 253.374, 171.36, 1.76713
hold630, 253.374, 171.36, 1.76713
ANTENNA__5282__A1, 253.374, 171.36, 1.76713
ANTENNA__5274__A1, 253.374, 171.36, 1.76713
ANTENNA__5282__B1, 253.374, 171.36, 1.76713
ANTENNA__5274__B1, 253.374, 171.36, 1.76713
FILLER_0_59_541, 253.374, 171.36, 1.76713
_5276_, 266.363, 171.36, 1.76702
_5277_, 266.363, 171.36, 1.76702
_5285_, 266.363, 171.36, 1.76702
_5287_, 266.363, 171.36, 1.76702
_5289_, 266.363, 171.36, 1.76702
_5292_, 266.363, 171.36, 1.76702
ANTENNA__5289__B, 266.363, 171.36, 1.76702
ANTENNA__5276__B, 266.363, 171.36, 1.76702
FILLER_0_59_557, 266.363, 171.36, 1.76702
FILLER_0_59_561, 266.363, 171.36, 1.76702
FILLER_0_60_573, 266.363, 171.36, 1.76702
FILLER_0_60_580, 266.363, 171.36, 1.76702
_5288_, 279.352, 171.36, 1.76694
_5290_, 279.352, 171.36, 1.76694
_5291_, 279.352, 171.36, 1.76694
_5296_, 279.352, 171.36, 1.76694
_5312_, 279.352, 171.36, 1.76694
_5313_, 279.352, 171.36, 1.76694
ANTENNA__5312__B1, 279.352, 171.36, 1.76694
ANTENNA__5296__A1, 279.352, 171.36, 1.76694
ANTENNA__5288__B, 279.352, 171.36, 1.76694
FILLER_0_58_582, 279.352, 171.36, 1.76694
FILLER_0_59_598, 279.352, 171.36, 1.76694
FILLER_0_60_600, 279.352, 171.36, 1.76694
_5319_, 292.341, 171.36, 1.76688
_7237_, 292.341, 171.36, 1.76688
hold349, 292.341, 171.36, 1.76688
hold715, 292.341, 171.36, 1.76688
ANTENNA__5326__A2, 292.341, 171.36, 1.76688
ANTENNA__5316__A_N, 292.341, 171.36, 1.76688
ANTENNA__7237__RESET_B, 292.341, 171.36, 1.76688
_5193_, 305.33, 171.36, 1.76686
_5197_, 305.33, 171.36, 1.76686
_7193_, 305.33, 171.36, 1.76686
hold48, 305.33, 171.36, 1.76686
ANTENNA__5195__S, 305.33, 171.36, 1.76686
ANTENNA_clkbuf_leaf_52_clk_A, 305.33, 171.36, 1.76686
PHY_112, 5.52, 165.92, 1.77197
PHY_114, 5.52, 165.92, 1.77197
PHY_113, 318.32, 165.92, 1.76681
PHY_115, 318.32, 165.92, 1.76681
ANTENNA__5196__B2, 318.32, 165.92, 1.76681
ANTENNA__5043__B2, 318.32, 165.92, 1.76681
ANTENNA__5043__A2, 318.32, 165.92, 1.76681
FILLER_0_56_674, 318.32, 165.92, 1.76681
_6377_, 34.64, 165.92, 1.77154
_7426_, 34.64, 165.92, 1.77154
FILLER_0_57_51, 34.64, 165.92, 1.77154
FILLER_0_57_57, 34.64, 165.92, 1.77154
FILLER_0_58_77, 34.64, 165.92, 1.77154
_4750_, 47.44, 165.92, 1.77112
_7423_, 47.44, 165.92, 1.77112
_7434_, 47.44, 165.92, 1.77112
ANTENNA__7423__RESET_B, 47.44, 165.92, 1.77112
ANTENNA__7426__RESET_B, 47.44, 165.92, 1.77112
ANTENNA__4750__A, 47.44, 165.92, 1.77112
FILLER_0_56_78, 47.44, 165.92, 1.77112
FILLER_0_58_97, 47.44, 165.92, 1.77112
_6396_, 60.24, 165.92, 1.77073
_6399_, 60.24, 165.92, 1.77073
_6401_, 60.24, 165.92, 1.77073
_6403_, 60.24, 165.92, 1.77073
hold593, 60.24, 165.92, 1.77073
hold668, 60.24, 165.92, 1.77073
_3795_, 73.04, 165.92, 1.77038
_6394_, 73.04, 165.92, 1.77038
_6397_, 73.04, 165.92, 1.77038
_6962_, 73.04, 165.92, 1.77038
ANTENNA__3795__A2, 73.04, 165.92, 1.77038
ANTENNA__3795__B1, 73.04, 165.92, 1.77038
FILLER_0_56_137, 73.04, 165.92, 1.77038
FILLER_0_57_143, 73.04, 165.92, 1.77038
_4016_, 85.84, 165.92, 1.77007
_4017_, 85.84, 165.92, 1.77007
_4018_, 85.84, 165.92, 1.77007
_4020_, 85.84, 165.92, 1.77007
_4023_, 85.84, 165.92, 1.77007
ANTENNA__4016__A1, 85.84, 165.92, 1.77007
ANTENNA__6962__RESET_B, 85.84, 165.92, 1.77007
FILLER_0_56_169, 85.84, 165.92, 1.77007
FILLER_0_57_173, 85.84, 165.92, 1.77007
_4028_, 98.64, 165.92, 1.76979
_4037_, 98.64, 165.92, 1.76979
_4060_, 98.64, 165.92, 1.76979
_4062_, 98.64, 165.92, 1.76979
_7007_, 98.64, 165.92, 1.76979
ANTENNA__4028__B1, 98.64, 165.92, 1.76979
FILLER_0_57_189, 98.64, 165.92, 1.76979
_4435_, 111.44, 165.92, 1.76955
_4437_, 111.44, 165.92, 1.76955
_7083_, 111.44, 165.92, 1.76955
_7084_, 111.44, 165.92, 1.76955
hold321, 111.44, 165.92, 1.76955
ANTENNA__4432__S, 111.44, 165.92, 1.76955
ANTENNA__4437__A2, 111.44, 165.92, 1.76955
ANTENNA__4435__A2, 111.44, 165.92, 1.76955
ANTENNA__7084__RESET_B, 111.44, 165.92, 1.76955
FILLER_0_57_218, 111.44, 165.92, 1.76955
FILLER_0_57_233, 111.44, 165.92, 1.76955
FILLER_0_58_236, 111.44, 165.92, 1.76955
_4601_, 124.24, 165.92, 1.76935
_7085_, 124.24, 165.92, 1.76935
ANTENNA__4601__S, 124.24, 165.92, 1.76935
ANTENNA__4442__B2, 124.24, 165.92, 1.76935
ANTENNA__4442__A2, 124.24, 165.92, 1.76935
ANTENNA__7083__RESET_B, 124.24, 165.92, 1.76935
FILLER_0_57_259, 124.24, 165.92, 1.76935
FILLER_0_58_261, 124.24, 165.92, 1.76935
_4442_, 137.04, 165.92, 1.76917
_7086_, 137.04, 165.92, 1.76917
clkbuf_leaf_13_clk, 137.04, 165.92, 1.76917
hold77, 137.04, 165.92, 1.76917
hold104, 137.04, 165.92, 1.76917
ANTENNA__7087__RESET_B, 137.04, 165.92, 1.76917
FILLER_0_57_281, 137.04, 165.92, 1.76917
_4444_, 149.84, 165.92, 1.76906
_7087_, 149.84, 165.92, 1.76906
_7088_, 149.84, 165.92, 1.76906
ANTENNA__7088__RESET_B, 149.84, 165.92, 1.76906
_6925_, 162.64, 165.92, 1.76897
clkbuf_0_clk, 162.64, 165.92, 1.76897
ANTENNA__6925__RESET_B, 162.64, 165.92, 1.76897
_3534_, 188.429, 165.92, 1.76846
_3536_, 188.429, 165.92, 1.76846
_3592_, 188.429, 165.92, 1.76846
_3598_, 188.429, 165.92, 1.76846
_3602_, 188.429, 165.92, 1.76846
_3642_, 188.429, 165.92, 1.76846
ANTENNA__3542__B1, 188.429, 165.92, 1.76846
FILLER_0_57_397, 188.429, 165.92, 1.76846
_3530_, 201.418, 165.92, 1.768
_5219_, 201.418, 165.92, 1.768
_5314_, 201.418, 165.92, 1.768
_5897_, 201.418, 165.92, 1.768
ANTENNA__3602__A1_N, 201.418, 165.92, 1.768
ANTENNA__3642__B1, 201.418, 165.92, 1.768
ANTENNA__5220__B1, 201.418, 165.92, 1.768
ANTENNA__7409__RESET_B, 201.418, 165.92, 1.768
FILLER_0_57_415, 201.418, 165.92, 1.768
_5220_, 214.407, 165.92, 1.76772
_5221_, 214.407, 165.92, 1.76772
_5223_, 214.407, 165.92, 1.76772
_5224_, 214.407, 165.92, 1.76772
hold568, 214.407, 165.92, 1.76772
ANTENNA__5221__A2, 214.407, 165.92, 1.76772
FILLER_0_57_460, 214.407, 165.92, 1.76772
_5230_, 227.396, 165.92, 1.76747
_5233_, 227.396, 165.92, 1.76747
_5234_, 227.396, 165.92, 1.76747
_5235_, 227.396, 165.92, 1.76747
_5237_, 227.396, 165.92, 1.76747
_5238_, 227.396, 165.92, 1.76747
hold572, 227.396, 165.92, 1.76747
ANTENNA__5237__B1, 227.396, 165.92, 1.76747
FILLER_0_57_494, 227.396, 165.92, 1.76747
_5245_, 240.385, 165.92, 1.76727
_5247_, 240.385, 165.92, 1.76727
_5248_, 240.385, 165.92, 1.76727
_5249_, 240.385, 165.92, 1.76727
ANTENNA__5249__B1, 240.385, 165.92, 1.76727
ANTENNA__5250__B2, 240.385, 165.92, 1.76727
FILLER_0_56_502, 240.385, 165.92, 1.76727
FILLER_0_57_505, 240.385, 165.92, 1.76727
FILLER_0_58_524, 240.385, 165.92, 1.76727
_5260_, 253.374, 165.92, 1.7671
_5269_, 253.374, 165.92, 1.7671
_5271_, 253.374, 165.92, 1.7671
_5272_, 253.374, 165.92, 1.7671
_5279_, 253.374, 165.92, 1.7671
_5286_, 253.374, 165.92, 1.7671
ANTENNA__5260__B1, 253.374, 165.92, 1.7671
FILLER_0_57_526, 253.374, 165.92, 1.7671
FILLER_0_57_533, 253.374, 165.92, 1.7671
FILLER_0_57_542, 253.374, 165.92, 1.7671
FILLER_0_58_548, 253.374, 165.92, 1.7671
_5278_, 266.363, 165.92, 1.76698
_5293_, 266.363, 165.92, 1.76698
_5294_, 266.363, 165.92, 1.76698
ANTENNA__5277__B, 266.363, 165.92, 1.76698
FILLER_0_56_565, 266.363, 165.92, 1.76698
FILLER_0_57_557, 266.363, 165.92, 1.76698
FILLER_0_57_565, 266.363, 165.92, 1.76698
FILLER_0_57_577, 266.363, 165.92, 1.76698
_5295_, 279.352, 165.92, 1.76688
_7234_, 279.352, 165.92, 1.76688
_7236_, 279.352, 165.92, 1.76688
hold638, 279.352, 165.92, 1.76688
ANTENNA__5296__B1, 279.352, 165.92, 1.76688
ANTENNA__5041__B2, 279.352, 165.92, 1.76688
ANTENNA__7234__RESET_B, 279.352, 165.92, 1.76688
ANTENNA__7188__RESET_B, 279.352, 165.92, 1.76688
ANTENNA__7236__RESET_B, 279.352, 165.92, 1.76688
FILLER_0_56_583, 279.352, 165.92, 1.76688
FILLER_0_57_593, 279.352, 165.92, 1.76688
_5039_, 292.341, 165.92, 1.76683
_5189_, 292.341, 165.92, 1.76683
_5320_, 292.341, 165.92, 1.76683
_5321_, 292.341, 165.92, 1.76683
ANTENNA__5039__B2, 292.341, 165.92, 1.76683
ANTENNA__5041__A2, 292.341, 165.92, 1.76683
ANTENNA__5039__A2, 292.341, 165.92, 1.76683
ANTENNA__5321__B1, 292.341, 165.92, 1.76683
ANTENNA__5321__A1, 292.341, 165.92, 1.76683
FILLER_0_56_610, 292.341, 165.92, 1.76683
FILLER_0_57_611, 292.341, 165.92, 1.76683
FILLER_0_57_617, 292.341, 165.92, 1.76683
FILLER_0_57_626, 292.341, 165.92, 1.76683
FILLER_0_58_637, 292.341, 165.92, 1.76683
_5041_, 305.33, 165.92, 1.76681
_7191_, 305.33, 165.92, 1.76681
_7192_, 305.33, 165.92, 1.76681
hold82, 305.33, 165.92, 1.76681
hold91, 305.33, 165.92, 1.76681
ANTENNA__5193__S, 305.33, 165.92, 1.76681
FILLER_0_58_654, 305.33, 165.92, 1.76681
PHY_108, 5.52, 160.48, 1.77262
PHY_110, 5.52, 160.48, 1.77262
PHY_109, 318.32, 160.48, 1.76806
PHY_111, 318.32, 160.48, 1.76806
input34, 318.32, 160.48, 1.76806
_6373_, 34.64, 160.48, 1.7722
_6376_, 34.64, 160.48, 1.7722
ANTENNA__7425__RESET_B, 34.64, 160.48, 1.7722
ANTENNA_clkbuf_leaf_6_clk_A, 34.64, 160.48, 1.7722
FILLER_0_55_51, 34.64, 160.48, 1.7722
FILLER_0_55_61, 34.64, 160.48, 1.7722
FILLER_0_55_66, 34.64, 160.48, 1.7722
FILLER_0_56_65, 34.64, 160.48, 1.7722
_4753_, 47.44, 160.48, 1.7718
_6365_, 47.44, 160.48, 1.7718
_6367_, 47.44, 160.48, 1.7718
_6368_, 47.44, 160.48, 1.7718
FILLER_0_54_80, 47.44, 160.48, 1.7718
FILLER_0_55_88, 47.44, 160.48, 1.7718
FILLER_0_55_103, 47.44, 160.48, 1.7718
_4752_, 60.24, 160.48, 1.77143
_6364_, 60.24, 160.48, 1.77143
_6378_, 60.24, 160.48, 1.77143
_6388_, 60.24, 160.48, 1.77143
_6389_, 60.24, 160.48, 1.77143
_6398_, 60.24, 160.48, 1.77143
_6400_, 60.24, 160.48, 1.77143
ANTENNA__6364__A, 60.24, 160.48, 1.77143
ANTENNA__4752__A, 60.24, 160.48, 1.77143
ANTENNA__6389__A, 60.24, 160.48, 1.77143
FILLER_0_54_106, 60.24, 160.48, 1.77143
FILLER_0_54_118, 60.24, 160.48, 1.77143
FILLER_0_55_121, 60.24, 160.48, 1.77143
FILLER_0_55_129, 60.24, 160.48, 1.77143
FILLER_0_56_129, 60.24, 160.48, 1.77143
_3794_, 73.04, 160.48, 1.7711
_4030_, 73.04, 160.48, 1.7711
_4751_, 73.04, 160.48, 1.7711
_6393_, 73.04, 160.48, 1.7711
ANTENNA__4030__B, 73.04, 160.48, 1.7711
ANTENNA__6394__A4, 73.04, 160.48, 1.7711
ANTENNA__6378__B1, 73.04, 160.48, 1.7711
FILLER_0_54_137, 73.04, 160.48, 1.7711
FILLER_0_55_151, 73.04, 160.48, 1.7711
_4029_, 85.84, 160.48, 1.7708
_4033_, 85.84, 160.48, 1.7708
_4034_, 85.84, 160.48, 1.7708
ANTENNA__3794__A0, 85.84, 160.48, 1.7708
ANTENNA__3794__S, 85.84, 160.48, 1.7708
FILLER_0_56_179, 85.84, 160.48, 1.7708
FILLER_0_56_187, 85.84, 160.48, 1.7708
_4041_, 98.64, 160.48, 1.77052
_4050_, 98.64, 160.48, 1.77052
_4059_, 98.64, 160.48, 1.77052
_4061_, 98.64, 160.48, 1.77052
_4064_, 98.64, 160.48, 1.77052
ANTENNA__4028__A1, 98.64, 160.48, 1.77052
ANTENNA__4051__A, 98.64, 160.48, 1.77052
ANTENNA__4435__B1, 98.64, 160.48, 1.77052
FILLER_0_55_193, 98.64, 160.48, 1.77052
_4434_, 111.44, 160.48, 1.77026
hold516, 111.44, 160.48, 1.77026
ANTENNA__4434__S, 111.44, 160.48, 1.77026
ANTENNA__4052__A2, 111.44, 160.48, 1.77026
ANTENNA__4071__B1, 111.44, 160.48, 1.77026
FILLER_0_54_226, 111.44, 160.48, 1.77026
FILLER_0_55_217, 111.44, 160.48, 1.77026
_4069_, 124.24, 160.48, 1.77001
_4070_, 124.24, 160.48, 1.77001
_4440_, 124.24, 160.48, 1.77001
ANTENNA__4440__B2, 124.24, 160.48, 1.77001
ANTENNA__4440__A2, 124.24, 160.48, 1.77001
ANTENNA__7012__RESET_B, 124.24, 160.48, 1.77001
FILLER_0_54_258, 124.24, 160.48, 1.77001
FILLER_0_55_254, 124.24, 160.48, 1.77001
FILLER_0_55_266, 124.24, 160.48, 1.77001
_4078_, 137.04, 160.48, 1.76977
_7012_, 137.04, 160.48, 1.76977
hold509, 137.04, 160.48, 1.76977
ANTENNA__7086__RESET_B, 137.04, 160.48, 1.76977
ANTENNA__7014__RESET_B, 137.04, 160.48, 1.76977
FILLER_0_54_282, 137.04, 160.48, 1.76977
_7014_, 149.84, 160.48, 1.76957
_7089_, 149.84, 160.48, 1.76957
hold133, 149.84, 160.48, 1.76957
ANTENNA__4446__B2, 149.84, 160.48, 1.76957
ANTENNA__7392__RESET_B, 149.84, 160.48, 1.76957
FILLER_0_54_309, 149.84, 160.48, 1.76957
FILLER_0_55_301, 149.84, 160.48, 1.76957
_3644_, 162.64, 160.48, 1.76939
_3667_, 162.64, 160.48, 1.76939
_7392_, 162.64, 160.48, 1.76939
hold308, 162.64, 160.48, 1.76939
ANTENNA_clkbuf_0_clk_A, 162.64, 160.48, 1.76939
FILLER_0_55_337, 162.64, 160.48, 1.76939
FILLER_0_55_343, 162.64, 160.48, 1.76939
_3575_, 188.429, 160.48, 1.7691
_3697_, 188.429, 160.48, 1.7691
_5708_, 188.429, 160.48, 1.7691
_6918_, 188.429, 160.48, 1.7691
_5218_, 201.418, 160.48, 1.76888
hold140, 201.418, 160.48, 1.76888
ANTENNA__4800__S, 201.418, 160.48, 1.76888
ANTENNA__6918__RESET_B, 201.418, 160.48, 1.76888
FILLER_0_54_425, 201.418, 160.48, 1.76888
_4806_, 214.407, 160.48, 1.76867
_5217_, 214.407, 160.48, 1.76867
_5232_, 214.407, 160.48, 1.76867
ANTENNA__4806__S, 214.407, 160.48, 1.76867
FILLER_0_55_441, 214.407, 160.48, 1.76867
FILLER_0_55_456, 214.407, 160.48, 1.76867
_4809_, 227.396, 160.48, 1.76849
_5215_, 227.396, 160.48, 1.76849
_5225_, 227.396, 160.48, 1.76849
_5227_, 227.396, 160.48, 1.76849
_5228_, 227.396, 160.48, 1.76849
_5229_, 227.396, 160.48, 1.76849
_5244_, 227.396, 160.48, 1.76849
ANTENNA__4809__S, 227.396, 160.48, 1.76849
FILLER_0_55_469, 227.396, 160.48, 1.76849
FILLER_0_56_483, 227.396, 160.48, 1.76849
_4812_, 240.385, 160.48, 1.76834
_5242_, 240.385, 160.48, 1.76834
_5243_, 240.385, 160.48, 1.76834
_5246_, 240.385, 160.48, 1.76834
_5255_, 240.385, 160.48, 1.76834
_5259_, 240.385, 160.48, 1.76834
ANTENNA__4812__S, 240.385, 160.48, 1.76834
FILLER_0_55_518, 240.385, 160.48, 1.76834
FILLER_0_56_517, 240.385, 160.48, 1.76834
_5256_, 253.374, 160.48, 1.76822
_5257_, 253.374, 160.48, 1.76822
_5258_, 253.374, 160.48, 1.76822
_5263_, 253.374, 160.48, 1.76822
_5264_, 253.374, 160.48, 1.76822
_5268_, 253.374, 160.48, 1.76822
_5275_, 253.374, 160.48, 1.76822
ANTENNA__5263__C, 253.374, 160.48, 1.76822
FILLER_0_54_533, 253.374, 160.48, 1.76822
FILLER_0_55_538, 253.374, 160.48, 1.76822
FILLER_0_56_540, 253.374, 160.48, 1.76822
_7187_, 266.363, 160.48, 1.76816
hold125, 266.363, 160.48, 1.76816
ANTENNA__5970__B1, 266.363, 160.48, 1.76816
ANTENNA__7187__RESET_B, 266.363, 160.48, 1.76816
FILLER_0_54_555, 266.363, 160.48, 1.76816
_7188_, 279.352, 160.48, 1.7681
hold126, 279.352, 160.48, 1.7681
hold552, 279.352, 160.48, 1.7681
_7189_, 292.341, 160.48, 1.76807
_7190_, 292.341, 160.48, 1.76807
hold71, 292.341, 160.48, 1.76807
hold189, 292.341, 160.48, 1.76807
ANTENNA__5189__S, 292.341, 160.48, 1.76807
ANTENNA__5037__A2, 292.341, 160.48, 1.76807
ANTENNA__7190__RESET_B, 292.341, 160.48, 1.76807
ANTENNA__7189__RESET_B, 292.341, 160.48, 1.76807
FILLER_0_54_614, 292.341, 160.48, 1.76807
_5042_, 305.33, 160.48, 1.76806
hold90, 305.33, 160.48, 1.76806
ANTENNA__5197__S, 305.33, 160.48, 1.76806
FILLER_0_54_645, 305.33, 160.48, 1.76806
FILLER_0_55_661, 305.33, 160.48, 1.76806
PHY_104, 5.52, 155.04, 1.77316
PHY_106, 5.52, 155.04, 1.77316
PHY_105, 318.32, 155.04, 1.76786
PHY_107, 318.32, 155.04, 1.76786
ANTENNA__5042__S, 318.32, 155.04, 1.76786
ANTENNA_output45_A, 13.68, 155.04, 1.77316
_6372_, 34.64, 155.04, 1.7727
_6374_, 34.64, 155.04, 1.7727
_6375_, 34.64, 155.04, 1.7727
fanout74, 34.64, 155.04, 1.7727
hold142, 34.64, 155.04, 1.7727
ANTENNA_fanout74_A, 34.64, 155.04, 1.7727
_4754_, 47.44, 155.04, 1.77226
_4755_, 47.44, 155.04, 1.77226
_6366_, 47.44, 155.04, 1.77226
_6370_, 47.44, 155.04, 1.77226
_6404_, 47.44, 155.04, 1.77226
_6405_, 47.44, 155.04, 1.77226
_6514_, 47.44, 155.04, 1.77226
ANTENNA__7424__RESET_B, 47.44, 155.04, 1.77226
ANTENNA__6514__B, 47.44, 155.04, 1.77226
_4756_, 60.24, 155.04, 1.77185
_6390_, 60.24, 155.04, 1.77185
_6391_, 60.24, 155.04, 1.77185
_6392_, 60.24, 155.04, 1.77185
_6395_, 60.24, 155.04, 1.77185
_7431_, 60.24, 155.04, 1.77185
hold655, 60.24, 155.04, 1.77185
ANTENNA__7431__RESET_B, 60.24, 155.04, 1.77185
FILLER_0_54_126, 60.24, 155.04, 1.77185
_4031_, 73.04, 155.04, 1.77148
_4780_, 73.04, 155.04, 1.77148
_7432_, 73.04, 155.04, 1.77148
ANTENNA__7432__RESET_B, 73.04, 155.04, 1.77148
FILLER_0_53_159, 73.04, 155.04, 1.77148
FILLER_0_54_157, 73.04, 155.04, 1.77148
_4032_, 85.84, 155.04, 1.77115
_4035_, 85.84, 155.04, 1.77115
_4039_, 85.84, 155.04, 1.77115
_4046_, 85.84, 155.04, 1.77115
_4047_, 85.84, 155.04, 1.77115
ANTENNA__4039__B1, 85.84, 155.04, 1.77115
FILLER_0_52_168, 85.84, 155.04, 1.77115
FILLER_0_54_187, 85.84, 155.04, 1.77115
_4038_, 98.64, 155.04, 1.77084
_4049_, 98.64, 155.04, 1.77084
_4051_, 98.64, 155.04, 1.77084
_4052_, 98.64, 155.04, 1.77084
clkbuf_leaf_11_clk, 98.64, 155.04, 1.77084
ANTENNA__4040__A2, 98.64, 155.04, 1.77084
FILLER_0_52_202, 98.64, 155.04, 1.77084
_4043_, 111.44, 155.04, 1.77061
_4071_, 111.44, 155.04, 1.77061
_7009_, 111.44, 155.04, 1.77061
hold487, 111.44, 155.04, 1.77061
ANTENNA__4072__B2, 111.44, 155.04, 1.77061
ANTENNA__7009__RESET_B, 111.44, 155.04, 1.77061
FILLER_0_52_227, 111.44, 155.04, 1.77061
FILLER_0_54_240, 111.44, 155.04, 1.77061
_4065_, 124.24, 155.04, 1.77041
_4068_, 124.24, 155.04, 1.77041
_4077_, 124.24, 155.04, 1.77041
_4079_, 124.24, 155.04, 1.77041
clkbuf_leaf_12_clk, 124.24, 155.04, 1.77041
hold744, 124.24, 155.04, 1.77041
ANTENNA__4079__A1, 124.24, 155.04, 1.77041
ANTENNA_clkbuf_leaf_12_clk_A, 124.24, 155.04, 1.77041
ANTENNA__7085__RESET_B, 124.24, 155.04, 1.77041
FILLER_0_53_245, 124.24, 155.04, 1.77041
FILLER_0_53_255, 124.24, 155.04, 1.77041
_4073_, 137.04, 155.04, 1.77028
_4084_, 137.04, 155.04, 1.77028
_4088_, 137.04, 155.04, 1.77028
_4443_, 137.04, 155.04, 1.77028
ANTENNA__4097__A1, 137.04, 155.04, 1.77028
ANTENNA__4097__B1, 137.04, 155.04, 1.77028
ANTENNA__4444__B2, 137.04, 155.04, 1.77028
FILLER_0_52_279, 137.04, 155.04, 1.77028
FILLER_0_53_294, 137.04, 155.04, 1.77028
_4090_, 149.84, 155.04, 1.77017
_4091_, 149.84, 155.04, 1.77017
_4092_, 149.84, 155.04, 1.77017
_4095_, 149.84, 155.04, 1.77017
_4097_, 149.84, 155.04, 1.77017
_4447_, 149.84, 155.04, 1.77017
_4448_, 149.84, 155.04, 1.77017
hold200, 149.84, 155.04, 1.77017
ANTENNA__4444__A2, 149.84, 155.04, 1.77017
ANTENNA__7089__RESET_B, 149.84, 155.04, 1.77017
FILLER_0_52_301, 149.84, 155.04, 1.77017
_3447_, 162.64, 155.04, 1.7701
_4138_, 162.64, 155.04, 1.7701
_7391_, 162.64, 155.04, 1.7701
_7393_, 162.64, 155.04, 1.7701
ANTENNA__3447__A, 162.64, 155.04, 1.7701
ANTENNA__4447__S, 162.64, 155.04, 1.7701
ANTENNA__4448__B2, 162.64, 155.04, 1.7701
FILLER_0_53_337, 162.64, 155.04, 1.7701
_3558_, 188.429, 155.04, 1.76965
_3576_, 188.429, 155.04, 1.76965
_3577_, 188.429, 155.04, 1.76965
_3643_, 188.429, 155.04, 1.76965
_4594_, 188.429, 155.04, 1.76965
_6919_, 188.429, 155.04, 1.76965
ANTENNA__3584__A1, 188.429, 155.04, 1.76965
ANTENNA__4438__A, 188.429, 155.04, 1.76965
ANTENNA_clkbuf_leaf_60_clk_A, 188.429, 155.04, 1.76965
FILLER_0_53_397, 188.429, 155.04, 1.76965
_3578_, 201.418, 155.04, 1.76932
_4800_, 201.418, 155.04, 1.76932
_5199_, 201.418, 155.04, 1.76932
_5213_, 201.418, 155.04, 1.76932
_7226_, 201.418, 155.04, 1.76932
ANTENNA__3697__B1, 201.418, 155.04, 1.76932
ANTENNA__5213__B1_N, 201.418, 155.04, 1.76932
ANTENNA__7226__RESET_B, 201.418, 155.04, 1.76932
FILLER_0_52_417, 201.418, 155.04, 1.76932
_5203_, 214.407, 155.04, 1.76902
_5206_, 214.407, 155.04, 1.76902
_5211_, 214.407, 155.04, 1.76902
_5214_, 214.407, 155.04, 1.76902
_5216_, 214.407, 155.04, 1.76902
_5231_, 214.407, 155.04, 1.76902
hold294, 214.407, 155.04, 1.76902
ANTENNA__5210__B1, 214.407, 155.04, 1.76902
ANTENNA__5214__B, 214.407, 155.04, 1.76902
ANTENNA__5205__B, 214.407, 155.04, 1.76902
FILLER_0_53_452, 214.407, 155.04, 1.76902
FILLER_0_53_457, 214.407, 155.04, 1.76902
FILLER_0_53_468, 214.407, 155.04, 1.76902
FILLER_0_54_457, 214.407, 155.04, 1.76902
_5226_, 227.396, 155.04, 1.76876
_5239_, 227.396, 155.04, 1.76876
_5241_, 227.396, 155.04, 1.76876
hold432, 227.396, 155.04, 1.76876
ANTENNA__5227__D, 227.396, 155.04, 1.76876
ANTENNA__5226__B1, 227.396, 155.04, 1.76876
ANTENNA__7185__RESET_B, 227.396, 155.04, 1.76876
ANTENNA_clkbuf_leaf_61_clk_A, 227.396, 155.04, 1.76876
FILLER_0_52_473, 227.396, 155.04, 1.76876
FILLER_0_54_495, 227.396, 155.04, 1.76876
_5240_, 240.385, 155.04, 1.76852
_5261_, 240.385, 155.04, 1.76852
ANTENNA__5020__B1, 240.385, 155.04, 1.76852
ANTENNA__5261__A2, 240.385, 155.04, 1.76852
ANTENNA__5251__B, 240.385, 155.04, 1.76852
ANTENNA__5240__B1, 240.385, 155.04, 1.76852
FILLER_0_52_506, 240.385, 155.04, 1.76852
FILLER_0_53_498, 240.385, 155.04, 1.76852
FILLER_0_53_512, 240.385, 155.04, 1.76852
FILLER_0_54_524, 240.385, 155.04, 1.76852
_5262_, 253.374, 155.04, 1.76829
_5265_, 253.374, 155.04, 1.76829
_7231_, 253.374, 155.04, 1.76829
hold590, 253.374, 155.04, 1.76829
ANTENNA__5264__A2, 253.374, 155.04, 1.76829
ANTENNA__7231__RESET_B, 253.374, 155.04, 1.76829
ANTENNA__7351__RESET_B, 253.374, 155.04, 1.76829
FILLER_0_53_544, 253.374, 155.04, 1.76829
FILLER_0_54_541, 253.374, 155.04, 1.76829
_5031_, 266.363, 155.04, 1.7681
_5970_, 266.363, 155.04, 1.7681
_7351_, 266.363, 155.04, 1.7681
_7352_, 266.363, 155.04, 1.7681
ANTENNA__5970__A2, 266.363, 155.04, 1.7681
ANTENNA__7352__RESET_B, 266.363, 155.04, 1.7681
FILLER_0_53_553, 266.363, 155.04, 1.7681
FILLER_0_53_561, 266.363, 155.04, 1.7681
FILLER_0_54_578, 266.363, 155.04, 1.7681
_7353_, 279.352, 155.04, 1.76795
clkbuf_leaf_64_clk, 279.352, 155.04, 1.76795
hold131, 279.352, 155.04, 1.76795
hold132, 279.352, 155.04, 1.76795
ANTENNA_clkbuf_leaf_64_clk_A, 279.352, 155.04, 1.76795
FILLER_0_52_583, 279.352, 155.04, 1.76795
_5033_, 292.341, 155.04, 1.76789
_5035_, 292.341, 155.04, 1.76789
_5037_, 292.341, 155.04, 1.76789
_7313_, 292.341, 155.04, 1.76789
_7355_, 292.341, 155.04, 1.76789
hold72, 292.341, 155.04, 1.76789
ANTENNA__5033__B2, 292.341, 155.04, 1.76789
ANTENNA__5033__A2, 292.341, 155.04, 1.76789
ANTENNA__7353__RESET_B, 292.341, 155.04, 1.76789
_5735_, 305.33, 155.04, 1.76786
_7358_, 305.33, 155.04, 1.76786
hold76, 305.33, 155.04, 1.76786
hold362, 305.33, 155.04, 1.76786
PHY_100, 5.52, 149.6, 1.77384
PHY_102, 5.52, 149.6, 1.77384
output45, 5.52, 149.6, 1.77384
FILLER_0_51_3, 5.52, 149.6, 1.77384
_6015_, 318.32, 149.6, 1.76826
PHY_101, 318.32, 149.6, 1.76826
PHY_103, 318.32, 149.6, 1.76826
ANTENNA__5735__B2, 318.32, 149.6, 1.76826
ANTENNA__7358__RESET_B, 318.32, 149.6, 1.76826
_7533_, 13.68, 149.6, 1.77384
hold145, 13.68, 149.6, 1.77384
FILLER_0_52_25, 13.68, 149.6, 1.77384
_7424_, 34.64, 149.6, 1.77341
ANTENNA__6502__A1, 34.64, 149.6, 1.77341
ANTENNA__6502__S, 34.64, 149.6, 1.77341
FILLER_0_52_76, 34.64, 149.6, 1.77341
_6371_, 47.44, 149.6, 1.77299
_6487_, 47.44, 149.6, 1.77299
_6515_, 47.44, 149.6, 1.77299
_6599_, 47.44, 149.6, 1.77299
clkbuf_leaf_7_clk, 47.44, 149.6, 1.77299
_4757_, 60.24, 149.6, 1.77263
_7525_, 60.24, 149.6, 1.77263
hold137, 60.24, 149.6, 1.77263
hold175, 60.24, 149.6, 1.77263
ANTENNA_clkbuf_leaf_7_clk_A, 60.24, 149.6, 1.77263
FILLER_0_51_125, 60.24, 149.6, 1.77263
_7143_, 73.04, 149.6, 1.7723
hold239, 73.04, 149.6, 1.7723
ANTENNA__4779__S, 73.04, 149.6, 1.7723
ANTENNA__4779__A0, 73.04, 149.6, 1.7723
FILLER_0_50_134, 73.04, 149.6, 1.7723
FILLER_0_50_141, 73.04, 149.6, 1.7723
FILLER_0_52_160, 73.04, 149.6, 1.7723
_4040_, 85.84, 149.6, 1.77198
_7008_, 85.84, 149.6, 1.77198
hold661, 85.84, 149.6, 1.77198
ANTENNA__7008__RESET_B, 85.84, 149.6, 1.77198
ANTENNA__6963__RESET_B, 85.84, 149.6, 1.77198
FILLER_0_50_164, 85.84, 149.6, 1.77198
FILLER_0_50_169, 85.84, 149.6, 1.77198
FILLER_0_51_165, 85.84, 149.6, 1.77198
_4045_, 98.64, 149.6, 1.77171
_4048_, 98.64, 149.6, 1.77171
_4053_, 98.64, 149.6, 1.77171
_4054_, 98.64, 149.6, 1.77171
_4055_, 98.64, 149.6, 1.77171
_4063_, 98.64, 149.6, 1.77171
ANTENNA__3799__B1, 98.64, 149.6, 1.77171
ANTENNA__4043__A, 98.64, 149.6, 1.77171
ANTENNA_clkbuf_leaf_11_clk_A, 98.64, 149.6, 1.77171
FILLER_0_50_197, 98.64, 149.6, 1.77171
_4042_, 111.44, 149.6, 1.77147
_4044_, 111.44, 149.6, 1.77147
_4072_, 111.44, 149.6, 1.77147
_7011_, 111.44, 149.6, 1.77147
ANTENNA__4065__A, 111.44, 149.6, 1.77147
ANTENNA__7011__RESET_B, 111.44, 149.6, 1.77147
FILLER_0_50_226, 111.44, 149.6, 1.77147
FILLER_0_51_225, 111.44, 149.6, 1.77147
FILLER_0_52_244, 111.44, 149.6, 1.77147
_4066_, 124.24, 149.6, 1.77127
_4067_, 124.24, 149.6, 1.77127
_4074_, 124.24, 149.6, 1.77127
_4075_, 124.24, 149.6, 1.77127
_4076_, 124.24, 149.6, 1.77127
_4080_, 124.24, 149.6, 1.77127
_4081_, 124.24, 149.6, 1.77127
_4441_, 124.24, 149.6, 1.77127
ANTENNA__4068__C, 124.24, 149.6, 1.77127
_4083_, 137.04, 149.6, 1.77112
_4085_, 137.04, 149.6, 1.77112
_4086_, 137.04, 149.6, 1.77112
_4087_, 137.04, 149.6, 1.77112
_4089_, 137.04, 149.6, 1.77112
hold703, 137.04, 149.6, 1.77112
ANTENNA__4088__B1, 137.04, 149.6, 1.77112
ANTENNA__4089__B2, 137.04, 149.6, 1.77112
ANTENNA__4079__B1, 137.04, 149.6, 1.77112
ANTENNA__4074__A, 137.04, 149.6, 1.77112
FILLER_0_50_275, 137.04, 149.6, 1.77112
FILLER_0_51_273, 137.04, 149.6, 1.77112
_4082_, 149.84, 149.6, 1.771
_4093_, 149.84, 149.6, 1.771
_4094_, 149.84, 149.6, 1.771
_4096_, 149.84, 149.6, 1.771
_4098_, 149.84, 149.6, 1.771
_4099_, 149.84, 149.6, 1.771
ANTENNA__4090__B, 149.84, 149.6, 1.771
FILLER_0_51_323, 149.84, 149.6, 1.771
FILLER_0_52_320, 149.84, 149.6, 1.771
_3454_, 162.64, 149.6, 1.77091
_7015_, 162.64, 149.6, 1.77091
ANTENNA__4448__A2, 162.64, 149.6, 1.77091
ANTENNA__7391__D, 162.64, 149.6, 1.77091
ANTENNA__7391__RESET_B, 162.64, 149.6, 1.77091
ANTENNA__7393__RESET_B, 162.64, 149.6, 1.77091
FILLER_0_51_330, 162.64, 149.6, 1.77091
FILLER_0_51_337, 162.64, 149.6, 1.77091
FILLER_0_51_352, 162.64, 149.6, 1.77091
_3548_, 188.429, 149.6, 1.77038
_3550_, 188.429, 149.6, 1.77038
_3579_, 188.429, 149.6, 1.77038
_3582_, 188.429, 149.6, 1.77038
_3588_, 188.429, 149.6, 1.77038
ANTENNA__3582__A1, 188.429, 149.6, 1.77038
_5200_, 201.418, 149.6, 1.76993
_5202_, 201.418, 149.6, 1.76993
_5205_, 201.418, 149.6, 1.76993
hold245, 201.418, 149.6, 1.76993
ANTENNA__6633__S, 201.418, 149.6, 1.76993
ANTENNA__6633__A0, 201.418, 149.6, 1.76993
ANTENNA__6921__RESET_B, 201.418, 149.6, 1.76993
FILLER_0_51_420, 201.418, 149.6, 1.76993
_5207_, 214.407, 149.6, 1.76949
_5208_, 214.407, 149.6, 1.76949
_5209_, 214.407, 149.6, 1.76949
_5210_, 214.407, 149.6, 1.76949
_5212_, 214.407, 149.6, 1.76949
clkbuf_leaf_61_clk, 214.407, 149.6, 1.76949
hold357, 214.407, 149.6, 1.76949
ANTENNA__5210__A1, 214.407, 149.6, 1.76949
_4803_, 227.396, 149.6, 1.76914
_5180_, 227.396, 149.6, 1.76914
_7185_, 227.396, 149.6, 1.76914
ANTENNA__4803__S, 227.396, 149.6, 1.76914
ANTENNA__5180__A, 227.396, 149.6, 1.76914
ANTENNA__4993__B1, 227.396, 149.6, 1.76914
ANTENNA__5020__A2, 227.396, 149.6, 1.76914
ANTENNA__5241__D, 227.396, 149.6, 1.76914
FILLER_0_50_473, 227.396, 149.6, 1.76914
FILLER_0_52_485, 227.396, 149.6, 1.76914
_4815_, 240.385, 149.6, 1.76892
_5251_, 240.385, 149.6, 1.76892
_5252_, 240.385, 149.6, 1.76892
_5253_, 240.385, 149.6, 1.76892
_5254_, 240.385, 149.6, 1.76892
_5266_, 240.385, 149.6, 1.76892
_5267_, 240.385, 149.6, 1.76892
hold433, 240.385, 149.6, 1.76892
_5958_, 253.374, 149.6, 1.76874
_5959_, 253.374, 149.6, 1.76874
ANTENNA__4613__A, 253.374, 149.6, 1.76874
ANTENNA__5958__B1, 253.374, 149.6, 1.76874
ANTENNA__5959__A2, 253.374, 149.6, 1.76874
FILLER_0_50_528, 253.374, 149.6, 1.76874
_5957_, 266.363, 149.6, 1.76858
_5969_, 266.363, 149.6, 1.76858
_5979_, 266.363, 149.6, 1.76858
hold678, 266.363, 149.6, 1.76858
ANTENNA__5031__B2, 266.363, 149.6, 1.76858
ANTENNA__5031__A2, 266.363, 149.6, 1.76858
ANTENNA__5981__A1, 266.363, 149.6, 1.76858
FILLER_0_51_571, 266.363, 149.6, 1.76858
FILLER_0_52_573, 266.363, 149.6, 1.76858
_5032_, 279.352, 149.6, 1.76846
_5980_, 279.352, 149.6, 1.76846
_5981_, 279.352, 149.6, 1.76846
hold554, 279.352, 149.6, 1.76846
FILLER_0_50_583, 279.352, 149.6, 1.76846
_5036_, 292.341, 149.6, 1.76835
_6000_, 292.341, 149.6, 1.76835
_6002_, 292.341, 149.6, 1.76835
hold526, 292.341, 149.6, 1.76835
ANTENNA__5032__S, 292.341, 149.6, 1.76835
ANTENNA__5035__B2, 292.341, 149.6, 1.76835
ANTENNA__5035__A2, 292.341, 149.6, 1.76835
ANTENNA__7355__RESET_B, 292.341, 149.6, 1.76835
_6021_, 305.33, 149.6, 1.76827
_6022_, 305.33, 149.6, 1.76827
_6023_, 305.33, 149.6, 1.76827
clkbuf_leaf_65_clk, 305.33, 149.6, 1.76827
ANTENNA__5036__S, 305.33, 149.6, 1.76827
ANTENNA__6002__B1, 305.33, 149.6, 1.76827
ANTENNA__5735__A2, 305.33, 149.6, 1.76827
ANTENNA__5996__B, 305.33, 149.6, 1.76827
ANTENNA__7313__RESET_B, 305.33, 149.6, 1.76827
ANTENNA__7191__RESET_B, 305.33, 149.6, 1.76827
ANTENNA__7192__RESET_B, 305.33, 149.6, 1.76827
FILLER_0_51_645, 305.33, 149.6, 1.76827
FILLER_0_52_652, 305.33, 149.6, 1.76827
_7538_, 5.52, 144.16, 1.77455
PHY_96, 5.52, 144.16, 1.77455
PHY_98, 5.52, 144.16, 1.77455
ANTENNA__6625__A1, 5.52, 144.16, 1.77455
FILLER_0_49_3, 5.52, 144.16, 1.77455
_6014_, 318.32, 144.16, 1.76928
PHY_97, 318.32, 144.16, 1.76928
PHY_99, 318.32, 144.16, 1.76928
ANTENNA_input34_A, 318.32, 144.16, 1.76928
_6616_, 13.68, 144.16, 1.77456
_6625_, 13.68, 144.16, 1.77456
_6626_, 13.68, 144.16, 1.77456
ANTENNA__6569__S, 13.68, 144.16, 1.77456
FILLER_0_49_21, 13.68, 144.16, 1.77456
FILLER_0_50_21, 13.68, 144.16, 1.77456
_6531_, 34.64, 144.16, 1.77415
_6532_, 34.64, 144.16, 1.77415
_7494_, 34.64, 144.16, 1.77415
hold186, 34.64, 144.16, 1.77415
hold228, 34.64, 144.16, 1.77415
ANTENNA__6531__A1, 34.64, 144.16, 1.77415
ANTENNA__6512__S, 34.64, 144.16, 1.77415
FILLER_0_50_66, 34.64, 144.16, 1.77415
FILLER_0_50_71, 34.64, 144.16, 1.77415
_6369_, 47.44, 144.16, 1.77375
_6516_, 47.44, 144.16, 1.77375
_6571_, 47.44, 144.16, 1.77375
_6572_, 47.44, 144.16, 1.77375
_6600_, 47.44, 144.16, 1.77375
_7520_, 47.44, 144.16, 1.77375
ANTENNA__6531__S, 47.44, 144.16, 1.77375
FILLER_0_48_89, 47.44, 144.16, 1.77375
_6587_, 60.24, 144.16, 1.77337
_6588_, 60.24, 144.16, 1.77337
_6597_, 60.24, 144.16, 1.77337
hold672, 60.24, 144.16, 1.77337
ANTENNA__6597__S, 60.24, 144.16, 1.77337
ANTENNA__6587__S, 60.24, 144.16, 1.77337
_4779_, 73.04, 144.16, 1.77301
_4795_, 73.04, 144.16, 1.77301
_6431_, 73.04, 144.16, 1.77301
_6432_, 73.04, 144.16, 1.77301
clkbuf_leaf_8_clk, 73.04, 144.16, 1.77301
hold220, 73.04, 144.16, 1.77301
ANTENNA__6431__A1, 73.04, 144.16, 1.77301
ANTENNA_clkbuf_leaf_8_clk_A, 73.04, 144.16, 1.77301
FILLER_0_48_134, 73.04, 144.16, 1.77301
FILLER_0_49_139, 73.04, 144.16, 1.77301
_3799_, 85.84, 144.16, 1.77271
_6963_, 85.84, 144.16, 1.77271
hold307, 85.84, 144.16, 1.77271
ANTENNA__3799__A2, 85.84, 144.16, 1.77271
ANTENNA_load_slew8_A, 85.84, 144.16, 1.77271
FILLER_0_49_165, 85.84, 144.16, 1.77271
FILLER_0_49_169, 85.84, 144.16, 1.77271
_4056_, 98.64, 144.16, 1.77244
_4057_, 98.64, 144.16, 1.77244
_7010_, 98.64, 144.16, 1.77244
hold700, 98.64, 144.16, 1.77244
hold709, 98.64, 144.16, 1.77244
ANTENNA__4054__A, 98.64, 144.16, 1.77244
ANTENNA__4044__A1, 98.64, 144.16, 1.77244
FILLER_0_50_211, 98.64, 144.16, 1.77244
_4436_, 111.44, 144.16, 1.77222
_6964_, 111.44, 144.16, 1.77222
_6966_, 111.44, 144.16, 1.77222
ANTENNA__3798__S, 111.44, 144.16, 1.77222
ANTENNA__4441__S, 111.44, 144.16, 1.77222
ANTENNA__4436__S, 111.44, 144.16, 1.77222
ANTENNA__4067__A1, 111.44, 144.16, 1.77222
ANTENNA__4066__A, 111.44, 144.16, 1.77222
FILLER_0_49_221, 111.44, 144.16, 1.77222
FILLER_0_49_225, 111.44, 144.16, 1.77222
_3805_, 124.24, 144.16, 1.77202
_4439_, 124.24, 144.16, 1.77202
load_slew7, 124.24, 144.16, 1.77202
ANTENNA__4080__B1, 124.24, 144.16, 1.77202
FILLER_0_50_262, 124.24, 144.16, 1.77202
FILLER_0_50_269, 124.24, 144.16, 1.77202
_7013_, 137.04, 144.16, 1.77184
ANTENNA__4098__B1, 137.04, 144.16, 1.77184
ANTENNA__4083__A, 137.04, 144.16, 1.77184
ANTENNA__4082__A, 137.04, 144.16, 1.77184
ANTENNA__4073__A, 137.04, 144.16, 1.77184
ANTENNA__3807__B2, 137.04, 144.16, 1.77184
ANTENNA__3805__B2, 137.04, 144.16, 1.77184
ANTENNA__7013__RESET_B, 137.04, 144.16, 1.77184
FILLER_0_48_281, 137.04, 144.16, 1.77184
FILLER_0_50_288, 137.04, 144.16, 1.77184
_4100_, 149.84, 144.16, 1.77167
_4102_, 149.84, 144.16, 1.77167
_4445_, 149.84, 144.16, 1.77167
clkbuf_leaf_83_clk, 149.84, 144.16, 1.77167
ANTENNA__4443__S, 149.84, 144.16, 1.77167
ANTENNA__4102__B1, 149.84, 144.16, 1.77167
ANTENNA__4091__A_N, 149.84, 144.16, 1.77167
ANTENNA_clkbuf_leaf_83_clk_A, 149.84, 144.16, 1.77167
FILLER_0_48_305, 149.84, 144.16, 1.77167
FILLER_0_49_301, 149.84, 144.16, 1.77167
_4449_, 162.64, 144.16, 1.77157
_6920_, 162.64, 144.16, 1.77157
hold122, 162.64, 144.16, 1.77157
hold360, 162.64, 144.16, 1.77157
ANTENNA__3814__A2, 162.64, 144.16, 1.77157
ANTENNA__4102__A2, 162.64, 144.16, 1.77157
ANTENNA__7015__RESET_B, 162.64, 144.16, 1.77157
FILLER_0_48_338, 162.64, 144.16, 1.77157
_3589_, 188.429, 144.16, 1.77112
_3590_, 188.429, 144.16, 1.77112
_3591_, 188.429, 144.16, 1.77112
_6922_, 188.429, 144.16, 1.77112
hold522, 188.429, 144.16, 1.77112
ANTENNA_load_slew4_A, 188.429, 144.16, 1.77112
_5201_, 201.418, 144.16, 1.77077
_5204_, 201.418, 144.16, 1.77077
_7224_, 201.418, 144.16, 1.77077
ANTENNA__5202__A1, 201.418, 144.16, 1.77077
ANTENNA__6633__A1, 201.418, 144.16, 1.77077
ANTENNA__7224__RESET_B, 201.418, 144.16, 1.77077
FILLER_0_48_421, 201.418, 144.16, 1.77077
_4993_, 214.407, 144.16, 1.77048
_7227_, 214.407, 144.16, 1.77048
ANTENNA__4993__A1, 214.407, 144.16, 1.77048
ANTENNA__4993__A2, 214.407, 144.16, 1.77048
ANTENNA__5202__B1, 214.407, 144.16, 1.77048
FILLER_0_49_453, 214.407, 144.16, 1.77048
_5020_, 227.396, 144.16, 1.77022
_5029_, 227.396, 144.16, 1.77022
hold478, 227.396, 144.16, 1.77022
ANTENNA__7227__RESET_B, 227.396, 144.16, 1.77022
ANTENNA__7182__RESET_B, 227.396, 144.16, 1.77022
hold600, 240.385, 144.16, 1.76999
ANTENNA__4815__S, 240.385, 144.16, 1.76999
ANTENNA__5029__B1, 240.385, 144.16, 1.76999
ANTENNA__5029__A1, 240.385, 144.16, 1.76999
ANTENNA__5020__A1, 240.385, 144.16, 1.76999
ANTENNA__5029__A2, 240.385, 144.16, 1.76999
FILLER_0_49_505, 240.385, 144.16, 1.76999
_5946_, 253.374, 144.16, 1.76976
_5947_, 253.374, 144.16, 1.76976
_5955_, 253.374, 144.16, 1.76976
_5956_, 253.374, 144.16, 1.76976
_5968_, 253.374, 144.16, 1.76976
hold319, 253.374, 144.16, 1.76976
ANTENNA__5019__A, 253.374, 144.16, 1.76976
ANTENNA__5948__A1, 253.374, 144.16, 1.76976
ANTENNA__7186__RESET_B, 253.374, 144.16, 1.76976
FILLER_0_50_545, 253.374, 144.16, 1.76976
_5971_, 266.363, 144.16, 1.76959
_5972_, 266.363, 144.16, 1.76959
_5978_, 266.363, 144.16, 1.76959
_5982_, 266.363, 144.16, 1.76959
_5985_, 266.363, 144.16, 1.76959
ANTENNA__5981__B1, 266.363, 144.16, 1.76959
FILLER_0_48_554, 266.363, 144.16, 1.76959
FILLER_0_48_563, 266.363, 144.16, 1.76959
FILLER_0_49_557, 266.363, 144.16, 1.76959
FILLER_0_50_577, 266.363, 144.16, 1.76959
_5973_, 279.352, 144.16, 1.76944
_5975_, 279.352, 144.16, 1.76944
_5976_, 279.352, 144.16, 1.76944
_5977_, 279.352, 144.16, 1.76944
_5990_, 279.352, 144.16, 1.76944
_5991_, 279.352, 144.16, 1.76944
_5993_, 279.352, 144.16, 1.76944
ANTENNA__6002__A1, 279.352, 144.16, 1.76944
ANTENNA__5975__B, 279.352, 144.16, 1.76944
FILLER_0_48_589, 279.352, 144.16, 1.76944
FILLER_0_49_594, 279.352, 144.16, 1.76944
FILLER_0_50_600, 279.352, 144.16, 1.76944
_5974_, 292.341, 144.16, 1.76933
_5988_, 292.341, 144.16, 1.76933
_5996_, 292.341, 144.16, 1.76933
_5997_, 292.341, 144.16, 1.76933
_5999_, 292.341, 144.16, 1.76933
_6001_, 292.341, 144.16, 1.76933
_6004_, 292.341, 144.16, 1.76933
_6020_, 292.341, 144.16, 1.76933
ANTENNA__5037__B2, 292.341, 144.16, 1.76933
_6005_, 305.33, 144.16, 1.76928
_6006_, 305.33, 144.16, 1.76928
_6007_, 305.33, 144.16, 1.76928
_6008_, 305.33, 144.16, 1.76928
_6012_, 305.33, 144.16, 1.76928
_6013_, 305.33, 144.16, 1.76928
_6016_, 305.33, 144.16, 1.76928
FILLER_0_48_641, 305.33, 144.16, 1.76928
FILLER_0_49_647, 305.33, 144.16, 1.76928
FILLER_0_50_653, 305.33, 144.16, 1.76928
_6570_, 5.52, 138.72, 1.77524
_7512_, 5.52, 138.72, 1.77524
PHY_92, 5.52, 138.72, 1.77524
PHY_94, 5.52, 138.72, 1.77524
FILLER_0_47_3, 5.52, 138.72, 1.77524
PHY_93, 318.32, 138.72, 1.76955
PHY_95, 318.32, 138.72, 1.76955
ANTENNA__6023__B1, 318.32, 138.72, 1.76955
_6569_, 13.68, 138.72, 1.77525
_7473_, 13.68, 138.72, 1.77525
hold174, 13.68, 138.72, 1.77525
hold187, 13.68, 138.72, 1.77525
FILLER_0_47_9, 13.68, 138.72, 1.77525
_6433_, 34.64, 138.72, 1.7748
_6460_, 34.64, 138.72, 1.7748
_6541_, 34.64, 138.72, 1.7748
_6542_, 34.64, 138.72, 1.7748
_7499_, 34.64, 138.72, 1.7748
_6406_, 47.44, 138.72, 1.77435
_6543_, 47.44, 138.72, 1.77435
_6544_, 47.44, 138.72, 1.77435
_7429_, 47.44, 138.72, 1.77435
FILLER_0_46_81, 47.44, 138.72, 1.77435
FILLER_0_47_96, 47.44, 138.72, 1.77435
_6382_, 60.24, 138.72, 1.77392
_6383_, 60.24, 138.72, 1.77392
_6598_, 60.24, 138.72, 1.77392
_7427_, 60.24, 138.72, 1.77392
_7428_, 60.24, 138.72, 1.77392
hold326, 60.24, 138.72, 1.77392
ANTENNA__6587__A1, 60.24, 138.72, 1.77392
ANTENNA__6597__A1, 60.24, 138.72, 1.77392
ANTENNA__7428__RESET_B, 60.24, 138.72, 1.77392
FILLER_0_48_129, 60.24, 138.72, 1.77392
_4794_, 73.04, 138.72, 1.77356
_6422_, 73.04, 138.72, 1.77356
_7148_, 73.04, 138.72, 1.77356
_7442_, 73.04, 138.72, 1.77356
_7447_, 73.04, 138.72, 1.77356
_6931_, 85.84, 138.72, 1.77323
_6977_, 85.84, 138.72, 1.77323
load_slew8, 85.84, 138.72, 1.77323
ANTENNA__3616__B1, 85.84, 138.72, 1.77323
ANTENNA__7010__RESET_B, 85.84, 138.72, 1.77323
FILLER_0_46_168, 85.84, 138.72, 1.77323
_4058_, 98.64, 138.72, 1.77295
_6637_, 98.64, 138.72, 1.77295
hold736, 98.64, 138.72, 1.77295
ANTENNA__3798__A0, 98.64, 138.72, 1.77295
ANTENNA__4058__B1, 98.64, 138.72, 1.77295
FILLER_0_46_197, 98.64, 138.72, 1.77295
FILLER_0_47_208, 98.64, 138.72, 1.77295
_3798_, 111.44, 138.72, 1.7727
_3801_, 111.44, 138.72, 1.7727
clkbuf_leaf_10_clk, 111.44, 138.72, 1.7727
hold59, 111.44, 138.72, 1.7727
ANTENNA_clkbuf_leaf_10_clk_A, 111.44, 138.72, 1.7727
FILLER_0_47_234, 111.44, 138.72, 1.7727
_6965_, 124.24, 138.72, 1.7725
hold62, 124.24, 138.72, 1.7725
ANTENNA__4439__S, 124.24, 138.72, 1.7725
ANTENNA__3803__A2, 124.24, 138.72, 1.7725
ANTENNA__3803__B2, 124.24, 138.72, 1.7725
ANTENNA__3801__B2, 124.24, 138.72, 1.7725
ANTENNA_load_slew7_A, 124.24, 138.72, 1.7725
ANTENNA__6966__RESET_B, 124.24, 138.72, 1.7725
FILLER_0_46_253, 124.24, 138.72, 1.7725
_3807_, 137.04, 138.72, 1.77232
_3810_, 137.04, 138.72, 1.77232
_6967_, 137.04, 138.72, 1.77232
_6968_, 137.04, 138.72, 1.77232
hold108, 137.04, 138.72, 1.77232
ANTENNA__3810__A2, 137.04, 138.72, 1.77232
ANTENNA__3807__A2, 137.04, 138.72, 1.77232
ANTENNA__3805__A2, 137.04, 138.72, 1.77232
ANTENNA__3810__B2, 137.04, 138.72, 1.77232
ANTENNA__6968__RESET_B, 137.04, 138.72, 1.77232
_6969_, 149.84, 138.72, 1.77215
hold46, 149.84, 138.72, 1.77215
ANTENNA__6969__RESET_B, 149.84, 138.72, 1.77215
FILLER_0_46_301, 149.84, 138.72, 1.77215
FILLER_0_46_309, 149.84, 138.72, 1.77215
_3814_, 162.64, 138.72, 1.77199
_4273_, 162.64, 138.72, 1.77199
_6970_, 162.64, 138.72, 1.77199
hold97, 162.64, 138.72, 1.77199
ANTENNA__6970__RESET_B, 162.64, 138.72, 1.77199
FILLER_0_46_330, 162.64, 138.72, 1.77199
_6633_, 188.429, 138.72, 1.77145
_7225_, 188.429, 138.72, 1.77145
hold15, 188.429, 138.72, 1.77145
ANTENNA__3971__A, 188.429, 138.72, 1.77145
ANTENNA__6922__RESET_B, 188.429, 138.72, 1.77145
FILLER_0_47_389, 188.429, 138.72, 1.77145
_4984_, 201.418, 138.72, 1.77101
_7181_, 201.418, 138.72, 1.77101
_7182_, 201.418, 138.72, 1.77101
_3494_, 214.407, 138.72, 1.77061
_4992_, 214.407, 138.72, 1.77061
_7183_, 214.407, 138.72, 1.77061
hold635, 214.407, 138.72, 1.77061
ANTENNA__3600__A, 214.407, 138.72, 1.77061
ANTENNA__4984__A2, 214.407, 138.72, 1.77061
ANTENNA__7181__RESET_B, 214.407, 138.72, 1.77061
_5001_, 227.396, 138.72, 1.77028
_5011_, 227.396, 138.72, 1.77028
_5019_, 227.396, 138.72, 1.77028
_7184_, 227.396, 138.72, 1.77028
_7186_, 227.396, 138.72, 1.77028
hold625, 227.396, 138.72, 1.77028
ANTENNA__3494__A, 227.396, 138.72, 1.77028
FILLER_0_46_473, 227.396, 138.72, 1.77028
FILLER_0_46_477, 227.396, 138.72, 1.77028
_4613_, 240.385, 138.72, 1.77001
_5028_, 240.385, 138.72, 1.77001
_7350_, 240.385, 138.72, 1.77001
ANTENNA__5002__A1, 240.385, 138.72, 1.77001
ANTENNA__5001__A, 240.385, 138.72, 1.77001
ANTENNA__5011__A2, 240.385, 138.72, 1.77001
ANTENNA__7184__RESET_B, 240.385, 138.72, 1.77001
FILLER_0_47_510, 240.385, 138.72, 1.77001
_5943_, 253.374, 138.72, 1.76985
_5944_, 253.374, 138.72, 1.76985
_5948_, 253.374, 138.72, 1.76985
_5983_, 253.374, 138.72, 1.76985
_5984_, 253.374, 138.72, 1.76985
ANTENNA__5723__A, 253.374, 138.72, 1.76985
ANTENNA__5028__A, 253.374, 138.72, 1.76985
ANTENNA__5948__B1, 253.374, 138.72, 1.76985
ANTENNA__7350__RESET_B, 253.374, 138.72, 1.76985
_5962_, 266.363, 138.72, 1.76973
_5965_, 266.363, 138.72, 1.76973
_5966_, 266.363, 138.72, 1.76973
_5967_, 266.363, 138.72, 1.76973
_5986_, 266.363, 138.72, 1.76973
ANTENNA__5027__S, 266.363, 138.72, 1.76973
ANTENNA__5962__A2, 266.363, 138.72, 1.76973
FILLER_0_46_563, 266.363, 138.72, 1.76973
FILLER_0_47_557, 266.363, 138.72, 1.76973
FILLER_0_47_561, 266.363, 138.72, 1.76973
FILLER_0_48_576, 266.363, 138.72, 1.76973
_5030_, 279.352, 138.72, 1.76965
_5992_, 279.352, 138.72, 1.76965
_5994_, 279.352, 138.72, 1.76965
_6003_, 279.352, 138.72, 1.76965
ANTENNA__5995__B2, 279.352, 138.72, 1.76965
ANTENNA__5994__B1, 279.352, 138.72, 1.76965
ANTENNA__5030__S, 279.352, 138.72, 1.76965
ANTENNA__5974__B, 279.352, 138.72, 1.76965
FILLER_0_46_583, 279.352, 138.72, 1.76965
FILLER_0_47_582, 279.352, 138.72, 1.76965
FILLER_0_47_606, 279.352, 138.72, 1.76965
_5987_, 292.341, 138.72, 1.76959
_5989_, 292.341, 138.72, 1.76959
_5998_, 292.341, 138.72, 1.76959
_6019_, 292.341, 138.72, 1.76959
hold740, 292.341, 138.72, 1.76959
ANTENNA__6019__B1, 292.341, 138.72, 1.76959
ANTENNA__6003__B1, 292.341, 138.72, 1.76959
ANTENNA__5998__C, 292.341, 138.72, 1.76959
ANTENNA__5997__B, 292.341, 138.72, 1.76959
ANTENNA__5988__B, 292.341, 138.72, 1.76959
ANTENNA__5987__B, 292.341, 138.72, 1.76959
FILLER_0_46_623, 292.341, 138.72, 1.76959
_5040_, 305.33, 138.72, 1.76955
_6009_, 305.33, 138.72, 1.76955
_6017_, 305.33, 138.72, 1.76955
_6018_, 305.33, 138.72, 1.76955
hold431, 305.33, 138.72, 1.76955
hold642, 305.33, 138.72, 1.76955
ANTENNA__6023__A2, 305.33, 138.72, 1.76955
ANTENNA__6005__B, 305.33, 138.72, 1.76955
ANTENNA_clkbuf_leaf_65_clk_A, 305.33, 138.72, 1.76955
FILLER_0_47_639, 305.33, 138.72, 1.76955
FILLER_0_48_660, 305.33, 138.72, 1.76955
_6458_, 5.52, 133.28, 1.77599
_7460_, 5.52, 133.28, 1.77599
PHY_88, 5.52, 133.28, 1.77599
PHY_90, 5.52, 133.28, 1.77599
ANTENNA__6458__A1, 5.52, 133.28, 1.77599
FILLER_0_46_3, 5.52, 133.28, 1.77599
PHY_89, 318.32, 133.28, 1.77005
PHY_91, 318.32, 133.28, 1.77005
input21, 318.32, 133.28, 1.77005
ANTENNA__5040__S, 318.32, 133.28, 1.77005
ANTENNA__6018__B1, 318.32, 133.28, 1.77005
ANTENNA__6014__A_N, 318.32, 133.28, 1.77005
ANTENNA__7357__RESET_B, 318.32, 133.28, 1.77005
_6459_, 13.68, 133.28, 1.77599
_6486_, 13.68, 133.28, 1.77599
_6559_, 13.68, 133.28, 1.77599
_7507_, 13.68, 133.28, 1.77599
ANTENNA__6569__A1, 13.68, 133.28, 1.77599
FILLER_0_45_19, 13.68, 133.28, 1.77599
_6448_, 34.64, 133.28, 1.77559
_6524_, 34.64, 133.28, 1.77559
_7455_, 34.64, 133.28, 1.77559
wire69, 34.64, 133.28, 1.77559
hold195, 34.64, 133.28, 1.77559
hold259, 34.64, 133.28, 1.77559
_6384_, 47.44, 133.28, 1.77519
hold435, 47.44, 133.28, 1.77519
ANTENNA__6541__S, 47.44, 133.28, 1.77519
ANTENNA__7429__RESET_B, 47.44, 133.28, 1.77519
FILLER_0_45_97, 47.44, 133.28, 1.77519
_6379_, 60.24, 133.28, 1.77479
_6380_, 60.24, 133.28, 1.77479
_6381_, 60.24, 133.28, 1.77479
_6385_, 60.24, 133.28, 1.77479
_6386_, 60.24, 133.28, 1.77479
_6387_, 60.24, 133.28, 1.77479
ANTENNA__7427__RESET_B, 60.24, 133.28, 1.77479
FILLER_0_45_122, 60.24, 133.28, 1.77479
_3615_, 73.04, 133.28, 1.77442
_6421_, 73.04, 133.28, 1.77442
hold205, 73.04, 133.28, 1.77442
ANTENNA__4794__S, 73.04, 133.28, 1.77442
ANTENNA__4767__S, 73.04, 133.28, 1.77442
ANTENNA__6421__A1, 73.04, 133.28, 1.77442
ANTENNA__3615__A0, 73.04, 133.28, 1.77442
FILLER_0_44_141, 73.04, 133.28, 1.77442
FILLER_0_45_136, 73.04, 133.28, 1.77442
_3616_, 85.84, 133.28, 1.77405
_3793_, 85.84, 133.28, 1.77405
hold287, 85.84, 133.28, 1.77405
ANTENNA__4794__A0, 85.84, 133.28, 1.77405
ANTENNA__6931__RESET_B, 85.84, 133.28, 1.77405
FILLER_0_45_161, 85.84, 133.28, 1.77405
FILLER_0_45_176, 85.84, 133.28, 1.77405
_3852_, 98.64, 133.28, 1.77371
_3861_, 98.64, 133.28, 1.77371
_3863_, 98.64, 133.28, 1.77371
_3864_, 98.64, 133.28, 1.77371
_3865_, 98.64, 133.28, 1.77371
_3873_, 98.64, 133.28, 1.77371
ANTENNA__6637__S, 98.64, 133.28, 1.77371
ANTENNA__3865__B1, 98.64, 133.28, 1.77371
ANTENNA__6637__A1, 98.64, 133.28, 1.77371
ANTENNA__6964__RESET_B, 98.64, 133.28, 1.77371
FILLER_0_44_193, 98.64, 133.28, 1.77371
FILLER_0_44_197, 98.64, 133.28, 1.77371
FILLER_0_44_202, 98.64, 133.28, 1.77371
_3896_, 111.44, 133.28, 1.7734
_3898_, 111.44, 133.28, 1.7734
_3900_, 111.44, 133.28, 1.7734
_6980_, 111.44, 133.28, 1.7734
ANTENNA__3801__A2, 111.44, 133.28, 1.7734
ANTENNA__4778__A1, 111.44, 133.28, 1.7734
ANTENNA__6980__RESET_B, 111.44, 133.28, 1.7734
FILLER_0_45_218, 111.44, 133.28, 1.7734
FILLER_0_45_225, 111.44, 133.28, 1.7734
FILLER_0_46_239, 111.44, 133.28, 1.7734
_3802_, 124.24, 133.28, 1.77314
_3803_, 124.24, 133.28, 1.77314
_3897_, 124.24, 133.28, 1.77314
_4778_, 124.24, 133.28, 1.77314
hold83, 124.24, 133.28, 1.77314
ANTENNA__3802__S, 124.24, 133.28, 1.77314
FILLER_0_44_258, 124.24, 133.28, 1.77314
FILLER_0_45_249, 124.24, 133.28, 1.77314
FILLER_0_46_266, 124.24, 133.28, 1.77314
_3626_, 137.04, 133.28, 1.77288
clkbuf_leaf_84_clk, 137.04, 133.28, 1.77288
hold103, 137.04, 133.28, 1.77288
ANTENNA__6965__RESET_B, 137.04, 133.28, 1.77288
_3812_, 149.84, 133.28, 1.77266
_3926_, 149.84, 133.28, 1.77266
_3940_, 149.84, 133.28, 1.77266
_4101_, 149.84, 133.28, 1.77266
hold609, 149.84, 133.28, 1.77266
ANTENNA__4445__S, 149.84, 133.28, 1.77266
ANTENNA__3812__A2, 149.84, 133.28, 1.77266
ANTENNA__3812__B2, 149.84, 133.28, 1.77266
FILLER_0_45_310, 149.84, 133.28, 1.77266
_3796_, 162.64, 133.28, 1.77247
_4793_, 162.64, 133.28, 1.77247
_6638_, 162.64, 133.28, 1.77247
hold353, 162.64, 133.28, 1.77247
ANTENNA__4273__A, 162.64, 133.28, 1.77247
ANTENNA__3796__A, 162.64, 133.28, 1.77247
FILLER_0_45_353, 162.64, 133.28, 1.77247
_3600_, 188.429, 133.28, 1.77182
_5170_, 188.429, 133.28, 1.77182
_5171_, 188.429, 133.28, 1.77182
_7210_, 188.429, 133.28, 1.77182
_7345_, 188.429, 133.28, 1.77182
hold727, 188.429, 133.28, 1.77182
_4982_, 201.418, 133.28, 1.77145
_4983_, 201.418, 133.28, 1.77145
_7346_, 201.418, 133.28, 1.77145
ANTENNA__5170__S, 201.418, 133.28, 1.77145
ANTENNA__7225__RESET_B, 201.418, 133.28, 1.77145
FILLER_0_45_426, 201.418, 133.28, 1.77145
FILLER_0_45_438, 201.418, 133.28, 1.77145
_4991_, 214.407, 133.28, 1.7711
_5002_, 214.407, 133.28, 1.7711
_5898_, 214.407, 133.28, 1.7711
_7347_, 214.407, 133.28, 1.7711
hold316, 214.407, 133.28, 1.7711
ANTENNA__4984__B1, 214.407, 133.28, 1.7711
ANTENNA__4984__A1, 214.407, 133.28, 1.7711
_5000_, 227.396, 133.28, 1.7708
_5010_, 227.396, 133.28, 1.7708
_7348_, 227.396, 133.28, 1.7708
hold613, 227.396, 133.28, 1.7708
ANTENNA__5002__A2, 227.396, 133.28, 1.7708
ANTENNA__7183__RESET_B, 227.396, 133.28, 1.7708
FILLER_0_45_470, 227.396, 133.28, 1.7708
_5009_, 240.385, 133.28, 1.77053
_5018_, 240.385, 133.28, 1.77053
_5723_, 240.385, 133.28, 1.77053
_7349_, 240.385, 133.28, 1.77053
ANTENNA__5002__B1, 240.385, 133.28, 1.77053
ANTENNA__5010__A, 240.385, 133.28, 1.77053
FILLER_0_45_505, 240.385, 133.28, 1.77053
FILLER_0_46_512, 240.385, 133.28, 1.77053
_5027_, 253.374, 133.28, 1.77037
_5924_, 253.374, 133.28, 1.77037
_5925_, 253.374, 133.28, 1.77037
_5936_, 253.374, 133.28, 1.77037
_5937_, 253.374, 133.28, 1.77037
_5938_, 253.374, 133.28, 1.77037
_5939_, 253.374, 133.28, 1.77037
_5942_, 253.374, 133.28, 1.77037
ANTENNA__5018__S, 253.374, 133.28, 1.77037
ANTENNA__5936__A2, 253.374, 133.28, 1.77037
_5952_, 266.363, 133.28, 1.77024
_5953_, 266.363, 133.28, 1.77024
_5960_, 266.363, 133.28, 1.77024
_5961_, 266.363, 133.28, 1.77024
ANTENNA__5722__B2, 266.363, 133.28, 1.77024
ANTENNA__5961__C, 266.363, 133.28, 1.77024
FILLER_0_44_555, 266.363, 133.28, 1.77024
FILLER_0_45_573, 266.363, 133.28, 1.77024
FILLER_0_45_581, 266.363, 133.28, 1.77024
_5995_, 279.352, 133.28, 1.77014
_7307_, 279.352, 133.28, 1.77014
_7354_, 279.352, 133.28, 1.77014
hold79, 279.352, 133.28, 1.77014
ANTENNA__7354__RESET_B, 279.352, 133.28, 1.77014
FILLER_0_46_608, 279.352, 133.28, 1.77014
_5034_, 292.341, 133.28, 1.77008
_6011_, 292.341, 133.28, 1.77008
_7356_, 292.341, 133.28, 1.77008
ANTENNA__5034__S, 292.341, 133.28, 1.77008
ANTENNA__5725__B2, 292.341, 133.28, 1.77008
ANTENNA__6011__A1, 292.341, 133.28, 1.77008
ANTENNA__7356__RESET_B, 292.341, 133.28, 1.77008
_5038_, 305.33, 133.28, 1.77005
_5731_, 305.33, 133.28, 1.77005
_6010_, 305.33, 133.28, 1.77005
_7357_, 305.33, 133.28, 1.77005
ANTENNA__5038__S, 305.33, 133.28, 1.77005
ANTENNA__5731__A2, 305.33, 133.28, 1.77005
ANTENNA__6013__B, 305.33, 133.28, 1.77005
ANTENNA__6006__B, 305.33, 133.28, 1.77005
FILLER_0_45_646, 305.33, 133.28, 1.77005
PHY_84, 5.52, 127.84, 1.77675
PHY_86, 5.52, 127.84, 1.77675
output55, 5.52, 127.84, 1.77675
FILLER_0_43_3, 5.52, 127.84, 1.77675
PHY_85, 318.32, 127.84, 1.77086
PHY_87, 318.32, 127.84, 1.77086
ANTENNA_input9_A, 318.32, 127.84, 1.77086
ANTENNA_input21_A, 318.32, 127.84, 1.77086
ANTENNA__5733__B2, 318.32, 127.84, 1.77086
FILLER_0_42_673, 318.32, 127.84, 1.77086
hold424, 13.68, 127.84, 1.77676
ANTENNA_output55_A, 13.68, 127.84, 1.77676
FILLER_0_43_23, 13.68, 127.84, 1.77676
_6449_, 34.64, 127.84, 1.7763
_6495_, 34.64, 127.84, 1.7763
_6523_, 34.64, 127.84, 1.7763
_6608_, 34.64, 127.84, 1.7763
_7490_, 34.64, 127.84, 1.7763
hold408, 34.64, 127.84, 1.7763
ANTENNA__6448__A1, 34.64, 127.84, 1.7763
ANTENNA_clkbuf_leaf_5_clk_A, 34.64, 127.84, 1.7763
_5004_, 47.44, 127.84, 1.77586
_6579_, 47.44, 127.84, 1.77586
_6580_, 47.44, 127.84, 1.77586
_7516_, 47.44, 127.84, 1.77586
hold399, 47.44, 127.84, 1.77586
ANTENNA__6541__A1, 47.44, 127.84, 1.77586
ANTENNA__6523__S, 47.44, 127.84, 1.77586
FILLER_0_42_85, 47.44, 127.84, 1.77586
FILLER_0_44_96, 47.44, 127.84, 1.77586
_4972_, 60.24, 127.84, 1.77544
_7430_, 60.24, 127.84, 1.77544
hold135, 60.24, 127.84, 1.77544
ANTENNA__6579__S, 60.24, 127.84, 1.77544
ANTENNA__7430__RESET_B, 60.24, 127.84, 1.77544
FILLER_0_44_131, 60.24, 127.84, 1.77544
_4767_, 73.04, 127.84, 1.77505
_4768_, 73.04, 127.84, 1.77505
_7139_, 73.04, 127.84, 1.77505
_7438_, 73.04, 127.84, 1.77505
hold457, 73.04, 127.84, 1.77505
ANTENNA__3615__S, 73.04, 127.84, 1.77505
ANTENNA__4766__A1, 73.04, 127.84, 1.77505
FILLER_0_43_134, 73.04, 127.84, 1.77505
_3790_, 85.84, 127.84, 1.77469
_3853_, 85.84, 127.84, 1.77469
_3854_, 85.84, 127.84, 1.77469
_4766_, 85.84, 127.84, 1.77469
ANTENNA__3616__A2, 85.84, 127.84, 1.77469
ANTENNA__3615__A1, 85.84, 127.84, 1.77469
ANTENNA__3853__A2, 85.84, 127.84, 1.77469
ANTENNA__6977__RESET_B, 85.84, 127.84, 1.77469
FILLER_0_42_166, 85.84, 127.84, 1.77469
FILLER_0_43_162, 85.84, 127.84, 1.77469
FILLER_0_43_181, 85.84, 127.84, 1.77469
FILLER_0_44_177, 85.84, 127.84, 1.77469
_3855_, 98.64, 127.84, 1.77439
_3856_, 98.64, 127.84, 1.77439
_3857_, 98.64, 127.84, 1.77439
_3859_, 98.64, 127.84, 1.77439
_3860_, 98.64, 127.84, 1.77439
_3870_, 98.64, 127.84, 1.77439
_3901_, 98.64, 127.84, 1.77439
ANTENNA__3793__S, 98.64, 127.84, 1.77439
ANTENNA__4058__A1, 98.64, 127.84, 1.77439
ANTENNA__3865__A1, 98.64, 127.84, 1.77439
ANTENNA__3854__C, 98.64, 127.84, 1.77439
FILLER_0_44_215, 98.64, 127.84, 1.77439
_3899_, 111.44, 127.84, 1.77411
_3902_, 111.44, 127.84, 1.77411
_3910_, 111.44, 127.84, 1.77411
hold532, 111.44, 127.84, 1.77411
ANTENNA__4778__B2, 111.44, 127.84, 1.77411
ANTENNA__3898__A1, 111.44, 127.84, 1.77411
ANTENNA__6981__RESET_B, 111.44, 127.84, 1.77411
FILLER_0_43_231, 111.44, 127.84, 1.77411
_3912_, 124.24, 127.84, 1.77386
_6981_, 124.24, 127.84, 1.77386
hold733, 124.24, 127.84, 1.77386
hold737, 124.24, 127.84, 1.77386
ANTENNA__3626__A2, 124.24, 127.84, 1.77386
ANTENNA__3626__B2, 124.24, 127.84, 1.77386
ANTENNA__6967__RESET_B, 124.24, 127.84, 1.77386
_3921_, 137.04, 127.84, 1.77364
_6935_, 137.04, 127.84, 1.77364
_6983_, 137.04, 127.84, 1.77364
_3927_, 149.84, 127.84, 1.77345
_3928_, 149.84, 127.84, 1.77345
_3937_, 149.84, 127.84, 1.77345
_3938_, 149.84, 127.84, 1.77345
_3939_, 149.84, 127.84, 1.77345
_6985_, 149.84, 127.84, 1.77345
ANTENNA__3928__A1, 149.84, 127.84, 1.77345
ANTENNA__6985__RESET_B, 149.84, 127.84, 1.77345
FILLER_0_42_301, 149.84, 127.84, 1.77345
FILLER_0_43_321, 149.84, 127.84, 1.77345
FILLER_0_43_326, 149.84, 127.84, 1.77345
_3813_, 162.64, 127.84, 1.77332
_3932_, 162.64, 127.84, 1.77332
_6957_, 162.64, 127.84, 1.77332
ANTENNA__4793__S, 162.64, 127.84, 1.77332
ANTENNA__3940__A2, 162.64, 127.84, 1.77332
ANTENNA__3940__B1, 162.64, 127.84, 1.77332
ANTENNA__3930__B, 162.64, 127.84, 1.77332
ANTENNA__6957__RESET_B, 162.64, 127.84, 1.77332
FILLER_0_43_341, 162.64, 127.84, 1.77332
_4422_, 188.429, 127.84, 1.7727
_7542_, 188.429, 127.84, 1.7727
hold10, 188.429, 127.84, 1.7727
hold726, 188.429, 127.84, 1.7727
FILLER_0_42_394, 188.429, 127.84, 1.7727
_5900_, 201.418, 127.84, 1.77224
_5901_, 201.418, 127.84, 1.77224
hold16, 201.418, 127.84, 1.77224
hold694, 201.418, 127.84, 1.77224
ANTENNA__7210__RESET_B, 201.418, 127.84, 1.77224
ANTENNA_clkbuf_leaf_82_clk_A, 201.418, 127.84, 1.77224
_5553_, 214.407, 127.84, 1.77186
_5905_, 214.407, 127.84, 1.77186
_5906_, 214.407, 127.84, 1.77186
_5908_, 214.407, 127.84, 1.77186
_5918_, 214.407, 127.84, 1.77186
hold536, 214.407, 127.84, 1.77186
ANTENNA__4992__A, 214.407, 127.84, 1.77186
FILLER_0_43_445, 214.407, 127.84, 1.77186
FILLER_0_44_462, 214.407, 127.84, 1.77186
clkbuf_leaf_62_clk, 227.396, 127.84, 1.77159
ANTENNA__5900__B1, 227.396, 127.84, 1.77159
ANTENNA__5908__A1, 227.396, 127.84, 1.77159
_5933_, 240.385, 127.84, 1.77138
_5934_, 240.385, 127.84, 1.77138
_5945_, 240.385, 127.84, 1.77138
hold301, 240.385, 127.84, 1.77138
ANTENNA__5009__S, 240.385, 127.84, 1.77138
ANTENNA__5000__S, 240.385, 127.84, 1.77138
ANTENNA__5934__A1, 240.385, 127.84, 1.77138
ANTENNA_clkbuf_leaf_62_clk_A, 240.385, 127.84, 1.77138
ANTENNA__7349__RESET_B, 240.385, 127.84, 1.77138
ANTENNA__7348__RESET_B, 240.385, 127.84, 1.77138
_5926_, 253.374, 127.84, 1.77121
_5927_, 253.374, 127.84, 1.77121
_5928_, 253.374, 127.84, 1.77121
_5935_, 253.374, 127.84, 1.77121
_5940_, 253.374, 127.84, 1.77121
_5941_, 253.374, 127.84, 1.77121
_5949_, 253.374, 127.84, 1.77121
_5954_, 253.374, 127.84, 1.77121
ANTENNA__5950__B, 253.374, 127.84, 1.77121
ANTENNA__5937__C, 253.374, 127.84, 1.77121
ANTENNA__5926__C, 253.374, 127.84, 1.77121
ANTENNA__5925__A2, 253.374, 127.84, 1.77121
FILLER_0_43_544, 253.374, 127.84, 1.77121
FILLER_0_44_547, 253.374, 127.84, 1.77121
_5722_, 266.363, 127.84, 1.7711
_5950_, 266.363, 127.84, 1.7711
_5951_, 266.363, 127.84, 1.7711
_5963_, 266.363, 127.84, 1.7711
_5964_, 266.363, 127.84, 1.7711
ANTENNA__5722__A2, 266.363, 127.84, 1.7711
ANTENNA__5963__B, 266.363, 127.84, 1.7711
ANTENNA_clkbuf_leaf_63_clk_A, 266.363, 127.84, 1.7711
FILLER_0_42_567, 266.363, 127.84, 1.7711
FILLER_0_43_568, 266.363, 127.84, 1.7711
FILLER_0_43_579, 266.363, 127.84, 1.7711
_5721_, 279.352, 127.84, 1.77101
_5725_, 279.352, 127.84, 1.77101
_5727_, 279.352, 127.84, 1.77101
hold78, 279.352, 127.84, 1.77101
ANTENNA__5563__B2, 279.352, 127.84, 1.77101
ANTENNA__5563__A2, 279.352, 127.84, 1.77101
ANTENNA__5725__A2, 279.352, 127.84, 1.77101
ANTENNA__7307__RESET_B, 279.352, 127.84, 1.77101
_7309_, 292.341, 127.84, 1.77093
hold56, 292.341, 127.84, 1.77093
ANTENNA__5721__S, 292.341, 127.84, 1.77093
ANTENNA__6011__B1, 292.341, 127.84, 1.77093
ANTENNA__5727__A2, 292.341, 127.84, 1.77093
FILLER_0_43_637, 292.341, 127.84, 1.77093
_7312_, 305.33, 127.84, 1.77086
clkbuf_leaf_66_clk, 305.33, 127.84, 1.77086
hold98, 305.33, 127.84, 1.77086
hold109, 305.33, 127.84, 1.77086
ANTENNA__5731__B2, 305.33, 127.84, 1.77086
ANTENNA__6018__A2, 305.33, 127.84, 1.77086
_6551_, 5.52, 122.4, 1.77756
_6552_, 5.52, 122.4, 1.77756
PHY_80, 5.52, 122.4, 1.77756
PHY_82, 5.52, 122.4, 1.77756
PHY_81, 318.32, 122.4, 1.77243
PHY_83, 318.32, 122.4, 1.77243
ANTENNA__5865__A2, 318.32, 122.4, 1.77243
ANTENNA__7311__RESET_B, 318.32, 122.4, 1.77243
_7451_, 13.68, 122.4, 1.77756
FILLER_0_42_24, 13.68, 122.4, 1.77756
_4973_, 34.64, 122.4, 1.77711
_4976_, 34.64, 122.4, 1.77711
_7529_, 34.64, 122.4, 1.77711
hold403, 34.64, 122.4, 1.77711
hold461, 34.64, 122.4, 1.77711
ANTENNA__6494__S, 34.64, 122.4, 1.77711
_4969_, 47.44, 122.4, 1.77669
_4975_, 47.44, 122.4, 1.77669
_5007_, 47.44, 122.4, 1.77669
FILLER_0_40_85, 47.44, 122.4, 1.77669
FILLER_0_41_83, 47.44, 122.4, 1.77669
FILLER_0_41_97, 47.44, 122.4, 1.77669
FILLER_0_42_103, 47.44, 122.4, 1.77669
_4962_, 60.24, 122.4, 1.77628
_4963_, 60.24, 122.4, 1.77628
_4964_, 60.24, 122.4, 1.77628
_4965_, 60.24, 122.4, 1.77628
_4968_, 60.24, 122.4, 1.77628
_6413_, 60.24, 122.4, 1.77628
FILLER_0_42_128, 60.24, 122.4, 1.77628
_5003_, 73.04, 122.4, 1.77592
_5008_, 73.04, 122.4, 1.77592
_6414_, 73.04, 122.4, 1.77592
hold350, 73.04, 122.4, 1.77592
ANTENNA__4981__C1, 73.04, 122.4, 1.77592
FILLER_0_40_135, 73.04, 122.4, 1.77592
FILLER_0_40_141, 73.04, 122.4, 1.77592
FILLER_0_41_138, 73.04, 122.4, 1.77592
FILLER_0_41_159, 73.04, 122.4, 1.77592
_3842_, 85.84, 122.4, 1.77556
_3843_, 85.84, 122.4, 1.77556
_3844_, 85.84, 122.4, 1.77556
_3845_, 85.84, 122.4, 1.77556
_3858_, 85.84, 122.4, 1.77556
ANTENNA__3790__S, 85.84, 122.4, 1.77556
ANTENNA__4766__B2, 85.84, 122.4, 1.77556
ANTENNA__3842__A2, 85.84, 122.4, 1.77556
FILLER_0_40_166, 85.84, 122.4, 1.77556
FILLER_0_41_169, 85.84, 122.4, 1.77556
_3871_, 98.64, 122.4, 1.77524
_3872_, 98.64, 122.4, 1.77524
_3874_, 98.64, 122.4, 1.77524
_3885_, 98.64, 122.4, 1.77524
ANTENNA__3851__B1, 98.64, 122.4, 1.77524
ANTENNA__4766__B1, 98.64, 122.4, 1.77524
ANTENNA__3843__C, 98.64, 122.4, 1.77524
ANTENNA__6976__RESET_B, 98.64, 122.4, 1.77524
FILLER_0_41_199, 98.64, 122.4, 1.77524
FILLER_0_41_212, 98.64, 122.4, 1.77524
_3875_, 111.44, 122.4, 1.77494
_3889_, 111.44, 122.4, 1.77494
_3894_, 111.44, 122.4, 1.77494
_3895_, 111.44, 122.4, 1.77494
_3911_, 111.44, 122.4, 1.77494
ANTENNA__3898__B1, 111.44, 122.4, 1.77494
ANTENNA__3875__B1, 111.44, 122.4, 1.77494
FILLER_0_41_225, 111.44, 122.4, 1.77494
FILLER_0_42_234, 111.44, 122.4, 1.77494
_3890_, 124.24, 122.4, 1.77468
_3891_, 124.24, 122.4, 1.77468
_3893_, 124.24, 122.4, 1.77468
_3907_, 124.24, 122.4, 1.77468
_3909_, 124.24, 122.4, 1.77468
_3917_, 124.24, 122.4, 1.77468
_3918_, 124.24, 122.4, 1.77468
_3920_, 124.24, 122.4, 1.77468
ANTENNA__3912__B2, 124.24, 122.4, 1.77468
ANTENNA__3920__B1, 124.24, 122.4, 1.77468
ANTENNA__3911__B1, 124.24, 122.4, 1.77468
ANTENNA__6935__RESET_B, 124.24, 122.4, 1.77468
FILLER_0_41_248, 124.24, 122.4, 1.77468
FILLER_0_41_253, 124.24, 122.4, 1.77468
_3913_, 137.04, 122.4, 1.77445
_3914_, 137.04, 122.4, 1.77445
_3915_, 137.04, 122.4, 1.77445
_3916_, 137.04, 122.4, 1.77445
_3919_, 137.04, 122.4, 1.77445
_3925_, 137.04, 122.4, 1.77445
_3936_, 137.04, 122.4, 1.77445
ANTENNA__3936__B1, 137.04, 122.4, 1.77445
ANTENNA__6983__RESET_B, 137.04, 122.4, 1.77445
ANTENNA_clkbuf_leaf_84_clk_A, 137.04, 122.4, 1.77445
FILLER_0_40_282, 137.04, 122.4, 1.77445
FILLER_0_42_289, 137.04, 122.4, 1.77445
_3924_, 149.84, 122.4, 1.77426
_3929_, 149.84, 122.4, 1.77426
_3930_, 149.84, 122.4, 1.77426
_3931_, 149.84, 122.4, 1.77426
_3933_, 149.84, 122.4, 1.77426
_3934_, 149.84, 122.4, 1.77426
ANTENNA__3928__B1, 149.84, 122.4, 1.77426
FILLER_0_42_321, 149.84, 122.4, 1.77426
_3780_, 162.64, 122.4, 1.77412
_6940_, 162.64, 122.4, 1.77412
hold107, 162.64, 122.4, 1.77412
ANTENNA__3931__A_N, 162.64, 122.4, 1.77412
ANTENNA__6940__RESET_B, 162.64, 122.4, 1.77412
FILLER_0_41_341, 162.64, 122.4, 1.77412
FILLER_0_41_349, 162.64, 122.4, 1.77412
_4421_, 188.429, 122.4, 1.77366
_6634_, 188.429, 122.4, 1.77366
_7076_, 188.429, 122.4, 1.77366
hold20, 188.429, 122.4, 1.77366
ANTENNA__7345__RESET_B, 188.429, 122.4, 1.77366
ANTENNA__7077__RESET_B, 188.429, 122.4, 1.77366
_5168_, 201.418, 122.4, 1.77338
_5169_, 201.418, 122.4, 1.77338
_5899_, 201.418, 122.4, 1.77338
_5902_, 201.418, 122.4, 1.77338
_5903_, 201.418, 122.4, 1.77338
hold723, 201.418, 122.4, 1.77338
ANTENNA__6634__B1, 201.418, 122.4, 1.77338
ANTENNA__4983__A, 201.418, 122.4, 1.77338
ANTENNA__7346__RESET_B, 201.418, 122.4, 1.77338
ANTENNA__7542__RESET_B, 201.418, 122.4, 1.77338
FILLER_0_41_434, 201.418, 122.4, 1.77338
_5904_, 214.407, 122.4, 1.77312
_5907_, 214.407, 122.4, 1.77312
_5914_, 214.407, 122.4, 1.77312
_5915_, 214.407, 122.4, 1.77312
_5916_, 214.407, 122.4, 1.77312
_5917_, 214.407, 122.4, 1.77312
ANTENNA__4982__S, 214.407, 122.4, 1.77312
ANTENNA__5900__A1, 214.407, 122.4, 1.77312
ANTENNA__7347__RESET_B, 214.407, 122.4, 1.77312
_5910_, 227.396, 122.4, 1.7729
_5911_, 227.396, 122.4, 1.7729
_5912_, 227.396, 122.4, 1.7729
_5920_, 227.396, 122.4, 1.7729
_5921_, 227.396, 122.4, 1.7729
ANTENNA__4991__S, 227.396, 122.4, 1.7729
ANTENNA__5553__A, 227.396, 122.4, 1.7729
ANTENNA__5011__B1, 227.396, 122.4, 1.7729
ANTENNA__5011__A1, 227.396, 122.4, 1.7729
ANTENNA__5918__A2, 227.396, 122.4, 1.7729
ANTENNA__5908__B1, 227.396, 122.4, 1.7729
FILLER_0_40_477, 227.396, 122.4, 1.7729
_5929_, 240.385, 122.4, 1.77273
_5930_, 240.385, 122.4, 1.77273
_5931_, 240.385, 122.4, 1.77273
_5932_, 240.385, 122.4, 1.77273
_7304_, 240.385, 122.4, 1.77273
ANTENNA__5934__B1, 240.385, 122.4, 1.77273
ANTENNA__5921__C, 240.385, 122.4, 1.77273
ANTENNA__7304__RESET_B, 240.385, 122.4, 1.77273
ANTENNA__7303__RESET_B, 240.385, 122.4, 1.77273
FILLER_0_41_501, 240.385, 122.4, 1.77273
FILLER_0_41_513, 240.385, 122.4, 1.77273
FILLER_0_42_521, 240.385, 122.4, 1.77273
_5923_, 253.374, 122.4, 1.77259
clkbuf_leaf_63_clk, 253.374, 122.4, 1.77259
hold712, 253.374, 122.4, 1.77259
ANTENNA__5716__A2, 253.374, 122.4, 1.77259
ANTENNA__5720__B1, 253.374, 122.4, 1.77259
FILLER_0_42_543, 253.374, 122.4, 1.77259
_4818_, 266.363, 122.4, 1.77251
_4819_, 266.363, 122.4, 1.77251
_5562_, 266.363, 122.4, 1.77251
_5720_, 266.363, 122.4, 1.77251
_7306_, 266.363, 122.4, 1.77251
hold612, 266.363, 122.4, 1.77251
ANTENNA__4818__B, 266.363, 122.4, 1.77251
ANTENNA__5720__A2, 266.363, 122.4, 1.77251
ANTENNA__7306__RESET_B, 266.363, 122.4, 1.77251
FILLER_0_41_565, 266.363, 122.4, 1.77251
_7277_, 279.352, 122.4, 1.77247
hold57, 279.352, 122.4, 1.77247
hold170, 279.352, 122.4, 1.77247
hold500, 279.352, 122.4, 1.77247
_7310_, 292.341, 122.4, 1.77244
hold58, 292.341, 122.4, 1.77244
hold168, 292.341, 122.4, 1.77244
ANTENNA__5562__S, 292.341, 122.4, 1.77244
ANTENNA__5727__B2, 292.341, 122.4, 1.77244
ANTENNA__7312__RESET_B, 292.341, 122.4, 1.77244
ANTENNA__7309__RESET_B, 292.341, 122.4, 1.77244
FILLER_0_42_630, 292.341, 122.4, 1.77244
_5733_, 305.33, 122.4, 1.77243
_7311_, 305.33, 122.4, 1.77243
ANTENNA__5733__A2, 305.33, 122.4, 1.77243
ANTENNA_clkbuf_leaf_66_clk_A, 305.33, 122.4, 1.77243
FILLER_0_40_638, 305.33, 122.4, 1.77243
FILLER_0_40_649, 305.33, 122.4, 1.77243
_7503_, 5.52, 116.96, 1.77834
PHY_76, 5.52, 116.96, 1.77834
PHY_78, 5.52, 116.96, 1.77834
_5864_, 318.32, 116.96, 1.77252
PHY_77, 318.32, 116.96, 1.77252
PHY_79, 318.32, 116.96, 1.77252
input9, 318.32, 116.96, 1.77252
ANTENNA__5734__S, 318.32, 116.96, 1.77252
FILLER_0_38_674, 318.32, 116.96, 1.77252
_6435_, 13.68, 116.96, 1.77835
_6441_, 13.68, 116.96, 1.77835
hold451, 13.68, 116.96, 1.77835
ANTENNA__6551__S, 13.68, 116.96, 1.77835
FILLER_0_39_15, 13.68, 116.96, 1.77835
_4974_, 34.64, 116.96, 1.77786
_4979_, 34.64, 116.96, 1.77786
_6489_, 34.64, 116.96, 1.77786
_6607_, 34.64, 116.96, 1.77786
_7474_, 34.64, 116.96, 1.77786
hold444, 34.64, 116.96, 1.77786
_4970_, 47.44, 116.96, 1.77741
_4971_, 47.44, 116.96, 1.77741
_7487_, 47.44, 116.96, 1.77741
hold378, 47.44, 116.96, 1.77741
ANTENNA__6607__S, 47.44, 116.96, 1.77741
FILLER_0_38_81, 47.44, 116.96, 1.77741
FILLER_0_39_81, 47.44, 116.96, 1.77741
FILLER_0_39_89, 47.44, 116.96, 1.77741
FILLER_0_40_101, 47.44, 116.96, 1.77741
_4966_, 60.24, 116.96, 1.77696
_4977_, 60.24, 116.96, 1.77696
_4980_, 60.24, 116.96, 1.77696
_7513_, 60.24, 116.96, 1.77696
hold437, 60.24, 116.96, 1.77696
FILLER_0_39_107, 60.24, 116.96, 1.77696
FILLER_0_40_127, 60.24, 116.96, 1.77696
_4759_, 73.04, 116.96, 1.77659
_4981_, 73.04, 116.96, 1.77659
_7136_, 73.04, 116.96, 1.77659
hold450, 73.04, 116.96, 1.77659
ANTENNA__4758__S, 73.04, 116.96, 1.77659
ANTENNA_clkbuf_leaf_9_clk_A, 73.04, 116.96, 1.77659
FILLER_0_38_141, 73.04, 116.96, 1.77659
_3840_, 85.84, 116.96, 1.77624
_3841_, 85.84, 116.96, 1.77624
_6976_, 85.84, 116.96, 1.77624
hold313, 85.84, 116.96, 1.77624
ANTENNA__5008__C1, 85.84, 116.96, 1.77624
ANTENNA__4766__A2, 85.84, 116.96, 1.77624
FILLER_0_39_163, 85.84, 116.96, 1.77624
_3848_, 98.64, 116.96, 1.77592
_3850_, 98.64, 116.96, 1.77592
_3851_, 98.64, 116.96, 1.77592
_3876_, 98.64, 116.96, 1.77592
_6978_, 98.64, 116.96, 1.77592
hold606, 98.64, 116.96, 1.77592
ANTENNA__3851__A1, 98.64, 116.96, 1.77592
ANTENNA__3876__A2, 98.64, 116.96, 1.77592
ANTENNA__6978__RESET_B, 98.64, 116.96, 1.77592
FILLER_0_39_197, 98.64, 116.96, 1.77592
_3886_, 111.44, 116.96, 1.77565
_3888_, 111.44, 116.96, 1.77565
_3892_, 111.44, 116.96, 1.77565
_3903_, 111.44, 116.96, 1.77565
FILLER_0_38_228, 111.44, 116.96, 1.77565
FILLER_0_39_232, 111.44, 116.96, 1.77565
_3804_, 124.24, 116.96, 1.7754
_3904_, 124.24, 116.96, 1.7754
_3905_, 124.24, 116.96, 1.7754
_3906_, 124.24, 116.96, 1.7754
_3908_, 124.24, 116.96, 1.7754
ANTENNA__3804__S, 124.24, 116.96, 1.7754
ANTENNA__3905__B, 124.24, 116.96, 1.7754
ANTENNA__3904__B, 124.24, 116.96, 1.7754
ANTENNA__3892__B, 124.24, 116.96, 1.7754
ANTENNA__3891__B, 124.24, 116.96, 1.7754
FILLER_0_39_251, 124.24, 116.96, 1.7754
FILLER_0_39_265, 124.24, 116.96, 1.7754
_3923_, 137.04, 116.96, 1.77518
_6982_, 137.04, 116.96, 1.77518
hold551, 137.04, 116.96, 1.77518
ANTENNA__3919__A1, 137.04, 116.96, 1.77518
ANTENNA__3919__B1, 137.04, 116.96, 1.77518
ANTENNA__3915__C, 137.04, 116.96, 1.77518
ANTENNA__3914__B, 137.04, 116.96, 1.77518
ANTENNA__3913__B, 137.04, 116.96, 1.77518
FILLER_0_39_294, 137.04, 116.96, 1.77518
_3922_, 149.84, 116.96, 1.77497
_3935_, 149.84, 116.96, 1.77497
_6984_, 149.84, 116.96, 1.77497
hold472, 149.84, 116.96, 1.77497
ANTENNA__3935__A2, 149.84, 116.96, 1.77497
ANTENNA__3923__B, 149.84, 116.96, 1.77497
ANTENNA__3922__B, 149.84, 116.96, 1.77497
ANTENNA__6984__RESET_B, 149.84, 116.96, 1.77497
FILLER_0_38_309, 149.84, 116.96, 1.77497
FILLER_0_40_314, 149.84, 116.96, 1.77497
_3637_, 162.64, 116.96, 1.77481
_4296_, 162.64, 116.96, 1.77481
_7092_, 162.64, 116.96, 1.77481
ANTENNA__3811__S, 162.64, 116.96, 1.77481
ANTENNA__3637__A2, 162.64, 116.96, 1.77481
ANTENNA__3935__B1, 162.64, 116.96, 1.77481
ANTENNA__4296__A2, 162.64, 116.96, 1.77481
ANTENNA__3637__B2, 162.64, 116.96, 1.77481
FILLER_0_38_333, 162.64, 116.96, 1.77481
FILLER_0_39_337, 162.64, 116.96, 1.77481
_4420_, 188.429, 116.96, 1.7743
_7209_, 188.429, 116.96, 1.7743
ANTENNA__6631__S, 188.429, 116.96, 1.7743
ANTENNA__5868__S, 188.429, 116.96, 1.7743
ANTENNA__6634__A2, 188.429, 116.96, 1.7743
ANTENNA_clkbuf_leaf_81_clk_A, 188.429, 116.96, 1.7743
ANTENNA__6972__RESET_B, 188.429, 116.96, 1.7743
_5867_, 201.418, 116.96, 1.77397
_7344_, 201.418, 116.96, 1.77397
load_slew3, 201.418, 116.96, 1.77397
ANTENNA_hold694_A, 201.418, 116.96, 1.77397
_5913_, 214.407, 116.96, 1.77369
_5919_, 214.407, 116.96, 1.77369
hold18, 214.407, 116.96, 1.77369
ANTENNA__5914__B1, 214.407, 116.96, 1.77369
ANTENNA__5903__C, 214.407, 116.96, 1.77369
ANTENNA__5902__A2, 214.407, 116.96, 1.77369
ANTENNA_load_slew3_A, 214.407, 116.96, 1.77369
FILLER_0_40_457, 214.407, 116.96, 1.77369
_5712_, 227.396, 116.96, 1.77342
_5909_, 227.396, 116.96, 1.77342
_5922_, 227.396, 116.96, 1.77342
_7302_, 227.396, 116.96, 1.77342
ANTENNA__5918__B1, 227.396, 116.96, 1.77342
ANTENNA__5712__A2, 227.396, 116.96, 1.77342
ANTENNA__5712__B1, 227.396, 116.96, 1.77342
ANTENNA__5910__B_N, 227.396, 116.96, 1.77342
ANTENNA__7302__RESET_B, 227.396, 116.96, 1.77342
FILLER_0_40_489, 227.396, 116.96, 1.77342
_5714_, 240.385, 116.96, 1.77317
_5716_, 240.385, 116.96, 1.77317
_7303_, 240.385, 116.96, 1.77317
hold540, 240.385, 116.96, 1.77317
ANTENNA__5714__A2, 240.385, 116.96, 1.77317
ANTENNA__5716__B1, 240.385, 116.96, 1.77317
ANTENNA__5714__B1, 240.385, 116.96, 1.77317
FILLER_0_38_506, 240.385, 116.96, 1.77317
_7305_, 253.374, 116.96, 1.77297
hold587, 253.374, 116.96, 1.77297
ANTENNA__5773__B1, 253.374, 116.96, 1.77297
ANTENNA__5718__A2, 253.374, 116.96, 1.77297
ANTENNA__7305__RESET_B, 253.374, 116.96, 1.77297
FILLER_0_38_529, 253.374, 116.96, 1.77297
FILLER_0_39_526, 253.374, 116.96, 1.77297
FILLER_0_39_531, 253.374, 116.96, 1.77297
_5563_, 266.363, 116.96, 1.7728
_7157_, 266.363, 116.96, 1.7728
_7321_, 266.363, 116.96, 1.7728
hold677, 266.363, 116.96, 1.7728
ANTENNA__5719__S, 266.363, 116.96, 1.7728
_7308_, 279.352, 116.96, 1.77265
_7322_, 279.352, 116.96, 1.77265
clkbuf_leaf_68_clk, 279.352, 116.96, 1.77265
ANTENNA__7277__RESET_B, 279.352, 116.96, 1.77265
FILLER_0_38_585, 279.352, 116.96, 1.77265
FILLER_0_38_589, 279.352, 116.96, 1.77265
_5729_, 292.341, 116.96, 1.77258
_7324_, 292.341, 116.96, 1.77258
hold169, 292.341, 116.96, 1.77258
ANTENNA__5729__B2, 292.341, 116.96, 1.77258
ANTENNA__5729__A2, 292.341, 116.96, 1.77258
ANTENNA__7324__RESET_B, 292.341, 116.96, 1.77258
ANTENNA_clkbuf_leaf_68_clk_A, 292.341, 116.96, 1.77258
ANTENNA__7310__RESET_B, 292.341, 116.96, 1.77258
ANTENNA__7308__RESET_B, 292.341, 116.96, 1.77258
FILLER_0_39_613, 292.341, 116.96, 1.77258
_5732_, 305.33, 116.96, 1.77253
_5734_, 305.33, 116.96, 1.77253
_7328_, 305.33, 116.96, 1.77253
hold241, 305.33, 116.96, 1.77253
hold330, 305.33, 116.96, 1.77253
ANTENNA__5732__S, 305.33, 116.96, 1.77253
FILLER_0_38_641, 305.33, 116.96, 1.77253
FILLER_0_38_645, 305.33, 116.96, 1.77253
_6546_, 5.52, 111.52, 1.77913
_7500_, 5.52, 111.52, 1.77913
PHY_72, 5.52, 111.52, 1.77913
PHY_74, 5.52, 111.52, 1.77913
FILLER_0_37_3, 5.52, 111.52, 1.77913
_5859_, 318.32, 111.52, 1.77331
PHY_73, 318.32, 111.52, 1.77331
PHY_75, 318.32, 111.52, 1.77331
ANTENNA__5860__A1, 318.32, 111.52, 1.77331
FILLER_0_37_669, 318.32, 111.52, 1.77331
_6545_, 13.68, 111.52, 1.77914
_7448_, 13.68, 111.52, 1.77914
ANTENNA_input32_A, 13.68, 111.52, 1.77914
ANTENNA__6555__A1, 13.68, 111.52, 1.77914
ANTENNA__6545__S, 13.68, 111.52, 1.77914
FILLER_0_36_11, 13.68, 111.52, 1.77914
FILLER_0_37_9, 13.68, 111.52, 1.77914
_6462_, 34.64, 111.52, 1.77867
_6472_, 34.64, 111.52, 1.77867
_6488_, 34.64, 111.52, 1.77867
_7526_, 34.64, 111.52, 1.77867
hold460, 34.64, 111.52, 1.77867
ANTENNA__6488__S, 34.64, 111.52, 1.77867
ANTENNA_clkbuf_leaf_4_clk_A, 34.64, 111.52, 1.77867
FILLER_0_37_57, 34.64, 111.52, 1.77867
FILLER_0_38_73, 34.64, 111.52, 1.77867
_6517_, 47.44, 111.52, 1.77822
_6518_, 47.44, 111.52, 1.77822
_6574_, 47.44, 111.52, 1.77822
_6601_, 47.44, 111.52, 1.77822
ANTENNA__6517__S, 47.44, 111.52, 1.77822
FILLER_0_36_79, 47.44, 111.52, 1.77822
FILLER_0_37_105, 47.44, 111.52, 1.77822
FILLER_0_38_102, 47.44, 111.52, 1.77822
_6408_, 60.24, 111.52, 1.77778
_6573_, 60.24, 111.52, 1.77778
_6584_, 60.24, 111.52, 1.77778
_7435_, 60.24, 111.52, 1.77778
hold477, 60.24, 111.52, 1.77778
ANTENNA__6573__S, 60.24, 111.52, 1.77778
ANTENNA_clkbuf_leaf_3_clk_A, 60.24, 111.52, 1.77778
FILLER_0_37_123, 60.24, 111.52, 1.77778
_4758_, 73.04, 111.52, 1.77736
_4967_, 73.04, 111.52, 1.77736
_6407_, 73.04, 111.52, 1.77736
clkbuf_leaf_9_clk, 73.04, 111.52, 1.77736
hold331, 73.04, 111.52, 1.77736
hold339, 73.04, 111.52, 1.77736
ANTENNA__6417__A1, 73.04, 111.52, 1.77736
FILLER_0_37_134, 73.04, 111.52, 1.77736
_3606_, 85.84, 111.52, 1.777
_3846_, 85.84, 111.52, 1.777
_3849_, 85.84, 111.52, 1.777
_3862_, 85.84, 111.52, 1.777
_4774_, 85.84, 111.52, 1.777
ANTENNA__5026__C1, 85.84, 111.52, 1.777
ANTENNA__4749__A1, 85.84, 111.52, 1.777
FILLER_0_37_173, 85.84, 111.52, 1.777
FILLER_0_38_177, 85.84, 111.52, 1.777
_3847_, 98.64, 111.52, 1.77668
_3868_, 98.64, 111.52, 1.77668
_3869_, 98.64, 111.52, 1.77668
FILLER_0_36_197, 98.64, 111.52, 1.77668
FILLER_0_37_196, 98.64, 111.52, 1.77668
FILLER_0_37_213, 98.64, 111.52, 1.77668
_3866_, 111.44, 111.52, 1.77637
_3877_, 111.44, 111.52, 1.77637
_3879_, 111.44, 111.52, 1.77637
_3880_, 111.44, 111.52, 1.77637
_3882_, 111.44, 111.52, 1.77637
_3883_, 111.44, 111.52, 1.77637
_3884_, 111.44, 111.52, 1.77637
hold427, 111.44, 111.52, 1.77637
ANTENNA__3880__B, 111.44, 111.52, 1.77637
FILLER_0_36_224, 111.44, 111.52, 1.77637
_3806_, 124.24, 111.52, 1.7761
_3887_, 124.24, 111.52, 1.7761
_6937_, 124.24, 111.52, 1.7761
ANTENNA__3887__A2, 124.24, 111.52, 1.7761
ANTENNA__3887__B1, 124.24, 111.52, 1.7761
ANTENNA__3879__A2, 124.24, 111.52, 1.7761
ANTENNA__3878__C, 124.24, 111.52, 1.7761
ANTENNA__6982__RESET_B, 124.24, 111.52, 1.7761
ANTENNA__6937__RESET_B, 124.24, 111.52, 1.7761
FILLER_0_36_253, 124.24, 111.52, 1.7761
FILLER_0_37_260, 124.24, 111.52, 1.7761
FILLER_0_37_268, 124.24, 111.52, 1.7761
FILLER_0_38_263, 124.24, 111.52, 1.7761
_3808_, 137.04, 111.52, 1.77586
_4457_, 137.04, 111.52, 1.77586
_6938_, 137.04, 111.52, 1.77586
ANTENNA__3806__S, 137.04, 111.52, 1.77586
ANTENNA__4569__B, 137.04, 111.52, 1.77586
FILLER_0_38_292, 137.04, 111.52, 1.77586
_3811_, 149.84, 111.52, 1.77568
_6939_, 149.84, 111.52, 1.77568
hold70, 149.84, 111.52, 1.77568
ANTENNA__3808__S, 149.84, 111.52, 1.77568
ANTENNA__6939__RESET_B, 149.84, 111.52, 1.77568
_3636_, 162.64, 111.52, 1.7755
_7060_, 162.64, 111.52, 1.7755
hold337, 162.64, 111.52, 1.7755
ANTENNA__4296__B2, 162.64, 111.52, 1.7755
ANTENNA__7060__RESET_B, 162.64, 111.52, 1.7755
_6651_, 188.429, 111.52, 1.77498
_6652_, 188.429, 111.52, 1.77498
_7551_, 188.429, 111.52, 1.77498
hold548, 188.429, 111.52, 1.77498
ANTENNA__4420__S, 188.429, 111.52, 1.77498
ANTENNA__6631__A0, 188.429, 111.52, 1.77498
FILLER_0_38_400, 188.429, 111.52, 1.77498
FILLER_0_38_408, 188.429, 111.52, 1.77498
_5866_, 201.418, 111.52, 1.77462
_7301_, 201.418, 111.52, 1.77462
_7329_, 201.418, 111.52, 1.77462
ANTENNA__5168__S, 201.418, 111.52, 1.77462
ANTENNA__6651__B, 201.418, 111.52, 1.77462
ANTENNA__4420__A1, 201.418, 111.52, 1.77462
ANTENNA__6631__A1, 201.418, 111.52, 1.77462
ANTENNA__7076__RESET_B, 201.418, 111.52, 1.77462
FILLER_0_36_417, 201.418, 111.52, 1.77462
_5706_, 214.407, 111.52, 1.77431
_5707_, 214.407, 111.52, 1.77431
_5710_, 214.407, 111.52, 1.77431
_7300_, 214.407, 111.52, 1.77431
_7315_, 214.407, 111.52, 1.77431
hold683, 214.407, 111.52, 1.77431
ANTENNA__7344__RESET_B, 214.407, 111.52, 1.77431
_5741_, 227.396, 111.52, 1.77405
hold719, 227.396, 111.52, 1.77405
ANTENNA__5710__A2, 227.396, 111.52, 1.77405
ANTENNA__5710__B1, 227.396, 111.52, 1.77405
ANTENNA__5706__A0, 227.396, 111.52, 1.77405
ANTENNA__7318__RESET_B, 227.396, 111.52, 1.77405
FILLER_0_36_473, 227.396, 111.52, 1.77405
_5713_, 240.385, 111.52, 1.77385
_5773_, 240.385, 111.52, 1.77385
_7319_, 240.385, 111.52, 1.77385
ANTENNA__5713__S, 240.385, 111.52, 1.77385
ANTENNA__5773__A2, 240.385, 111.52, 1.77385
ANTENNA__7319__RESET_B, 240.385, 111.52, 1.77385
FILLER_0_37_497, 240.385, 111.52, 1.77385
FILLER_0_37_518, 240.385, 111.52, 1.77385
_5717_, 253.374, 111.52, 1.77368
_5718_, 253.374, 111.52, 1.77368
_5719_, 253.374, 111.52, 1.77368
_7320_, 253.374, 111.52, 1.77368
ANTENNA__5715__S, 253.374, 111.52, 1.77368
ANTENNA__5718__B1, 253.374, 111.52, 1.77368
_5796_, 266.363, 111.52, 1.77355
_5797_, 266.363, 111.52, 1.77355
_5800_, 266.363, 111.52, 1.77355
hold640, 266.363, 111.52, 1.77355
hold645, 266.363, 111.52, 1.77355
ANTENNA__5717__S, 266.363, 111.52, 1.77355
ANTENNA__7157__RESET_B, 266.363, 111.52, 1.77355
ANTENNA__7321__RESET_B, 266.363, 111.52, 1.77355
FILLER_0_37_555, 266.363, 111.52, 1.77355
_5801_, 279.352, 111.52, 1.77344
_5802_, 279.352, 111.52, 1.77344
_5803_, 279.352, 111.52, 1.77344
_5812_, 279.352, 111.52, 1.77344
hold284, 279.352, 111.52, 1.77344
ANTENNA__7322__RESET_B, 279.352, 111.52, 1.77344
FILLER_0_37_592, 279.352, 111.52, 1.77344
_5726_, 292.341, 111.52, 1.77337
_5832_, 292.341, 111.52, 1.77337
_7327_, 292.341, 111.52, 1.77337
ANTENNA__5832__B2, 292.341, 111.52, 1.77337
ANTENNA__5726__S, 292.341, 111.52, 1.77337
ANTENNA__7327__RESET_B, 292.341, 111.52, 1.77337
_5853_, 305.33, 111.52, 1.77332
_5854_, 305.33, 111.52, 1.77332
_5858_, 305.33, 111.52, 1.77332
_5860_, 305.33, 111.52, 1.77332
_5863_, 305.33, 111.52, 1.77332
_5865_, 305.33, 111.52, 1.77332
ANTENNA__7328__RESET_B, 305.33, 111.52, 1.77332
ANTENNA__7325__RESET_B, 305.33, 111.52, 1.77332
_6555_, 5.52, 106.08, 1.78006
_6556_, 5.52, 106.08, 1.78006
PHY_68, 5.52, 106.08, 1.78006
PHY_70, 5.52, 106.08, 1.78006
input32, 5.52, 106.08, 1.78006
_5857_, 318.32, 106.08, 1.77396
PHY_69, 318.32, 106.08, 1.77396
PHY_71, 318.32, 106.08, 1.77396
ANTENNA__5861__B1, 318.32, 106.08, 1.77396
ANTENNA__5854__A_N, 318.32, 106.08, 1.77396
_5023_, 13.68, 106.08, 1.78006
_7453_, 13.68, 106.08, 1.78006
_5024_, 34.64, 106.08, 1.77959
_6498_, 34.64, 106.08, 1.77959
_6499_, 34.64, 106.08, 1.77959
_6602_, 34.64, 106.08, 1.77959
_6612_, 34.64, 106.08, 1.77959
hold420, 34.64, 106.08, 1.77959
ANTENNA__6498__A1, 34.64, 106.08, 1.77959
ANTENNA__6471__A1, 34.64, 106.08, 1.77959
ANTENNA__6498__S, 34.64, 106.08, 1.77959
FILLER_0_36_65, 34.64, 106.08, 1.77959
FILLER_0_36_70, 34.64, 106.08, 1.77959
_5025_, 47.44, 106.08, 1.77914
_6528_, 47.44, 106.08, 1.77914
hold463, 47.44, 106.08, 1.77914
hold488, 47.44, 106.08, 1.77914
ANTENNA__6611__A1, 47.44, 106.08, 1.77914
ANTENNA__6583__S, 47.44, 106.08, 1.77914
ANTENNA__6601__S, 47.44, 106.08, 1.77914
FILLER_0_35_80, 47.44, 106.08, 1.77914
FILLER_0_35_97, 47.44, 106.08, 1.77914
FILLER_0_36_102, 47.44, 106.08, 1.77914
_6578_, 60.24, 106.08, 1.77871
_6583_, 60.24, 106.08, 1.77871
_7440_, 60.24, 106.08, 1.77871
_7518_, 60.24, 106.08, 1.77871
ANTENNA__6583__A1, 60.24, 106.08, 1.77871
FILLER_0_36_128, 60.24, 106.08, 1.77871
_5021_, 73.04, 106.08, 1.77831
_5026_, 73.04, 106.08, 1.77831
_6412_, 73.04, 106.08, 1.77831
_6417_, 73.04, 106.08, 1.77831
_7141_, 73.04, 106.08, 1.77831
hold469, 73.04, 106.08, 1.77831
FILLER_0_34_137, 73.04, 106.08, 1.77831
_3839_, 85.84, 106.08, 1.77794
_4749_, 85.84, 106.08, 1.77794
ANTENNA__4749__B2, 85.84, 106.08, 1.77794
ANTENNA__3606__S, 85.84, 106.08, 1.77794
ANTENNA__3607__B1, 85.84, 106.08, 1.77794
ANTENNA__4749__B1, 85.84, 106.08, 1.77794
ANTENNA__3606__A0, 85.84, 106.08, 1.77794
FILLER_0_34_162, 85.84, 106.08, 1.77794
FILLER_0_34_169, 85.84, 106.08, 1.77794
FILLER_0_36_186, 85.84, 106.08, 1.77794
_3826_, 98.64, 106.08, 1.77759
_3867_, 98.64, 106.08, 1.77759
_3881_, 98.64, 106.08, 1.77759
ANTENNA__3867__B, 98.64, 106.08, 1.77759
ANTENNA__3838__C, 98.64, 106.08, 1.77759
FILLER_0_34_201, 98.64, 106.08, 1.77759
FILLER_0_35_215, 98.64, 106.08, 1.77759
_3797_, 111.44, 106.08, 1.77726
_3878_, 111.44, 106.08, 1.77726
_6979_, 111.44, 106.08, 1.77726
ANTENNA__3797__S, 111.44, 106.08, 1.77726
ANTENNA__6979__RESET_B, 111.44, 106.08, 1.77726
_6936_, 124.24, 106.08, 1.77695
clkbuf_leaf_86_clk, 124.24, 106.08, 1.77695
ANTENNA_clkbuf_leaf_86_clk_A, 124.24, 106.08, 1.77695
FILLER_0_34_247, 124.24, 106.08, 1.77695
_3632_, 137.04, 106.08, 1.7767
_4580_, 137.04, 106.08, 1.7767
_4787_, 137.04, 106.08, 1.7767
hold105, 137.04, 106.08, 1.7767
ANTENNA__4787__B2, 137.04, 106.08, 1.7767
ANTENNA__3632__A2, 137.04, 106.08, 1.7767
ANTENNA__4581__A2, 137.04, 106.08, 1.7767
ANTENNA__4787__A1, 137.04, 106.08, 1.7767
ANTENNA__7105__RESET_B, 137.04, 106.08, 1.7767
ANTENNA__6938__RESET_B, 137.04, 106.08, 1.7767
FILLER_0_35_274, 137.04, 106.08, 1.7767
FILLER_0_35_281, 137.04, 106.08, 1.7767
FILLER_0_35_292, 137.04, 106.08, 1.7767
_3634_, 149.84, 106.08, 1.77646
_3635_, 149.84, 106.08, 1.77646
hold65, 149.84, 106.08, 1.77646
hold491, 149.84, 106.08, 1.77646
ANTENNA__3634__S, 149.84, 106.08, 1.77646
ANTENNA__3632__B2, 149.84, 106.08, 1.77646
ANTENNA__7059__RESET_B, 149.84, 106.08, 1.77646
FILLER_0_35_327, 149.84, 106.08, 1.77646
_4295_, 162.64, 106.08, 1.77624
_4418_, 162.64, 106.08, 1.77624
hold729, 162.64, 106.08, 1.77624
ANTENNA__3635__A2, 162.64, 106.08, 1.77624
ANTENNA__3636__S, 162.64, 106.08, 1.77624
ANTENNA__3635__B2, 162.64, 106.08, 1.77624
ANTENNA__7075__RESET_B, 162.64, 106.08, 1.77624
FILLER_0_35_345, 162.64, 106.08, 1.77624
_4132_, 188.429, 106.08, 1.77567
clkbuf_leaf_80_clk, 188.429, 106.08, 1.77567
ANTENNA__4133__B2, 188.429, 106.08, 1.77567
ANTENNA__7541__RESET_B, 188.429, 106.08, 1.77567
_3775_, 201.418, 106.08, 1.77536
_3776_, 201.418, 106.08, 1.77536
_6955_, 201.418, 106.08, 1.77536
hold398, 201.418, 106.08, 1.77536
ANTENNA__6632__B1, 201.418, 106.08, 1.77536
ANTENNA__6632__A2, 201.418, 106.08, 1.77536
ANTENNA__7209__RESET_B, 201.418, 106.08, 1.77536
_7317_, 214.407, 106.08, 1.77509
hold28, 214.407, 106.08, 1.77509
ANTENNA__5706__S, 214.407, 106.08, 1.77509
ANTENNA__3776__B1, 214.407, 106.08, 1.77509
ANTENNA__7315__RESET_B, 214.407, 106.08, 1.77509
ANTENNA__7317__RESET_B, 214.407, 106.08, 1.77509
ANTENNA__7300__RESET_B, 214.407, 106.08, 1.77509
ANTENNA__7301__RESET_B, 214.407, 106.08, 1.77509
FILLER_0_34_444, 214.407, 106.08, 1.77509
FILLER_0_35_453, 214.407, 106.08, 1.77509
_5711_, 227.396, 106.08, 1.77484
_5746_, 227.396, 106.08, 1.77484
_5757_, 227.396, 106.08, 1.77484
_5758_, 227.396, 106.08, 1.77484
_7318_, 227.396, 106.08, 1.77484
ANTENNA__5711__S, 227.396, 106.08, 1.77484
ANTENNA__5747__A1, 227.396, 106.08, 1.77484
FILLER_0_35_474, 227.396, 106.08, 1.77484
FILLER_0_35_484, 227.396, 106.08, 1.77484
_5715_, 240.385, 106.08, 1.77463
_5756_, 240.385, 106.08, 1.77463
_5772_, 240.385, 106.08, 1.77463
hold596, 240.385, 106.08, 1.77463
ANTENNA__5758__A2, 240.385, 106.08, 1.77463
FILLER_0_34_502, 240.385, 106.08, 1.77463
FILLER_0_35_505, 240.385, 106.08, 1.77463
_5770_, 253.374, 106.08, 1.77444
_5786_, 253.374, 106.08, 1.77444
ANTENNA__5786__B2, 253.374, 106.08, 1.77444
ANTENNA__7320__RESET_B, 253.374, 106.08, 1.77444
FILLER_0_34_528, 253.374, 106.08, 1.77444
FILLER_0_35_532, 253.374, 106.08, 1.77444
FILLER_0_35_538, 253.374, 106.08, 1.77444
_5783_, 266.363, 106.08, 1.77427
_5784_, 266.363, 106.08, 1.77427
_5785_, 266.363, 106.08, 1.77427
_5795_, 266.363, 106.08, 1.77427
_5808_, 266.363, 106.08, 1.77427
ANTENNA__5796__B1, 266.363, 106.08, 1.77427
ANTENNA__5797__A2, 266.363, 106.08, 1.77427
ANTENNA__5802__A1, 266.363, 106.08, 1.77427
FILLER_0_35_565, 266.363, 106.08, 1.77427
FILLER_0_35_571, 266.363, 106.08, 1.77427
_5809_, 279.352, 106.08, 1.77413
_5810_, 279.352, 106.08, 1.77413
_5811_, 279.352, 106.08, 1.77413
_5819_, 279.352, 106.08, 1.77413
_5822_, 279.352, 106.08, 1.77413
ANTENNA__5812__A1, 279.352, 106.08, 1.77413
ANTENNA__5812__B1, 279.352, 106.08, 1.77413
ANTENNA__5801__A, 279.352, 106.08, 1.77413
FILLER_0_34_582, 279.352, 106.08, 1.77413
FILLER_0_35_587, 279.352, 106.08, 1.77413
FILLER_0_35_603, 279.352, 106.08, 1.77413
FILLER_0_36_605, 279.352, 106.08, 1.77413
_5829_, 292.341, 106.08, 1.77403
_5830_, 292.341, 106.08, 1.77403
_5831_, 292.341, 106.08, 1.77403
_5837_, 292.341, 106.08, 1.77403
_5842_, 292.341, 106.08, 1.77403
_5843_, 292.341, 106.08, 1.77403
_7325_, 292.341, 106.08, 1.77403
hold592, 292.341, 106.08, 1.77403
ANTENNA__5831__A, 292.341, 106.08, 1.77403
ANTENNA_clkbuf_leaf_67_clk_A, 292.341, 106.08, 1.77403
FILLER_0_36_624, 292.341, 106.08, 1.77403
_5838_, 305.33, 106.08, 1.77397
_5855_, 305.33, 106.08, 1.77397
_5856_, 305.33, 106.08, 1.77397
_5861_, 305.33, 106.08, 1.77397
_5862_, 305.33, 106.08, 1.77397
hold579, 305.33, 106.08, 1.77397
_7505_, 5.52, 100.64, 1.78076
PHY_64, 5.52, 100.64, 1.78076
PHY_66, 5.52, 100.64, 1.78076
_5846_, 318.32, 100.64, 1.77406
PHY_65, 318.32, 100.64, 1.77406
PHY_67, 318.32, 100.64, 1.77406
ANTENNA__5848__A, 318.32, 100.64, 1.77406
ANTENNA__5844__A, 318.32, 100.64, 1.77406
FILLER_0_33_669, 318.32, 100.64, 1.77406
_6445_, 13.68, 100.64, 1.78077
hold379, 13.68, 100.64, 1.78077
hold445, 13.68, 100.64, 1.78077
ANTENNA__6549__S, 13.68, 100.64, 1.78077
FILLER_0_33_15, 13.68, 100.64, 1.78077
FILLER_0_33_22, 13.68, 100.64, 1.78077
_4997_, 34.64, 100.64, 1.78007
_7479_, 34.64, 100.64, 1.78007
_7531_, 34.64, 100.64, 1.78007
ANTENNA__6611__S, 34.64, 100.64, 1.78007
FILLER_0_32_58, 34.64, 100.64, 1.78007
_6611_, 47.44, 100.64, 1.7794
_7492_, 47.44, 100.64, 1.7794
clkbuf_leaf_3_clk, 47.44, 100.64, 1.7794
hold415, 47.44, 100.64, 1.7794
hold422, 47.44, 100.64, 1.7794
_4998_, 60.24, 100.64, 1.77882
_5022_, 60.24, 100.64, 1.77882
_6418_, 60.24, 100.64, 1.77882
_7515_, 60.24, 100.64, 1.77882
hold462, 60.24, 100.64, 1.77882
_4764_, 73.04, 100.64, 1.77827
_4765_, 73.04, 100.64, 1.77827
_4773_, 73.04, 100.64, 1.77827
_7138_, 73.04, 100.64, 1.77827
max_cap70, 73.04, 100.64, 1.77827
hold352, 73.04, 100.64, 1.77827
hold465, 73.04, 100.64, 1.77827
FILLER_0_34_150, 73.04, 100.64, 1.77827
_3607_, 85.84, 100.64, 1.77775
_3828_, 85.84, 100.64, 1.77775
_3829_, 85.84, 100.64, 1.77775
_3838_, 85.84, 100.64, 1.77775
_6928_, 85.84, 100.64, 1.77775
hold688, 85.84, 100.64, 1.77775
_3787_, 98.64, 100.64, 1.77728
_3832_, 98.64, 100.64, 1.77728
_3834_, 98.64, 100.64, 1.77728
_3836_, 98.64, 100.64, 1.77728
_3837_, 98.64, 100.64, 1.77728
clkbuf_3_1__f_clk, 98.64, 100.64, 1.77728
ANTENNA__3787__S, 98.64, 100.64, 1.77728
ANTENNA__4772__B2, 98.64, 100.64, 1.77728
ANTENNA__3835__A2, 98.64, 100.64, 1.77728
ANTENNA__4772__A1, 98.64, 100.64, 1.77728
FILLER_0_32_191, 98.64, 100.64, 1.77728
_3800_, 111.44, 100.64, 1.77704
_4772_, 111.44, 100.64, 1.77704
_6934_, 111.44, 100.64, 1.77704
ANTENNA__3800__S, 111.44, 100.64, 1.77704
ANTENNA_clkbuf_3_1__f_clk_A, 111.44, 100.64, 1.77704
ANTENNA__6936__RESET_B, 111.44, 100.64, 1.77704
hold52, 124.24, 100.64, 1.77683
hold110, 124.24, 100.64, 1.77683
ANTENNA__4581__B1, 124.24, 100.64, 1.77683
ANTENNA__3628__B2, 124.24, 100.64, 1.77683
FILLER_0_32_249, 124.24, 100.64, 1.77683
FILLER_0_32_253, 124.24, 100.64, 1.77683
FILLER_0_33_261, 124.24, 100.64, 1.77683
_4569_, 137.04, 100.64, 1.77662
_4570_, 137.04, 100.64, 1.77662
_4573_, 137.04, 100.64, 1.77662
_4579_, 137.04, 100.64, 1.77662
_4581_, 137.04, 100.64, 1.77662
_7105_, 137.04, 100.64, 1.77662
hold314, 137.04, 100.64, 1.77662
_4111_, 149.84, 100.64, 1.77647
_7059_, 149.84, 100.64, 1.77647
clkbuf_leaf_85_clk, 149.84, 100.64, 1.77647
ANTENNA__4111__A, 149.84, 100.64, 1.77647
FILLER_0_32_309, 149.84, 100.64, 1.77647
_4293_, 162.64, 100.64, 1.77649
_4417_, 162.64, 100.64, 1.77649
_7075_, 162.64, 100.64, 1.77649
hold27, 162.64, 100.64, 1.77649
ANTENNA_hold27_A, 162.64, 100.64, 1.77649
_3774_, 188.429, 100.64, 1.77617
_6649_, 188.429, 100.64, 1.77617
_6954_, 188.429, 100.64, 1.77617
hold560, 188.429, 100.64, 1.77617
ANTENNA__7551__RESET_B, 188.429, 100.64, 1.77617
ANTENNA__7030__RESET_B, 188.429, 100.64, 1.77617
_3770_, 201.418, 100.64, 1.77581
ANTENNA__5866__S, 201.418, 100.64, 1.77581
ANTENNA__4132__S, 201.418, 100.64, 1.77581
ANTENNA__4130__S, 201.418, 100.64, 1.77581
ANTENNA__3776__A2, 201.418, 100.64, 1.77581
ANTENNA__7329__RESET_B, 201.418, 100.64, 1.77581
ANTENNA__5866__A0, 201.418, 100.64, 1.77581
ANTENNA_clkbuf_leaf_80_clk_A, 201.418, 100.64, 1.77581
ANTENNA__6955__RESET_B, 201.418, 100.64, 1.77581
ANTENNA__6954__RESET_B, 201.418, 100.64, 1.77581
FILLER_0_33_437, 201.418, 100.64, 1.77581
_5747_, 214.407, 100.64, 1.77545
_7316_, 214.407, 100.64, 1.77545
hold328, 214.407, 100.64, 1.77545
ANTENNA__3764__B2, 214.407, 100.64, 1.77545
ANTENNA__5739__A1, 214.407, 100.64, 1.77545
ANTENNA__5747__B1, 214.407, 100.64, 1.77545
FILLER_0_33_453, 214.407, 100.64, 1.77545
_5745_, 227.396, 100.64, 1.77513
_5749_, 227.396, 100.64, 1.77513
_5755_, 227.396, 100.64, 1.77513
_5759_, 227.396, 100.64, 1.77513
_5760_, 227.396, 100.64, 1.77513
hold428, 227.396, 100.64, 1.77513
ANTENNA__5757__B1, 227.396, 100.64, 1.77513
ANTENNA__7316__RESET_B, 227.396, 100.64, 1.77513
FILLER_0_32_473, 227.396, 100.64, 1.77513
_5754_, 240.385, 100.64, 1.77485
_5768_, 240.385, 100.64, 1.77485
_5769_, 240.385, 100.64, 1.77485
_5771_, 240.385, 100.64, 1.77485
_5774_, 240.385, 100.64, 1.77485
FILLER_0_33_498, 240.385, 100.64, 1.77485
FILLER_0_33_516, 240.385, 100.64, 1.77485
FILLER_0_33_524, 240.385, 100.64, 1.77485
_5764_, 253.374, 100.64, 1.77461
_5765_, 253.374, 100.64, 1.77461
_5766_, 253.374, 100.64, 1.77461
_5780_, 253.374, 100.64, 1.77461
_5781_, 253.374, 100.64, 1.77461
ANTENNA__5785__B1, 253.374, 100.64, 1.77461
FILLER_0_32_525, 253.374, 100.64, 1.77461
FILLER_0_32_536, 253.374, 100.64, 1.77461
FILLER_0_33_543, 253.374, 100.64, 1.77461
FILLER_0_34_545, 253.374, 100.64, 1.77461
_5782_, 266.363, 100.64, 1.77439
_5791_, 266.363, 100.64, 1.77439
_5794_, 266.363, 100.64, 1.77439
_5807_, 266.363, 100.64, 1.77439
_5818_, 266.363, 100.64, 1.77439
_5820_, 266.363, 100.64, 1.77439
FILLER_0_32_561, 266.363, 100.64, 1.77439
FILLER_0_33_561, 266.363, 100.64, 1.77439
FILLER_0_33_580, 266.363, 100.64, 1.77439
_5804_, 279.352, 100.64, 1.77422
_5805_, 279.352, 100.64, 1.77422
_5806_, 279.352, 100.64, 1.77422
_5814_, 279.352, 100.64, 1.77422
_5815_, 279.352, 100.64, 1.77422
_5816_, 279.352, 100.64, 1.77422
_5821_, 279.352, 100.64, 1.77422
_5823_, 279.352, 100.64, 1.77422
FILLER_0_34_604, 279.352, 100.64, 1.77422
_5827_, 292.341, 100.64, 1.7741
_5828_, 292.341, 100.64, 1.7741
_5839_, 292.341, 100.64, 1.7741
clkbuf_leaf_67_clk, 292.341, 100.64, 1.7741
ANTENNA__5839__A1, 292.341, 100.64, 1.7741
ANTENNA__5840__C1, 292.341, 100.64, 1.7741
ANTENNA__5833__A, 292.341, 100.64, 1.7741
ANTENNA__5827__C, 292.341, 100.64, 1.7741
FILLER_0_33_610, 292.341, 100.64, 1.7741
_5835_, 305.33, 100.64, 1.77406
_5841_, 305.33, 100.64, 1.77406
_5844_, 305.33, 100.64, 1.77406
_5845_, 305.33, 100.64, 1.77406
_5849_, 305.33, 100.64, 1.77406
_5851_, 305.33, 100.64, 1.77406
hold731, 305.33, 100.64, 1.77406
ANTENNA__5865__B1, 305.33, 100.64, 1.77406
ANTENNA__5860__B1, 305.33, 100.64, 1.77406
ANTENNA__5839__B1, 305.33, 100.64, 1.77406
ANTENNA__5853__B, 305.33, 100.64, 1.77406
ANTENNA__5834__A, 305.33, 100.64, 1.77406
FILLER_0_34_654, 305.33, 100.64, 1.77406
_6549_, 5.52, 95.2, 1.78188
_6550_, 5.52, 95.2, 1.78188
PHY_60, 5.52, 95.2, 1.78188
PHY_62, 5.52, 95.2, 1.78188
PHY_61, 318.32, 95.2, 1.77597
PHY_63, 318.32, 95.2, 1.77597
input4, 318.32, 95.2, 1.77597
_6438_, 13.68, 95.2, 1.78188
_7450_, 13.68, 95.2, 1.78188
_4995_, 34.64, 95.2, 1.78139
_6492_, 34.64, 95.2, 1.78139
_6493_, 34.64, 95.2, 1.78139
_7476_, 34.64, 95.2, 1.78139
_7528_, 34.64, 95.2, 1.78139
hold414, 34.64, 95.2, 1.78139
ANTENNA__6527__A1, 34.64, 95.2, 1.78139
ANTENNA__6492__S, 34.64, 95.2, 1.78139
FILLER_0_32_72, 34.64, 95.2, 1.78139
_6522_, 47.44, 95.2, 1.78094
_6527_, 47.44, 95.2, 1.78094
_6605_, 47.44, 95.2, 1.78094
_7489_, 47.44, 95.2, 1.78094
ANTENNA__6605__S, 47.44, 95.2, 1.78094
FILLER_0_31_87, 47.44, 95.2, 1.78094
FILLER_0_32_105, 47.44, 95.2, 1.78094
_6411_, 60.24, 95.2, 1.7805
_6577_, 60.24, 95.2, 1.7805
_7437_, 60.24, 95.2, 1.7805
ANTENNA__6527__S, 60.24, 95.2, 1.7805
ANTENNA__6521__S, 60.24, 95.2, 1.7805
ANTENNA__6577__S, 60.24, 95.2, 1.7805
FILLER_0_31_106, 60.24, 95.2, 1.7805
FILLER_0_31_124, 60.24, 95.2, 1.7805
_4994_, 73.04, 95.2, 1.78008
_4999_, 73.04, 95.2, 1.78008
FILLER_0_30_141, 73.04, 95.2, 1.78008
FILLER_0_31_158, 73.04, 95.2, 1.78008
_3827_, 85.84, 95.2, 1.77967
_4763_, 85.84, 95.2, 1.77967
ANTENNA__4763__B2, 85.84, 95.2, 1.77967
ANTENNA__5017__C1, 85.84, 95.2, 1.77967
ANTENNA__3607__A2, 85.84, 95.2, 1.77967
ANTENNA__4763__A1, 85.84, 95.2, 1.77967
ANTENNA__4773__A0, 85.84, 95.2, 1.77967
ANTENNA__6928__RESET_B, 85.84, 95.2, 1.77967
FILLER_0_30_161, 85.84, 95.2, 1.77967
FILLER_0_30_171, 85.84, 95.2, 1.77967
FILLER_0_31_181, 85.84, 95.2, 1.77967
FILLER_0_31_187, 85.84, 95.2, 1.77967
_3831_, 98.64, 95.2, 1.77929
_3835_, 98.64, 95.2, 1.77929
_6975_, 98.64, 95.2, 1.77929
hold561, 98.64, 95.2, 1.77929
ANTENNA__3777__S, 98.64, 95.2, 1.77929
ANTENNA__3825__A1, 98.64, 95.2, 1.77929
ANTENNA__3835__B1, 98.64, 95.2, 1.77929
ANTENNA__3831__B1, 98.64, 95.2, 1.77929
ANTENNA__3827__B_N, 98.64, 95.2, 1.77929
ANTENNA__4781__A1, 98.64, 95.2, 1.77929
ANTENNA__6975__RESET_B, 98.64, 95.2, 1.77929
FILLER_0_31_193, 98.64, 95.2, 1.77929
_3624_, 111.44, 95.2, 1.77894
_4775_, 111.44, 95.2, 1.77894
_4781_, 111.44, 95.2, 1.77894
ANTENNA__4775__B2, 111.44, 95.2, 1.77894
ANTENNA__3624__A2, 111.44, 95.2, 1.77894
ANTENNA__4775__A1, 111.44, 95.2, 1.77894
ANTENNA__3624__B2, 111.44, 95.2, 1.77894
ANTENNA__6934__RESET_B, 111.44, 95.2, 1.77894
FILLER_0_30_223, 111.44, 95.2, 1.77894
FILLER_0_31_225, 111.44, 95.2, 1.77894
_3628_, 124.24, 95.2, 1.7786
_3630_, 124.24, 95.2, 1.7786
_4571_, 124.24, 95.2, 1.7786
_4784_, 124.24, 95.2, 1.7786
ANTENNA__3630__A2, 124.24, 95.2, 1.7786
ANTENNA__7104__RESET_B, 124.24, 95.2, 1.7786
FILLER_0_30_253, 124.24, 95.2, 1.7786
FILLER_0_31_264, 124.24, 95.2, 1.7786
_4572_, 137.04, 95.2, 1.77828
_4576_, 137.04, 95.2, 1.77828
_4577_, 137.04, 95.2, 1.77828
_4578_, 137.04, 95.2, 1.77828
_7104_, 137.04, 95.2, 1.77828
ANTENNA__4570__A_N, 137.04, 95.2, 1.77828
FILLER_0_30_281, 137.04, 95.2, 1.77828
_3631_, 149.84, 95.2, 1.778
_4292_, 149.84, 95.2, 1.778
_4790_, 149.84, 95.2, 1.778
_7058_, 149.84, 95.2, 1.778
hold266, 149.84, 95.2, 1.778
ANTENNA__4790__S, 149.84, 95.2, 1.778
ANTENNA_clkbuf_leaf_85_clk_A, 149.84, 95.2, 1.778
FILLER_0_30_309, 149.84, 95.2, 1.778
_4294_, 162.64, 95.2, 1.77776
_4419_, 162.64, 95.2, 1.77776
_7074_, 162.64, 95.2, 1.77776
hold55, 162.64, 95.2, 1.77776
ANTENNA__4293__S, 162.64, 95.2, 1.77776
ANTENNA__4419__B1, 162.64, 95.2, 1.77776
ANTENNA__4419__A2, 162.64, 95.2, 1.77776
_3765_, 188.429, 95.2, 1.77723
_3766_, 188.429, 95.2, 1.77723
_3768_, 188.429, 95.2, 1.77723
_3771_, 188.429, 95.2, 1.77723
_4128_, 188.429, 95.2, 1.77723
hold348, 188.429, 95.2, 1.77723
ANTENNA__4129__A2, 188.429, 95.2, 1.77723
ANTENNA__6632__A1, 188.429, 95.2, 1.77723
ANTENNA__7029__RESET_B, 188.429, 95.2, 1.77723
_3762_, 201.418, 95.2, 1.77695
_3763_, 201.418, 95.2, 1.77695
_3769_, 201.418, 95.2, 1.77695
_3773_, 201.418, 95.2, 1.77695
_6953_, 201.418, 95.2, 1.77695
ANTENNA__4128__S, 201.418, 95.2, 1.77695
ANTENNA__3771__A1, 201.418, 95.2, 1.77695
ANTENNA__3771__B1, 201.418, 95.2, 1.77695
ANTENNA__3765__B, 201.418, 95.2, 1.77695
ANTENNA__3763__B1, 201.418, 95.2, 1.77695
_5709_, 214.407, 95.2, 1.77671
_5736_, 214.407, 95.2, 1.77671
_5739_, 214.407, 95.2, 1.77671
_5744_, 214.407, 95.2, 1.77671
clkbuf_leaf_79_clk, 214.407, 95.2, 1.77671
ANTENNA__5739__B1, 214.407, 95.2, 1.77671
ANTENNA__6953__RESET_B, 214.407, 95.2, 1.77671
FILLER_0_30_446, 214.407, 95.2, 1.77671
_5737_, 227.396, 95.2, 1.77655
_5738_, 227.396, 95.2, 1.77655
_5748_, 227.396, 95.2, 1.77655
_5750_, 227.396, 95.2, 1.77655
ANTENNA__5709__S, 227.396, 95.2, 1.77655
ANTENNA__5750__B1_N, 227.396, 95.2, 1.77655
FILLER_0_31_480, 227.396, 95.2, 1.77655
_4810_, 240.385, 95.2, 1.77641
_5753_, 240.385, 95.2, 1.77641
_5761_, 240.385, 95.2, 1.77641
_5767_, 240.385, 95.2, 1.77641
ANTENNA__4810__S, 240.385, 95.2, 1.77641
ANTENNA__5557__B1, 240.385, 95.2, 1.77641
ANTENNA__5763__D, 240.385, 95.2, 1.77641
FILLER_0_31_497, 240.385, 95.2, 1.77641
FILLER_0_31_519, 240.385, 95.2, 1.77641
FILLER_0_32_513, 240.385, 95.2, 1.77641
_5762_, 253.374, 95.2, 1.77629
_5763_, 253.374, 95.2, 1.77629
_5778_, 253.374, 95.2, 1.77629
_5779_, 253.374, 95.2, 1.77629
ANTENNA__5787__B, 253.374, 95.2, 1.77629
ANTENNA__5776__A1, 253.374, 95.2, 1.77629
ANTENNA__5762__A1, 253.374, 95.2, 1.77629
ANTENNA_clkbuf_3_5__f_clk_A, 253.374, 95.2, 1.77629
FILLER_0_30_529, 253.374, 95.2, 1.77629
FILLER_0_31_540, 253.374, 95.2, 1.77629
FILLER_0_31_545, 253.374, 95.2, 1.77629
_5792_, 266.363, 95.2, 1.77619
_5793_, 266.363, 95.2, 1.77619
ANTENNA__5777__B, 266.363, 95.2, 1.77619
FILLER_0_30_561, 266.363, 95.2, 1.77619
FILLER_0_31_554, 266.363, 95.2, 1.77619
FILLER_0_32_575, 266.363, 95.2, 1.77619
_5813_, 279.352, 95.2, 1.7761
_5817_, 279.352, 95.2, 1.7761
ANTENNA__5817__A1, 279.352, 95.2, 1.7761
ANTENNA__5817__B1, 279.352, 95.2, 1.7761
ANTENNA__5813__A, 279.352, 95.2, 1.7761
ANTENNA__7323__RESET_B, 279.352, 95.2, 1.7761
FILLER_0_31_585, 279.352, 95.2, 1.7761
FILLER_0_31_605, 279.352, 95.2, 1.7761
FILLER_0_32_607, 279.352, 95.2, 1.7761
_5728_, 292.341, 95.2, 1.77602
_5824_, 292.341, 95.2, 1.77602
_5825_, 292.341, 95.2, 1.77602
_5826_, 292.341, 95.2, 1.77602
_5836_, 292.341, 95.2, 1.77602
_5840_, 292.341, 95.2, 1.77602
ANTENNA__5826__A1, 292.341, 95.2, 1.77602
_5730_, 305.33, 95.2, 1.77597
_5833_, 305.33, 95.2, 1.77597
_5834_, 305.33, 95.2, 1.77597
_5847_, 305.33, 95.2, 1.77597
_5848_, 305.33, 95.2, 1.77597
_5850_, 305.33, 95.2, 1.77597
_5852_, 305.33, 95.2, 1.77597
hold570, 305.33, 95.2, 1.77597
ANTENNA__5728__S, 305.33, 95.2, 1.77597
FILLER_0_30_641, 305.33, 95.2, 1.77597
_7502_, 5.52, 89.76, 1.78278
PHY_56, 5.52, 89.76, 1.78278
PHY_58, 5.52, 89.76, 1.78278
PHY_57, 318.32, 89.76, 1.77517
PHY_59, 318.32, 89.76, 1.77517
ANTENNA__5852__B1, 318.32, 89.76, 1.77517
ANTENNA__5852__A1, 318.32, 89.76, 1.77517
FILLER_0_28_674, 318.32, 89.76, 1.77517
_5014_, 13.68, 89.76, 1.78278
hold376, 13.68, 89.76, 1.78278
hold423, 13.68, 89.76, 1.78278
FILLER_0_29_15, 13.68, 89.76, 1.78278
_4987_, 34.64, 89.76, 1.78227
_6436_, 34.64, 89.76, 1.78227
_6606_, 34.64, 89.76, 1.78227
hold372, 34.64, 89.76, 1.78227
FILLER_0_29_57, 34.64, 89.76, 1.78227
FILLER_0_30_67, 34.64, 89.76, 1.78227
FILLER_0_30_77, 34.64, 89.76, 1.78227
_4986_, 47.44, 89.76, 1.78176
_4989_, 47.44, 89.76, 1.78176
_5013_, 47.44, 89.76, 1.78176
_6521_, 47.44, 89.76, 1.78176
_6610_, 47.44, 89.76, 1.78176
_7530_, 47.44, 89.76, 1.78176
hold458, 47.44, 89.76, 1.78176
FILLER_0_29_80, 47.44, 89.76, 1.78176
_5016_, 60.24, 89.76, 1.78128
_6416_, 60.24, 89.76, 1.78128
_6582_, 60.24, 89.76, 1.78128
ANTENNA_clkbuf_3_0__f_clk_A, 60.24, 89.76, 1.78128
FILLER_0_29_127, 60.24, 89.76, 1.78128
FILLER_0_30_132, 60.24, 89.76, 1.78128
_4985_, 73.04, 89.76, 1.78081
_4990_, 73.04, 89.76, 1.78081
_5017_, 73.04, 89.76, 1.78081
hold355, 73.04, 89.76, 1.78081
hold497, 73.04, 89.76, 1.78081
ANTENNA__4999__C1, 73.04, 89.76, 1.78081
ANTENNA__4773__S, 73.04, 89.76, 1.78081
ANTENNA__4764__S, 73.04, 89.76, 1.78081
FILLER_0_29_134, 73.04, 89.76, 1.78081
_3784_, 85.84, 89.76, 1.78037
_3819_, 85.84, 89.76, 1.78037
_3820_, 85.84, 89.76, 1.78037
_3821_, 85.84, 89.76, 1.78037
_3823_, 85.84, 89.76, 1.78037
_4771_, 85.84, 89.76, 1.78037
ANTENNA__4763__B1, 85.84, 89.76, 1.78037
ANTENNA__3820__C, 85.84, 89.76, 1.78037
ANTENNA__3819__A2, 85.84, 89.76, 1.78037
FILLER_0_30_187, 85.84, 89.76, 1.78037
_3777_, 98.64, 89.76, 1.77997
_3824_, 98.64, 89.76, 1.77997
_3825_, 98.64, 89.76, 1.77997
_3830_, 98.64, 89.76, 1.77997
_6956_, 98.64, 89.76, 1.77997
hold537, 98.64, 89.76, 1.77997
ANTENNA__3777__A0, 98.64, 89.76, 1.77997
ANTENNA__7102__RESET_B, 98.64, 89.76, 1.77997
FILLER_0_29_201, 98.64, 89.76, 1.77997
_7102_, 111.44, 89.76, 1.7796
hold7, 111.44, 89.76, 1.7796
ANTENNA__4781__B2, 111.44, 89.76, 1.7796
ANTENNA__4784__A1, 111.44, 89.76, 1.7796
FILLER_0_29_237, 111.44, 89.76, 1.7796
_3629_, 124.24, 89.76, 1.77926
hold605, 124.24, 89.76, 1.77926
ANTENNA__3629__S, 124.24, 89.76, 1.77926
ANTENNA__4784__B2, 124.24, 89.76, 1.77926
ANTENNA__4555__B1, 124.24, 89.76, 1.77926
ANTENNA__4549__A, 124.24, 89.76, 1.77926
ANTENNA__3630__B2, 124.24, 89.76, 1.77926
FILLER_0_28_253, 124.24, 89.76, 1.77926
FILLER_0_29_256, 124.24, 89.76, 1.77926
FILLER_0_29_270, 124.24, 89.76, 1.77926
FILLER_0_30_269, 124.24, 89.76, 1.77926
_4560_, 137.04, 89.76, 1.77893
_4561_, 137.04, 89.76, 1.77893
_4562_, 137.04, 89.76, 1.77893
_4574_, 137.04, 89.76, 1.77893
_4575_, 137.04, 89.76, 1.77893
_7057_, 137.04, 89.76, 1.77893
ANTENNA__3631__S, 137.04, 89.76, 1.77893
ANTENNA__3628__A2, 137.04, 89.76, 1.77893
ANTENNA__4576__A1, 137.04, 89.76, 1.77893
ANTENNA__4292__A2, 137.04, 89.76, 1.77893
ANTENNA__4292__B2, 137.04, 89.76, 1.77893
ANTENNA__4576__B1, 137.04, 89.76, 1.77893
ANTENNA__4577__B1, 137.04, 89.76, 1.77893
ANTENNA__4560__A, 137.04, 89.76, 1.77893
FILLER_0_29_285, 137.04, 89.76, 1.77893
_4289_, 149.84, 89.76, 1.77863
_4291_, 149.84, 89.76, 1.77863
hold54, 149.84, 89.76, 1.77863
hold113, 149.84, 89.76, 1.77863
hold114, 149.84, 89.76, 1.77863
FILLER_0_29_326, 149.84, 89.76, 1.77863
_4412_, 162.64, 89.76, 1.77834
_4414_, 162.64, 89.76, 1.77834
_7028_, 162.64, 89.76, 1.77834
hold257, 162.64, 89.76, 1.77834
ANTENNA__4291__S, 162.64, 89.76, 1.77834
ANTENNA__4414__B1, 162.64, 89.76, 1.77834
ANTENNA__4294__A2, 162.64, 89.76, 1.77834
ANTENNA__4294__B2, 162.64, 89.76, 1.77834
ANTENNA__7074__RESET_B, 162.64, 89.76, 1.77834
FILLER_0_28_340, 162.64, 89.76, 1.77834
FILLER_0_29_349, 162.64, 89.76, 1.77834
_3758_, 188.429, 89.76, 1.7775
_3767_, 188.429, 89.76, 1.7775
_6646_, 188.429, 89.76, 1.7775
_6647_, 188.429, 89.76, 1.7775
hold519, 188.429, 89.76, 1.7775
ANTENNA__6649__B, 188.429, 89.76, 1.7775
ANTENNA__3766__A_N, 188.429, 89.76, 1.7775
ANTENNA__7027__RESET_B, 188.429, 89.76, 1.7775
ANTENNA__7549__RESET_B, 188.429, 89.76, 1.7775
FILLER_0_28_385, 188.429, 89.76, 1.7775
_3748_, 201.418, 89.76, 1.77692
_3754_, 201.418, 89.76, 1.77692
_3757_, 201.418, 89.76, 1.77692
_3759_, 201.418, 89.76, 1.77692
_3760_, 201.418, 89.76, 1.77692
_3761_, 201.418, 89.76, 1.77692
_3764_, 201.418, 89.76, 1.77692
_3772_, 201.418, 89.76, 1.77692
hold707, 201.418, 89.76, 1.77692
ANTENNA__3758__B, 201.418, 89.76, 1.77692
FILLER_0_29_432, 201.418, 89.76, 1.77692
_7314_, 214.407, 89.76, 1.77639
clkbuf_3_4__f_clk, 214.407, 89.76, 1.77639
ANTENNA__3772__B1, 214.407, 89.76, 1.77639
ANTENNA__3754__A2, 214.407, 89.76, 1.77639
_5740_, 227.396, 89.76, 1.77604
_5742_, 227.396, 89.76, 1.77604
_5743_, 227.396, 89.76, 1.77604
_5751_, 227.396, 89.76, 1.77604
hold718, 227.396, 89.76, 1.77604
ANTENNA__5550__A2, 227.396, 89.76, 1.77604
ANTENNA__5751__B, 227.396, 89.76, 1.77604
ANTENNA__5742__B, 227.396, 89.76, 1.77604
ANTENNA__7314__D, 227.396, 89.76, 1.77604
ANTENNA__7271__RESET_B, 227.396, 89.76, 1.77604
FILLER_0_29_480, 227.396, 89.76, 1.77604
_5557_, 240.385, 89.76, 1.77571
_5752_, 240.385, 89.76, 1.77571
_7273_, 240.385, 89.76, 1.77571
hold738, 240.385, 89.76, 1.77571
ANTENNA__4813__S, 240.385, 89.76, 1.77571
ANTENNA__4810__A0, 240.385, 89.76, 1.77571
ANTENNA__5557__A2, 240.385, 89.76, 1.77571
ANTENNA__4813__A1, 240.385, 89.76, 1.77571
ANTENNA__7273__RESET_B, 240.385, 89.76, 1.77571
FILLER_0_28_497, 240.385, 89.76, 1.77571
FILLER_0_29_498, 240.385, 89.76, 1.77571
_5775_, 253.374, 89.76, 1.77542
_5776_, 253.374, 89.76, 1.77542
_5777_, 253.374, 89.76, 1.77542
_7274_, 253.374, 89.76, 1.77542
clkbuf_3_5__f_clk, 253.374, 89.76, 1.77542
ANTENNA__4814__B1, 253.374, 89.76, 1.77542
ANTENNA__4813__A0, 253.374, 89.76, 1.77542
ANTENNA__7275__RESET_B, 253.374, 89.76, 1.77542
ANTENNA__7274__RESET_B, 253.374, 89.76, 1.77542
_5787_, 266.363, 89.76, 1.77531
_5788_, 266.363, 89.76, 1.77531
_5789_, 266.363, 89.76, 1.77531
_5790_, 266.363, 89.76, 1.77531
_5798_, 266.363, 89.76, 1.77531
_5799_, 266.363, 89.76, 1.77531
hold620, 266.363, 89.76, 1.77531
ANTENNA__7276__RESET_B, 266.363, 89.76, 1.77531
_5724_, 279.352, 89.76, 1.77523
_7323_, 279.352, 89.76, 1.77523
hold63, 279.352, 89.76, 1.77523
ANTENNA__5724__S, 279.352, 89.76, 1.77523
FILLER_0_28_583, 279.352, 89.76, 1.77523
FILLER_0_29_588, 279.352, 89.76, 1.77523
FILLER_0_30_596, 279.352, 89.76, 1.77523
_4825_, 292.341, 89.76, 1.77519
_5569_, 292.341, 89.76, 1.77519
_7280_, 292.341, 89.76, 1.77519
hold60, 292.341, 89.76, 1.77519
ANTENNA__5576__B2, 292.341, 89.76, 1.77519
ANTENNA__5576__A2, 292.341, 89.76, 1.77519
ANTENNA__5569__S, 292.341, 89.76, 1.77519
ANTENNA__5825__A, 292.341, 89.76, 1.77519
ANTENNA__5824__A, 292.341, 89.76, 1.77519
ANTENNA__7326__RESET_B, 292.341, 89.76, 1.77519
ANTENNA__7280__RESET_B, 292.341, 89.76, 1.77519
FILLER_0_28_617, 292.341, 89.76, 1.77519
FILLER_0_29_611, 292.341, 89.76, 1.77519
FILLER_0_29_617, 292.341, 89.76, 1.77519
FILLER_0_30_630, 292.341, 89.76, 1.77519
_5576_, 305.33, 89.76, 1.77517
_7326_, 305.33, 89.76, 1.77517
hold61, 305.33, 89.76, 1.77517
hold254, 305.33, 89.76, 1.77517
ANTENNA__5730__S, 305.33, 89.76, 1.77517
ANTENNA__5845__A, 305.33, 89.76, 1.77517
FILLER_0_29_658, 305.33, 89.76, 1.77517
_6443_, 5.52, 84.32, 1.7836
_7452_, 5.52, 84.32, 1.7836
PHY_52, 5.52, 84.32, 1.7836
PHY_54, 5.52, 84.32, 1.7836
input5, 5.52, 84.32, 1.7836
ANTENNA_input5_A, 5.52, 84.32, 1.7836
PHY_53, 318.32, 84.32, 1.77774
PHY_55, 318.32, 84.32, 1.77774
ANTENNA__5572__B2, 318.32, 84.32, 1.77774
_6442_, 13.68, 84.32, 1.78361
_6553_, 13.68, 84.32, 1.78361
max_cap68, 13.68, 84.32, 1.78361
_4988_, 34.64, 84.32, 1.78293
_6437_, 34.64, 84.32, 1.78293
_6464_, 34.64, 84.32, 1.78293
_6548_, 34.64, 84.32, 1.78293
_7462_, 34.64, 84.32, 1.78293
ANTENNA__6496__S, 34.64, 84.32, 1.78293
FILLER_0_26_59, 34.64, 84.32, 1.78293
_6520_, 47.44, 84.32, 1.78227
_6609_, 47.44, 84.32, 1.78227
_7491_, 47.44, 84.32, 1.78227
clkbuf_3_0__f_clk, 47.44, 84.32, 1.78227
hold405, 47.44, 84.32, 1.78227
hold524, 47.44, 84.32, 1.78227
ANTENNA__6609__S, 47.44, 84.32, 1.78227
FILLER_0_27_79, 47.44, 84.32, 1.78227
_6415_, 60.24, 84.32, 1.78178
_6581_, 60.24, 84.32, 1.78178
_7439_, 60.24, 84.32, 1.78178
_7517_, 60.24, 84.32, 1.78178
hold517, 60.24, 84.32, 1.78178
FILLER_0_27_129, 60.24, 84.32, 1.78178
FILLER_0_28_121, 60.24, 84.32, 1.78178
_4762_, 73.04, 84.32, 1.78133
_4770_, 73.04, 84.32, 1.78133
_5012_, 73.04, 84.32, 1.78133
_7140_, 73.04, 84.32, 1.78133
ANTENNA__4760__B2, 73.04, 84.32, 1.78133
ANTENNA__4990__C1, 73.04, 84.32, 1.78133
FILLER_0_26_135, 73.04, 84.32, 1.78133
FILLER_0_26_144, 73.04, 84.32, 1.78133
FILLER_0_27_152, 73.04, 84.32, 1.78133
_3781_, 85.84, 84.32, 1.7809
_3816_, 85.84, 84.32, 1.7809
_3822_, 85.84, 84.32, 1.7809
ANTENNA__3784__S, 85.84, 84.32, 1.7809
ANTENNA__3781__S, 85.84, 84.32, 1.7809
ANTENNA__6627__S, 85.84, 84.32, 1.7809
ANTENNA__4769__B2, 85.84, 84.32, 1.7809
ANTENNA__4760__B1, 85.84, 84.32, 1.7809
ANTENNA__4760__A1, 85.84, 84.32, 1.7809
ANTENNA__6635__A1, 85.84, 84.32, 1.7809
FILLER_0_27_177, 85.84, 84.32, 1.7809
_3622_, 98.64, 84.32, 1.78049
_3778_, 98.64, 84.32, 1.78049
_3833_, 98.64, 84.32, 1.78049
_6971_, 98.64, 84.32, 1.78049
hold344, 98.64, 84.32, 1.78049
ANTENNA__3622__A2, 98.64, 84.32, 1.78049
ANTENNA__3817__A1, 98.64, 84.32, 1.78049
ANTENNA__3825__B1, 98.64, 84.32, 1.78049
ANTENNA__3817__B1, 98.64, 84.32, 1.78049
ANTENNA__6971__RESET_B, 98.64, 84.32, 1.78049
ANTENNA__6956__RESET_B, 98.64, 84.32, 1.78049
FILLER_0_27_193, 98.64, 84.32, 1.78049
FILLER_0_27_205, 98.64, 84.32, 1.78049
_4554_, 111.44, 84.32, 1.78012
_4555_, 111.44, 84.32, 1.78012
hold650, 111.44, 84.32, 1.78012
ANTENNA__3622__B1, 111.44, 84.32, 1.78012
FILLER_0_27_221, 111.44, 84.32, 1.78012
FILLER_0_27_237, 111.44, 84.32, 1.78012
_4542_, 124.24, 84.32, 1.77978
_4544_, 124.24, 84.32, 1.77978
_4549_, 124.24, 84.32, 1.77978
_4550_, 124.24, 84.32, 1.77978
_4551_, 124.24, 84.32, 1.77978
_4552_, 124.24, 84.32, 1.77978
_4553_, 124.24, 84.32, 1.77978
ANTENNA__4555__A1, 124.24, 84.32, 1.77978
ANTENNA__4550__A, 124.24, 84.32, 1.77978
FILLER_0_27_254, 124.24, 84.32, 1.77978
FILLER_0_27_269, 124.24, 84.32, 1.77978
FILLER_0_28_271, 124.24, 84.32, 1.77978
_4290_, 137.04, 84.32, 1.77948
_4563_, 137.04, 84.32, 1.77948
_4564_, 137.04, 84.32, 1.77948
_4565_, 137.04, 84.32, 1.77948
_4566_, 137.04, 84.32, 1.77948
_4567_, 137.04, 84.32, 1.77948
ANTENNA__4290__B2, 137.04, 84.32, 1.77948
ANTENNA__4564__A, 137.04, 84.32, 1.77948
ANTENNA__4561__A, 137.04, 84.32, 1.77948
ANTENNA__7057__RESET_B, 137.04, 84.32, 1.77948
FILLER_0_27_295, 137.04, 84.32, 1.77948
FILLER_0_28_286, 137.04, 84.32, 1.77948
_3604_, 149.84, 84.32, 1.77921
_4415_, 149.84, 84.32, 1.77921
hold594, 149.84, 84.32, 1.77921
ANTENNA__4289__S, 149.84, 84.32, 1.77921
ANTENNA__4290__A2, 149.84, 84.32, 1.77921
ANTENNA__7058__RESET_B, 149.84, 84.32, 1.77921
FILLER_0_27_316, 149.84, 84.32, 1.77921
FILLER_0_28_324, 149.84, 84.32, 1.77921
_4407_, 162.64, 84.32, 1.77907
_4408_, 162.64, 84.32, 1.77907
_4409_, 162.64, 84.32, 1.77907
_4411_, 162.64, 84.32, 1.77907
_4413_, 162.64, 84.32, 1.77907
_4416_, 162.64, 84.32, 1.77907
ANTENNA__4405__B1, 162.64, 84.32, 1.77907
ANTENNA__4414__A1, 162.64, 84.32, 1.77907
ANTENNA__4415__B1, 162.64, 84.32, 1.77907
FILLER_0_26_333, 162.64, 84.32, 1.77907
_4126_, 188.429, 84.32, 1.77871
_7543_, 188.429, 84.32, 1.77871
_7548_, 188.429, 84.32, 1.77871
ANTENNA__4126__S, 188.429, 84.32, 1.77871
ANTENNA__7548__RESET_B, 188.429, 84.32, 1.77871
ANTENNA__7540__RESET_B, 188.429, 84.32, 1.77871
FILLER_0_27_387, 188.429, 84.32, 1.77871
_3756_, 201.418, 84.32, 1.77849
_6645_, 201.418, 84.32, 1.77849
_6952_, 201.418, 84.32, 1.77849
hold584, 201.418, 84.32, 1.77849
hold598, 201.418, 84.32, 1.77849
ANTENNA__3757__B, 201.418, 84.32, 1.77849
FILLER_0_28_437, 201.418, 84.32, 1.77849
_5550_, 214.407, 84.32, 1.7783
_7271_, 214.407, 84.32, 1.7783
ANTENNA__6645__B, 214.407, 84.32, 1.7783
ANTENNA__6643__B, 214.407, 84.32, 1.7783
ANTENNA__3748__B, 214.407, 84.32, 1.7783
ANTENNA__3753__B1, 214.407, 84.32, 1.7783
ANTENNA__5550__B1, 214.407, 84.32, 1.7783
ANTENNA_clkbuf_3_4__f_clk_A, 214.407, 84.32, 1.7783
ANTENNA_clkbuf_leaf_79_clk_A, 214.407, 84.32, 1.7783
ANTENNA__7314__RESET_B, 214.407, 84.32, 1.7783
ANTENNA__6952__RESET_B, 214.407, 84.32, 1.7783
_5552_, 227.396, 84.32, 1.77814
_7272_, 227.396, 84.32, 1.77814
hold490, 227.396, 84.32, 1.77814
ANTENNA__5552__B1, 227.396, 84.32, 1.77814
ANTENNA__5552__A2, 227.396, 84.32, 1.77814
ANTENNA__7272__RESET_B, 227.396, 84.32, 1.77814
FILLER_0_26_477, 227.396, 84.32, 1.77814
_4808_, 240.385, 84.32, 1.77801
_4813_, 240.385, 84.32, 1.77801
hold602, 240.385, 84.32, 1.77801
ANTENNA__4804__S, 240.385, 84.32, 1.77801
FILLER_0_27_514, 240.385, 84.32, 1.77801
_4814_, 253.374, 84.32, 1.7779
_5558_, 253.374, 84.32, 1.7779
_7275_, 253.374, 84.32, 1.7779
hold521, 253.374, 84.32, 1.7779
_5566_, 266.363, 84.32, 1.77783
_7276_, 266.363, 84.32, 1.77783
hold529, 266.363, 84.32, 1.77783
ANTENNA__5560__S, 266.363, 84.32, 1.77783
ANTENNA__5566__B2, 266.363, 84.32, 1.77783
ANTENNA__5566__A2, 266.363, 84.32, 1.77783
ANTENNA_clkbuf_leaf_69_clk_A, 266.363, 84.32, 1.77783
ANTENNA__7278__RESET_B, 266.363, 84.32, 1.77783
FILLER_0_28_578, 266.363, 84.32, 1.77783
_7278_, 279.352, 84.32, 1.77779
hold64, 279.352, 84.32, 1.77779
ANTENNA__4824__B, 279.352, 84.32, 1.77779
ANTENNA__5565__S, 279.352, 84.32, 1.77779
ANTENNA__7279__RESET_B, 279.352, 84.32, 1.77779
FILLER_0_28_603, 279.352, 84.32, 1.77779
_4824_, 292.341, 84.32, 1.77776
_5570_, 292.341, 84.32, 1.77776
_7160_, 292.341, 84.32, 1.77776
hold543, 292.341, 84.32, 1.77776
ANTENNA__7160__RESET_B, 292.341, 84.32, 1.77776
FILLER_0_26_621, 292.341, 84.32, 1.77776
_5572_, 305.33, 84.32, 1.77774
_7281_, 305.33, 84.32, 1.77774
hold80, 305.33, 84.32, 1.77774
hold81, 305.33, 84.32, 1.77774
hold217, 305.33, 84.32, 1.77774
_6554_, 5.52, 78.88, 1.78468
_7504_, 5.52, 78.88, 1.78468
PHY_48, 5.52, 78.88, 1.78468
PHY_50, 5.52, 78.88, 1.78468
FILLER_0_25_3, 5.52, 78.88, 1.78468
PHY_49, 318.32, 78.88, 1.77755
PHY_51, 318.32, 78.88, 1.77755
ANTENNA_input4_A, 318.32, 78.88, 1.77755
_6454_, 13.68, 78.88, 1.78468
_6469_, 13.68, 78.88, 1.78468
_7465_, 13.68, 78.88, 1.78468
hold464, 13.68, 78.88, 1.78468
FILLER_0_25_10, 13.68, 78.88, 1.78468
_6463_, 34.64, 78.88, 1.78409
_6491_, 34.64, 78.88, 1.78409
_6547_, 34.64, 78.88, 1.78409
hold381, 34.64, 78.88, 1.78409
hold404, 34.64, 78.88, 1.78409
hold485, 34.64, 78.88, 1.78409
ANTENNA__6547__S, 34.64, 78.88, 1.78409
_6519_, 47.44, 78.88, 1.7835
_6526_, 47.44, 78.88, 1.7835
_7527_, 47.44, 78.88, 1.7835
hold514, 47.44, 78.88, 1.7835
_6410_, 60.24, 78.88, 1.78293
_6525_, 60.24, 78.88, 1.78293
_6576_, 60.24, 78.88, 1.78293
_7436_, 60.24, 78.88, 1.78293
_7514_, 60.24, 78.88, 1.78293
hold504, 60.24, 78.88, 1.78293
_4760_, 73.04, 78.88, 1.78239
_4769_, 73.04, 78.88, 1.78239
_6635_, 73.04, 78.88, 1.78239
_7137_, 73.04, 78.88, 1.78239
hold402, 73.04, 78.88, 1.78239
ANTENNA__4769__A1, 73.04, 78.88, 1.78239
ANTENNA__4770__S, 73.04, 78.88, 1.78239
FILLER_0_26_155, 73.04, 78.88, 1.78239
_3817_, 85.84, 78.88, 1.78193
_6627_, 85.84, 78.88, 1.78193
_6973_, 85.84, 78.88, 1.78193
ANTENNA__6635__S, 85.84, 78.88, 1.78193
FILLER_0_24_166, 85.84, 78.88, 1.78193
_3815_, 98.64, 78.88, 1.7815
_6933_, 98.64, 78.88, 1.7815
_6974_, 98.64, 78.88, 1.7815
ANTENNA__6930__RESET_B, 98.64, 78.88, 1.7815
ANTENNA__6974__RESET_B, 98.64, 78.88, 1.7815
ANTENNA__6973__RESET_B, 98.64, 78.88, 1.7815
_4543_, 111.44, 78.88, 1.78111
clkbuf_leaf_87_clk, 111.44, 78.88, 1.78111
ANTENNA__4543__C, 111.44, 78.88, 1.78111
ANTENNA__3621__A0, 111.44, 78.88, 1.78111
ANTENNA_clkbuf_leaf_87_clk_A, 111.44, 78.88, 1.78111
ANTENNA__6933__RESET_B, 111.44, 78.88, 1.78111
FILLER_0_24_223, 111.44, 78.88, 1.78111
FILLER_0_25_219, 111.44, 78.88, 1.78111
FILLER_0_25_225, 111.44, 78.88, 1.78111
FILLER_0_26_232, 111.44, 78.88, 1.78111
_3627_, 124.24, 78.88, 1.78078
_4540_, 124.24, 78.88, 1.78078
_4541_, 124.24, 78.88, 1.78078
_4556_, 124.24, 78.88, 1.78078
_4558_, 124.24, 78.88, 1.78078
ANTENNA__3627__S, 124.24, 78.88, 1.78078
ANTENNA__4542__A1, 124.24, 78.88, 1.78078
ANTENNA__4541__A, 124.24, 78.88, 1.78078
ANTENNA__4540__A, 124.24, 78.88, 1.78078
ANTENNA__4547__A, 124.24, 78.88, 1.78078
FILLER_0_25_251, 124.24, 78.88, 1.78078
FILLER_0_25_259, 124.24, 78.88, 1.78078
_4288_, 137.04, 78.88, 1.78046
_4557_, 137.04, 78.88, 1.78046
_4568_, 137.04, 78.88, 1.78046
_7103_, 137.04, 78.88, 1.78046
ANTENNA__3625__S, 137.04, 78.88, 1.78046
ANTENNA__4568__A1, 137.04, 78.88, 1.78046
ANTENNA__4288__A2, 137.04, 78.88, 1.78046
ANTENNA__4556__C1, 137.04, 78.88, 1.78046
ANTENNA__7103__RESET_B, 137.04, 78.88, 1.78046
FILLER_0_25_277, 137.04, 78.88, 1.78046
FILLER_0_25_281, 137.04, 78.88, 1.78046
_4404_, 149.84, 78.88, 1.78018
_7073_, 149.84, 78.88, 1.78018
ANTENNA__3604__A, 149.84, 78.88, 1.78018
ANTENNA__4287__S, 149.84, 78.88, 1.78018
ANTENNA__4568__B1, 149.84, 78.88, 1.78018
ANTENNA__4396__B1, 149.84, 78.88, 1.78018
ANTENNA__7073__RESET_B, 149.84, 78.88, 1.78018
FILLER_0_24_309, 149.84, 78.88, 1.78018
FILLER_0_25_302, 149.84, 78.88, 1.78018
FILLER_0_26_322, 149.84, 78.88, 1.78018
_4399_, 162.64, 78.88, 1.77991
_4402_, 162.64, 78.88, 1.77991
_4403_, 162.64, 78.88, 1.77991
_4405_, 162.64, 78.88, 1.77991
_4410_, 162.64, 78.88, 1.77991
ANTENNA__4407__B, 162.64, 78.88, 1.77991
ANTENNA__4399__A, 162.64, 78.88, 1.77991
FILLER_0_25_337, 162.64, 78.88, 1.77991
FILLER_0_25_348, 162.64, 78.88, 1.77991
FILLER_0_26_349, 162.64, 78.88, 1.77991
_6636_, 188.429, 78.88, 1.77925
_6643_, 188.429, 78.88, 1.77925
clkbuf_leaf_78_clk, 188.429, 78.88, 1.77925
hold623, 188.429, 78.88, 1.77925
hold739, 188.429, 78.88, 1.77925
ANTENNA__6636__B2, 188.429, 78.88, 1.77925
FILLER_0_25_404, 188.429, 78.88, 1.77925
_3749_, 201.418, 78.88, 1.77891
_3750_, 201.418, 78.88, 1.77891
_3751_, 201.418, 78.88, 1.77891
_3752_, 201.418, 78.88, 1.77891
_3753_, 201.418, 78.88, 1.77891
_6644_, 201.418, 78.88, 1.77891
hold616, 201.418, 78.88, 1.77891
ANTENNA__6636__A2, 201.418, 78.88, 1.77891
ANTENNA__7543__RESET_B, 201.418, 78.88, 1.77891
_3747_, 214.407, 78.88, 1.77859
_4802_, 214.407, 78.88, 1.77859
_6951_, 214.407, 78.88, 1.77859
_7151_, 214.407, 78.88, 1.77859
hold659, 214.407, 78.88, 1.77859
hold676, 214.407, 78.88, 1.77859
FILLER_0_25_449, 214.407, 78.88, 1.77859
_4804_, 227.396, 78.88, 1.77835
_5551_, 227.396, 78.88, 1.77835
hold699, 227.396, 78.88, 1.77835
ANTENNA__4802__B2, 227.396, 78.88, 1.77835
ANTENNA__7151__RESET_B, 227.396, 78.88, 1.77835
FILLER_0_24_473, 227.396, 78.88, 1.77835
FILLER_0_25_480, 227.396, 78.88, 1.77835
_4816_, 240.385, 78.88, 1.77812
_5555_, 240.385, 78.88, 1.77812
_7155_, 240.385, 78.88, 1.77812
ANTENNA__4804__A0, 240.385, 78.88, 1.77812
_4817_, 253.374, 78.88, 1.77793
_5559_, 253.374, 78.88, 1.77793
_5560_, 253.374, 78.88, 1.77793
_5561_, 253.374, 78.88, 1.77793
_7156_, 253.374, 78.88, 1.77793
ANTENNA__4814__A2, 253.374, 78.88, 1.77793
ANTENNA__4808__A2, 253.374, 78.88, 1.77793
ANTENNA__4808__B2, 253.374, 78.88, 1.77793
ANTENNA__7155__RESET_B, 253.374, 78.88, 1.77793
_4821_, 266.363, 78.88, 1.77779
_5565_, 266.363, 78.88, 1.77779
clkbuf_leaf_69_clk, 266.363, 78.88, 1.77779
ANTENNA__5558__S, 266.363, 78.88, 1.77779
ANTENNA__5559__B1, 266.363, 78.88, 1.77779
ANTENNA__4817__B1, 266.363, 78.88, 1.77779
ANTENNA__4816__A0, 266.363, 78.88, 1.77779
FILLER_0_24_565, 266.363, 78.88, 1.77779
_4820_, 279.352, 78.88, 1.77769
_4823_, 279.352, 78.88, 1.77769
_5568_, 279.352, 78.88, 1.77769
_7279_, 279.352, 78.88, 1.77769
hold201, 279.352, 78.88, 1.77769
hold202, 279.352, 78.88, 1.77769
hold553, 279.352, 78.88, 1.77769
_4829_, 292.341, 78.88, 1.77761
_5574_, 292.341, 78.88, 1.77761
_7282_, 292.341, 78.88, 1.77761
hold218, 292.341, 78.88, 1.77761
ANTENNA_clkbuf_leaf_70_clk_A, 292.341, 78.88, 1.77761
FILLER_0_25_624, 292.341, 78.88, 1.77761
_4830_, 305.33, 78.88, 1.77755
_5575_, 305.33, 78.88, 1.77755
_7283_, 305.33, 78.88, 1.77755
clkbuf_leaf_71_clk, 305.33, 78.88, 1.77755
ANTENNA__5570__B2, 305.33, 78.88, 1.77755
ANTENNA__5572__A2, 305.33, 78.88, 1.77755
FILLER_0_24_645, 305.33, 78.88, 1.77755
_7458_, 5.52, 73.44, 1.78572
PHY_44, 5.52, 73.44, 1.78572
PHY_46, 5.52, 73.44, 1.78572
FILLER_0_24_3, 5.52, 73.44, 1.78572
PHY_45, 318.32, 73.44, 1.77853
PHY_47, 318.32, 73.44, 1.77853
output52, 318.32, 73.44, 1.77853
ANTENNA__5575__S, 318.32, 73.44, 1.77853
ANTENNA_clkbuf_leaf_71_clk_A, 318.32, 73.44, 1.77853
_7471_, 13.68, 73.44, 1.78573
hold150, 13.68, 73.44, 1.78573
ANTENNA__6454__A1, 13.68, 73.44, 1.78573
FILLER_0_22_9, 13.68, 73.44, 1.78573
FILLER_0_23_23, 13.68, 73.44, 1.78573
_6480_, 34.64, 73.44, 1.78511
_6490_, 34.64, 73.44, 1.78511
_7475_, 34.64, 73.44, 1.78511
hold277, 34.64, 73.44, 1.78511
ANTENNA__6483__A1, 34.64, 73.44, 1.78511
FILLER_0_22_56, 34.64, 73.44, 1.78511
FILLER_0_23_52, 34.64, 73.44, 1.78511
_6603_, 47.44, 73.44, 1.7845
_6604_, 47.44, 73.44, 1.7845
_7488_, 47.44, 73.44, 1.7845
clkbuf_leaf_2_clk, 47.44, 73.44, 1.7845
hold240, 47.44, 73.44, 1.7845
ANTENNA__6490__S, 47.44, 73.44, 1.7845
ANTENNA__6519__S, 47.44, 73.44, 1.7845
FILLER_0_23_78, 47.44, 73.44, 1.7845
_6409_, 60.24, 73.44, 1.78398
_6575_, 60.24, 73.44, 1.78398
hold501, 60.24, 73.44, 1.78398
ANTENNA__6581__S, 60.24, 73.44, 1.78398
FILLER_0_23_131, 60.24, 73.44, 1.78398
_3619_, 73.04, 73.44, 1.78347
_4761_, 73.04, 73.44, 1.78347
_6629_, 73.04, 73.44, 1.78347
hold172, 73.04, 73.44, 1.78347
hold531, 73.04, 73.44, 1.78347
ANTENNA__3619__B1, 73.04, 73.44, 1.78347
ANTENNA__4761__S, 73.04, 73.44, 1.78347
ANTENNA__6629__A1, 73.04, 73.44, 1.78347
FILLER_0_22_141, 73.04, 73.44, 1.78347
_3613_, 85.84, 73.44, 1.783
hold653, 85.84, 73.44, 1.783
ANTENNA__6629__S, 85.84, 73.44, 1.783
ANTENNA__3613__A2, 85.84, 73.44, 1.783
ANTENNA__6627__A0, 85.84, 73.44, 1.783
ANTENNA__6629__A0, 85.84, 73.44, 1.783
FILLER_0_23_181, 85.84, 73.44, 1.783
FILLER_0_24_186, 85.84, 73.44, 1.783
_6930_, 98.64, 73.44, 1.78254
hold604, 98.64, 73.44, 1.78254
ANTENNA__3613__B1, 98.64, 73.44, 1.78254
FILLER_0_22_201, 98.64, 73.44, 1.78254
FILLER_0_23_216, 98.64, 73.44, 1.78254
_3621_, 111.44, 73.44, 1.78211
_4545_, 111.44, 73.44, 1.78211
_4546_, 111.44, 73.44, 1.78211
_4547_, 111.44, 73.44, 1.78211
_4559_, 111.44, 73.44, 1.78211
_7101_, 111.44, 73.44, 1.78211
ANTENNA__3621__S, 111.44, 73.44, 1.78211
ANTENNA__7101__RESET_B, 111.44, 73.44, 1.78211
_3625_, 124.24, 73.44, 1.78171
_7055_, 124.24, 73.44, 1.78171
hold745, 124.24, 73.44, 1.78171
FILLER_0_22_253, 124.24, 73.44, 1.78171
_4287_, 137.04, 73.44, 1.78134
_7072_, 137.04, 73.44, 1.78134
clkbuf_leaf_88_clk, 137.04, 73.44, 1.78134
hold53, 137.04, 73.44, 1.78134
hold111, 137.04, 73.44, 1.78134
ANTENNA__4288__B2, 137.04, 73.44, 1.78134
ANTENNA__7072__RESET_B, 137.04, 73.44, 1.78134
ANTENNA_clkbuf_leaf_88_clk_A, 137.04, 73.44, 1.78134
FILLER_0_22_276, 137.04, 73.44, 1.78134
FILLER_0_23_281, 137.04, 73.44, 1.78134
_4394_, 149.84, 73.44, 1.78104
_4396_, 149.84, 73.44, 1.78104
_4406_, 149.84, 73.44, 1.78104
hold466, 149.84, 73.44, 1.78104
hold716, 149.84, 73.44, 1.78104
ANTENNA__4406__B2, 149.84, 73.44, 1.78104
FILLER_0_23_324, 149.84, 73.44, 1.78104
_4390_, 162.64, 73.44, 1.78077
_4400_, 162.64, 73.44, 1.78077
_4401_, 162.64, 73.44, 1.78077
_7026_, 162.64, 73.44, 1.78077
hold157, 162.64, 73.44, 1.78077
ANTENNA__4400__A, 162.64, 73.44, 1.78077
ANTENNA__7026__RESET_B, 162.64, 73.44, 1.78077
FILLER_0_24_345, 162.64, 73.44, 1.78077
_6641_, 188.429, 73.44, 1.78019
_7547_, 188.429, 73.44, 1.78019
hold574, 188.429, 73.44, 1.78019
ANTENNA__6628__A2, 188.429, 73.44, 1.78019
FILLER_0_23_389, 188.429, 73.44, 1.78019
_3739_, 201.418, 73.44, 1.77985
_3740_, 201.418, 73.44, 1.77985
_3741_, 201.418, 73.44, 1.77985
_3746_, 201.418, 73.44, 1.77985
hold658, 201.418, 73.44, 1.77985
ANTENNA__6641__B, 201.418, 73.44, 1.77985
ANTENNA_clkbuf_leaf_78_clk_A, 201.418, 73.44, 1.77985
ANTENNA__7547__RESET_B, 201.418, 73.44, 1.77985
ANTENNA__7546__RESET_B, 201.418, 73.44, 1.77985
FILLER_0_22_417, 201.418, 73.44, 1.77985
FILLER_0_23_422, 201.418, 73.44, 1.77985
FILLER_0_23_436, 201.418, 73.44, 1.77985
_5044_, 214.407, 73.44, 1.77954
_5549_, 214.407, 73.44, 1.77954
_7196_, 214.407, 73.44, 1.77954
ANTENNA__3747__B1, 214.407, 73.44, 1.77954
ANTENNA__3749__B, 214.407, 73.44, 1.77954
ANTENNA__3740__B, 214.407, 73.44, 1.77954
ANTENNA__3739__B, 214.407, 73.44, 1.77954
ANTENNA__3747__A1, 214.407, 73.44, 1.77954
ANTENNA__4802__B1, 214.407, 73.44, 1.77954
ANTENNA__6951__RESET_B, 214.407, 73.44, 1.77954
_5045_, 227.396, 73.44, 1.77925
_7152_, 227.396, 73.44, 1.77925
_7153_, 227.396, 73.44, 1.77925
hold332, 227.396, 73.44, 1.77925
hold690, 227.396, 73.44, 1.77925
ANTENNA__4802__A2, 227.396, 73.44, 1.77925
_4811_, 240.385, 73.44, 1.77902
clkbuf_leaf_74_clk, 240.385, 73.44, 1.77902
ANTENNA__4808__B1, 240.385, 73.44, 1.77902
ANTENNA__4804__A1, 240.385, 73.44, 1.77902
ANTENNA__4816__A1, 240.385, 73.44, 1.77902
FILLER_0_22_501, 240.385, 73.44, 1.77902
FILLER_0_22_508, 240.385, 73.44, 1.77902
FILLER_0_24_522, 240.385, 73.44, 1.77902
_5094_, 253.374, 73.44, 1.77884
_5096_, 253.374, 73.44, 1.77884
hold527, 253.374, 73.44, 1.77884
hold627, 253.374, 73.44, 1.77884
ANTENNA__4816__S, 253.374, 73.44, 1.77884
ANTENNA__4811__A2, 253.374, 73.44, 1.77884
ANTENNA__5555__A2, 253.374, 73.44, 1.77884
_5105_, 266.363, 73.44, 1.77869
_7158_, 266.363, 73.44, 1.77869
_7159_, 266.363, 73.44, 1.77869
_7201_, 266.363, 73.44, 1.77869
hold573, 266.363, 73.44, 1.77869
ANTENNA__5559__A2, 266.363, 73.44, 1.77869
FILLER_0_23_557, 266.363, 73.44, 1.77869
_4822_, 279.352, 73.44, 1.7786
_5567_, 279.352, 73.44, 1.7786
clkbuf_leaf_70_clk, 279.352, 73.44, 1.7786
hold538, 279.352, 73.44, 1.7786
ANTENNA__4820__B, 279.352, 73.44, 1.7786
FILLER_0_22_585, 279.352, 73.44, 1.7786
_4828_, 292.341, 73.44, 1.77855
_5165_, 292.341, 73.44, 1.77855
_5573_, 292.341, 73.44, 1.77855
_7208_, 292.341, 73.44, 1.77855
hold520, 292.341, 73.44, 1.77855
ANTENNA__5570__A2, 292.341, 73.44, 1.77855
ANTENNA__5573__S, 292.341, 73.44, 1.77855
ANTENNA__5567__S, 292.341, 73.44, 1.77855
ANTENNA__7282__RESET_B, 292.341, 73.44, 1.77855
_4831_, 305.33, 73.44, 1.77853
_7163_, 305.33, 73.44, 1.77853
hold346, 305.33, 73.44, 1.77853
hold578, 305.33, 73.44, 1.77853
ANTENNA__5574__B2, 305.33, 73.44, 1.77853
_6455_, 5.52, 68, 1.78683
PHY_40, 5.52, 68, 1.78683
PHY_42, 5.52, 68, 1.78683
FILLER_0_22_3, 5.52, 68, 1.78683
PHY_41, 318.32, 68, 1.77966
PHY_43, 318.32, 68, 1.77966
ANTENNA_output52_A, 318.32, 68, 1.77966
_6482_, 13.68, 68, 1.78683
FILLER_0_21_15, 13.68, 68, 1.78683
FILLER_0_21_23, 13.68, 68, 1.78683
_6474_, 34.64, 68, 1.78618
_6479_, 34.64, 68, 1.78618
_7467_, 34.64, 68, 1.78618
ANTENNA__6477__A1, 34.64, 68, 1.78618
FILLER_0_21_53, 34.64, 68, 1.78618
FILLER_0_22_74, 34.64, 68, 1.78618
_6420_, 47.44, 68, 1.78555
_6427_, 47.44, 68, 1.78555
_7441_, 47.44, 68, 1.78555
hold173, 47.44, 68, 1.78555
hold180, 47.44, 68, 1.78555
ANTENNA__6473__A1, 47.44, 68, 1.78555
ANTENNA__6419__A1, 47.44, 68, 1.78555
ANTENNA__6575__S, 47.44, 68, 1.78555
ANTENNA__6603__S, 47.44, 68, 1.78555
_6424_, 60.24, 68, 1.78493
_6428_, 60.24, 68, 1.78493
_7443_, 60.24, 68, 1.78493
hold224, 60.24, 68, 1.78493
ANTENNA__6525__S, 60.24, 68, 1.78493
ANTENNA_clkbuf_leaf_2_clk_A, 60.24, 68, 1.78493
_3609_, 73.04, 68, 1.78432
_6425_, 73.04, 68, 1.78432
_6426_, 73.04, 68, 1.78432
_6430_, 73.04, 68, 1.78432
_6932_, 73.04, 68, 1.78432
_7444_, 73.04, 68, 1.78432
ANTENNA__3619__A2, 73.04, 68, 1.78432
FILLER_0_21_150, 73.04, 68, 1.78432
_3608_, 85.84, 68, 1.78375
_6929_, 85.84, 68, 1.78375
clkbuf_leaf_92_clk, 85.84, 68, 1.78375
ANTENNA__6627__A1, 85.84, 68, 1.78375
ANTENNA__6932__RESET_B, 85.84, 68, 1.78375
FILLER_0_20_161, 85.84, 68, 1.78375
_3612_, 98.64, 68, 1.78327
_7091_, 98.64, 68, 1.78327
_7099_, 98.64, 68, 1.78327
ANTENNA__3612__S, 98.64, 68, 1.78327
ANTENNA__7091__RESET_B, 98.64, 68, 1.78327
ANTENNA__6929__RESET_B, 98.64, 68, 1.78327
FILLER_0_21_189, 98.64, 68, 1.78327
_3623_, 111.44, 68, 1.78285
_4527_, 111.44, 68, 1.78285
_4529_, 111.44, 68, 1.78285
_4530_, 111.44, 68, 1.78285
_4539_, 111.44, 68, 1.78285
_4548_, 111.44, 68, 1.78285
hold368, 111.44, 68, 1.78285
ANTENNA__3623__S, 111.44, 68, 1.78285
ANTENNA__4529__A, 111.44, 68, 1.78285
ANTENNA__7055__RESET_B, 111.44, 68, 1.78285
FILLER_0_20_217, 111.44, 68, 1.78285
FILLER_0_21_221, 111.44, 68, 1.78285
FILLER_0_21_228, 111.44, 68, 1.78285
_4286_, 124.24, 68, 1.78246
hold74, 124.24, 68, 1.78246
ANTENNA__4548__B2, 124.24, 68, 1.78246
ANTENNA__4286__A2, 124.24, 68, 1.78246
ANTENNA__4286__B2, 124.24, 68, 1.78246
FILLER_0_20_246, 124.24, 68, 1.78246
FILLER_0_20_253, 124.24, 68, 1.78246
FILLER_0_21_250, 124.24, 68, 1.78246
_7056_, 137.04, 68, 1.78208
hold75, 137.04, 68, 1.78208
_4385_, 149.84, 68, 1.78171
_4392_, 149.84, 68, 1.78171
_4395_, 149.84, 68, 1.78171
_4397_, 149.84, 68, 1.78171
_4398_, 149.84, 68, 1.78171
clkbuf_leaf_89_clk, 149.84, 68, 1.78171
hold112, 149.84, 68, 1.78171
hold732, 149.84, 68, 1.78171
ANTENNA__4396__A1, 149.84, 68, 1.78171
FILLER_0_22_321, 149.84, 68, 1.78171
_3601_, 162.64, 68, 1.78142
_4391_, 162.64, 68, 1.78142
_4393_, 162.64, 68, 1.78142
_7024_, 162.64, 68, 1.78142
_7025_, 162.64, 68, 1.78142
ANTENNA__4397__B1, 162.64, 68, 1.78142
ANTENNA__4391__A, 162.64, 68, 1.78142
ANTENNA__4390__A, 162.64, 68, 1.78142
ANTENNA__7025__RESET_B, 162.64, 68, 1.78142
ANTENNA__7024__RESET_B, 162.64, 68, 1.78142
FILLER_0_21_341, 162.64, 68, 1.78142
_4120_, 188.429, 68, 1.78097
_4122_, 188.429, 68, 1.78097
_4124_, 188.429, 68, 1.78097
_6642_, 188.429, 68, 1.78097
_6950_, 188.429, 68, 1.78097
ANTENNA__4120__S, 188.429, 68, 1.78097
FILLER_0_22_401, 188.429, 68, 1.78097
_3727_, 201.418, 68, 1.78072
_3742_, 201.418, 68, 1.78072
_3743_, 201.418, 68, 1.78072
_3744_, 201.418, 68, 1.78072
_3755_, 201.418, 68, 1.78072
hold566, 201.418, 68, 1.78072
ANTENNA__4124__S, 201.418, 68, 1.78072
ANTENNA__6950__RESET_B, 201.418, 68, 1.78072
_3745_, 214.407, 68, 1.7805
_5046_, 214.407, 68, 1.7805
ANTENNA__3755__B1, 214.407, 68, 1.7805
ANTENNA__3727__B, 214.407, 68, 1.7805
ANTENNA__7196__RESET_B, 214.407, 68, 1.7805
ANTENNA__7197__RESET_B, 214.407, 68, 1.7805
FILLER_0_21_458, 214.407, 68, 1.7805
_4805_, 227.396, 68, 1.7803
_5051_, 227.396, 68, 1.7803
hold513, 227.396, 68, 1.7803
ANTENNA__5551__S, 227.396, 68, 1.7803
ANTENNA__5549__S, 227.396, 68, 1.7803
ANTENNA__4805__B1, 227.396, 68, 1.7803
ANTENNA__4805__A2, 227.396, 68, 1.7803
ANTENNA__7198__RESET_B, 227.396, 68, 1.7803
ANTENNA__7153__RESET_B, 227.396, 68, 1.7803
ANTENNA__7152__RESET_B, 227.396, 68, 1.7803
FILLER_0_21_469, 227.396, 68, 1.7803
FILLER_0_21_479, 227.396, 68, 1.7803
_5554_, 240.385, 68, 1.78012
_5556_, 240.385, 68, 1.78012
_7154_, 240.385, 68, 1.78012
ANTENNA_clkbuf_leaf_74_clk_A, 240.385, 68, 1.78012
FILLER_0_21_498, 240.385, 68, 1.78012
_5079_, 253.374, 68, 1.77997
_5095_, 253.374, 68, 1.77997
_5097_, 253.374, 68, 1.77997
_5111_, 253.374, 68, 1.77997
_5112_, 253.374, 68, 1.77997
ANTENNA__5555__B1, 253.374, 68, 1.77997
ANTENNA__4817__A2, 253.374, 68, 1.77997
ANTENNA__5561__A2, 253.374, 68, 1.77997
ANTENNA__7156__RESET_B, 253.374, 68, 1.77997
_5103_, 266.363, 68, 1.77984
_5104_, 266.363, 68, 1.77984
_5107_, 266.363, 68, 1.77984
_5108_, 266.363, 68, 1.77984
_5109_, 266.363, 68, 1.77984
ANTENNA__5104__B1, 266.363, 68, 1.77984
ANTENNA__5109__A1, 266.363, 68, 1.77984
ANTENNA__7158__RESET_B, 266.363, 68, 1.77984
ANTENNA__7201__RESET_B, 266.363, 68, 1.77984
FILLER_0_20_554, 266.363, 68, 1.77984
FILLER_0_20_561, 266.363, 68, 1.77984
FILLER_0_21_565, 266.363, 68, 1.77984
FILLER_0_22_580, 266.363, 68, 1.77984
_7162_, 279.352, 68, 1.77975
_7202_, 279.352, 68, 1.77975
ANTENNA__4828__B, 279.352, 68, 1.77975
ANTENNA__4822__B, 279.352, 68, 1.77975
ANTENNA__5156__A_N, 279.352, 68, 1.77975
ANTENNA__5155__B, 279.352, 68, 1.77975
ANTENNA__5568__B2, 279.352, 68, 1.77975
ANTENNA__5568__A2, 279.352, 68, 1.77975
ANTENNA__7162__RESET_B, 279.352, 68, 1.77975
ANTENNA__7159__RESET_B, 279.352, 68, 1.77975
_5155_, 292.341, 68, 1.77968
_5156_, 292.341, 68, 1.77968
_5162_, 292.341, 68, 1.77968
_5163_, 292.341, 68, 1.77968
_5166_, 292.341, 68, 1.77968
_5167_, 292.341, 68, 1.77968
hold210, 292.341, 68, 1.77968
ANTENNA__5574__A2, 292.341, 68, 1.77968
FILLER_0_21_623, 292.341, 68, 1.77968
_4826_, 305.33, 68, 1.77966
_5159_, 305.33, 68, 1.77966
_5571_, 305.33, 68, 1.77966
_7161_, 305.33, 68, 1.77966
hold528, 305.33, 68, 1.77966
ANTENNA__4830__B, 305.33, 68, 1.77966
ANTENNA__5167__A2, 305.33, 68, 1.77966
ANTENNA__7283__RESET_B, 305.33, 68, 1.77966
ANTENNA__7281__RESET_B, 305.33, 68, 1.77966
ANTENNA__7208__RESET_B, 305.33, 68, 1.77966
FILLER_0_21_640, 305.33, 68, 1.77966
_6451_, 5.52, 62.56, 1.78792
_7456_, 5.52, 62.56, 1.78792
PHY_36, 5.52, 62.56, 1.78792
PHY_38, 5.52, 62.56, 1.78792
input7, 5.52, 62.56, 1.78792
PHY_37, 318.32, 62.56, 1.78079
PHY_39, 318.32, 62.56, 1.78079
FILLER_0_18_669, 318.32, 62.56, 1.78079
FILLER_0_19_669, 318.32, 62.56, 1.78079
FILLER_0_19_673, 318.32, 62.56, 1.78079
_6450_, 13.68, 62.56, 1.78793
_6457_, 13.68, 62.56, 1.78793
hold212, 13.68, 62.56, 1.78793
ANTENNA__6450__A1, 13.68, 62.56, 1.78793
ANTENNA__6621__A1, 13.68, 62.56, 1.78793
FILLER_0_19_24, 13.68, 62.56, 1.78793
_6447_, 34.64, 62.56, 1.78729
_6452_, 34.64, 62.56, 1.78729
_6453_, 34.64, 62.56, 1.78729
_6473_, 34.64, 62.56, 1.78729
_7454_, 34.64, 62.56, 1.78729
ANTENNA__6479__A1, 34.64, 62.56, 1.78729
_6419_, 47.44, 62.56, 1.78666
_6507_, 47.44, 62.56, 1.78666
_6538_, 47.44, 62.56, 1.78666
_7445_, 47.44, 62.56, 1.78666
hold229, 47.44, 62.56, 1.78666
hold279, 47.44, 62.56, 1.78666
ANTENNA__6427__A1, 47.44, 62.56, 1.78666
ANTENNA__6585__S, 47.44, 62.56, 1.78666
FILLER_0_18_89, 47.44, 62.56, 1.78666
FILLER_0_19_93, 47.44, 62.56, 1.78666
_6423_, 60.24, 62.56, 1.78605
_6585_, 60.24, 62.56, 1.78605
_6594_, 60.24, 62.56, 1.78605
_7523_, 60.24, 62.56, 1.78605
hold256, 60.24, 62.56, 1.78605
ANTENNA__6429__A1, 60.24, 62.56, 1.78605
ANTENNA__3618__A0, 60.24, 62.56, 1.78605
FILLER_0_20_119, 60.24, 62.56, 1.78605
_3618_, 73.04, 62.56, 1.78546
_6429_, 73.04, 62.56, 1.78546
_7093_, 73.04, 62.56, 1.78546
_7446_, 73.04, 62.56, 1.78546
ANTENNA__6425__A1, 73.04, 62.56, 1.78546
_3605_, 85.84, 62.56, 1.7849
_4455_, 85.84, 62.56, 1.7849
hold327, 85.84, 62.56, 1.7849
hold588, 85.84, 62.56, 1.7849
ANTENNA__3608__S, 85.84, 62.56, 1.7849
ANTENNA__3609__S, 85.84, 62.56, 1.7849
ANTENNA_clkbuf_leaf_92_clk_A, 85.84, 62.56, 1.7849
FILLER_0_18_169, 85.84, 62.56, 1.7849
FILLER_0_20_184, 85.84, 62.56, 1.7849
_4452_, 98.64, 62.56, 1.78437
_4453_, 98.64, 62.56, 1.78437
_4535_, 98.64, 62.56, 1.78437
ANTENNA__3605__S, 98.64, 62.56, 1.78437
ANTENNA__4501__B1, 98.64, 62.56, 1.78437
ANTENNA__4455__B1, 98.64, 62.56, 1.78437
ANTENNA__7099__RESET_B, 98.64, 62.56, 1.78437
FILLER_0_18_200, 98.64, 62.56, 1.78437
FILLER_0_19_192, 98.64, 62.56, 1.78437
FILLER_0_19_201, 98.64, 62.56, 1.78437
FILLER_0_19_211, 98.64, 62.56, 1.78437
_4524_, 111.44, 62.56, 1.78384
_4525_, 111.44, 62.56, 1.78384
_4526_, 111.44, 62.56, 1.78384
_4528_, 111.44, 62.56, 1.78384
_4531_, 111.44, 62.56, 1.78384
_4533_, 111.44, 62.56, 1.78384
_4534_, 111.44, 62.56, 1.78384
_4538_, 111.44, 62.56, 1.78384
FILLER_0_18_226, 111.44, 62.56, 1.78384
_4283_, 124.24, 62.56, 1.78337
_4519_, 124.24, 62.56, 1.78337
_4532_, 124.24, 62.56, 1.78337
_7054_, 124.24, 62.56, 1.78337
_7100_, 124.24, 62.56, 1.78337
ANTENNA__4283__A2, 124.24, 62.56, 1.78337
_3698_, 137.04, 62.56, 1.78294
_4284_, 137.04, 62.56, 1.78294
_7071_, 137.04, 62.56, 1.78294
ANTENNA__4385__C, 137.04, 62.56, 1.78294
ANTENNA__3698__A, 137.04, 62.56, 1.78294
ANTENNA__7071__RESET_B, 137.04, 62.56, 1.78294
ANTENNA__7056__RESET_B, 137.04, 62.56, 1.78294
ANTENNA__7054__RESET_B, 137.04, 62.56, 1.78294
FILLER_0_18_276, 137.04, 62.56, 1.78294
FILLER_0_19_275, 137.04, 62.56, 1.78294
_4282_, 149.84, 62.56, 1.78265
_4384_, 149.84, 62.56, 1.78265
_4386_, 149.84, 62.56, 1.78265
_4389_, 149.84, 62.56, 1.78265
ANTENNA__4383__A, 149.84, 62.56, 1.78265
FILLER_0_18_309, 149.84, 62.56, 1.78265
_4121_, 162.64, 62.56, 1.78238
_4123_, 162.64, 62.56, 1.78238
hold96, 162.64, 62.56, 1.78238
hold184, 162.64, 62.56, 1.78238
ANTENNA__4282__S, 162.64, 62.56, 1.78238
ANTENNA__4389__B2, 162.64, 62.56, 1.78238
FILLER_0_18_329, 162.64, 62.56, 1.78238
FILLER_0_19_333, 162.64, 62.56, 1.78238
_3715_, 188.429, 62.56, 1.78185
_3716_, 188.429, 62.56, 1.78185
_3726_, 188.429, 62.56, 1.78185
_3733_, 188.429, 62.56, 1.78185
ANTENNA__4122__S, 188.429, 62.56, 1.78185
ANTENNA__7545__RESET_B, 188.429, 62.56, 1.78185
FILLER_0_19_393, 188.429, 62.56, 1.78185
FILLER_0_19_400, 188.429, 62.56, 1.78185
_3724_, 201.418, 62.56, 1.78161
_3728_, 201.418, 62.56, 1.78161
_3729_, 201.418, 62.56, 1.78161
_3730_, 201.418, 62.56, 1.78161
_3731_, 201.418, 62.56, 1.78161
_3732_, 201.418, 62.56, 1.78161
_3738_, 201.418, 62.56, 1.78161
ANTENNA__3733__A1, 201.418, 62.56, 1.78161
ANTENNA__3733__B1, 201.418, 62.56, 1.78161
FILLER_0_19_426, 201.418, 62.56, 1.78161
_4958_, 214.407, 62.56, 1.7814
_7197_, 214.407, 62.56, 1.7814
ANTENNA__3728__B, 214.407, 62.56, 1.7814
ANTENNA__5054__B1, 214.407, 62.56, 1.7814
ANTENNA__5046__B1, 214.407, 62.56, 1.7814
ANTENNA__5046__A1, 214.407, 62.56, 1.7814
FILLER_0_18_441, 214.407, 62.56, 1.7814
FILLER_0_20_463, 214.407, 62.56, 1.7814
_5049_, 227.396, 62.56, 1.78121
_5050_, 227.396, 62.56, 1.78121
_5052_, 227.396, 62.56, 1.78121
_5053_, 227.396, 62.56, 1.78121
_5054_, 227.396, 62.56, 1.78121
_5062_, 227.396, 62.56, 1.78121
_5064_, 227.396, 62.56, 1.78121
_7198_, 227.396, 62.56, 1.78121
ANTENNA__5054__A1, 227.396, 62.56, 1.78121
_5067_, 240.385, 62.56, 1.78107
_5083_, 240.385, 62.56, 1.78107
hold503, 240.385, 62.56, 1.78107
ANTENNA__5554__S, 240.385, 62.56, 1.78107
ANTENNA__5064__B1, 240.385, 62.56, 1.78107
ANTENNA__4811__B1, 240.385, 62.56, 1.78107
ANTENNA__5064__A2, 240.385, 62.56, 1.78107
ANTENNA__7154__RESET_B, 240.385, 62.56, 1.78107
FILLER_0_18_507, 240.385, 62.56, 1.78107
FILLER_0_19_505, 240.385, 62.56, 1.78107
FILLER_0_19_519, 240.385, 62.56, 1.78107
FILLER_0_20_524, 240.385, 62.56, 1.78107
_5080_, 253.374, 62.56, 1.78096
_5081_, 253.374, 62.56, 1.78096
_5082_, 253.374, 62.56, 1.78096
ANTENNA__5556__S, 253.374, 62.56, 1.78096
ANTENNA__5561__B1, 253.374, 62.56, 1.78096
ANTENNA__5105__A2, 253.374, 62.56, 1.78096
ANTENNA__5095__B, 253.374, 62.56, 1.78096
FILLER_0_18_538, 253.374, 62.56, 1.78096
FILLER_0_20_545, 253.374, 62.56, 1.78096
_5100_, 266.363, 62.56, 1.78086
_5106_, 266.363, 62.56, 1.78086
_5110_, 266.363, 62.56, 1.78086
_5113_, 266.363, 62.56, 1.78086
_5114_, 266.363, 62.56, 1.78086
_5117_, 266.363, 62.56, 1.78086
hold684, 266.363, 62.56, 1.78086
ANTENNA__5117__A2, 266.363, 62.56, 1.78086
ANTENNA__5108__A, 266.363, 62.56, 1.78086
FILLER_0_18_558, 266.363, 62.56, 1.78086
FILLER_0_19_556, 266.363, 62.56, 1.78086
FILLER_0_19_574, 266.363, 62.56, 1.78086
_7207_, 279.352, 62.56, 1.78082
ANTENNA__5116__A, 279.352, 62.56, 1.78082
ANTENNA__7207__RESET_B, 279.352, 62.56, 1.78082
ANTENNA__7202__RESET_B, 279.352, 62.56, 1.78082
FILLER_0_18_584, 279.352, 62.56, 1.78082
FILLER_0_18_589, 279.352, 62.56, 1.78082
FILLER_0_19_584, 279.352, 62.56, 1.78082
_5157_, 292.341, 62.56, 1.78079
_5158_, 292.341, 62.56, 1.78079
_5160_, 292.341, 62.56, 1.78079
_5161_, 292.341, 62.56, 1.78079
_5164_, 292.341, 62.56, 1.78079
ANTENNA__5167__B1, 292.341, 62.56, 1.78079
ANTENNA__5162__A1, 292.341, 62.56, 1.78079
FILLER_0_19_613, 292.341, 62.56, 1.78079
_4827_, 305.33, 62.56, 1.78079
ANTENNA__4826__B, 305.33, 62.56, 1.78079
ANTENNA__5147__A, 305.33, 62.56, 1.78079
ANTENNA__5571__S, 305.33, 62.56, 1.78079
ANTENNA__7163__RESET_B, 305.33, 62.56, 1.78079
ANTENNA__7161__RESET_B, 305.33, 62.56, 1.78079
FILLER_0_18_640, 305.33, 62.56, 1.78079
FILLER_0_19_639, 305.33, 62.56, 1.78079
FILLER_0_19_661, 305.33, 62.56, 1.78079
_7536_, 5.52, 57.12, 1.78899
PHY_32, 5.52, 57.12, 1.78899
PHY_34, 5.52, 57.12, 1.78899
ANTENNA_input7_A, 5.52, 57.12, 1.78899
FILLER_0_18_7, 5.52, 57.12, 1.78899
PHY_33, 318.32, 57.12, 1.78161
PHY_35, 318.32, 57.12, 1.78161
FILLER_0_17_673, 318.32, 57.12, 1.78161
_6621_, 13.68, 57.12, 1.789
hold270, 13.68, 57.12, 1.789
hold274, 13.68, 57.12, 1.789
ANTENNA__6565__A1, 13.68, 57.12, 1.789
FILLER_0_16_9, 13.68, 57.12, 1.789
_6446_, 34.64, 57.12, 1.78838
_7483_, 34.64, 57.12, 1.78838
hold231, 34.64, 57.12, 1.78838
hold268, 34.64, 57.12, 1.78838
ANTENNA__6506__A1, 34.64, 57.12, 1.78838
ANTENNA_clkbuf_leaf_0_clk_A, 34.64, 57.12, 1.78838
FILLER_0_16_60, 34.64, 57.12, 1.78838
FILLER_0_17_77, 34.64, 57.12, 1.78838
_6537_, 47.44, 57.12, 1.78776
_7497_, 47.44, 57.12, 1.78776
_7519_, 47.44, 57.12, 1.78776
hold223, 47.44, 57.12, 1.78776
ANTENNA__6537__A1, 47.44, 57.12, 1.78776
ANTENNA__6537__S, 47.44, 57.12, 1.78776
FILLER_0_16_85, 47.44, 57.12, 1.78776
_6586_, 60.24, 57.12, 1.78717
_6593_, 60.24, 57.12, 1.78717
hold227, 60.24, 57.12, 1.78717
hold258, 60.24, 57.12, 1.78717
ANTENNA__4788__S, 60.24, 57.12, 1.78717
ANTENNA__6595__S, 60.24, 57.12, 1.78717
ANTENNA__6593__S, 60.24, 57.12, 1.78717
FILLER_0_16_115, 60.24, 57.12, 1.78717
FILLER_0_17_109, 60.24, 57.12, 1.78717
FILLER_0_17_113, 60.24, 57.12, 1.78717
_4788_, 73.04, 57.12, 1.7866
_4789_, 73.04, 57.12, 1.7866
hold291, 73.04, 57.12, 1.7866
ANTENNA__6423__A1, 73.04, 57.12, 1.7866
ANTENNA__3609__A0, 73.04, 57.12, 1.7866
ANTENNA__7093__RESET_B, 73.04, 57.12, 1.7866
FILLER_0_16_144, 73.04, 57.12, 1.7866
FILLER_0_17_135, 73.04, 57.12, 1.7866
_3610_, 85.84, 57.12, 1.78603
_4451_, 85.84, 57.12, 1.78603
_4462_, 85.84, 57.12, 1.78603
hold484, 85.84, 57.12, 1.78603
ANTENNA__3618__S, 85.84, 57.12, 1.78603
ANTENNA__3610__B1, 85.84, 57.12, 1.78603
ANTENNA__4455__A1, 85.84, 57.12, 1.78603
ANTENNA__4788__A0, 85.84, 57.12, 1.78603
ANTENNA__7094__RESET_B, 85.84, 57.12, 1.78603
FILLER_0_16_168, 85.84, 57.12, 1.78603
FILLER_0_17_180, 85.84, 57.12, 1.78603
_4500_, 98.64, 57.12, 1.78549
_4501_, 98.64, 57.12, 1.78549
_4502_, 98.64, 57.12, 1.78549
_4536_, 98.64, 57.12, 1.78549
_7097_, 98.64, 57.12, 1.78549
hold682, 98.64, 57.12, 1.78549
ANTENNA__3610__A2, 98.64, 57.12, 1.78549
ANTENNA__4502__B2, 98.64, 57.12, 1.78549
ANTENNA__7097__RESET_B, 98.64, 57.12, 1.78549
FILLER_0_17_203, 98.64, 57.12, 1.78549
FILLER_0_17_214, 98.64, 57.12, 1.78549
_3620_, 111.44, 57.12, 1.78499
_4512_, 111.44, 57.12, 1.78499
_4517_, 111.44, 57.12, 1.78499
_4518_, 111.44, 57.12, 1.78499
_4520_, 111.44, 57.12, 1.78499
_4521_, 111.44, 57.12, 1.78499
_4522_, 111.44, 57.12, 1.78499
_4537_, 111.44, 57.12, 1.78499
ANTENNA__4528__A1, 111.44, 57.12, 1.78499
ANTENNA__4528__B1, 111.44, 57.12, 1.78499
ANTENNA__4518__A1, 111.44, 57.12, 1.78499
_7019_, 124.24, 57.12, 1.78454
ANTENNA__4110__B1, 124.24, 57.12, 1.78454
ANTENNA__4283__B2, 124.24, 57.12, 1.78454
ANTENNA__4533__A1, 124.24, 57.12, 1.78454
ANTENNA__4533__B1, 124.24, 57.12, 1.78454
ANTENNA__4517__A, 124.24, 57.12, 1.78454
ANTENNA__7019__RESET_B, 124.24, 57.12, 1.78454
ANTENNA__7100__RESET_B, 124.24, 57.12, 1.78454
FILLER_0_17_248, 124.24, 57.12, 1.78454
FILLER_0_18_266, 124.24, 57.12, 1.78454
_4108_, 137.04, 57.12, 1.78411
_7018_, 137.04, 57.12, 1.78411
_4382_, 149.84, 57.12, 1.78372
_4383_, 149.84, 57.12, 1.78372
_4387_, 149.84, 57.12, 1.78372
_4388_, 149.84, 57.12, 1.78372
ANTENNA__4284__S, 149.84, 57.12, 1.78372
ANTENNA__4384__A1, 149.84, 57.12, 1.78372
ANTENNA__4382__A, 149.84, 57.12, 1.78372
ANTENNA_clkbuf_leaf_89_clk_A, 149.84, 57.12, 1.78372
FILLER_0_16_302, 149.84, 57.12, 1.78372
FILLER_0_17_304, 149.84, 57.12, 1.78372
FILLER_0_17_321, 149.84, 57.12, 1.78372
FILLER_0_18_319, 149.84, 57.12, 1.78372
_6943_, 162.64, 57.12, 1.78333
ANTENNA__4121__B2, 162.64, 57.12, 1.78333
ANTENNA__4388__B1, 162.64, 57.12, 1.78333
ANTENNA__6943__RESET_B, 162.64, 57.12, 1.78333
FILLER_0_17_331, 162.64, 57.12, 1.78333
FILLER_0_18_354, 162.64, 57.12, 1.78333
_3655_, 188.429, 57.12, 1.78269
_3713_, 188.429, 57.12, 1.78269
_3714_, 188.429, 57.12, 1.78269
_3719_, 188.429, 57.12, 1.78269
_3725_, 188.429, 57.12, 1.78269
hold315, 188.429, 57.12, 1.78269
ANTENNA__3656__B1, 188.429, 57.12, 1.78269
ANTENNA__3715__A2, 188.429, 57.12, 1.78269
ANTENNA__3717__A, 188.429, 57.12, 1.78269
ANTENNA__3713__A, 188.429, 57.12, 1.78269
ANTENNA__6944__RESET_B, 188.429, 57.12, 1.78269
FILLER_0_16_387, 188.429, 57.12, 1.78269
_3722_, 201.418, 57.12, 1.78246
_3723_, 201.418, 57.12, 1.78246
_3734_, 201.418, 57.12, 1.78246
_3736_, 201.418, 57.12, 1.78246
_3737_, 201.418, 57.12, 1.78246
ANTENNA__3725__A1, 201.418, 57.12, 1.78246
ANTENNA__3725__B1, 201.418, 57.12, 1.78246
FILLER_0_17_431, 201.418, 57.12, 1.78246
_4959_, 214.407, 57.12, 1.78226
_5048_, 214.407, 57.12, 1.78226
_7179_, 214.407, 57.12, 1.78226
ANTENNA__4958__S, 214.407, 57.12, 1.78226
ANTENNA__5049__B, 214.407, 57.12, 1.78226
ANTENNA__5048__A2, 214.407, 57.12, 1.78226
ANTENNA__4958__A0, 214.407, 57.12, 1.78226
ANTENNA__7179__RESET_B, 214.407, 57.12, 1.78226
FILLER_0_17_442, 214.407, 57.12, 1.78226
FILLER_0_18_457, 214.407, 57.12, 1.78226
_5056_, 227.396, 57.12, 1.78208
_5057_, 227.396, 57.12, 1.78208
_5059_, 227.396, 57.12, 1.78208
_5060_, 227.396, 57.12, 1.78208
ANTENNA__5060__B1, 227.396, 57.12, 1.78208
ANTENNA_clkbuf_leaf_75_clk_A, 227.396, 57.12, 1.78208
FILLER_0_16_471, 227.396, 57.12, 1.78208
FILLER_0_17_484, 227.396, 57.12, 1.78208
_5068_, 240.385, 57.12, 1.78194
_5069_, 240.385, 57.12, 1.78194
_5070_, 240.385, 57.12, 1.78194
_5071_, 240.385, 57.12, 1.78194
ANTENNA__5070__B_N, 240.385, 57.12, 1.78194
ANTENNA__5067__B, 240.385, 57.12, 1.78194
ANTENNA__5056__B_N, 240.385, 57.12, 1.78194
FILLER_0_16_505, 240.385, 57.12, 1.78194
FILLER_0_17_509, 240.385, 57.12, 1.78194
FILLER_0_17_523, 240.385, 57.12, 1.78194
_5084_, 253.374, 57.12, 1.78182
_5098_, 253.374, 57.12, 1.78182
_5099_, 253.374, 57.12, 1.78182
ANTENNA__5081__A, 253.374, 57.12, 1.78182
ANTENNA__5080__A1, 253.374, 57.12, 1.78182
FILLER_0_16_533, 253.374, 57.12, 1.78182
FILLER_0_17_528, 253.374, 57.12, 1.78182
FILLER_0_17_533, 253.374, 57.12, 1.78182
_5115_, 266.363, 57.12, 1.78174
_5116_, 266.363, 57.12, 1.78174
_5118_, 266.363, 57.12, 1.78174
_5129_, 266.363, 57.12, 1.78174
FILLER_0_16_567, 266.363, 57.12, 1.78174
FILLER_0_17_555, 266.363, 57.12, 1.78174
_5130_, 279.352, 57.12, 1.78167
_5131_, 279.352, 57.12, 1.78167
_5132_, 279.352, 57.12, 1.78167
_5139_, 279.352, 57.12, 1.78167
_5140_, 279.352, 57.12, 1.78167
_5145_, 279.352, 57.12, 1.78167
ANTENNA__5136__B1, 279.352, 57.12, 1.78167
ANTENNA__5145__B1, 279.352, 57.12, 1.78167
ANTENNA__5132__A1, 279.352, 57.12, 1.78167
ANTENNA__5131__A, 279.352, 57.12, 1.78167
ANTENNA__5130__A, 279.352, 57.12, 1.78167
ANTENNA__5162__B1, 279.352, 57.12, 1.78167
FILLER_0_16_584, 279.352, 57.12, 1.78167
FILLER_0_16_589, 279.352, 57.12, 1.78167
FILLER_0_17_585, 279.352, 57.12, 1.78167
FILLER_0_18_598, 279.352, 57.12, 1.78167
FILLER_0_18_603, 279.352, 57.12, 1.78167
_5143_, 292.341, 57.12, 1.78162
_5147_, 292.341, 57.12, 1.78162
_5148_, 292.341, 57.12, 1.78162
_5149_, 292.341, 57.12, 1.78162
_5150_, 292.341, 57.12, 1.78162
_5151_, 292.341, 57.12, 1.78162
_5152_, 292.341, 57.12, 1.78162
_5154_, 292.341, 57.12, 1.78162
ANTENNA__5163__B1, 292.341, 57.12, 1.78162
ANTENNA__5139__A, 292.341, 57.12, 1.78162
FILLER_0_17_617, 292.341, 57.12, 1.78162
hold747, 305.33, 57.12, 1.78161
ANTENNA__5153__B1, 305.33, 57.12, 1.78161
ANTENNA__5154__B2, 305.33, 57.12, 1.78161
ANTENNA__5148__A, 305.33, 57.12, 1.78161
FILLER_0_16_641, 305.33, 57.12, 1.78161
_6622_, 5.52, 51.68, 1.79019
PHY_28, 5.52, 51.68, 1.79019
PHY_30, 5.52, 51.68, 1.79019
FILLER_0_15_3, 5.52, 51.68, 1.79019
FILLER_0_16_3, 5.52, 51.68, 1.79019
PHY_29, 318.32, 51.68, 1.78136
PHY_31, 318.32, 51.68, 1.78136
input2, 318.32, 51.68, 1.78136
ANTENNA_input2_A, 318.32, 51.68, 1.78136
FILLER_0_14_669, 318.32, 51.68, 1.78136
_6565_, 13.68, 51.68, 1.79019
_7537_, 13.68, 51.68, 1.79019
ANTENNA__6508__A1, 13.68, 51.68, 1.79019
_6506_, 34.64, 51.68, 1.78948
_6510_, 34.64, 51.68, 1.78948
hold269, 34.64, 51.68, 1.78948
hold272, 34.64, 51.68, 1.78948
ANTENNA__6510__S, 34.64, 51.68, 1.78948
ANTENNA__6506__S, 34.64, 51.68, 1.78948
FILLER_0_15_74, 34.64, 51.68, 1.78948
_6501_, 47.44, 51.68, 1.78878
_6591_, 47.44, 51.68, 1.78878
_6592_, 47.44, 51.68, 1.78878
_7480_, 47.44, 51.68, 1.78878
hold193, 47.44, 51.68, 1.78878
ANTENNA__6446__A1, 47.44, 51.68, 1.78878
ANTENNA__6591__A1, 47.44, 51.68, 1.78878
ANTENNA__6591__S, 47.44, 51.68, 1.78878
FILLER_0_15_94, 47.44, 51.68, 1.78878
FILLER_0_16_97, 47.44, 51.68, 1.78878
_6595_, 60.24, 51.68, 1.78811
_7146_, 60.24, 51.68, 1.78811
_7524_, 60.24, 51.68, 1.78811
hold167, 60.24, 51.68, 1.78811
hold249, 60.24, 51.68, 1.78811
ANTENNA__6585__A1, 60.24, 51.68, 1.78811
ANTENNA__6593__A1, 60.24, 51.68, 1.78811
FILLER_0_15_109, 60.24, 51.68, 1.78811
FILLER_0_16_124, 60.24, 51.68, 1.78811
_7094_, 73.04, 51.68, 1.78748
hold281, 73.04, 51.68, 1.78748
ANTENNA__6589__A1, 73.04, 51.68, 1.78748
ANTENNA__6595__A1, 73.04, 51.68, 1.78748
FILLER_0_14_137, 73.04, 51.68, 1.78748
FILLER_0_14_141, 73.04, 51.68, 1.78748
_4460_, 85.84, 51.68, 1.78688
_4461_, 85.84, 51.68, 1.78688
_4463_, 85.84, 51.68, 1.78688
_4464_, 85.84, 51.68, 1.78688
_4465_, 85.84, 51.68, 1.78688
_4466_, 85.84, 51.68, 1.78688
ANTENNA__4463__B1, 85.84, 51.68, 1.78688
FILLER_0_14_166, 85.84, 51.68, 1.78688
FILLER_0_15_164, 85.84, 51.68, 1.78688
_4458_, 98.64, 51.68, 1.7863
_4498_, 98.64, 51.68, 1.7863
_4499_, 98.64, 51.68, 1.7863
_4511_, 98.64, 51.68, 1.7863
ANTENNA__3617__S, 98.64, 51.68, 1.7863
ANTENNA__4463__A1, 98.64, 51.68, 1.7863
ANTENNA__4458__B, 98.64, 51.68, 1.7863
FILLER_0_14_197, 98.64, 51.68, 1.7863
FILLER_0_15_203, 98.64, 51.68, 1.7863
FILLER_0_15_211, 98.64, 51.68, 1.7863
_4510_, 111.44, 51.68, 1.78575
_4513_, 111.44, 51.68, 1.78575
_4516_, 111.44, 51.68, 1.78575
_7098_, 111.44, 51.68, 1.78575
ANTENNA__3620__S, 111.44, 51.68, 1.78575
ANTENNA__4512__B1, 111.44, 51.68, 1.78575
ANTENNA__7098__RESET_B, 111.44, 51.68, 1.78575
FILLER_0_16_241, 111.44, 51.68, 1.78575
_4110_, 124.24, 51.68, 1.78524
_4270_, 124.24, 51.68, 1.78524
_7048_, 124.24, 51.68, 1.78524
hold525, 124.24, 51.68, 1.78524
hold565, 124.24, 51.68, 1.78524
ANTENNA__4110__A2, 124.24, 51.68, 1.78524
ANTENNA__4270__B1, 124.24, 51.68, 1.78524
ANTENNA__7048__RESET_B, 124.24, 51.68, 1.78524
FILLER_0_14_247, 124.24, 51.68, 1.78524
FILLER_0_15_251, 124.24, 51.68, 1.78524
FILLER_0_15_271, 124.24, 51.68, 1.78524
FILLER_0_16_268, 124.24, 51.68, 1.78524
_4269_, 137.04, 51.68, 1.78478
_4374_, 137.04, 51.68, 1.78478
_7070_, 137.04, 51.68, 1.78478
hold679, 137.04, 51.68, 1.78478
ANTENNA__4269__S, 137.04, 51.68, 1.78478
ANTENNA__4108__B1, 137.04, 51.68, 1.78478
ANTENNA__4270__A2, 137.04, 51.68, 1.78478
ANTENNA__4108__A2, 137.04, 51.68, 1.78478
ANTENNA__7070__RESET_B, 137.04, 51.68, 1.78478
ANTENNA__7018__RESET_B, 137.04, 51.68, 1.78478
FILLER_0_15_281, 137.04, 51.68, 1.78478
FILLER_0_15_296, 137.04, 51.68, 1.78478
_4368_, 149.84, 51.68, 1.78435
_4369_, 149.84, 51.68, 1.78435
_4371_, 149.84, 51.68, 1.78435
_4372_, 149.84, 51.68, 1.78435
_7069_, 149.84, 51.68, 1.78435
ANTENNA__4369__A2, 149.84, 51.68, 1.78435
ANTENNA__4371__A, 149.84, 51.68, 1.78435
ANTENNA__7069__RESET_B, 149.84, 51.68, 1.78435
FILLER_0_14_309, 149.84, 51.68, 1.78435
FILLER_0_15_303, 149.84, 51.68, 1.78435
FILLER_0_15_319, 149.84, 51.68, 1.78435
_3648_, 162.64, 51.68, 1.78396
_4107_, 162.64, 51.68, 1.78396
_4360_, 162.64, 51.68, 1.78396
_4361_, 162.64, 51.68, 1.78396
_4370_, 162.64, 51.68, 1.78396
hold468, 162.64, 51.68, 1.78396
ANTENNA__3648__A3, 162.64, 51.68, 1.78396
ANTENNA__4368__A, 162.64, 51.68, 1.78396
ANTENNA__4361__A1, 162.64, 51.68, 1.78396
ANTENNA__4360__A, 162.64, 51.68, 1.78396
FILLER_0_15_337, 162.64, 51.68, 1.78396
_3702_, 188.429, 51.68, 1.7832
_3717_, 188.429, 51.68, 1.7832
_3718_, 188.429, 51.68, 1.7832
_4118_, 188.429, 51.68, 1.7832
ANTENNA__3714__C, 188.429, 51.68, 1.7832
ANTENNA__4118__A1, 188.429, 51.68, 1.7832
ANTENNA__3702__A, 188.429, 51.68, 1.7832
ANTENNA__6949__RESET_B, 188.429, 51.68, 1.7832
FILLER_0_14_384, 188.429, 51.68, 1.7832
FILLER_0_16_399, 188.429, 51.68, 1.7832
FILLER_0_16_408, 188.429, 51.68, 1.7832
_3707_, 201.418, 51.68, 1.7828
_3708_, 201.418, 51.68, 1.7828
_3720_, 201.418, 51.68, 1.7828
_3721_, 201.418, 51.68, 1.7828
_3735_, 201.418, 51.68, 1.7828
FILLER_0_15_422, 201.418, 51.68, 1.7828
_3710_, 214.407, 51.68, 1.78241
_6948_, 214.407, 51.68, 1.78241
_7194_, 214.407, 51.68, 1.78241
hold23, 214.407, 51.68, 1.78241
ANTENNA__6948__RESET_B, 214.407, 51.68, 1.78241
ANTENNA__7194__RESET_B, 214.407, 51.68, 1.78241
FILLER_0_15_449, 214.407, 51.68, 1.78241
_5055_, 227.396, 51.68, 1.78209
_5058_, 227.396, 51.68, 1.78209
_5061_, 227.396, 51.68, 1.78209
clkbuf_leaf_75_clk, 227.396, 51.68, 1.78209
_5065_, 240.385, 51.68, 1.78185
_5072_, 240.385, 51.68, 1.78185
_5073_, 240.385, 51.68, 1.78185
_5074_, 240.385, 51.68, 1.78185
_5077_, 240.385, 51.68, 1.78185
_5085_, 240.385, 51.68, 1.78185
_5086_, 240.385, 51.68, 1.78185
ANTENNA__5078__B1, 240.385, 51.68, 1.78185
ANTENNA__5085__C, 240.385, 51.68, 1.78185
FILLER_0_15_497, 240.385, 51.68, 1.78185
FILLER_0_15_513, 240.385, 51.68, 1.78185
_5087_, 253.374, 51.68, 1.78167
_5101_, 253.374, 51.68, 1.78167
_5102_, 253.374, 51.68, 1.78167
_5124_, 253.374, 51.68, 1.78167
_5127_, 253.374, 51.68, 1.78167
FILLER_0_14_529, 253.374, 51.68, 1.78167
FILLER_0_14_533, 253.374, 51.68, 1.78167
FILLER_0_15_528, 253.374, 51.68, 1.78167
FILLER_0_15_546, 253.374, 51.68, 1.78167
_5120_, 266.363, 51.68, 1.78153
_5121_, 266.363, 51.68, 1.78153
_5123_, 266.363, 51.68, 1.78153
_5126_, 266.363, 51.68, 1.78153
_5128_, 266.363, 51.68, 1.78153
ANTENNA__5123__B1, 266.363, 51.68, 1.78153
FILLER_0_14_559, 266.363, 51.68, 1.78153
FILLER_0_16_575, 266.363, 51.68, 1.78153
_5134_, 279.352, 51.68, 1.78143
_5136_, 279.352, 51.68, 1.78143
_5141_, 279.352, 51.68, 1.78143
_5146_, 279.352, 51.68, 1.78143
ANTENNA__5137__B2, 279.352, 51.68, 1.78143
ANTENNA__5144__A1, 279.352, 51.68, 1.78143
FILLER_0_14_589, 279.352, 51.68, 1.78143
FILLER_0_14_594, 279.352, 51.68, 1.78143
FILLER_0_15_597, 279.352, 51.68, 1.78143
FILLER_0_15_605, 279.352, 51.68, 1.78143
_5153_, 292.341, 51.68, 1.78136
_7206_, 292.341, 51.68, 1.78136
clkbuf_leaf_72_clk, 292.341, 51.68, 1.78136
hold599, 292.341, 51.68, 1.78136
ANTENNA_clkbuf_leaf_72_clk_A, 292.341, 51.68, 1.78136
ANTENNA__7206__RESET_B, 292.341, 51.68, 1.78136
FILLER_0_15_613, 292.341, 51.68, 1.78136
FILLER_0_15_629, 292.341, 51.68, 1.78136
ANTENNA__5138__A, 305.33, 51.68, 1.78136
FILLER_0_15_665, 305.33, 51.68, 1.78136
_6566_, 5.52, 46.24, 1.79135
_7510_, 5.52, 46.24, 1.79135
PHY_24, 5.52, 46.24, 1.79135
PHY_26, 5.52, 46.24, 1.79135
FILLER_0_13_3, 5.52, 46.24, 1.79135
PHY_25, 318.32, 46.24, 1.78304
PHY_27, 318.32, 46.24, 1.78304
FILLER_0_12_669, 318.32, 46.24, 1.78304
FILLER_0_13_669, 318.32, 46.24, 1.78304
FILLER_0_13_673, 318.32, 46.24, 1.78304
_6624_, 13.68, 46.24, 1.79136
hold297, 13.68, 46.24, 1.79136
ANTENNA__6504__A1, 13.68, 46.24, 1.79136
ANTENNA__6623__A1, 13.68, 46.24, 1.79136
ANTENNA__6565__S, 13.68, 46.24, 1.79136
FILLER_0_12_15, 13.68, 46.24, 1.79136
FILLER_0_13_9, 13.68, 46.24, 1.79136
FILLER_0_13_17, 13.68, 46.24, 1.79136
_6511_, 34.64, 46.24, 1.79061
_7498_, 34.64, 46.24, 1.79061
hold234, 34.64, 46.24, 1.79061
hold236, 34.64, 46.24, 1.79061
hold262, 34.64, 46.24, 1.79061
ANTENNA__6510__A1, 34.64, 46.24, 1.79061
FILLER_0_13_57, 34.64, 46.24, 1.79061
FILLER_0_14_73, 34.64, 46.24, 1.79061
_6500_, 47.44, 46.24, 1.78987
_7521_, 47.44, 46.24, 1.78987
_7522_, 47.44, 46.24, 1.78987
hold178, 47.44, 46.24, 1.78987
ANTENNA__6500__S, 47.44, 46.24, 1.78987
FILLER_0_12_78, 47.44, 46.24, 1.78987
FILLER_0_13_78, 47.44, 46.24, 1.78987
FILLER_0_13_90, 47.44, 46.24, 1.78987
_6589_, 60.24, 46.24, 1.78916
_6590_, 60.24, 46.24, 1.78916
_6596_, 60.24, 46.24, 1.78916
_7147_, 60.24, 46.24, 1.78916
clkbuf_leaf_93_clk, 60.24, 46.24, 1.78916
_4786_, 73.04, 46.24, 1.78855
_4791_, 73.04, 46.24, 1.78855
_7145_, 73.04, 46.24, 1.78855
hold288, 73.04, 46.24, 1.78855
ANTENNA__4785__S, 73.04, 46.24, 1.78855
FILLER_0_12_134, 73.04, 46.24, 1.78855
FILLER_0_14_155, 73.04, 46.24, 1.78855
_4456_, 85.84, 46.24, 1.78796
_4459_, 85.84, 46.24, 1.78796
_4471_, 85.84, 46.24, 1.78796
_4475_, 85.84, 46.24, 1.78796
ANTENNA__4466__B1_N, 85.84, 46.24, 1.78796
ANTENNA__4785__A0, 85.84, 46.24, 1.78796
FILLER_0_13_161, 85.84, 46.24, 1.78796
FILLER_0_13_169, 85.84, 46.24, 1.78796
FILLER_0_13_186, 85.84, 46.24, 1.78796
_3617_, 98.64, 46.24, 1.78739
_4494_, 98.64, 46.24, 1.78739
_4495_, 98.64, 46.24, 1.78739
_4497_, 98.64, 46.24, 1.78739
_4523_, 98.64, 46.24, 1.78739
ANTENNA__4473__B1, 98.64, 46.24, 1.78739
FILLER_0_12_190, 98.64, 46.24, 1.78739
FILLER_0_12_197, 98.64, 46.24, 1.78739
FILLER_0_13_212, 98.64, 46.24, 1.78739
FILLER_0_14_206, 98.64, 46.24, 1.78739
_4506_, 111.44, 46.24, 1.78685
_4508_, 111.44, 46.24, 1.78685
_4509_, 111.44, 46.24, 1.78685
_4514_, 111.44, 46.24, 1.78685
hold608, 111.44, 46.24, 1.78685
ANTENNA__4513__A2, 111.44, 46.24, 1.78685
FILLER_0_12_223, 111.44, 46.24, 1.78685
FILLER_0_13_225, 111.44, 46.24, 1.78685
FILLER_0_14_234, 111.44, 46.24, 1.78685
_7063_, 124.24, 46.24, 1.78634
hold695, 124.24, 46.24, 1.78634
ANTENNA__7063__RESET_B, 124.24, 46.24, 1.78634
FILLER_0_12_245, 124.24, 46.24, 1.78634
_4299_, 137.04, 46.24, 1.78584
_4375_, 137.04, 46.24, 1.78584
hold324, 137.04, 46.24, 1.78584
ANTENNA__4299__B1, 137.04, 46.24, 1.78584
ANTENNA__4281__B1, 137.04, 46.24, 1.78584
FILLER_0_12_276, 137.04, 46.24, 1.78584
FILLER_0_13_281, 137.04, 46.24, 1.78584
_4373_, 149.84, 46.24, 1.78537
_4378_, 149.84, 46.24, 1.78537
_4380_, 149.84, 46.24, 1.78537
_4381_, 149.84, 46.24, 1.78537
hold711, 149.84, 46.24, 1.78537
ANTENNA__4375__A1, 149.84, 46.24, 1.78537
_4119_, 162.64, 46.24, 1.78492
_4359_, 162.64, 46.24, 1.78492
_4362_, 162.64, 46.24, 1.78492
_4365_, 162.64, 46.24, 1.78492
_7023_, 162.64, 46.24, 1.78492
hold577, 162.64, 46.24, 1.78492
FILLER_0_12_337, 162.64, 46.24, 1.78492
_3649_, 188.429, 46.24, 1.78423
_3703_, 188.429, 46.24, 1.78423
_3704_, 188.429, 46.24, 1.78423
_3705_, 188.429, 46.24, 1.78423
ANTENNA__4118__S, 188.429, 46.24, 1.78423
ANTENNA__3703__B, 188.429, 46.24, 1.78423
ANTENNA__3651__B, 188.429, 46.24, 1.78423
FILLER_0_13_389, 188.429, 46.24, 1.78423
_3709_, 201.418, 46.24, 1.78397
_3711_, 201.418, 46.24, 1.78397
_3712_, 201.418, 46.24, 1.78397
hold628, 201.418, 46.24, 1.78397
ANTENNA__3711__B1, 201.418, 46.24, 1.78397
FILLER_0_12_416, 201.418, 46.24, 1.78397
FILLER_0_12_421, 201.418, 46.24, 1.78397
FILLER_0_13_421, 201.418, 46.24, 1.78397
_3696_, 214.407, 46.24, 1.78373
_4961_, 214.407, 46.24, 1.78373
_7180_, 214.407, 46.24, 1.78373
hold644, 214.407, 46.24, 1.78373
ANTENNA__3712__A2, 214.407, 46.24, 1.78373
FILLER_0_13_445, 214.407, 46.24, 1.78373
FILLER_0_13_453, 214.407, 46.24, 1.78373
_5063_, 227.396, 46.24, 1.78353
_5066_, 227.396, 46.24, 1.78353
_5088_, 227.396, 46.24, 1.78353
hold13, 227.396, 46.24, 1.78353
FILLER_0_12_473, 227.396, 46.24, 1.78353
FILLER_0_13_471, 227.396, 46.24, 1.78353
FILLER_0_13_493, 227.396, 46.24, 1.78353
_5075_, 240.385, 46.24, 1.78336
_5076_, 240.385, 46.24, 1.78336
_5078_, 240.385, 46.24, 1.78336
_7199_, 240.385, 46.24, 1.78336
hold439, 240.385, 46.24, 1.78336
ANTENNA__5078__A1, 240.385, 46.24, 1.78336
FILLER_0_12_499, 240.385, 46.24, 1.78336
FILLER_0_13_513, 240.385, 46.24, 1.78336
FILLER_0_14_521, 240.385, 46.24, 1.78336
_5089_, 253.374, 46.24, 1.78323
_5090_, 253.374, 46.24, 1.78323
_5091_, 253.374, 46.24, 1.78323
_5093_, 253.374, 46.24, 1.78323
_5125_, 253.374, 46.24, 1.78323
hold373, 253.374, 46.24, 1.78323
ANTENNA__5093__A1, 253.374, 46.24, 1.78323
ANTENNA__5093__B1, 253.374, 46.24, 1.78323
FILLER_0_12_537, 253.374, 46.24, 1.78323
FILLER_0_13_550, 253.374, 46.24, 1.78323
FILLER_0_14_551, 253.374, 46.24, 1.78323
_5122_, 266.363, 46.24, 1.78313
_5135_, 266.363, 46.24, 1.78313
_7203_, 266.363, 46.24, 1.78313
ANTENNA__5123__A1, 266.363, 46.24, 1.78313
ANTENNA__7203__RESET_B, 266.363, 46.24, 1.78313
FILLER_0_13_561, 266.363, 46.24, 1.78313
FILLER_0_14_578, 266.363, 46.24, 1.78313
_5133_, 279.352, 46.24, 1.78306
_5137_, 279.352, 46.24, 1.78306
_5142_, 279.352, 46.24, 1.78306
_5144_, 279.352, 46.24, 1.78306
_7204_, 279.352, 46.24, 1.78306
hold632, 279.352, 46.24, 1.78306
ANTENNA__5133__C, 279.352, 46.24, 1.78306
ANTENNA__5144__B1, 279.352, 46.24, 1.78306
_5138_, 292.341, 46.24, 1.78304
_7205_, 292.341, 46.24, 1.78304
ANTENNA__7205__RESET_B, 292.341, 46.24, 1.78304
FILLER_0_13_611, 292.341, 46.24, 1.78304
FILLER_0_13_661, 305.33, 46.24, 1.78304
_7534_, 5.52, 40.8, 1.79265
PHY_20, 5.52, 40.8, 1.79265
PHY_22, 5.52, 40.8, 1.79265
PHY_21, 318.32, 40.8, 1.78464
PHY_23, 318.32, 40.8, 1.78464
FILLER_0_10_669, 318.32, 40.8, 1.78464
FILLER_0_11_673, 318.32, 40.8, 1.78464
_6568_, 13.68, 40.8, 1.79266
_6617_, 13.68, 40.8, 1.79266
hold233, 13.68, 40.8, 1.79266
_6539_, 34.64, 40.8, 1.79196
_6540_, 34.64, 40.8, 1.79196
_6620_, 34.64, 40.8, 1.79196
_7532_, 34.64, 40.8, 1.79196
ANTENNA__6504__S, 34.64, 40.8, 1.79196
ANTENNA__6539__S, 34.64, 40.8, 1.79196
FILLER_0_10_60, 34.64, 40.8, 1.79196
_6529_, 47.44, 40.8, 1.79126
_6535_, 47.44, 40.8, 1.79126
_6536_, 47.44, 40.8, 1.79126
_7496_, 47.44, 40.8, 1.79126
hold206, 47.44, 40.8, 1.79126
ANTENNA__6529__A1, 47.44, 40.8, 1.79126
ANTENNA__6500__A1, 47.44, 40.8, 1.79126
FILLER_0_10_79, 47.44, 40.8, 1.79126
FILLER_0_10_85, 47.44, 40.8, 1.79126
FILLER_0_11_79, 47.44, 40.8, 1.79126
FILLER_0_12_96, 47.44, 40.8, 1.79126
_4783_, 60.24, 40.8, 1.79057
_4792_, 60.24, 40.8, 1.79057
_6533_, 60.24, 40.8, 1.79057
_7144_, 60.24, 40.8, 1.79057
hold252, 60.24, 40.8, 1.79057
ANTENNA__4791__S, 60.24, 40.8, 1.79057
_4776_, 73.04, 40.8, 1.7899
_4777_, 73.04, 40.8, 1.7899
_4785_, 73.04, 40.8, 1.7899
hold292, 73.04, 40.8, 1.7899
ANTENNA__4776__S, 73.04, 40.8, 1.7899
ANTENNA__4791__A0, 73.04, 40.8, 1.7899
ANTENNA_clkbuf_leaf_93_clk_A, 73.04, 40.8, 1.7899
FILLER_0_11_133, 73.04, 40.8, 1.7899
_4472_, 85.84, 40.8, 1.78925
_4473_, 85.84, 40.8, 1.78925
_4474_, 85.84, 40.8, 1.78925
_4476_, 85.84, 40.8, 1.78925
hold680, 85.84, 40.8, 1.78925
ANTENNA__4474__A2, 85.84, 40.8, 1.78925
ANTENNA__4776__A0, 85.84, 40.8, 1.78925
FILLER_0_10_168, 85.84, 40.8, 1.78925
FILLER_0_11_163, 85.84, 40.8, 1.78925
_3614_, 98.64, 40.8, 1.78863
_4492_, 98.64, 40.8, 1.78863
_4493_, 98.64, 40.8, 1.78863
_4507_, 98.64, 40.8, 1.78863
ANTENNA__4493__B, 98.64, 40.8, 1.78863
ANTENNA__4492__A1, 98.64, 40.8, 1.78863
FILLER_0_10_193, 98.64, 40.8, 1.78863
FILLER_0_11_214, 98.64, 40.8, 1.78863
_4503_, 111.44, 40.8, 1.78803
_4504_, 111.44, 40.8, 1.78803
_4505_, 111.44, 40.8, 1.78803
_4515_, 111.44, 40.8, 1.78803
_7053_, 111.44, 40.8, 1.78803
ANTENNA__4503__B, 111.44, 40.8, 1.78803
ANTENNA__4478__A1, 111.44, 40.8, 1.78803
FILLER_0_10_217, 111.44, 40.8, 1.78803
FILLER_0_10_224, 111.44, 40.8, 1.78803
FILLER_0_11_239, 111.44, 40.8, 1.78803
_4271_, 124.24, 40.8, 1.78748
_4281_, 124.24, 40.8, 1.78748
ANTENNA__4271__S, 124.24, 40.8, 1.78748
ANTENNA__4272__A2, 124.24, 40.8, 1.78748
ANTENNA__4272__B1, 124.24, 40.8, 1.78748
ANTENNA__4281__A2, 124.24, 40.8, 1.78748
FILLER_0_11_263, 124.24, 40.8, 1.78748
FILLER_0_11_268, 124.24, 40.8, 1.78748
_4297_, 137.04, 40.8, 1.78693
_4298_, 137.04, 40.8, 1.78693
_4302_, 137.04, 40.8, 1.78693
_4303_, 137.04, 40.8, 1.78693
_4304_, 137.04, 40.8, 1.78693
_4306_, 137.04, 40.8, 1.78693
ANTENNA__4299__A1, 137.04, 40.8, 1.78693
ANTENNA__4302__B, 137.04, 40.8, 1.78693
ANTENNA__4301__A2, 137.04, 40.8, 1.78693
ANTENNA_clkbuf_leaf_90_clk_A, 137.04, 40.8, 1.78693
FILLER_0_11_281, 137.04, 40.8, 1.78693
FILLER_0_11_288, 137.04, 40.8, 1.78693
FILLER_0_11_297, 137.04, 40.8, 1.78693
FILLER_0_12_299, 137.04, 40.8, 1.78693
_4356_, 149.84, 40.8, 1.78639
_4358_, 149.84, 40.8, 1.78639
_4366_, 149.84, 40.8, 1.78639
_4367_, 149.84, 40.8, 1.78639
_4376_, 149.84, 40.8, 1.78639
ANTENNA__4356__B1, 149.84, 40.8, 1.78639
ANTENNA__4375__B1, 149.84, 40.8, 1.78639
FILLER_0_10_309, 149.84, 40.8, 1.78639
FILLER_0_11_311, 149.84, 40.8, 1.78639
FILLER_0_11_318, 149.84, 40.8, 1.78639
FILLER_0_11_327, 149.84, 40.8, 1.78639
_4280_, 162.64, 40.8, 1.78589
_4357_, 162.64, 40.8, 1.78589
_4364_, 162.64, 40.8, 1.78589
_7068_, 162.64, 40.8, 1.78589
ANTENNA__4280__S, 162.64, 40.8, 1.78589
ANTENNA__4119__B1, 162.64, 40.8, 1.78589
ANTENNA__7068__RESET_B, 162.64, 40.8, 1.78589
ANTENNA__7023__RESET_B, 162.64, 40.8, 1.78589
FILLER_0_11_350, 162.64, 40.8, 1.78589
_3662_, 188.429, 40.8, 1.78521
_3706_, 188.429, 40.8, 1.78521
_4116_, 188.429, 40.8, 1.78521
ANTENNA__4116__S, 188.429, 40.8, 1.78521
ANTENNA__3662__B, 188.429, 40.8, 1.78521
ANTENNA__3660__B1_N, 188.429, 40.8, 1.78521
FILLER_0_11_387, 188.429, 40.8, 1.78521
FILLER_0_11_407, 188.429, 40.8, 1.78521
_3690_, 201.418, 40.8, 1.78502
_3691_, 201.418, 40.8, 1.78502
_3693_, 201.418, 40.8, 1.78502
_3694_, 201.418, 40.8, 1.78502
_3695_, 201.418, 40.8, 1.78502
_3701_, 201.418, 40.8, 1.78502
_6947_, 201.418, 40.8, 1.78502
ANTENNA__3701__B2, 201.418, 40.8, 1.78502
ANTENNA__6947__RESET_B, 201.418, 40.8, 1.78502
FILLER_0_12_428, 201.418, 40.8, 1.78502
_4960_, 214.407, 40.8, 1.78488
ANTENNA__4960__S, 214.407, 40.8, 1.78488
ANTENNA__7047__RESET_B, 214.407, 40.8, 1.78488
ANTENNA__7180__RESET_B, 214.407, 40.8, 1.78488
FILLER_0_10_447, 214.407, 40.8, 1.78488
FILLER_0_10_452, 214.407, 40.8, 1.78488
FILLER_0_11_466, 214.407, 40.8, 1.78488
_5047_, 227.396, 40.8, 1.78476
_7195_, 227.396, 40.8, 1.78476
FILLER_0_10_469, 227.396, 40.8, 1.78476
FILLER_0_11_489, 227.396, 40.8, 1.78476
FILLER_0_12_485, 227.396, 40.8, 1.78476
_7200_, 240.385, 40.8, 1.78469
ANTENNA__7200__RESET_B, 240.385, 40.8, 1.78469
ANTENNA__7199__RESET_B, 240.385, 40.8, 1.78469
FILLER_0_11_497, 240.385, 40.8, 1.78469
FILLER_0_12_522, 240.385, 40.8, 1.78469
clkbuf_leaf_73_clk, 253.374, 40.8, 1.78465
ANTENNA_clkbuf_leaf_73_clk_A, 253.374, 40.8, 1.78465
FILLER_0_10_525, 253.374, 40.8, 1.78465
_5119_, 266.363, 40.8, 1.78464
ANTENNA__5119__A, 266.363, 40.8, 1.78464
FILLER_0_11_553, 266.363, 40.8, 1.78464
FILLER_0_11_580, 266.363, 40.8, 1.78464
ANTENNA__7204__RESET_B, 279.352, 40.8, 1.78464
FILLER_0_11_613, 292.341, 40.8, 1.78464
FILLER_0_12_634, 292.341, 40.8, 1.78464
FILLER_0_11_665, 305.33, 40.8, 1.78464
_6618_, 5.52, 35.36, 1.79391
PHY_16, 5.52, 35.36, 1.79391
PHY_18, 5.52, 35.36, 1.79391
input8, 5.52, 35.36, 1.79391
ANTENNA_input8_A, 5.52, 35.36, 1.79391
FILLER_0_9_7, 5.52, 35.36, 1.79391
PHY_17, 318.32, 35.36, 1.78495
PHY_19, 318.32, 35.36, 1.78495
FILLER_0_8_669, 318.32, 35.36, 1.78495
FILLER_0_9_673, 318.32, 35.36, 1.78495
_6562_, 13.68, 35.36, 1.79392
_7508_, 13.68, 35.36, 1.79392
ANTENNA__6567__A1, 13.68, 35.36, 1.79392
ANTENNA__6617__S, 13.68, 35.36, 1.79392
FILLER_0_8_15, 13.68, 35.36, 1.79392
FILLER_0_9_15, 13.68, 35.36, 1.79392
_6613_, 34.64, 35.36, 1.79314
_6614_, 34.64, 35.36, 1.79314
_7506_, 34.64, 35.36, 1.79314
hold235, 34.64, 35.36, 1.79314
ANTENNA__6613__S, 34.64, 35.36, 1.79314
FILLER_0_9_75, 34.64, 35.36, 1.79314
_6530_, 47.44, 35.36, 1.79238
_7493_, 47.44, 35.36, 1.79238
_7495_, 47.44, 35.36, 1.79238
hold219, 47.44, 35.36, 1.79238
ANTENNA__6557__A1, 47.44, 35.36, 1.79238
ANTENNA__6539__A1, 47.44, 35.36, 1.79238
FILLER_0_10_97, 47.44, 35.36, 1.79238
_4782_, 60.24, 35.36, 1.79163
_6534_, 60.24, 35.36, 1.79163
_7142_, 60.24, 35.36, 1.79163
hold300, 60.24, 35.36, 1.79163
ANTENNA__6533__A1, 60.24, 35.36, 1.79163
ANTENNA__6535__A1, 60.24, 35.36, 1.79163
ANTENNA__6533__S, 60.24, 35.36, 1.79163
ANTENNA__6589__S, 60.24, 35.36, 1.79163
FILLER_0_8_106, 60.24, 35.36, 1.79163
FILLER_0_9_109, 60.24, 35.36, 1.79163
_7095_, 73.04, 35.36, 1.79091
FILLER_0_9_160, 73.04, 35.36, 1.79091
_3611_, 85.84, 35.36, 1.7902
_4469_, 85.84, 35.36, 1.7902
_4470_, 85.84, 35.36, 1.7902
ANTENNA__7095__RESET_B, 85.84, 35.36, 1.7902
FILLER_0_8_169, 85.84, 35.36, 1.7902
FILLER_0_9_185, 85.84, 35.36, 1.7902
FILLER_0_10_177, 85.84, 35.36, 1.7902
_4478_, 98.64, 35.36, 1.78953
_4479_, 98.64, 35.36, 1.78953
_4484_, 98.64, 35.36, 1.78953
_4491_, 98.64, 35.36, 1.78953
ANTENNA__3614__S, 98.64, 35.36, 1.78953
ANTENNA__3611__S, 98.64, 35.36, 1.78953
ANTENNA__4479__D, 98.64, 35.36, 1.78953
FILLER_0_8_197, 98.64, 35.36, 1.78953
_4279_, 111.44, 35.36, 1.78886
_4477_, 111.44, 35.36, 1.78886
_4480_, 111.44, 35.36, 1.78886
hold652, 111.44, 35.36, 1.78886
ANTENNA__4279__B1, 111.44, 35.36, 1.78886
ANTENNA__4279__A2, 111.44, 35.36, 1.78886
ANTENNA__7064__RESET_B, 111.44, 35.36, 1.78886
ANTENNA__7049__RESET_B, 111.44, 35.36, 1.78886
ANTENNA__7053__RESET_B, 111.44, 35.36, 1.78886
FILLER_0_9_225, 111.44, 35.36, 1.78886
FILLER_0_9_236, 111.44, 35.36, 1.78886
FILLER_0_10_234, 111.44, 35.36, 1.78886
FILLER_0_10_242, 111.44, 35.36, 1.78886
_4272_, 124.24, 35.36, 1.78822
_4301_, 124.24, 35.36, 1.78822
_4307_, 124.24, 35.36, 1.78822
_7064_, 124.24, 35.36, 1.78822
hold467, 124.24, 35.36, 1.78822
ANTENNA__4307__B1, 124.24, 35.36, 1.78822
FILLER_0_9_258, 124.24, 35.36, 1.78822
_4305_, 137.04, 35.36, 1.78761
_4312_, 137.04, 35.36, 1.78761
_4313_, 137.04, 35.36, 1.78761
_4315_, 137.04, 35.36, 1.78761
clkbuf_leaf_90_clk, 137.04, 35.36, 1.78761
ANTENNA__4307__A1, 137.04, 35.36, 1.78761
ANTENNA__4313__B1, 137.04, 35.36, 1.78761
_4340_, 149.84, 35.36, 1.78708
_4352_, 149.84, 35.36, 1.78708
_4353_, 149.84, 35.36, 1.78708
_4354_, 149.84, 35.36, 1.78708
_4355_, 149.84, 35.36, 1.78708
_4377_, 149.84, 35.36, 1.78708
_4379_, 149.84, 35.36, 1.78708
FILLER_0_8_304, 149.84, 35.36, 1.78708
FILLER_0_10_317, 149.84, 35.36, 1.78708
_4348_, 162.64, 35.36, 1.78659
_4349_, 162.64, 35.36, 1.78659
_4350_, 162.64, 35.36, 1.78659
_4351_, 162.64, 35.36, 1.78659
hold534, 162.64, 35.36, 1.78659
ANTENNA__4357__A2, 162.64, 35.36, 1.78659
FILLER_0_8_328, 162.64, 35.36, 1.78659
_3664_, 188.429, 35.36, 1.78595
_3687_, 188.429, 35.36, 1.78595
_3688_, 188.429, 35.36, 1.78595
_3689_, 188.429, 35.36, 1.78595
ANTENNA__3689__D, 188.429, 35.36, 1.78595
ANTENNA__3669__A2, 188.429, 35.36, 1.78595
ANTENNA__3687__A, 188.429, 35.36, 1.78595
FILLER_0_9_393, 188.429, 35.36, 1.78595
_3681_, 201.418, 35.36, 1.78577
_3682_, 201.418, 35.36, 1.78577
_3699_, 201.418, 35.36, 1.78577
ANTENNA__3688__B1, 201.418, 35.36, 1.78577
ANTENNA__3685__B1, 201.418, 35.36, 1.78577
ANTENNA__3699__B1, 201.418, 35.36, 1.78577
ANTENNA__3674__A1, 201.418, 35.36, 1.78577
FILLER_0_8_417, 201.418, 35.36, 1.78577
FILLER_0_9_428, 201.418, 35.36, 1.78577
FILLER_0_10_426, 201.418, 35.36, 1.78577
FILLER_0_10_439, 201.418, 35.36, 1.78577
_3685_, 214.407, 35.36, 1.7856
_4268_, 214.407, 35.36, 1.7856
_7047_, 214.407, 35.36, 1.7856
hold591, 214.407, 35.36, 1.7856
ANTENNA__3685__A2, 214.407, 35.36, 1.7856
ANTENNA__7195__RESET_B, 214.407, 35.36, 1.7856
FILLER_0_9_449, 214.407, 35.36, 1.7856
FILLER_0_10_459, 214.407, 35.36, 1.7856
hold622, 227.396, 35.36, 1.78547
FILLER_0_8_470, 227.396, 35.36, 1.78547
FILLER_0_8_525, 253.374, 35.36, 1.78521
FILLER_0_9_553, 266.363, 35.36, 1.78508
FILLER_0_10_581, 266.363, 35.36, 1.78508
_3670_, 279.352, 35.36, 1.78495
ANTENNA__3670__A, 279.352, 35.36, 1.78495
FILLER_0_9_609, 279.352, 35.36, 1.78495
FILLER_0_10_636, 292.341, 35.36, 1.78495
FILLER_0_9_665, 305.33, 35.36, 1.78495
PHY_12, 5.52, 29.92, 1.79528
PHY_14, 5.52, 29.92, 1.79528
PHY_13, 318.32, 29.92, 1.78639
PHY_15, 318.32, 29.92, 1.78639
output50, 318.32, 29.92, 1.78639
ANTENNA_output50_A, 318.32, 29.92, 1.78639
FILLER_0_7_673, 318.32, 29.92, 1.78639
ANTENNA__6617__A1, 13.68, 29.92, 1.79528
FILLER_0_8_22, 13.68, 29.92, 1.79528
_6557_, 34.64, 29.92, 1.79449
_6558_, 34.64, 29.92, 1.79449
hold176, 34.64, 29.92, 1.79449
ANTENNA__6563__A1, 34.64, 29.92, 1.79449
ANTENNA__6563__S, 34.64, 29.92, 1.79449
ANTENNA__6619__S, 34.64, 29.92, 1.79449
FILLER_0_7_51, 34.64, 29.92, 1.79449
FILLER_0_7_70, 34.64, 29.92, 1.79449
ANTENNA__6613__A1, 47.44, 29.92, 1.79371
ANTENNA__6535__S, 47.44, 29.92, 1.79371
ANTENNA__6529__S, 47.44, 29.92, 1.79371
ANTENNA__6557__S, 47.44, 29.92, 1.79371
FILLER_0_8_92, 47.44, 29.92, 1.79371
ANTENNA__4782__S, 60.24, 29.92, 1.79293
ANTENNA__4782__A0, 60.24, 29.92, 1.79293
FILLER_0_7_109, 60.24, 29.92, 1.79293
FILLER_0_8_121, 60.24, 29.92, 1.79293
FILLER_0_8_132, 60.24, 29.92, 1.79293
FILLER_0_6_133, 73.04, 29.92, 1.79214
FILLER_0_8_153, 73.04, 29.92, 1.79214
_4467_, 85.84, 29.92, 1.79136
_4468_, 85.84, 29.92, 1.79136
_4483_, 85.84, 29.92, 1.79136
ANTENNA__4467__B, 85.84, 29.92, 1.79136
FILLER_0_7_161, 85.84, 29.92, 1.79136
FILLER_0_7_169, 85.84, 29.92, 1.79136
FILLER_0_7_182, 85.84, 29.92, 1.79136
FILLER_0_7_188, 85.84, 29.92, 1.79136
_4481_, 98.64, 29.92, 1.79059
_4482_, 98.64, 29.92, 1.79059
_4485_, 98.64, 29.92, 1.79059
_4486_, 98.64, 29.92, 1.79059
_4487_, 98.64, 29.92, 1.79059
_4488_, 98.64, 29.92, 1.79059
_4490_, 98.64, 29.92, 1.79059
_4496_, 98.64, 29.92, 1.79059
FILLER_0_7_202, 98.64, 29.92, 1.79059
FILLER_0_7_214, 98.64, 29.92, 1.79059
_7049_, 111.44, 29.92, 1.78986
_7052_, 111.44, 29.92, 1.78986
clkbuf_leaf_91_clk, 111.44, 29.92, 1.78986
hold664, 111.44, 29.92, 1.78986
hold689, 111.44, 29.92, 1.78986
ANTENNA_clkbuf_leaf_91_clk_A, 111.44, 29.92, 1.78986
FILLER_0_7_225, 111.44, 29.92, 1.78986
_4316_, 124.24, 29.92, 1.78923
hold511, 124.24, 29.92, 1.78923
ANTENNA__4317__B1, 124.24, 29.92, 1.78923
FILLER_0_6_245, 124.24, 29.92, 1.78923
FILLER_0_6_253, 124.24, 29.92, 1.78923
FILLER_0_7_258, 124.24, 29.92, 1.78923
_4318_, 137.04, 29.92, 1.78862
_4328_, 137.04, 29.92, 1.78862
_4341_, 137.04, 29.92, 1.78862
_4342_, 137.04, 29.92, 1.78862
FILLER_0_7_276, 137.04, 29.92, 1.78862
FILLER_0_7_284, 137.04, 29.92, 1.78862
FILLER_0_7_295, 137.04, 29.92, 1.78862
FILLER_0_8_295, 137.04, 29.92, 1.78862
_4329_, 149.84, 29.92, 1.78803
_4337_, 149.84, 29.92, 1.78803
_4343_, 149.84, 29.92, 1.78803
_4344_, 149.84, 29.92, 1.78803
ANTENNA__4331__B1, 149.84, 29.92, 1.78803
ANTENNA__4331__A1, 149.84, 29.92, 1.78803
FILLER_0_6_309, 149.84, 29.92, 1.78803
FILLER_0_7_309, 149.84, 29.92, 1.78803
FILLER_0_7_322, 149.84, 29.92, 1.78803
_4117_, 162.64, 29.92, 1.78746
_4333_, 162.64, 29.92, 1.78746
_4334_, 162.64, 29.92, 1.78746
_4335_, 162.64, 29.92, 1.78746
_4336_, 162.64, 29.92, 1.78746
ANTENNA__4117__B1, 162.64, 29.92, 1.78746
ANTENNA__4334__A, 162.64, 29.92, 1.78746
FILLER_0_7_347, 162.64, 29.92, 1.78746
_3663_, 188.429, 29.92, 1.78671
_3674_, 188.429, 29.92, 1.78671
_3679_, 188.429, 29.92, 1.78671
_3680_, 188.429, 29.92, 1.78671
hold657, 188.429, 29.92, 1.78671
ANTENNA__3679__A, 188.429, 29.92, 1.78671
FILLER_0_8_409, 188.429, 29.92, 1.78671
_3650_, 201.418, 29.92, 1.78653
_3678_, 201.418, 29.92, 1.78653
_3683_, 201.418, 29.92, 1.78653
_3684_, 201.418, 29.92, 1.78653
_3686_, 201.418, 29.92, 1.78653
_3692_, 201.418, 29.92, 1.78653
ANTENNA__3674__B1, 201.418, 29.92, 1.78653
_4267_, 214.407, 29.92, 1.78644
_6946_, 214.407, 29.92, 1.78644
clkbuf_leaf_76_clk, 214.407, 29.92, 1.78644
ANTENNA__4267__S, 214.407, 29.92, 1.78644
ANTENNA__6946__RESET_B, 214.407, 29.92, 1.78644
FILLER_0_6_443, 214.407, 29.92, 1.78644
FILLER_0_7_445, 214.407, 29.92, 1.78644
hold14, 227.396, 29.92, 1.78643
ANTENNA_clkbuf_leaf_76_clk_A, 227.396, 29.92, 1.78643
FILLER_0_6_472, 227.396, 29.92, 1.78643
FILLER_0_7_501, 240.385, 29.92, 1.78642
FILLER_0_6_525, 253.374, 29.92, 1.78642
FILLER_0_7_553, 266.363, 29.92, 1.78641
FILLER_0_8_581, 266.363, 29.92, 1.78641
FILLER_0_7_609, 279.352, 29.92, 1.78641
FILLER_0_8_637, 292.341, 29.92, 1.7864
FILLER_0_7_665, 305.33, 29.92, 1.7864
PHY_8, 5.52, 24.48, 1.79584
PHY_10, 5.52, 24.48, 1.79584
PHY_9, 318.32, 24.48, 1.78713
PHY_11, 318.32, 24.48, 1.78713
FILLER_0_4_669, 318.32, 24.48, 1.78713
FILLER_0_5_673, 318.32, 24.48, 1.78713
FILLER_0_5_51, 34.64, 24.48, 1.79507
FILLER_0_6_77, 34.64, 24.48, 1.79507
FILLER_0_5_105, 47.44, 24.48, 1.79431
FILLER_0_4_133, 73.04, 24.48, 1.79278
FILLER_0_5_161, 85.84, 24.48, 1.79202
_7096_, 98.64, 24.48, 1.79126
hold617, 98.64, 24.48, 1.79126
ANTENNA__7096__RESET_B, 98.64, 24.48, 1.79126
ANTENNA__7052__RESET_B, 98.64, 24.48, 1.79126
FILLER_0_4_189, 98.64, 24.48, 1.79126
FILLER_0_4_197, 98.64, 24.48, 1.79126
FILLER_0_5_193, 98.64, 24.48, 1.79126
_4277_, 111.44, 24.48, 1.79052
_7050_, 111.44, 24.48, 1.79052
FILLER_0_5_221, 111.44, 24.48, 1.79052
_4274_, 124.24, 24.48, 1.7898
_4314_, 124.24, 24.48, 1.7898
_4317_, 124.24, 24.48, 1.7898
_7065_, 124.24, 24.48, 1.7898
ANTENNA__4317__A2, 124.24, 24.48, 1.7898
ANTENNA__7065__RESET_B, 124.24, 24.48, 1.7898
FILLER_0_4_246, 124.24, 24.48, 1.7898
_4319_, 137.04, 24.48, 1.78915
_4330_, 137.04, 24.48, 1.78915
_4331_, 137.04, 24.48, 1.78915
hold421, 137.04, 24.48, 1.78915
FILLER_0_4_283, 137.04, 24.48, 1.78915
FILLER_0_5_274, 137.04, 24.48, 1.78915
_4276_, 149.84, 24.48, 1.78852
_4278_, 149.84, 24.48, 1.78852
_4345_, 149.84, 24.48, 1.78852
_7067_, 149.84, 24.48, 1.78852
hold261, 149.84, 24.48, 1.78852
ANTENNA__4278__S, 149.84, 24.48, 1.78852
ANTENNA__4276__S, 149.84, 24.48, 1.78852
ANTENNA__4345__B1, 149.84, 24.48, 1.78852
FILLER_0_5_321, 149.84, 24.48, 1.78852
FILLER_0_6_325, 149.84, 24.48, 1.78852
_4115_, 162.64, 24.48, 1.78793
_4332_, 162.64, 24.48, 1.78793
_7022_, 162.64, 24.48, 1.78793
hold558, 162.64, 24.48, 1.78793
ANTENNA__4115__A2, 162.64, 24.48, 1.78793
ANTENNA__4115__B1, 162.64, 24.48, 1.78793
ANTENNA__4333__A1, 162.64, 24.48, 1.78793
FILLER_0_4_333, 162.64, 24.48, 1.78793
FILLER_0_6_345, 162.64, 24.48, 1.78793
_3594_, 188.429, 24.48, 1.78726
_3661_, 188.429, 24.48, 1.78726
_3673_, 188.429, 24.48, 1.78726
_3675_, 188.429, 24.48, 1.78726
_4114_, 188.429, 24.48, 1.78726
ANTENNA__3594__S, 188.429, 24.48, 1.78726
ANTENNA__3673__A, 188.429, 24.48, 1.78726
ANTENNA__3661__A, 188.429, 24.48, 1.78726
ANTENNA_clkbuf_leaf_77_clk_A, 188.429, 24.48, 1.78726
FILLER_0_5_401, 188.429, 24.48, 1.78726
_3676_, 201.418, 24.48, 1.78717
_3677_, 201.418, 24.48, 1.78717
_4265_, 201.418, 24.48, 1.78717
_7046_, 201.418, 24.48, 1.78717
hold11, 201.418, 24.48, 1.78717
hold724, 201.418, 24.48, 1.78717
hold725, 201.418, 24.48, 1.78717
ANTENNA__4114__S, 201.418, 24.48, 1.78717
ANTENNA__4265__S, 201.418, 24.48, 1.78717
ANTENNA__3675__D, 201.418, 24.48, 1.78717
ANTENNA__4114__A1, 201.418, 24.48, 1.78717
_3596_, 214.407, 24.48, 1.78713
_3597_, 214.407, 24.48, 1.78713
_6927_, 214.407, 24.48, 1.78713
_7062_, 214.407, 24.48, 1.78713
FILLER_0_5_445, 214.407, 24.48, 1.78713
FILLER_0_5_494, 227.396, 24.48, 1.78713
FILLER_0_4_525, 253.374, 24.48, 1.78713
FILLER_0_5_553, 266.363, 24.48, 1.78713
FILLER_0_6_581, 266.363, 24.48, 1.78713
FILLER_0_5_609, 279.352, 24.48, 1.78713
FILLER_0_6_637, 292.341, 24.48, 1.78713
FILLER_0_5_665, 305.33, 24.48, 1.78713
PHY_4, 5.52, 19.04, 1.79579
PHY_6, 5.52, 19.04, 1.79579
input25, 5.52, 19.04, 1.79579
ANTENNA_input25_A, 5.52, 19.04, 1.79579
PHY_5, 318.32, 19.04, 1.78735
PHY_7, 318.32, 19.04, 1.78735
FILLER_0_2_669, 318.32, 19.04, 1.78735
FILLER_0_3_673, 318.32, 19.04, 1.78735
FILLER_0_4_22, 13.68, 19.04, 1.79579
FILLER_0_3_51, 34.64, 19.04, 1.79507
FILLER_0_4_77, 34.64, 19.04, 1.79507
FILLER_0_3_105, 47.44, 19.04, 1.79434
FILLER_0_2_133, 73.04, 19.04, 1.79289
FILLER_0_3_161, 85.84, 19.04, 1.79216
_4489_, 98.64, 19.04, 1.79143
_7051_, 98.64, 19.04, 1.79143
ANTENNA__4489__B1, 98.64, 19.04, 1.79143
ANTENNA__4489__A2, 98.64, 19.04, 1.79143
ANTENNA__7051__RESET_B, 98.64, 19.04, 1.79143
FILLER_0_2_189, 98.64, 19.04, 1.79143
FILLER_0_3_193, 98.64, 19.04, 1.79143
FILLER_0_3_215, 98.64, 19.04, 1.79143
FILLER_0_4_210, 98.64, 19.04, 1.79143
_4275_, 111.44, 19.04, 1.79073
hold601, 111.44, 19.04, 1.79073
ANTENNA__4277__B1, 111.44, 19.04, 1.79073
ANTENNA__4277__A2, 111.44, 19.04, 1.79073
ANTENNA__7050__RESET_B, 111.44, 19.04, 1.79073
FILLER_0_3_225, 111.44, 19.04, 1.79073
FILLER_0_4_235, 111.44, 19.04, 1.79073
_4320_, 124.24, 19.04, 1.79004
ANTENNA__4274__S, 124.24, 19.04, 1.79004
ANTENNA__4275__B1, 124.24, 19.04, 1.79004
ANTENNA__4275__A2, 124.24, 19.04, 1.79004
FILLER_0_2_245, 124.24, 19.04, 1.79004
FILLER_0_2_253, 124.24, 19.04, 1.79004
_4311_, 137.04, 19.04, 1.78936
_7066_, 137.04, 19.04, 1.78936
ANTENNA__4320__B, 137.04, 19.04, 1.78936
ANTENNA__7066__RESET_B, 137.04, 19.04, 1.78936
_4322_, 149.84, 19.04, 1.78871
_4339_, 149.84, 19.04, 1.78871
ANTENNA__4345__A1, 149.84, 19.04, 1.78871
ANTENNA__7067__RESET_B, 149.84, 19.04, 1.78871
FILLER_0_2_300, 149.84, 19.04, 1.78871
FILLER_0_3_305, 149.84, 19.04, 1.78871
FILLER_0_3_313, 149.84, 19.04, 1.78871
FILLER_0_3_325, 149.84, 19.04, 1.78871
_4113_, 162.64, 19.04, 1.78807
_7020_, 162.64, 19.04, 1.78807
_7021_, 162.64, 19.04, 1.78807
hold535, 162.64, 19.04, 1.78807
ANTENNA__7020__RESET_B, 162.64, 19.04, 1.78807
FILLER_0_3_337, 162.64, 19.04, 1.78807
_3595_, 188.429, 19.04, 1.78741
_6926_, 188.429, 19.04, 1.78741
_6941_, 188.429, 19.04, 1.78741
ANTENNA__3675__A_N, 188.429, 19.04, 1.78741
ANTENNA__7061__RESET_B, 188.429, 19.04, 1.78741
ANTENNA__6945__RESET_B, 188.429, 19.04, 1.78741
ANTENNA__6941__RESET_B, 188.429, 19.04, 1.78741
FILLER_0_3_396, 188.429, 19.04, 1.78741
_4266_, 201.418, 19.04, 1.78737
hold2, 201.418, 19.04, 1.78737
ANTENNA__3675__B, 201.418, 19.04, 1.78737
ANTENNA__7046__RESET_B, 201.418, 19.04, 1.78737
FILLER_0_3_434, 201.418, 19.04, 1.78737
_6942_, 214.407, 19.04, 1.78735
hold6, 214.407, 19.04, 1.78735
ANTENNA__3596__S, 214.407, 19.04, 1.78735
ANTENNA__6942__RESET_B, 214.407, 19.04, 1.78735
ANTENNA__7062__RESET_B, 214.407, 19.04, 1.78735
ANTENNA__6927__RESET_B, 214.407, 19.04, 1.78735
FILLER_0_3_442, 214.407, 19.04, 1.78735
FILLER_0_3_453, 214.407, 19.04, 1.78735
FILLER_0_2_469, 227.396, 19.04, 1.78735
FILLER_0_3_494, 227.396, 19.04, 1.78735
FILLER_0_2_525, 253.374, 19.04, 1.78735
FILLER_0_3_553, 266.363, 19.04, 1.78735
FILLER_0_4_581, 266.363, 19.04, 1.78735
FILLER_0_3_609, 279.352, 19.04, 1.78735
FILLER_0_4_637, 292.341, 19.04, 1.78735
FILLER_0_3_665, 305.33, 19.04, 1.78735
PHY_0, 5.52, 13.6, 1.79576
PHY_2, 5.52, 13.6, 1.79576
input14, 5.52, 13.6, 1.79576
PHY_1, 318.32, 13.6, 1.78707
PHY_3, 318.32, 13.6, 1.78707
output38, 318.32, 13.6, 1.78707
FILLER_0_0_667, 318.32, 13.6, 1.78707
FILLER_0_0_673, 318.32, 13.6, 1.78707
FILLER_0_1_673, 318.32, 13.6, 1.78707
ANTENNA_input14_A, 13.68, 13.6, 1.79576
FILLER_0_0_23, 13.68, 13.6, 1.79576
input22, 34.64, 13.6, 1.79505
ANTENNA_input22_A, 34.64, 13.6, 1.79505
FILLER_0_0_50, 34.64, 13.6, 1.79505
FILLER_0_0_76, 34.64, 13.6, 1.79505
FILLER_0_1_51, 34.64, 13.6, 1.79505
FILLER_0_2_77, 34.64, 13.6, 1.79505
FILLER_0_1_105, 47.44, 13.6, 1.79433
_3497_, 60.24, 13.6, 1.79362
output36, 60.24, 13.6, 1.79362
ANTENNA__3497__A, 60.24, 13.6, 1.79362
FILLER_0_0_109, 60.24, 13.6, 1.79362
FILLER_0_0_113, 60.24, 13.6, 1.79362
FILLER_0_1_113, 60.24, 13.6, 1.79362
FILLER_0_1_121, 60.24, 13.6, 1.79362
FILLER_0_0_153, 73.04, 13.6, 1.79292
input6, 85.84, 13.6, 1.79222
ANTENNA_input6_A, 85.84, 13.6, 1.79222
input23, 98.64, 13.6, 1.79152
ANTENNA_input23_A, 98.64, 13.6, 1.79152
FILLER_0_0_193, 98.64, 13.6, 1.79152
FILLER_0_0_216, 98.64, 13.6, 1.79152
FILLER_0_1_217, 111.44, 13.6, 1.79082
_4309_, 124.24, 13.6, 1.79012
_4310_, 124.24, 13.6, 1.79012
input17, 124.24, 13.6, 1.79012
ANTENNA_input17_A, 124.24, 13.6, 1.79012
FILLER_0_0_249, 124.24, 13.6, 1.79012
FILLER_0_0_263, 124.24, 13.6, 1.79012
FILLER_0_1_261, 124.24, 13.6, 1.79012
_4308_, 137.04, 13.6, 1.78945
_4321_, 137.04, 13.6, 1.78945
_4323_, 137.04, 13.6, 1.78945
_4324_, 137.04, 13.6, 1.78945
_4326_, 137.04, 13.6, 1.78945
_4327_, 137.04, 13.6, 1.78945
ANTENNA__4309__B_N, 137.04, 13.6, 1.78945
FILLER_0_0_275, 137.04, 13.6, 1.78945
FILLER_0_1_273, 137.04, 13.6, 1.78945
FILLER_0_1_281, 137.04, 13.6, 1.78945
_4325_, 149.84, 13.6, 1.7888
_4338_, 149.84, 13.6, 1.7888
output57, 149.84, 13.6, 1.7888
ANTENNA__4338__C, 149.84, 13.6, 1.7888
ANTENNA__4323__B_N, 149.84, 13.6, 1.7888
ANTENNA_output57_A, 149.84, 13.6, 1.7888
ANTENNA__7021__RESET_B, 149.84, 13.6, 1.7888
FILLER_0_0_327, 149.84, 13.6, 1.7888
FILLER_0_1_313, 149.84, 13.6, 1.7888
FILLER_0_1_325, 149.84, 13.6, 1.7888
FILLER_0_2_323, 149.84, 13.6, 1.7888
input26, 162.64, 13.6, 1.78819
ANTENNA_input26_A, 162.64, 13.6, 1.78819
FILLER_0_0_337, 162.64, 13.6, 1.78819
FILLER_0_1_333, 162.64, 13.6, 1.78819
output51, 188.429, 13.6, 1.7875
ANTENNA_output51_A, 188.429, 13.6, 1.7875
ANTENNA__6926__RESET_B, 188.429, 13.6, 1.7875
FILLER_0_1_385, 188.429, 13.6, 1.7875
input31, 201.418, 13.6, 1.78743
ANTENNA_input31_A, 201.418, 13.6, 1.78743
FILLER_0_0_413, 201.418, 13.6, 1.78743
FILLER_0_0_440, 214.407, 13.6, 1.78736
FILLER_0_1_441, 214.407, 13.6, 1.78736
output47, 227.396, 13.6, 1.78729
ANTENNA_output47_A, 227.396, 13.6, 1.78729
FILLER_0_0_473, 227.396, 13.6, 1.78729
_3512_, 240.385, 13.6, 1.78723
ANTENNA__3512__A, 240.385, 13.6, 1.78723
FILLER_0_0_499, 240.385, 13.6, 1.78723
FILLER_0_1_497, 240.385, 13.6, 1.78723
output44, 253.374, 13.6, 1.78718
FILLER_0_0_529, 253.374, 13.6, 1.78718
FILLER_0_0_551, 253.374, 13.6, 1.78718
_3509_, 266.363, 13.6, 1.78713
output43, 266.363, 13.6, 1.78713
ANTENNA__3509__A, 266.363, 13.6, 1.78713
FILLER_0_0_561, 266.363, 13.6, 1.78713
FILLER_0_2_581, 266.363, 13.6, 1.78713
FILLER_0_1_605, 279.352, 13.6, 1.78711
output49, 292.341, 13.6, 1.78708
ANTENNA_output49_A, 292.341, 13.6, 1.78708
FILLER_0_0_637, 292.341, 13.6, 1.78708
FILLER_0_1_613, 292.341, 13.6, 1.78708
FILLER_0_2_637, 292.341, 13.6, 1.78708
input19, 305.33, 13.6, 1.78707
ANTENNA_input19_A, 305.33, 13.6, 1.78707
ANTENNA_output38_A, 305.33, 13.6, 1.78707
FILLER_0_1_653, 305.33, 13.6, 1.78707
FILLER_0_1_661, 305.33, 13.6, 1.78707

