net,length_um
_1003_,1414.64
_1116_,1342.98
_1007_,1068.76
_2273_,1044.81
_0931_,1021.46
_1006_,959.46
_1092_,918.13
net13,903.85
_0978_,866.9
net74,852.5
_2586_,817.12
_0963_,784.15
_0986_,756.16
_0857_,713.52
_1726_,701.515
clknet_0_clk,684.11
_0866_,668.35
_1159_,667.1
net946,654.93
_1803_,636.34
net942,617.67
_1108_,607.065
net951,606.42
_2621_,604.35
_1110_,597.015
net943,585.97
net945,584
net944,580.5
_0940_,559.16
_0977_,545.29
net71,544.13
_1033_,542.74
_1735_,532.14
net948,527.25
_1273_,525.04
_2320_,521.65
_1904_,516.53
_2233_,510.305
_2795_,504.43
_1112_,503.935
net947,496.53
_2343_,493.64
_1021_,490.14
_1487_,489.2
_0938_,476.73
_1005_,476.35
net949,466.4
_1356_,457.735
_0946_,456.82
_1611_,454.65
net950,450.68
net63,449.33
_2173_,446.01
_1732_,445.09
clknet_3_2__leaf_clk,438.76
_0947_,430.405
_2006_,428.74
_2009_,425.75
clknet_3_6__leaf_clk,422.89
_1599_,421.175
clknet_3_7__leaf_clk,418.76
_1169_,414.71
_1884_,414.025
clknet_3_1__leaf_clk,413.37
u_pe_array.g_pe_row\[0\].g_pe_col\[3\].u_pe.w_out\[0\],411.81
clknet_3_4__leaf_clk,411.76
_1749_,405.32
_1158_,404.92
_3102_,404.38
net72,402.62
_2987_,395.97
_1167_,393.63
_1301_,391.4
_0939_,389.23
clknet_3_3__leaf_clk,383.63
_1305_,383.33
_1865_,382.375
_2844_,381.79
_1476_,377.765
_2130_,375.03
net62,368.58
_1430_,358.82
_1483_,354.64
_0943_,352.89
_1166_,351.78
clknet_3_0__leaf_clk,351.42
_0983_,350.64
net10,350.06
_2133_,346.51
clknet_3_5__leaf_clk,345.15
u_pe_array.g_pe_row\[1\].g_pe_col\[0\].u_pe.w_out\[0\],343.86
_1426_,341.805
_0930_,338.59
_1109_,338.42
_2016_,336.3
_2491_,335.78
_2499_,330.6
_0879_,329.28
_1882_,328.44
_1750_,327.03
_1883_,326.86
clk,320.3
_1867_,319.74
net16,319.59
_1118_,315
_2268_,311.055
_2636_,308.26
_0933_,305.39
_2143_,302.55
_2128_,297.62
_1605_,296.72
u_pe_array.g_pe_row\[0\].g_pe_col\[1\].u_pe.w_out\[0\],284.35
_1450_,283.88
_1427_,278.605
_1443_,276.34
_2511_,274.2
_3101_,268.95
_2132_,268.36
net18,266.71
_1462_,260.76
_1175_,260.68
u_fsm.psum_shift_en,260.66
net14,258.46
net9,256.46
net3,250.68
_1456_,250.36
_3358_,248.56
_1106_,248.315
_1287_,245.91
_1873_,242.7
_0944_,242.14
_2730_,237.66
_1424_,237.54
u_pe_array.g_pe_row\[2\].g_pe_col\[2\].u_pe.w_out\[0\],235.84
_2661_,233.88
_3354_,233.74
net19,233.52
net21,232.62
_2664_,227.19
net24,226.3
_1310_,221.34
_1597_,220.995
_1423_,220.64
_3362_,220.08
_2639_,219.38
_0934_,219.045
_0869_,218.48
_1731_,217.97
_1453_,216.84
_1468_,216.8
_0988_,215.56
net35,214.78
net1,214.34
_1286_,212.14
_2847_,211.815
_2341_,211.42
_1734_,210.15
_0854_,209.88
_2003_,208.02
net15,205.26
_0949_,204.79
_1728_,204.72
_3347_,203.1
u_pe_array.g_pe_row\[1\].g_pe_col\[1\].u_pe.w_out\[0\],203.01
_1135_,202.83
net6,201.29
_1999_,200.595
_2642_,199.52
net4,192.56
_2629_,191.75
_2853_,190.56
_3356_,189.82
_2005_,189.62
_2658_,188.74
_2488_,188.68
_1131_,187.41
net2,186.5
_1105_,183.475
_1595_,182.62
_3235_,182.04
_1459_,181.68
net73,181.035
_1433_,181.02
_2667_,180.76
_0985_,180.26
_0926_,177
_1447_,175.92
_3360_,174.52
_2509_,174.01
u_pe_array.act_from_up\[12\]\[0\],167.95
_0928_,164.48
net45,163.18
net42,162.22
net5,161.48
net70,159.55
u_pe_array.g_pe_row\[3\].g_pe_col\[1\].u_pe.act_val\[0\],158.75
net20,154.95
_0911_,154.43
_0920_,149.49
_2506_,148.96
_3234_,146.5
u_pe_array.act_from_up\[14\]\[0\],143.67
_0924_,143.64
u_pe_array.g_pe_row\[3\].g_pe_col\[0\].u_pe.w_out\[0\],143.61
net32,143.42
_2646_,143.06
_2655_,142.84
_1114_,142.82
_2652_,140.5
_3232_,139.23
_2486_,138.27
_3233_,138.2
u_pe_array.g_pe_row\[1\].g_pe_col\[1\].u_pe.move_reg\[6\],136.92
clknet_leaf_35_clk,135.72
clknet_leaf_95_clk,134.14
_0922_,131.72
_2632_,129.22
clknet_leaf_63_clk,128.54
clknet_leaf_75_clk,125.52
clknet_leaf_73_clk,124.28
u_pe_array.g_pe_row\[2\].g_pe_col\[0\].u_pe.psum_out\[12\],123.52
_1284_,123.48
u_pe_array.g_pe_row\[2\].g_pe_col\[3\].u_pe.act_val\[1\],122.8
u_pe_array.g_pe_row\[0\].g_pe_col\[2\].u_pe.act_val\[2\],121.6
_3230_,121.3
u_pe_array.g_pe_row\[3\].g_pe_col\[1\].u_pe.move_reg\[9\],121.2
net190,120.01
_1440_,119.92
u_pe_array.g_pe_row\[3\].g_pe_col\[1\].u_pe.move_reg\[7\],119.08
u_pe_array.act_from_up\[12\]\[5\],117.06
u_pe_array.g_pe_row\[3\].g_pe_col\[3\].u_pe.w_out\[0\],116.99
_2510_,116.92
clknet_leaf_18_clk,116.82
clknet_leaf_83_clk,115.68
u_pe_array.g_pe_row\[2\].g_pe_col\[0\].u_pe.psum_out\[11\],115.65
_2505_,115.37
u_pe_array.act_from_right\[13\]\[1\],114.56
net69,114.56
clknet_leaf_0_clk,114.26
u_pe_array.g_pe_row\[3\].g_pe_col\[1\].u_pe.w_out\[0\],113.585
clknet_leaf_102_clk,113.215
_1128_,112.91
_0968_,112.8
u_pe_array.g_pe_row\[3\].g_pe_col\[1\].u_pe.act_val\[3\],112.72
u_pe_array.g_pe_row\[2\].g_pe_col\[1\].u_pe.w_out\[0\],112.7
_2164_,112.22
u_pe_array.g_pe_row\[1\].g_pe_col\[1\].u_pe.move_reg\[8\],109.98
u_pe_array.g_pe_row\[2\].g_pe_col\[1\].u_pe.psum_out\[8\],109.83
_2683_,109.76
u_pe_array.g_pe_row\[2\].g_pe_col\[1\].u_pe.psum_out\[11\],109.72
u_pe_array.g_pe_row\[3\].g_pe_col\[1\].u_pe.move_reg\[8\],109.3
_2357_,108.34
clknet_leaf_62_clk,107.68
u_pe_array.g_pe_row\[1\].g_pe_col\[1\].u_pe.move_reg\[7\],107.43
clknet_leaf_12_clk,107.4
clknet_leaf_104_clk,107.28
_0858_,106.89
net25,106.16
_3246_,106.06
clknet_leaf_77_clk,104.96
_2152_,104.68
_2371_,104.68
_2004_,104.18
u_pe_array.g_pe_row\[3\].g_pe_col\[2\].u_pe.w_out\[0\],103.96
u_pe_array.g_pe_row\[2\].g_pe_col\[3\].u_pe.act_val\[2\],103.16
u_pe_array.g_pe_row\[0\].g_pe_col\[2\].u_pe.act_val\[1\],102.82
clknet_leaf_8_clk,102.46
clknet_leaf_67_clk,102.2
u_pe_array.g_pe_row\[3\].g_pe_col\[1\].u_pe.act_val\[2\],102.16
clknet_leaf_9_clk,102.09
_2322_,101.005
u_pe_array.g_pe_row\[0\].g_pe_col\[2\].u_pe.act_val\[0\],100.76
_3231_,100.6
u_pe_array.act_from_up\[12\]\[1\],100.58
_2280_,100.49
u_pe_array.g_pe_row\[2\].g_pe_col\[0\].u_pe.act_val\[0\],100.36
clknet_leaf_38_clk,100.18
clknet_leaf_13_clk,100.14
clknet_leaf_76_clk,100.14
_2378_,99.96
_2272_,99.32
_3236_,99.24
clknet_leaf_14_clk,99
u_pe_array.g_pe_row\[2\].g_pe_col\[1\].u_pe.psum_out\[9\],98.6
clknet_leaf_17_clk,98.19
_1437_,97.94
net425,97.48
clknet_leaf_61_clk,97.42
u_pe_array.g_pe_row\[2\].g_pe_col\[0\].u_pe.act_val\[1\],97.38
u_pe_array.g_pe_row\[1\].g_pe_col\[1\].u_pe.move_reg\[9\],97.28
net185,97.24
clknet_leaf_5_clk,96.98
clknet_leaf_66_clk,96.84
_1120_,96.49
clknet_leaf_28_clk,96.38
_2007_,96.25
u_pe_array.g_pe_row\[3\].g_pe_col\[1\].u_pe.move_reg\[6\],96.21
clknet_leaf_65_clk,95.7
clknet_leaf_44_clk,95.54
u_pe_array.g_pe_row\[2\].g_pe_col\[3\].u_pe.act_val\[0\],94.475
u_pe_array.g_pe_row\[0\].g_pe_col\[2\].u_pe.act_val\[4\],94.1
u_pe_array.g_pe_row\[3\].g_pe_col\[2\].u_pe.act_val\[0\],93.64
clknet_leaf_26_clk,93.54
clknet_leaf_36_clk,93.22
_2681_,92.08
u_pe_array.g_pe_row\[3\].g_pe_col\[0\].u_pe.act_val\[4\],92.06
_0853_,92.035
clknet_leaf_103_clk,91.9
_2364_,90.76
u_pe_array.g_pe_row\[3\].g_pe_col\[0\].u_pe.move_reg\[12\],90.76
clknet_leaf_42_clk,90.72
_2342_,90.42
clknet_leaf_3_clk,90.3
clknet_leaf_81_clk,90.14
net469,89.92
clknet_leaf_20_clk,89.9
u_pe_array.g_pe_row\[1\].g_pe_col\[1\].u_pe.move_reg\[10\],89.36
net51,89.28
u_pe_array.g_pe_row\[2\].g_pe_col\[0\].u_pe.psum_out\[8\],88.89
clknet_leaf_86_clk,88.88
u_pe_array.g_pe_row\[1\].g_pe_col\[3\].u_pe.psum_out\[6\],88.5
u_pe_array.g_pe_row\[2\].g_pe_col\[0\].u_pe.psum_out\[9\],88.2
u_pe_array.act_from_up\[12\]\[3\],88.18
u_pe_array.g_pe_row\[2\].g_pe_col\[2\].u_pe.act_val\[1\],88.02
_3506_,87.58
clknet_leaf_68_clk,87.515
u_pe_array.act_from_up\[6\]\[9\],87.06
clknet_leaf_79_clk,87.04
u_pe_array.g_pe_row\[2\].g_pe_col\[2\].u_pe.act_val\[4\],86.94
_2676_,86.92
_3238_,86.86
u_pe_array.u_fifo2.rd_ptr\[0\],86.86
_2350_,86.62
clknet_leaf_99_clk,86.14
clknet_leaf_88_clk,85.62
u_pe_array.g_pe_row\[0\].g_pe_col\[2\].u_pe.act_val\[3\],85.56
clknet_leaf_22_clk,85.54
_2149_,85.42
u_pe_array.u_fifo2.wr_ptr\[1\],85.06
net114,84.24
clknet_leaf_56_clk,84.06
_0964_,83.76
u_pe_array.g_pe_row\[0\].g_pe_col\[0\].u_pe.act_val\[2\],83.65
_2153_,83.6
_2649_,83.6
_1465_,83.26
_2508_,83.22
_2008_,83.18
u_pe_array.g_pe_row\[2\].g_pe_col\[1\].u_pe.psum_out\[7\],82.94
net419,82.36
clknet_leaf_97_clk,81.98
clknet_leaf_7_clk,81.96
u_pe_array.u_fifo2.rd_ptr\[3\],81.61
net26,81.52
u_pe_array.u_fifo2.rd_ptr\[1\],81.44
clknet_leaf_92_clk,80.4
clknet_leaf_64_clk,80.38
_2678_,80.36
u_pe_array.g_pe_row\[3\].g_pe_col\[0\].u_pe.act_val\[2\],80.04
u_pe_array.g_pe_row\[3\].g_pe_col\[1\].u_pe.act_val\[4\],79.86
u_pe_array.g_pe_row\[0\].g_pe_col\[0\].u_pe.act_val\[3\],79.72
clknet_leaf_50_clk,79.66
u_pe_array.g_pe_row\[2\].g_pe_col\[1\].u_pe.psum_out\[12\],79.42
clknet_leaf_74_clk,79.4
_2680_,79.18
_1464_,79.12
_2002_,78.66
clknet_leaf_4_clk,78.54
u_pe_array.g_pe_row\[3\].g_pe_col\[0\].u_pe.psum_out\[7\],78.465
_2013_,78.3
_1741_,77.7
clknet_leaf_85_clk,77.54
clknet_leaf_6_clk,77.2
u_pe_array.g_pe_row\[2\].g_pe_col\[2\].u_pe.act_val\[0\],76.38
u_pe_array.g_pe_row\[2\].g_pe_col\[2\].u_pe.act_val\[5\],76.24
clknet_leaf_47_clk,76.08
_0965_,76.06
u_pe_array.g_pe_row\[2\].g_pe_col\[3\].u_pe.act_val\[3\],75.76
u_pe_array.g_pe_row\[0\].g_pe_col\[3\].u_pe.psum_out\[6\],75.74
net11,75.56
clknet_leaf_100_clk,75.52
u_pe_array.g_pe_row\[3\].g_pe_col\[2\].u_pe.psum_out\[7\],74.955
u_pe_array.u_fifo2.rd_ptr\[2\],74.78
clknet_leaf_1_clk,74.78
u_pe_array.g_pe_row\[2\].g_pe_col\[0\].u_pe.psum_out\[10\],74.71
_3237_,74.64
u_pe_array.g_pe_row\[3\].g_pe_col\[1\].u_pe.act_val\[1\],74.56
clknet_leaf_82_clk,74.42
clknet_leaf_94_clk,73.96
net496,73.7
clknet_leaf_89_clk,73.6
_3521_,73.58
_2324_,73.3
_3392_,73.22
clknet_leaf_70_clk,73.22
u_pe_array.g_pe_row\[1\].g_pe_col\[1\].u_pe.act_val\[1\],73.02
u_pe_array.g_pe_row\[2\].g_pe_col\[0\].u_pe.psum_out\[7\],72.84
u_pe_array.g_pe_row\[2\].g_pe_col\[1\].u_pe.psum_out\[6\],72.3
net119,72.18
u_pe_array.g_pe_row\[2\].g_pe_col\[3\].u_pe.act_val\[4\],72.06
u_pe_array.g_pe_row\[0\].g_pe_col\[0\].u_pe.act_val\[4\],71.52
u_pe_array.g_pe_row\[0\].g_pe_col\[0\].u_pe.act_val\[1\],71.11
clknet_leaf_45_clk,71.1
u_pe_array.g_pe_row\[1\].g_pe_col\[1\].u_pe.move_reg\[11\],71
u_fsm.state\[1\],70.835
u_pe_array.g_pe_row\[3\].g_pe_col\[3\].u_pe.psum_out\[7\],70.64
clknet_leaf_91_clk,70.255
u_pe_array.g_pe_row\[1\].g_pe_col\[2\].u_pe.act_val\[4\],70.16
_2368_,70.14
_0957_,70.1
u_pe_array.g_pe_row\[2\].g_pe_col\[2\].u_pe.move_reg\[6\],70.04
clknet_leaf_59_clk,70.02
u_pe_array.g_pe_row\[3\].g_pe_col\[2\].u_pe.psum_out\[11\],70
clknet_leaf_51_clk,69.98
u_pe_array.g_pe_row\[3\].g_pe_col\[3\].u_pe.psum_out\[10\],69.8
_2139_,69.78
net36,69.6
_1124_,69.42
u_pe_array.g_pe_row\[2\].g_pe_col\[1\].u_pe.act_val\[5\],69.36
u_pe_array.g_pe_row\[2\].g_pe_col\[3\].u_pe.act_val\[5\],69.34
u_pe_array.g_pe_row\[0\].g_pe_col\[2\].u_pe.act_val\[5\],69.055
clknet_leaf_87_clk,68.9
_2001_,68.83
_3529_,68.56
clknet_leaf_55_clk,68.3
u_pe_array.g_pe_row\[3\].g_pe_col\[2\].u_pe.act_val\[1\],67.98
clknet_leaf_16_clk,67.82
u_pe_array.g_pe_row\[2\].g_pe_col\[2\].u_pe.act_val\[2\],67.68
clknet_leaf_21_clk,67.5
_1479_,67.44
_0955_,67.4
net22,67.36
clknet_leaf_11_clk,67.34
u_pe_array.u_fifo2.wr_ptr\[0\],67.22
u_pe_array.g_pe_row\[0\].g_pe_col\[2\].u_pe.psum_out\[9\],67.06
_2507_,67
clknet_leaf_98_clk,66.86
net175,66.48
_3499_,66.455
u_pe_array.g_pe_row\[2\].g_pe_col\[2\].u_pe.act_val\[3\],66.31
_0936_,66.26
_3484_,66.26
_2686_,66.24
u_pe_array.g_pe_row\[1\].g_pe_col\[1\].u_pe.move_reg\[12\],66.18
u_pe_array.g_pe_row\[1\].g_pe_col\[3\].u_pe.psum_out\[10\],66.16
u_pe_array.g_pe_row\[1\].g_pe_col\[1\].u_pe.act_val\[5\],66.02
clknet_leaf_33_clk,65.94
clknet_leaf_60_clk,65.93
clknet_leaf_39_clk,65.83
clknet_leaf_10_clk,65.74
_2687_,65.73
clknet_leaf_53_clk,65.71
clknet_leaf_43_clk,65.64
_3239_,65.58
net171,65.52
clknet_leaf_15_clk,65.42
u_pe_array.g_pe_row\[3\].g_pe_col\[2\].u_pe.psum_out\[10\],65.17
_3352_,65.06
_3536_,64.62
u_pe_array.g_pe_row\[1\].g_pe_col\[1\].u_pe.act_val\[4\],64.44
clknet_leaf_41_clk,64.4
u_pe_array.act_from_up\[14\]\[2\],64.38
u_pe_array.act_from_up\[6\]\[6\],64.26
clknet_leaf_40_clk,64.16
net474,64.1
_0918_,63.7
clknet_leaf_54_clk,63.54
u_pe_array.act_from_left\[5\]\[0\],63.52
_2284_,63.46
u_pe_array.g_pe_row\[3\].g_pe_col\[2\].u_pe.psum_out\[8\],63.395
_2335_,62.96
_1481_,62.84
_2377_,62.8
u_pe_array.g_pe_row\[1\].g_pe_col\[1\].u_pe.act_val\[3\],62.4
u_pe_array.g_pe_row\[3\].g_pe_col\[2\].u_pe.psum_out\[2\],62.18
u_pe_array.g_pe_row\[1\].g_pe_col\[0\].u_pe.act_val\[0\],62.08
_3240_,61.96
_2707_,61.78
u_pe_array.g_pe_row\[3\].g_pe_col\[3\].u_pe.act_val\[2\],61.76
_2685_,61.72
clknet_leaf_72_clk,61.58
u_pe_array.g_pe_row\[1\].g_pe_col\[0\].u_pe.psum_out\[7\],61.29
u_pe_array.g_pe_row\[0\].g_pe_col\[0\].u_pe.psum_out\[7\],61.04
clknet_leaf_23_clk,60.96
u_pe_array.act_from_up\[6\]\[7\],60.94
u_pe_array.g_pe_row\[1\].g_pe_col\[3\].u_pe.act_val\[3\],60.92
u_pe_array.g_pe_row\[1\].g_pe_col\[2\].u_pe.act_val\[1\],60.9
u_pe_array.g_pe_row\[2\].g_pe_col\[0\].u_pe.act_val\[4\],60.82
u_pe_array.g_pe_row\[3\].g_pe_col\[0\].u_pe.psum_out\[9\],60.66
_2141_,60.54
u_pe_array.g_pe_row\[1\].g_pe_col\[2\].u_pe.psum_out\[7\],60.42
_2849_,60.4
net301,60.3
clknet_leaf_101_clk,60.06
clknet_leaf_96_clk,60.02
u_pe_array.g_pe_row\[1\].g_pe_col\[2\].u_pe.psum_out\[9\],59.88
clknet_leaf_32_clk,59.76
u_fsm.state\[0\],59.71
_3463_,59.46
_3422_,59.4
_0954_,59.32
u_pe_array.u_fifo1.rd_ptr\[2\],59.3
clknet_leaf_69_clk,59.23
u_pe_array.g_pe_row\[1\].g_pe_col\[0\].u_pe.act_val\[1\],59.15
u_pe_array.g_pe_row\[2\].g_pe_col\[0\].u_pe.act_val\[2\],59.04
u_pe_array.g_pe_row\[0\].g_pe_col\[2\].u_pe.psum_out\[7\],58.73
u_pe_array.g_pe_row\[2\].g_pe_col\[3\].u_pe.move_reg\[10\],58.62
_3391_,58.48
u_pe_array.g_pe_row\[0\].g_pe_col\[1\].u_pe.psum_out\[9\],58.42
clknet_leaf_52_clk,58.12
u_pe_array.act_from_left\[5\]\[5\],58.02
net33,57.98
u_pe_array.g_pe_row\[3\].g_pe_col\[2\].u_pe.act_val\[4\],57.68
_2327_,57.65
u_pe_array.g_pe_row\[0\].g_pe_col\[2\].u_pe.psum_out\[6\],57.39
u_pe_array.g_pe_row\[2\].g_pe_col\[1\].u_pe.psum_out\[10\],57.38
u_pe_array.u_fifo1.wr_ptr\[0\],56.8
_0852_,56.68
u_pe_array.g_pe_row\[0\].g_pe_col\[1\].u_pe.act_val\[2\],56.6
clknet_leaf_106_clk,56.6
u_pe_array.g_pe_row\[1\].g_pe_col\[3\].u_pe.psum_out\[9\],56.16
u_pe_array.g_pe_row\[2\].g_pe_col\[3\].u_pe.move_reg\[7\],56.13
clknet_leaf_57_clk,56.06
_3514_,56.04
_2689_,55.98
u_pe_array.g_pe_row\[0\].g_pe_col\[2\].u_pe.psum_out\[8\],55.94
_2138_,55.88
_3491_,55.88
_3108_,55.86
_0862_,55.79
u_pe_array.g_pe_row\[0\].g_pe_col\[3\].u_pe.psum_out\[7\],55.715
_2151_,55.6
u_pe_array.g_pe_row\[2\].g_pe_col\[2\].u_pe.psum_out\[9\],55.6
net526,55.24
net154,55.22
clknet_leaf_80_clk,55.12
u_pe_array.g_pe_row\[2\].g_pe_col\[0\].u_pe.act_val\[3\],54.76
net68,54.735
_1461_,54.72
clknet_leaf_49_clk,54.7
net206,54.6
u_pe_array.g_pe_row\[1\].g_pe_col\[1\].u_pe.psum_out\[6\],54.08
_3349_,54
u_pe_array.g_pe_row\[1\].g_pe_col\[2\].u_pe.psum_out\[8\],54
_0865_,53.94
_2134_,53.9
u_pe_array.g_pe_row\[1\].g_pe_col\[1\].u_pe.act_val\[2\],53.875
clknet_leaf_27_clk,53.48
clknet_leaf_37_clk,53.3
u_pe_array.g_pe_row\[2\].g_pe_col\[3\].u_pe.move_reg\[11\],53
clknet_leaf_71_clk,52.98
clknet_leaf_48_clk,52.96
u_pe_array.g_pe_row\[2\].g_pe_col\[1\].u_pe.psum_out\[5\],52.86
u_pe_array.act_from_up\[14\]\[3\],52.84
u_pe_array.g_pe_row\[0\].g_pe_col\[0\].u_pe.psum_out\[9\],52.74
u_pe_array.g_pe_row\[0\].g_pe_col\[1\].u_pe.act_val\[1\],52.74
u_pe_array.g_pe_row\[1\].g_pe_col\[3\].u_pe.act_val\[1\],52.74
u_pe_array.act_from_up\[14\]\[4\],52.68
clknet_leaf_84_clk,52.68
_2329_,52.64
u_pe_array.g_pe_row\[1\].g_pe_col\[0\].u_pe.psum_out\[9\],52.635
_2688_,52.525
_3371_,52.48
clknet_leaf_30_clk,52.44
_0967_,52.36
_0871_,52.1
u_pe_array.g_pe_row\[2\].g_pe_col\[3\].u_pe.move_reg\[9\],52.08
u_pe_array.g_pe_row\[3\].g_pe_col\[2\].u_pe.psum_out\[12\],52.05
_0864_,51.98
_0966_,51.98
_3408_,51.88
net108,51.82
u_pe_array.u_fifo1.rd_ptr\[0\],51.735
u_pe_array.act_from_down\[1\]\[0\],51.68
u_pe_array.g_pe_row\[1\].g_pe_col\[0\].u_pe.act_val\[3\],51.675
u_pe_array.g_pe_row\[2\].g_pe_col\[1\].u_pe.act_val\[3\],51.625
u_pe_array.g_pe_row\[1\].g_pe_col\[3\].u_pe.psum_out\[7\],51.57
u_pe_array.g_pe_row\[1\].g_pe_col\[3\].u_pe.act_val\[4\],51.52
u_pe_array.act_from_down\[3\]\[3\],51.02
u_pe_array.g_pe_row\[2\].g_pe_col\[3\].u_pe.psum_out\[6\],50.99
u_pe_array.g_pe_row\[2\].g_pe_col\[0\].u_pe.act_val\[5\],50.92
_0952_,50.76
_0914_,50.52
u_pe_array.g_pe_row\[3\].g_pe_col\[3\].u_pe.act_val\[3\],50.285
_3242_,50.18
_0912_,50.16
_3351_,50.1
u_pe_array.g_pe_row\[3\].g_pe_col\[2\].u_pe.psum_out\[6\],50.06
clknet_leaf_31_clk,50
_3241_,49.96
u_pe_array.g_pe_row\[1\].g_pe_col\[3\].u_pe.psum_out\[8\],49.68
u_pe_array.g_pe_row\[3\].g_pe_col\[0\].u_pe.psum_out\[8\],49.395
u_pe_array.g_pe_row\[2\].g_pe_col\[3\].u_pe.psum_out\[5\],49.32
net193,49.23
clknet_leaf_90_clk,49.22
_3423_,49.04
_1478_,48.96
u_pe_array.act_from_up\[6\]\[8\],48.94
net57,48.78
_2696_,48.2
net104,48.1
_3446_,48.06
clknet_leaf_93_clk,48.06
u_pe_array.u_fifo1.rd_ptr\[3\],47.855
u_pe_array.g_pe_row\[3\].g_pe_col\[2\].u_pe.psum_out\[5\],47.85
u_pe_array.g_pe_row\[1\].g_pe_col\[0\].u_pe.act_val\[4\],47.84
clknet_leaf_107_clk,47.84
u_pe_array.g_pe_row\[1\].g_pe_col\[0\].u_pe.psum_out\[8\],47.64
u_pe_array.g_pe_row\[1\].g_pe_col\[2\].u_pe.act_val\[5\],47.56
_2850_,47.52
_1126_,47.44
u_pe_array.g_pe_row\[2\].g_pe_col\[3\].u_pe.psum_out\[7\],47.44
u_pe_array.g_pe_row\[3\].g_pe_col\[1\].u_pe.psum_out\[8\],47.24
u_pe_array.g_pe_row\[2\].g_pe_col\[1\].u_pe.act_val\[4\],46.965
u_pe_array.g_pe_row\[0\].g_pe_col\[1\].u_pe.psum_out\[8\],46.82
_3030_,46.72
u_pe_array.g_pe_row\[1\].g_pe_col\[0\].u_pe.act_val\[5\],46.72
_3431_,46.68
net17,46.56
u_pe_array.g_pe_row\[1\].g_pe_col\[3\].u_pe.psum_out\[1\],46.46
u_pe_array.g_pe_row\[3\].g_pe_col\[2\].u_pe.psum_out\[9\],46.36
u_pe_array.g_pe_row\[3\].g_pe_col\[3\].u_pe.act_val\[1\],46.22
u_pe_array.g_pe_row\[1\].g_pe_col\[2\].u_pe.psum_out\[11\],46.16
clknet_leaf_58_clk,46.14
u_pe_array.g_pe_row\[1\].g_pe_col\[1\].u_pe.psum_out\[7\],46.1
net234,46
u_pe_array.g_pe_row\[3\].g_pe_col\[0\].u_pe.act_val\[3\],45.9
u_pe_array.u_fifo1.rd_ptr\[1\],45.88
u_pe_array.g_pe_row\[2\].g_pe_col\[2\].u_pe.psum_out\[8\],45.86
_1505_,45.77
u_pe_array.g_pe_row\[1\].g_pe_col\[3\].u_pe.act_val\[2\],45.77
u_pe_array.g_pe_row\[1\].g_pe_col\[1\].u_pe.psum_out\[10\],45.46
clknet_leaf_78_clk,45.24
u_pe_array.g_pe_row\[3\].g_pe_col\[0\].u_pe.psum_out\[11\],45.19
u_pe_array.act_from_down\[3\]\[7\],45.16
_2349_,45.14
u_pe_array.g_pe_row\[3\].g_pe_col\[3\].u_pe.psum_out\[8\],44.9
_1399_,44.82
_1294_,44.8
clknet_leaf_34_clk,44.72
_2728_,44.56
_0958_,44.34
_2011_,44.28
_2010_,44.22
_2142_,44.22
u_pe_array.act_from_up\[4\]\[1\],44.18
clknet_leaf_2_clk,43.88
_2691_,43.86
_1480_,43.76
u_pe_array.g_pe_row\[0\].g_pe_col\[1\].u_pe.psum_out\[7\],43.64
u_pe_array.g_pe_row\[0\].g_pe_col\[2\].u_pe.psum_out\[10\],43.64
u_pe_array.g_pe_row\[3\].g_pe_col\[3\].u_pe.act_val\[0\],43.64
_1122_,43.62
_2356_,43.54
u_pe_array.act_from_down\[3\]\[6\],43.34
u_pe_array.g_pe_row\[3\].g_pe_col\[3\].u_pe.psum_out\[11\],43.32
u_pe_array.g_pe_row\[1\].g_pe_col\[1\].u_pe.psum_out\[11\],43.2
_3400_,43.18
_2337_,43.13
u_pe_array.g_pe_row\[1\].g_pe_col\[1\].u_pe.psum_out\[8\],43.08
u_pe_array.g_pe_row\[3\].g_pe_col\[1\].u_pe.move_reg\[10\],42.6
u_pe_array.g_pe_row\[1\].g_pe_col\[3\].u_pe.psum_out\[11\],42.56
u_pe_array.g_pe_row\[2\].g_pe_col\[1\].u_pe.act_val\[0\],42.52
clknet_leaf_29_clk,42.38
u_pe_array.act_from_up\[14\]\[1\],42.22
clknet_leaf_108_clk,41.84
_1133_,41.71
_3415_,41.67
u_pe_array.g_pe_row\[0\].g_pe_col\[0\].u_pe.psum_shift_en_d,41.64
u_pe_array.g_pe_row\[2\].g_pe_col\[2\].u_pe.psum_out\[7\],41.6
u_pe_array.g_pe_row\[3\].g_pe_col\[1\].u_pe.psum_out\[7\],41.6
u_pe_array.g_pe_row\[1\].g_pe_col\[2\].u_pe.psum_out\[10\],41.58
_2339_,41.54
u_pe_array.g_pe_row\[3\].g_pe_col\[3\].u_pe.psum_out\[9\],41.52
_2721_,41.5
u_pe_array.g_pe_row\[3\].g_pe_col\[0\].u_pe.act_val\[0\],41.22
u_pe_array.g_pe_row\[0\].g_pe_col\[3\].u_pe.act_val\[1\],41.16
u_pe_array.g_pe_row\[0\].g_pe_col\[3\].u_pe.act_val\[2\],41.06
u_pe_array.g_pe_row\[0\].g_pe_col\[1\].u_pe.act_val\[4\],41.04
u_pe_array.g_pe_row\[0\].g_pe_col\[2\].u_pe.move_reg\[11\],41.04
net364,40.9
clknet_leaf_46_clk,40.74
_2354_,40.46
u_pe_array.g_pe_row\[0\].g_pe_col\[3\].u_pe.act_val\[0\],40.44
u_pe_array.act_from_up\[6\]\[4\],40.38
u_pe_array.g_pe_row\[2\].g_pe_col\[3\].u_pe.move_reg\[8\],40.28
u_pe_array.g_pe_row\[0\].g_pe_col\[3\].u_pe.psum_out\[8\],40.24
u_pe_array.g_pe_row\[1\].g_pe_col\[0\].u_pe.psum_out\[3\],40.215
_0956_,40.16
_2977_,39.94
_1295_,39.74
u_pe_array.act_from_right\[2\]\[7\],39.72
_3439_,39.62
u_pe_array.act_from_up\[4\]\[9\],39.46
net189,39.38
_2375_,39.28
_3365_,39.06
u_pe_array.u_fifo2.wr_ptr\[2\],38.98
net279,38.98
net40,38.9
u_pe_array.g_pe_row\[3\].g_pe_col\[3\].u_pe.psum_out\[12\],38.86
u_pe_array.u_fifo2.count\[0\],38.84
u_pe_array.g_pe_row\[0\].g_pe_col\[0\].u_pe.act_val\[0\],38.82
u_pe_array.u_fifo1.buffer\[1\]\[4\],38.64
_2726_,38.56
_2648_,38.44
u_pe_array.g_pe_row\[1\].g_pe_col\[2\].u_pe.act_val\[0\],38.385
_1257_,38.38
u_pe_array.g_pe_row\[0\].g_pe_col\[2\].u_pe.move_reg\[10\],38.28
clknet_leaf_19_clk,38.22
u_pe_array.g_pe_row\[2\].g_pe_col\[2\].u_pe.psum_out\[10\],38.2
u_pe_array.g_pe_row\[1\].g_pe_col\[3\].u_pe.act_val\[5\],38.18
u_pe_array.act_from_right\[13\]\[2\],38.16
u_pe_array.g_pe_row\[1\].g_pe_col\[3\].u_pe.act_val\[0\],38.1
u_pe_array.g_pe_row\[0\].g_pe_col\[2\].u_pe.move_reg\[8\],37.86
u_pe_array.act_from_right\[13\]\[12\],37.78
u_pe_array.g_pe_row\[0\].g_pe_col\[2\].u_pe.psum_out\[5\],37.66
u_pe_array.g_pe_row\[0\].g_pe_col\[0\].u_pe.psum_out\[6\],37.64
u_pe_array.u_fifo1.wr_ptr\[1\],37.64
u_pe_array.u_fifo1.buffer\[1\]\[0\],37.58
_1293_,37.48
_2851_,37.44
u_pe_array.u_fifo2.count\[2\],37.22
u_pe_array.g_pe_row\[1\].g_pe_col\[3\].u_pe.psum_out\[2\],37.12
_3303_,37.06
_1945_,37.04
u_pe_array.g_pe_row\[3\].g_pe_col\[3\].u_pe.act_val\[4\],36.98
net31,36.98
u_pe_array.g_pe_row\[0\].g_pe_col\[3\].u_pe.psum_out\[5\],36.82
_2870_,36.76
net183,36.64
u_pe_array.g_pe_row\[2\].g_pe_col\[2\].u_pe.move_reg\[12\],36.59
u_pe_array.g_pe_row\[0\].g_pe_col\[1\].u_pe.act_val\[0\],36.48
u_pe_array.g_pe_row\[0\].g_pe_col\[0\].u_pe.psum_out\[3\],36.46
net8,36.46
u_pe_array.g_pe_row\[1\].g_pe_col\[2\].u_pe.psum_out\[6\],36.4
net132,36.38
_2589_,36.36
_2788_,36.36
_2194_,36.24
_1299_,36.14
u_pe_array.g_pe_row\[2\].g_pe_col\[0\].u_pe.psum_out\[2\],36.14
net676,36.12
_2532_,36.08
net181,36.04
u_pe_array.g_pe_row\[0\].g_pe_col\[3\].u_pe.act_val\[3\],36
u_pe_array.g_pe_row\[3\].g_pe_col\[3\].u_pe.psum_out\[4\],35.94
u_pe_array.g_pe_row\[2\].g_pe_col\[2\].u_pe.psum_out\[3\],35.92
u_pe_array.g_pe_row\[3\].g_pe_col\[0\].u_pe.move_reg\[8\],35.84
_0961_,35.68
_1700_,35.66
_0960_,35.6
_2856_,35.6
u_pe_array.g_pe_row\[0\].g_pe_col\[1\].u_pe.psum_out\[3\],35.58
u_pe_array.g_pe_row\[2\].g_pe_col\[0\].u_pe.psum_out\[3\],35.5
u_pe_array.act_from_right\[5\]\[3\],35.48
_1837_,35.46
_2362_,35.34
_2494_,35.24
u_pe_array.g_pe_row\[3\].g_pe_col\[2\].u_pe.act_val\[5\],35.22
u_pe_array.g_pe_row\[2\].g_pe_col\[2\].u_pe.psum_out\[6\],35.2
u_pe_array.g_pe_row\[0\].g_pe_col\[3\].u_pe.psum_out\[11\],35.14
u_pe_array.g_pe_row\[2\].g_pe_col\[2\].u_pe.psum_out\[1\],35.02
_2361_,34.98
_2663_,34.84
u_pe_array.g_pe_row\[3\].g_pe_col\[1\].u_pe.psum_out\[9\],34.82
u_pe_array.g_pe_row\[0\].g_pe_col\[3\].u_pe.move_reg\[8\],34.8
u_pe_array.act_from_down\[11\]\[4\],34.64
_0916_,34.48
u_pe_array.g_pe_row\[2\].g_pe_col\[2\].u_pe.psum_out\[12\],34.4
u_pe_array.g_pe_row\[3\].g_pe_col\[2\].u_pe.psum_out\[3\],34.38
u_pe_array.g_pe_row\[0\].g_pe_col\[1\].u_pe.move_reg\[8\],34.32
u_pe_array.g_pe_row\[1\].g_pe_col\[2\].u_pe.psum_out\[2\],34.29
u_pe_array.g_pe_row\[1\].g_pe_col\[2\].u_pe.act_val\[3\],34.12
u_pe_array.g_pe_row\[2\].g_pe_col\[2\].u_pe.psum_out\[11\],34.02
_2418_,34
_2334_,33.99
u_pe_array.g_pe_row\[2\].g_pe_col\[1\].u_pe.act_val\[2\],33.96
_2697_,33.94
_2782_,33.92
u_pe_array.u_fifo2.count\[1\],33.92
u_pe_array.g_pe_row\[1\].g_pe_col\[1\].u_pe.psum_out\[12\],33.9
u_pe_array.g_pe_row\[0\].g_pe_col\[1\].u_pe.psum_out\[10\],33.88
u_pe_array.g_pe_row\[0\].g_pe_col\[0\].u_pe.act_val\[5\],33.87
_2333_,33.865
u_pe_array.g_pe_row\[0\].g_pe_col\[3\].u_pe.act_val\[5\],33.76
_2598_,33.64
u_pe_array.act_from_up\[6\]\[10\],33.62
u_pe_array.u_fifo1.wr_ptr\[2\],33.605
u_pe_array.act_from_up\[4\]\[10\],33.54
u_pe_array.g_pe_row\[1\].g_pe_col\[1\].u_pe.act_val\[0\],33.54
u_pe_array.g_pe_row\[0\].g_pe_col\[1\].u_pe.psum_out\[5\],33.5
u_pe_array.g_pe_row\[3\].g_pe_col\[1\].u_pe.psum_out\[10\],33.5
u_pe_array.u_fifo1.count\[2\],33.46
u_pe_array.g_pe_row\[2\].g_pe_col\[1\].u_pe.psum_out\[1\],33.315
_1542_,33.28
_2469_,33.28
u_pe_array.u_fifo1.buffer\[8\]\[4\],33.28
_1050_,33.22
u_pe_array.act_from_right\[13\]\[11\],33.08
u_pe_array.g_pe_row\[3\].g_pe_col\[3\].u_pe.psum_out\[6\],33.08
u_pe_array.act_from_down\[3\]\[2\],32.96
u_pe_array.g_pe_row\[3\].g_pe_col\[0\].u_pe.psum_out\[5\],32.96
_1687_,32.82
net110,32.78
net578,32.7
_1406_,32.66
u_pe_array.act_from_down\[1\]\[2\],32.62
u_pe_array.g_pe_row\[0\].g_pe_col\[2\].u_pe.move_reg\[6\],32.46
u_pe_array.g_pe_row\[1\].g_pe_col\[0\].u_pe.act_val\[2\],32.44
u_pe_array.g_pe_row\[2\].g_pe_col\[1\].u_pe.psum_out\[4\],32.39
net12,32.36
u_pe_array.g_pe_row\[3\].g_pe_col\[2\].u_pe.act_val\[2\],32.28
_1144_,32.26
u_pe_array.g_pe_row\[0\].g_pe_col\[3\].u_pe.act_val\[4\],32.26
_3263_,32.235
u_pe_array.g_pe_row\[1\].g_pe_col\[1\].u_pe.psum_out\[5\],32.2
_2571_,32.16
u_pe_array.g_pe_row\[0\].g_pe_col\[3\].u_pe.psum_out\[9\],32.16
_3082_,32.1
u_pe_array.g_pe_row\[0\].g_pe_col\[0\].u_pe.psum_out\[10\],32.095
u_pe_array.act_from_up\[4\]\[8\],32.06
u_pe_array.g_pe_row\[2\].g_pe_col\[1\].u_pe.psum_out\[2\],32.06
_3047_,31.95
net179,31.86
u_pe_array.g_pe_row\[0\].g_pe_col\[0\].u_pe.psum_out\[8\],31.85
u_pe_array.g_pe_row\[3\].g_pe_col\[3\].u_pe.psum_out\[2\],31.82
u_pe_array.u_fifo2.count\[3\],31.8
u_pe_array.g_pe_row\[3\].g_pe_col\[1\].u_pe.psum_out\[2\],31.64
_2111_,31.56
u_pe_array.g_pe_row\[0\].g_pe_col\[0\].u_pe.psum_out\[4\],31.56
u_pe_array.g_pe_row\[1\].g_pe_col\[2\].u_pe.psum_out\[1\],31.56
net407,31.56
net151,31.54
_1296_,31.48
_1187_,31.44
u_pe_array.g_pe_row\[3\].g_pe_col\[0\].u_pe.psum_out\[10\],31.385
_2338_,31.325
u_pe_array.g_pe_row\[0\].g_pe_col\[3\].u_pe.psum_out\[4\],31.32
u_pe_array.act_from_down\[3\]\[4\],31.12
_2059_,30.92
net102,30.815
_3275_,30.68
_2332_,30.64
u_pe_array.g_pe_row\[1\].g_pe_col\[3\].u_pe.psum_out\[4\],30.58
_2460_,30.54
u_pe_array.g_pe_row\[1\].g_pe_col\[2\].u_pe.psum_out\[3\],30.5
u_pe_array.g_pe_row\[2\].g_pe_col\[0\].u_pe.psum_out\[1\],30.46
u_pe_array.act_from_right\[13\]\[10\],30.42
_0917_,30.38
u_pe_array.g_pe_row\[2\].g_pe_col\[2\].u_pe.psum_out\[2\],30.37
net137,30.36
net412,30.36
u_pe_array.g_pe_row\[1\].g_pe_col\[0\].u_pe.psum_out\[10\],30.305
u_pe_array.g_pe_row\[3\].g_pe_col\[0\].u_pe.psum_out\[6\],30.245
_2294_,30.2
u_pe_array.act_from_right\[5\]\[1\],30.12
net27,30.06
u_pe_array.g_pe_row\[3\].g_pe_col\[0\].u_pe.act_val\[1\],30.02
u_pe_array.g_pe_row\[3\].g_pe_col\[1\].u_pe.move_reg\[11\],30
_1962_,29.98
u_pe_array.g_pe_row\[0\].g_pe_col\[2\].u_pe.psum_out\[11\],29.98
_2705_,29.96
_1740_,29.94
u_pe_array.g_pe_row\[1\].g_pe_col\[1\].u_pe.psum_out\[9\],29.92
_2871_,29.9
u_pe_array.g_pe_row\[0\].g_pe_col\[1\].u_pe.psum_out\[11\],29.9
_3029_,29.88
_2694_,29.86
u_pe_array.act_from_down\[3\]\[9\],29.86
_2549_,29.84
_2855_,29.82
_2644_,29.78
_2710_,29.78
u_pe_array.g_pe_row\[2\].g_pe_col\[3\].u_pe.psum_out\[10\],29.78
_2712_,29.76
u_pe_array.g_pe_row\[0\].g_pe_col\[3\].u_pe.move_reg\[10\],29.76
_3107_,29.74
u_pe_array.g_pe_row\[2\].g_pe_col\[3\].u_pe.psum_out\[8\],29.72
_1923_,29.66
u_pe_array.act_from_up\[6\]\[12\],29.66
net97,29.65
u_pe_array.act_from_up\[6\]\[5\],29.56
_0860_,29.52
u_pe_array.g_pe_row\[3\].g_pe_col\[3\].u_pe.psum_out\[3\],29.52
_2901_,29.46
_1671_,29.42
_1340_,29.4
_2495_,29.36
u_pe_array.g_pe_row\[3\].g_pe_col\[1\].u_pe.psum_out\[1\],29.36
_2297_,29.34
net377,29.24
u_pe_array.g_pe_row\[2\].g_pe_col\[2\].u_pe.move_reg\[9\],29.2
net168,29.16
_1568_,29.13
_1971_,29.08
u_pe_array.g_pe_row\[3\].g_pe_col\[1\].u_pe.act_val\[5\],29.04
_2978_,29.02
u_pe_array.g_pe_row\[0\].g_pe_col\[3\].u_pe.psum_out\[10\],29.02
u_pe_array.g_pe_row\[2\].g_pe_col\[1\].u_pe.psum_out\[0\],29.02
_2104_,28.84
u_pe_array.u_fifo1.buffer\[8\]\[5\],28.82
u_pe_array.act_from_up\[6\]\[1\],28.8
_3086_,28.78
_2293_,28.72
u_pe_array.g_pe_row\[3\].g_pe_col\[0\].u_pe.act_val\[5\],28.66
_1839_,28.62
_3324_,28.62
u_pe_array.g_pe_row\[0\].g_pe_col\[0\].u_pe.psum_out\[11\],28.62
u_pe_array.u_fifo1.buffer\[8\]\[2\],28.6
_2250_,28.54
_3073_,28.54
u_pe_array.g_pe_row\[0\].g_pe_col\[3\].u_pe.psum_out\[1\],28.53
net719,28.48
_2830_,28.42
net165,28.42
_2347_,28.4
_1266_,28.28
u_pe_array.u_fifo2.wr_ptr\[3\],28.28
_1546_,28.26
_2236_,28.26
_1138_,28.23
_3320_,28.215
_3017_,28.2
net192,28.2
_1677_,28.16
_2200_,28.12
_2102_,28.1
_1630_,28.09
_2714_,28.08
u_pe_array.g_pe_row\[0\].g_pe_col\[1\].u_pe.psum_out\[2\],28.035
u_pe_array.act_from_down\[9\]\[12\],28.02
u_pe_array.u_fifo1.buffer\[8\]\[0\],28.02
_2331_,27.97
_2312_,27.96
_1076_,27.9
_2348_,27.895
_2417_,27.8
net259,27.74
u_pe_array.act_from_up\[6\]\[11\],27.7
u_pe_array.g_pe_row\[1\].g_pe_col\[0\].u_pe.psum_out\[2\],27.66
u_pe_array.g_pe_row\[0\].g_pe_col\[1\].u_pe.psum_out\[12\],27.64
_2852_,27.58
u_pe_array.g_pe_row\[0\].g_pe_col\[0\].u_pe.psum_out\[5\],27.58
net238,27.58
_1353_,27.56
_2222_,27.56
u_pe_array.g_pe_row\[3\].g_pe_col\[1\].u_pe.psum_out\[12\],27.42
u_pe_array.g_pe_row\[0\].g_pe_col\[2\].u_pe.psum_out\[3\],27.32
net383,27.32
u_pe_array.g_pe_row\[1\].g_pe_col\[2\].u_pe.psum_out\[12\],27.28
u_pe_array.g_pe_row\[3\].g_pe_col\[0\].u_pe.psum_out\[12\],27.275
u_pe_array.g_pe_row\[2\].g_pe_col\[3\].u_pe.psum_out\[4\],27.26
_1657_,27.25
_3136_,27.18
net378,27.16
_2859_,27.12
u_pe_array.g_pe_row\[2\].g_pe_col\[0\].u_pe.psum_out\[6\],27.12
_2751_,27.04
u_pe_array.g_pe_row\[0\].g_pe_col\[3\].u_pe.psum_out\[2\],27.04
_1511_,27
u_pe_array.g_pe_row\[2\].g_pe_col\[3\].u_pe.psum_out\[9\],27
net147,27
u_pe_array.g_pe_row\[2\].g_pe_col\[2\].u_pe.psum_out\[0\],26.95
clknet_leaf_24_clk,26.94
_0235_,26.9
u_pe_array.g_pe_row\[0\].g_pe_col\[1\].u_pe.act_val\[5\],26.84
_1009_,26.82
u_pe_array.u_fifo1.count\[0\],26.82
u_pe_array.g_pe_row\[0\].g_pe_col\[3\].u_pe.psum_out\[3\],26.8
u_pe_array.u_fifo1.count\[3\],26.8
net246,26.8
_1846_,26.78
u_pe_array.act_from_down\[1\]\[1\],26.78
_3075_,26.775
_2201_,26.76
u_pe_array.g_pe_row\[3\].g_pe_col\[3\].u_pe.act_val\[5\],26.72
_2522_,26.7
_3316_,26.67
_2012_,26.64
u_pe_array.g_pe_row\[2\].g_pe_col\[3\].u_pe.psum_out\[12\],26.6
net328,26.6
_3201_,26.58
u_pe_array.g_pe_row\[2\].g_pe_col\[3\].u_pe.psum_out\[2\],26.56
net310,26.56
_1679_,26.54
_2278_,26.54
_2552_,26.5
net77,26.48
_1681_,26.42
_1739_,26.3
_1085_,26.28
u_pe_array.g_pe_row\[2\].g_pe_col\[1\].u_pe.act_val\[1\],26.28
u_pe_array.g_pe_row\[1\].g_pe_col\[2\].u_pe.psum_out\[5\],26.23
net577,26.18
u_pe_array.g_pe_row\[1\].g_pe_col\[0\].u_pe.psum_out\[4\],26.14
_2073_,26.02
_2370_,26.02
_3459_,26.02
u_pe_array.act_from_down\[1\]\[3\],26
_1973_,25.93
net435,25.92
_2431_,25.88
u_pe_array.g_pe_row\[0\].g_pe_col\[0\].u_pe.psum_out\[1\],25.88
u_pe_array.g_pe_row\[3\].g_pe_col\[2\].u_pe.move_reg\[9\],25.86
_2189_,25.82
net306,25.78
net253,25.68
_1541_,25.62
u_pe_array.g_pe_row\[1\].g_pe_col\[0\].u_pe.psum_out\[6\],25.62
_1709_,25.585
u_pe_array.g_pe_row\[1\].g_pe_col\[2\].u_pe.move_reg\[7\],25.58
net375,25.56
_2309_,25.5
u_pe_array.g_pe_row\[2\].g_pe_col\[1\].u_pe.psum_out\[3\],25.46
_2919_,25.44
_1073_,25.34
u_pe_array.act_from_down\[3\]\[5\],25.32
_1980_,25.28
_3050_,25.28
u_pe_array.u_fifo2.buffer\[6\]\[2\],25.265
net212,25.24
_1783_,25.22
_2711_,25.22
u_pe_array.act_from_down\[3\]\[1\],25.18
_2976_,25.16
_0900_,25.12
_0948_,25
_0894_,24.98
u_pe_array.g_pe_row\[3\].g_pe_col\[2\].u_pe.move_reg\[8\],24.98
u_pe_array.g_pe_row\[1\].g_pe_col\[3\].u_pe.psum_out\[3\],24.96
u_pe_array.g_pe_row\[2\].g_pe_col\[3\].u_pe.psum_out\[1\],24.96
u_fsm.next_state\[1\],24.94
_1742_,24.92
net89,24.92
net484,24.9
u_pe_array.act_from_right\[8\]\[11\],24.88
u_pe_array.act_from_up\[12\]\[9\],24.84
net276,24.82
net91,24.8
_1215_,24.74
u_pe_array.g_pe_row\[1\].g_pe_col\[2\].u_pe.move_reg\[11\],24.7
_2575_,24.69
_0905_,24.64
_2909_,24.64
_1577_,24.62
u_fsm.cnt\[2\],24.62
_2897_,24.6
_1312_,24.52
_1259_,24.5
_2176_,24.5
_2015_,24.42
u_pe_array.g_pe_row\[0\].g_pe_col\[2\].u_pe.psum_out\[1\],24.4
u_pe_array.g_pe_row\[0\].g_pe_col\[1\].u_pe.psum_out\[6\],24.38
u_pe_array.g_pe_row\[2\].g_pe_col\[3\].u_pe.psum_out\[11\],24.38
_2724_,24.36
_3175_,24.36
net473,24.3
_1521_,24.28
_3214_,24.28
net441,24.22
u_pe_array.g_pe_row\[1\].g_pe_col\[0\].u_pe.move_reg\[9\],24.21
_1153_,24.16
_3287_,24.16
_2380_,24.02
u_pe_array.g_pe_row\[1\].g_pe_col\[0\].u_pe.psum_out\[5\],24.02
u_pe_array.act_from_down\[11\]\[0\],24
net335,24
_1828_,23.96
_2384_,23.94
u_pe_array.g_pe_row\[2\].g_pe_col\[2\].u_pe.move_reg\[8\],23.92
_2607_,23.87
_0959_,23.84
_2079_,23.82
_1027_,23.8
_1691_,23.8
_3154_,23.78
_2600_,23.75
_0174_,23.74
_3483_,23.7
_1199_,23.68
_2792_,23.68
_2999_,23.64
u_pe_array.act_from_up\[4\]\[3\],23.64
u_pe_array.u_fifo1.buffer\[8\]\[3\],23.64
net314,23.52
_1536_,23.48
_2162_,23.46
_2889_,23.46
net860,23.46
u_pe_array.g_pe_row\[2\].g_pe_col\[2\].u_pe.psum_out\[5\],23.44
_3164_,23.4
_1363_,23.38
_3178_,23.37
u_pe_array.act_from_left\[15\]\[5\],23.3
_3052_,23.28
_3210_,23.26
_1211_,23.255
u_fsm.v_cnt\[2\],23.24
_3216_,23.18
u_pe_array.act_from_right\[10\]\[11\],23.14
_2719_,23.08
_1303_,23.06
u_fsm.ch_cnt\[1\],23.06
u_pe_array.g_pe_row\[3\].g_pe_col\[2\].u_pe.psum_out\[4\],23.05
u_pe_array.g_pe_row\[2\].g_pe_col\[0\].u_pe.psum_out\[5\],23.04
_2121_,23.02
_3379_,22.99
u_pe_array.act_from_down\[9\]\[10\],22.98
_3471_,22.97
u_pe_array.act_from_up\[4\]\[11\],22.96
u_pe_array.u_fifo2.buffer\[3\]\[2\],22.96
net75,22.96
u_pe_array.g_pe_row\[1\].g_pe_col\[0\].u_pe.move_reg\[8\],22.94
u_pe_array.g_pe_row\[1\].g_pe_col\[0\].u_pe.psum_out\[1\],22.9
_3038_,22.88
_2206_,22.825
_2583_,22.8
net269,22.78
_2553_,22.68
_1255_,22.66
_2244_,22.6
_2767_,22.58
u_pe_array.act_from_right\[8\]\[8\],22.58
u_pe_array.g_pe_row\[1\].g_pe_col\[1\].u_pe.psum_out\[1\],22.56
u_pe_array.g_pe_row\[1\].g_pe_col\[2\].u_pe.psum_out\[4\],22.56
_2829_,22.54
_0915_,22.52
u_pe_array.u_fifo1.buffer\[8\]\[1\],22.5
u_pe_array.g_pe_row\[0\].g_pe_col\[2\].u_pe.psum_out\[12\],22.46
_2741_,22.44
_3382_,22.44
net432,22.44
u_pe_array.act_from_up\[12\]\[2\],22.38
_1150_,22.34
u_pe_array.g_pe_row\[3\].g_pe_col\[1\].u_pe.psum_out\[5\],22.28
_2570_,22.2
_0909_,22.18
net117,22.18
_2888_,22.12
_3346_,22.1
_2188_,22.06
_3251_,22.06
_1270_,22.04
_2089_,22.005
u_pe_array.g_pe_row\[3\].g_pe_col\[3\].u_pe.psum_out\[1\],22
net87,22
_3044_,21.99
_2945_,21.98
u_pe_array.u_fifo2.buffer\[1\]\[4\],21.98
_0348_,21.96
_0941_,21.92
_2374_,21.92
u_pe_array.g_pe_row\[3\].g_pe_col\[0\].u_pe.psum_out\[4\],21.92
net255,21.92
net321,21.92
_1495_,21.9
_3112_,21.9
u_pe_array.g_pe_row\[2\].g_pe_col\[1\].u_pe.move_reg\[10\],21.88
net54,21.88
u_pe_array.g_pe_row\[3\].g_pe_col\[1\].u_pe.psum_out\[11\],21.84
net326,21.84
_1397_,21.76
u_pe_array.act_from_up\[4\]\[4\],21.74
u_pe_array.g_pe_row\[3\].g_pe_col\[3\].u_pe.psum_out\[5\],21.74
_1374_,21.68
net404,21.62
net100,21.56
_0872_,21.48
net747,21.48
_1694_,21.47
_0906_,21.42
_3474_,21.42
u_pe_array.g_pe_row\[0\].g_pe_col\[1\].u_pe.psum_out\[1\],21.42
net81,21.4
_1588_,21.38
net821,21.36
_2437_,21.34
u_pe_array.u_fifo2.buffer\[3\]\[0\],21.32
net123,21.32
_2473_,21.28
_1665_,21.245
_1101_,21.24
u_pe_array.g_pe_row\[3\].g_pe_col\[2\].u_pe.move_reg\[6\],21.14
u_pe_array.g_pe_row\[1\].g_pe_col\[0\].u_pe.psum_out\[11\],21.135
net23,21.12
net337,21.12
u_pe_array.g_pe_row\[0\].g_pe_col\[3\].u_pe.move_reg\[12\],21.1
_1922_,21.08
u_pe_array.g_pe_row\[3\].g_pe_col\[2\].u_pe.psum_out\[1\],21.08
_1044_,21.06
u_pe_array.g_pe_row\[2\].g_pe_col\[3\].u_pe.psum_out\[3\],21.06
net465,21.06
u_fsm.cnt\[1\],21.04
_3169_,20.98
_1986_,20.94
_2282_,20.92
u_pe_array.u_fifo2.buffer\[5\]\[2\],20.86
u_pe_array.g_pe_row\[3\].g_pe_col\[1\].u_pe.psum_out\[3\],20.84
net398,20.82
net417,20.82
_0855_,20.8
_2367_,20.78
u_pe_array.g_pe_row\[3\].g_pe_col\[0\].u_pe.move_reg\[6\],20.77
u_pe_array.g_pe_row\[3\].g_pe_col\[1\].u_pe.psum_out\[4\],20.74
_1224_,20.72
u_pe_array.u_fifo2.buffer\[1\]\[1\],20.72
net7,20.7
_1240_,20.62
_2336_,20.62
u_pe_array.act_from_right\[13\]\[3\],20.62
net910,20.62
_3282_,20.595
_2828_,20.59
u_pe_array.g_pe_row\[3\].g_pe_col\[2\].u_pe.psum_out\[0\],20.58
_2815_,20.56
net333,20.56
u_fsm.v_cnt\[1\],20.5
u_pe_array.g_pe_row\[1\].g_pe_col\[2\].u_pe.act_val\[2\],20.47
u_pe_array.g_pe_row\[1\].g_pe_col\[1\].u_pe.psum_out\[0\],20.46
net403,20.46
_0272_,20.44
_2900_,20.44
_1516_,20.4
u_pe_array.act_from_up\[4\]\[2\],20.36
net319,20.36
u_pe_array.act_from_down\[3\]\[0\],20.34
u_pe_array.u_fifo1.buffer\[5\]\[5\],20.32
u_pe_array.g_pe_row\[1\].g_pe_col\[3\].u_pe.psum_out\[5\],20.3
_1208_,20.24
_0112_,20.22
_2920_,20.22
u_pe_array.u_fifo2.buffer\[3\]\[5\],20.2
_1361_,20.16
_1852_,20.16
u_pe_array.g_pe_row\[0\].g_pe_col\[1\].u_pe.act_val\[3\],20.14
u_pe_array.g_pe_row\[1\].g_pe_col\[0\].u_pe.move_reg\[6\],20.12
net459,20.12
net490,20.1
_1410_,20.06
_1761_,20.04
_3060_,20
_3109_,20
net44,20
_3106_,19.98
_1926_,19.955
_2169_,19.9
_2931_,19.9
_2434_,19.89
_1223_,19.86
_2182_,19.86
net864,19.86
_1911_,19.84
net346,19.84
_2817_,19.82
_3225_,19.82
_1371_,19.78
_1491_,19.78
u_pe_array.g_pe_row\[0\].g_pe_col\[2\].u_pe.move_reg\[12\],19.78
_2876_,19.74
_3153_,19.74
net287,19.74
_3132_,19.72
u_pe_array.g_pe_row\[2\].g_pe_col\[0\].u_pe.psum_out\[4\],19.72
net93,19.72
_2125_,19.71
_3299_,19.705
u_pe_array.g_pe_row\[3\].g_pe_col\[0\].u_pe.psum_out\[0\],19.675
_1251_,19.67
_2068_,19.66
u_pe_array.act_from_up\[4\]\[6\],19.66
u_pe_array.g_pe_row\[3\].g_pe_col\[3\].u_pe.psum_out\[0\],19.66
_3110_,19.64
_0118_,19.6
net381,19.6
_3027_,19.595
clknet_leaf_105_clk,19.54
_1583_,19.52
_1656_,19.52
_2989_,19.52
_0341_,19.5
_2812_,19.5
_1551_,19.48
_3039_,19.45
_1609_,19.44
_2539_,19.44
_2725_,19.44
_0874_,19.42
_2654_,19.4
_1203_,19.36
_2014_,19.36
u_pe_array.u_fifo2.buffer\[2\]\[2\],19.345
_3093_,19.34
_3301_,19.3
_0991_,19.24
u_pe_array.act_from_down\[1\]\[10\],19.24
_2613_,19.22
_2917_,19.22
_2835_,19.21
_1262_,19.17
_0268_,19.14
_3257_,19.1
_3330_,19.1
u_fsm.v_cnt\[0\],19.08
net49,19.08
_2021_,19.04
_2167_,19.02
u_pe_array.act_from_right\[2\]\[10\],19.02
u_pe_array.g_pe_row\[0\].g_pe_col\[0\].u_pe.psum_out\[12\],19.02
_1200_,19
net510,19
_3128_,18.98
_2346_,18.96
_1581_,18.93
u_pe_array.g_pe_row\[3\].g_pe_col\[1\].u_pe.psum_out\[0\],18.92
net467,18.92
net693,18.92
_2411_,18.9
_2824_,18.9
net159,18.9
_0863_,18.88
u_pe_array.g_pe_row\[3\].g_pe_col\[0\].u_pe.psum_out\[3\],18.86
net79,18.84
_2518_,18.83
_2205_,18.775
_0696_,18.74
_3117_,18.72
_3277_,18.72
_1666_,18.68
_2052_,18.68
_1901_,18.66
_2462_,18.62
_1031_,18.6
_3458_,18.6
net116,18.6
net229,18.6
net360,18.6
_1152_,18.56
_2393_,18.56
_0351_,18.5
net511,18.48
net106,18.46
_2677_,18.44
_3468_,18.4
_1702_,18.38
_0898_,18.36
_2470_,18.36
_2880_,18.36
_3477_,18.34
_1934_,18.32
net95,18.32
_1048_,18.28
net98,18.28
u_pe_array.u_fifo1.buffer\[5\]\[1\],18.26
_2786_,18.24
net730,18.24
_1378_,18.22
_1654_,18.22
v_in0[1],18.22
net38,18.2
_2618_,18.18
_2954_,18.18
u_pe_array.g_pe_row\[1\].g_pe_col\[0\].u_pe.move_reg\[12\],18.16
net198,18.16
_3250_,18.15
_2218_,18.125
net204,18.12
net222,18.12
_1949_,18.1
_2771_,18.1
_1585_,18.08
_3187_,18.08
net355,18.08
u_fsm.cnt\[3\],18.06
net267,18.06
u_pe_array.u_fifo1.buffer\[4\]\[5\],18.05
net177,18.04
_0203_,18.02
_1041_,18
_2454_,18
u_pe_array.act_from_up\[6\]\[2\],18
_2796_,17.98
u_pe_array.u_fifo1.count\[1\],17.94
_3249_,17.92
_1256_,17.9
u_pe_array.g_pe_row\[0\].g_pe_col\[3\].u_pe.move_reg\[11\],17.9
_1391_,17.88
_1906_,17.88
u_pe_array.g_pe_row\[0\].g_pe_col\[1\].u_pe.move_reg\[7\],17.88
net53,17.88
u_pe_array.act_from_down\[9\]\[3\],17.86
u_pe_array.g_pe_row\[0\].g_pe_col\[2\].u_pe.psum_out\[2\],17.86
u_pe_array.u_fifo1.buffer\[1\]\[1\],17.86
_1952_,17.84
_2414_,17.84
net362,17.84
_3113_,17.8
u_pe_array.u_fifo1.buffer\[5\]\[0\],17.8
_1248_,17.78
u_pe_array.u_fifo1.buffer\[3\]\[3\],17.78
u_pe_array.u_fifo2.buffer\[1\]\[2\],17.78
net50,17.78
u_pe_array.u_fifo2.buffer\[6\]\[3\],17.765
net354,17.76
_1823_,17.74
_1850_,17.74
_2207_,17.74
_3156_,17.74
_0851_,17.68
_2260_,17.64
_2306_,17.64
_3244_,17.62
_3268_,17.62
_3344_,17.62
_0304_,17.6
_3350_,17.6
u_pe_array.act_from_right\[8\]\[9\],17.56
net443,17.56
_1090_,17.54
_0535_,17.52
_1016_,17.52
_2046_,17.52
u_pe_array.g_pe_row\[1\].g_pe_col\[1\].u_pe.psum_out\[3\],17.52
_1384_,17.5
_0981_,17.485
_2240_,17.48
_0541_,17.46
_1212_,17.46
_3157_,17.46
u_pe_array.act_from_right\[8\]\[6\],17.45
u_pe_array.g_pe_row\[2\].g_pe_col\[3\].u_pe.psum_out\[0\],17.44
u_pe_array.g_pe_row\[3\].g_pe_col\[2\].u_pe.move_reg\[7\],17.44
_1723_,17.42
net226,17.41
_2426_,17.4
_2778_,17.365
_1771_,17.36
_3385_,17.36
_1757_,17.34
_2093_,17.34
u_pe_array.u_fifo1.buffer\[5\]\[3\],17.34
_1234_,17.32
_2908_,17.32
net155,17.32
_1800_,17.3
_2147_,17.3
_2258_,17.28
u_pe_array.u_fifo2.buffer\[3\]\[1\],17.28
net263,17.28
_3296_,17.26
u_pe_array.u_fifo1.buffer\[3\]\[5\],17.24
_2328_,17.21
_1805_,17.2
_2447_,17.2
_1147_,17.18
_3011_,17.18
net472,17.18
_2115_,17.16
_1368_,17.155
_0884_,17.1
_2326_,17.1
_2923_,17.1
u_pe_array.act_from_down\[9\]\[11\],17.1
u_pe_array.g_pe_row\[3\].g_pe_col\[2\].u_pe.move_reg\[12\],17.1
u_pe_array.u_fifo2.buffer\[2\]\[5\],17.085
u_pe_array.u_fifo2.buffer\[6\]\[0\],17.065
_1874_,17.06
_2427_,17.06
_2947_,17.06
_3071_,17.06
u_pe_array.act_from_up\[12\]\[11\],17.06
u_pe_array.g_pe_row\[1\].g_pe_col\[2\].u_pe.move_reg\[6\],17.06
_1582_,17.04
_1603_,17.02
_3258_,17
_0299_,16.98
u_pe_array.g_pe_row\[1\].g_pe_col\[2\].u_pe.move_reg\[10\],16.98
_1815_,16.96
_2226_,16.96
u_pe_array.act_from_right\[13\]\[0\],16.96
_1820_,16.94
_1349_,16.92
_0178_,16.9
net294,16.9
_1134_,16.88
_1168_,16.88
_2699_,16.88
_3267_,16.88
net773,16.88
_2386_,16.86
u_pe_array.g_pe_row\[3\].g_pe_col\[2\].u_pe.move_reg\[10\],16.86
net150,16.86
_2439_,16.84
_3173_,16.84
_3384_,16.8
_0354_,16.78
u_pe_array.g_pe_row\[1\].g_pe_col\[2\].u_pe.move_reg\[12\],16.78
u_pe_array.u_fifo1.buffer\[1\]\[3\],16.78
_1382_,16.76
_3126_,16.76
_0557_,16.72
_0305_,16.7
_1799_,16.7
_2168_,16.7
_3198_,16.7
u_pe_array.act_from_up\[12\]\[10\],16.7
_2779_,16.68
_0996_,16.62
_1039_,16.62
_1107_,16.6
_2708_,16.6
u_pe_array.act_from_up\[12\]\[4\],16.6
u_pe_array.u_fifo2.buffer\[1\]\[0\],16.6
net240,16.6
u_pe_array.g_pe_row\[1\].g_pe_col\[2\].u_pe.psum_out\[0\],16.575
_1228_,16.56
_1974_,16.54
_2018_,16.52
u_pe_array.g_pe_row\[3\].g_pe_col\[1\].u_pe.psum_out\[6\],16.52
net142,16.52
net162,16.52
_2766_,16.48
_2898_,16.48
u_pe_array.act_from_up\[6\]\[3\],16.48
_1156_,16.46
_1810_,16.46
_2376_,16.46
_2675_,16.46
_3366_,16.42
_2591_,16.38
_2825_,16.36
u_pe_array.act_from_down\[9\]\[8\],16.36
u_pe_array.g_pe_row\[2\].g_pe_col\[3\].u_pe.move_reg\[12\],16.36
net47,16.36
u_pe_array.g_pe_row\[3\].g_pe_col\[0\].u_pe.psum_out\[2\],16.34
_1717_,16.32
_1887_,16.32
_1514_,16.3
_1525_,16.3
_2140_,16.3
_2746_,16.3
_2558_,16.28
_1869_,16.24
_3260_,16.24
u_pe_array.g_pe_row\[1\].g_pe_col\[3\].u_pe.psum_out\[0\],16.24
_1067_,16.22
_2296_,16.22
u_pe_array.g_pe_row\[2\].g_pe_col\[1\].u_pe.move_reg\[11\],16.22
net481,16.22
_1713_,16.2
_1811_,16.2
_1991_,16.2
_2962_,16.2
_2936_,16.18
_1362_,16.175
net265,16.14
u_pe_array.g_pe_row\[0\].g_pe_col\[0\].u_pe.psum_out\[2\],16.12
u_pe_array.g_pe_row\[0\].g_pe_col\[1\].u_pe.psum_out\[0\],16.12
u_pe_array.g_pe_row\[2\].g_pe_col\[2\].u_pe.psum_out\[4\],16.12
_1376_,16.11
u_pe_array.g_pe_row\[2\].g_pe_col\[1\].u_pe.move_reg\[7\],16.11
_0699_,16.1
_2592_,16.1
_2700_,16.1
net128,16.1
_2122_,16.08
_2595_,16.06
net439,16.06
u_pe_array.u_fifo2.buffer\[6\]\[1\],16.045
net514,16.02
_1214_,16
u_fsm.cnt\[0\],15.99
u_pe_array.u_fifo2.buffer\[6\]\[4\],15.965
_0867_,15.925
u_pe_array.u_fifo2.buffer\[6\]\[5\],15.925
_2196_,15.92
u_pe_array.g_pe_row\[0\].g_pe_col\[3\].u_pe.move_reg\[9\],15.92
net457,15.92
_1570_,15.915
_1675_,15.915
net43,15.9
net584,15.9
_1644_,15.88
_1180_,15.86
_1365_,15.84
_2355_,15.835
_3090_,15.82
u_pe_array.u_fifo2.buffer\[8\]\[1\],15.8
_2171_,15.76
u_pe_array.act_from_down\[9\]\[2\],15.76
_1835_,15.75
net295,15.74
_2390_,15.72
_2703_,15.72
u_pe_array.g_pe_row\[1\].g_pe_col\[3\].u_pe.psum_out\[12\],15.72
_1689_,15.7
_2407_,15.7
u_pe_array.u_fifo1.buffer\[5\]\[4\],15.7
net261,15.7
u_pe_array.g_pe_row\[3\].g_pe_col\[1\].u_pe.move_reg\[12\],15.68
_1814_,15.66
u_fsm.ch_cnt\[0\],15.66
_0558_,15.645
_1789_,15.64
_1944_,15.64
_2112_,15.64
_2067_,15.62
_2276_,15.62
_1927_,15.6
u_pe_array.act_from_right\[2\]\[9\],15.6
u_pe_array.act_from_up\[4\]\[0\],15.58
_2070_,15.56
u_pe_array.u_fifo2.buffer\[1\]\[5\],15.56
net544,15.56
_1788_,15.54
_0314_,15.5
_2496_,15.5
u_pe_array.g_pe_row\[1\].g_pe_col\[2\].u_pe.move_reg\[8\],15.48
_2363_,15.46
net502,15.46
net568,15.46
_0887_,15.44
_1070_,15.44
_1633_,15.42
_3221_,15.4
net934,15.4
_1589_,15.36
psum_out0[9],15.36
_1037_,15.32
_2058_,15.32
u_pe_array.u_fifo2.buffer\[3\]\[4\],15.32
net210,15.32
_0870_,15.3
_2565_,15.3
_2887_,15.3
_3264_,15.3
u_pe_array.g_pe_row\[3\].g_pe_col\[0\].u_pe.psum_out\[1\],15.285
_1685_,15.28
_1917_,15.28
_2759_,15.28
start,15.28
_2383_,15.26
u_pe_array.u_fifo2.buffer\[0\]\[3\],15.26
net215,15.245
_2845_,15.24
_2857_,15.22
_1001_,15.2
_2580_,15.18
u_pe_array.act_from_down\[11\]\[6\],15.18
_1895_,15.16
_2289_,15.16
_2179_,15.1
u_pe_array.act_from_left\[13\]\[0\],15.06
_0215_,15.045
_2402_,15.04
_3513_,15.04
net283,15.02
net845,15.02
net606,15
_1968_,14.98
net492,14.98
_1414_,14.96
_0445_,14.94
_2360_,14.94
_1879_,14.92
_2698_,14.92
net389,14.92
_1626_,14.9
psum_out1[9],14.9
_1244_,14.88
_1976_,14.875
_3151_,14.87
_1529_,14.86
_2781_,14.86
_0084_,14.84
u_pe_array.act_from_up\[4\]\[7\],14.84
_0236_,14.82
u_pe_array.act_from_right\[0\]\[12\],14.82
_2435_,14.805
net250,14.8
net299,14.8
_1190_,14.78
_3289_,14.76
net867,14.76
_1348_,14.74
_2776_,14.74
_3215_,14.74
u_pe_array.u_fifo1.wr_ptr\[3\],14.74
_1890_,14.7
_1242_,14.66
_1857_,14.66
_2432_,14.64
net85,14.64
u_pe_array.u_fifo1.buffer\[6\]\[1\],14.62
net723,14.62
_0599_,14.6
_1861_,14.58
_2578_,14.58
_1670_,14.56
_2465_,14.55
_1059_,14.54
_1935_,14.54
_2323_,14.54
u_pe_array.act_from_right\[8\]\[0\],14.54
_0560_,14.52
_1260_,14.5
_1780_,14.5
_1847_,14.5
_2100_,14.5
_2701_,14.5
net641,14.5
u_pe_array.g_pe_row\[0\].g_pe_col\[2\].u_pe.psum_out\[0\],14.48
_0868_,14.46
_2922_,14.46
_3297_,14.46
_3438_,14.46
u_pe_array.act_from_left\[13\]\[4\],14.46
net370,14.46
_1524_,14.44
_2951_,14.42
u_pe_array.g_pe_row\[2\].g_pe_col\[2\].u_pe.move_reg\[10\],14.42
_2254_,14.4
_1097_,14.38
_3460_,14.36
net187,14.36
_2623_,14.34
net298,14.325
_0527_,14.32
_2187_,14.32
_1091_,14.3
_1302_,14.3
_3307_,14.3
net173,14.3
net744,14.3
_2682_,14.29
_2022_,14.28
_3386_,14.28
_1619_,14.26
_2053_,14.26
_3208_,14.26
_2896_,14.24
_1177_,14.23
_2773_,14.22
u_pe_array.g_pe_row\[1\].g_pe_col\[1\].u_pe.psum_out\[2\],14.22
net380,14.22
_3023_,14.21
_2208_,14.2
_2344_,14.2
u_fsm.h_cnt\[1\],14.2
_2303_,14.18
_2594_,14.18
_0638_,14.165
_1335_,14.14
_1530_,14.14
_2477_,14.14
_3122_,14.14
u_pe_array.u_fifo1.buffer\[4\]\[3\],14.14
net243,14.14
u_pe_array.act_from_right\[0\]\[11\],14.12
net533,14.12
_1932_,14.1
_2190_,14.1
u_pe_array.act_from_up\[14\]\[9\],14.1
_1028_,14.06
_1054_,14.06
_1520_,14.06
_2541_,14.06
u_pe_array.g_pe_row\[3\].g_pe_col\[3\].u_pe.move_reg\[9\],14.06
_1232_,14.045
_3220_,14.04
u_pe_array.u_fifo1.buffer\[1\]\[5\],14.02
net121,14.02
_1322_,14.015
_1939_,14
_1559_,13.98
_1616_,13.98
u_pe_array.u_fifo1.buffer\[4\]\[0\],13.98
_2762_,13.975
_0675_,13.965
_1049_,13.96
u_pe_array.act_from_right\[5\]\[2\],13.96
u_pe_array.u_fifo2.buffer\[1\]\[3\],13.96
net349,13.96
u_pe_array.g_pe_row\[0\].g_pe_col\[1\].u_pe.psum_out\[4\],13.94
_1831_,13.93
_3022_,13.91
_1985_,13.9
_3206_,13.9
net242,13.88
net396,13.88
_1573_,13.875
_1181_,13.87
_1918_,13.86
_2631_,13.84
_3290_,13.84
u_pe_array.g_pe_row\[3\].g_pe_col\[2\].u_pe.act_val\[3\],13.84
net715,13.84
net855,13.84
_1896_,13.8
_2225_,13.8
_2330_,13.78
net603,13.78
u_pe_array.u_fifo1.buffer\[2\]\[3\],13.765
_1366_,13.76
_2066_,13.76
_3167_,13.76
_1022_,13.73
_2564_,13.72
_2704_,13.72
_2768_,13.72
_1652_,13.7
u_pe_array.g_pe_row\[0\].g_pe_col\[0\].u_pe.psum_out\[0\],13.7
_1338_,13.68
_1620_,13.68
net717,13.68
net382,13.66
_1236_,13.65
_1924_,13.64
_2787_,13.64
_2965_,13.64
u_pe_array.act_from_down\[3\]\[11\],13.62
net324,13.62
_1051_,13.58
net463,13.58
_2056_,13.575
_1743_,13.56
_3176_,13.56
u_pe_array.act_from_right\[0\]\[4\],13.56
net878,13.56
_1096_,13.54
_1143_,13.53
_2352_,13.52
_2513_,13.52
u_pe_array.act_from_right\[8\]\[3\],13.52
_3203_,13.51
_2077_,13.505
_0452_,13.5
_0970_,13.5
_1297_,13.5
_1554_,13.5
_1766_,13.5
_1818_,13.5
net434,13.5
net636,13.5
net691,13.5
net769,13.5
_1372_,13.485
_0103_,13.48
_1513_,13.48
_2381_,13.48
_3165_,13.48
u_pe_array.u_fifo1.buffer\[2\]\[4\],13.48
net660,13.48
_1787_,13.46
_1812_,13.46
u_pe_array.act_from_right\[10\]\[9\],13.46
_0566_,13.44
_2865_,13.44
_3072_,13.44
_3424_,13.44
net340,13.42
net825,13.42
_1392_,13.4
_2291_,13.4
_1851_,13.38
_3152_,13.38
u_pe_array.g_pe_row\[1\].g_pe_col\[0\].u_pe.move_reg\[10\],13.38
net56,13.38
net83,13.38
_2994_,13.36
u_pe_array.u_fifo2.buffer\[0\]\[1\],13.36
net257,13.36
net188,13.32
net456,13.32
net637,13.32
_2603_,13.31
u_pe_array.u_fifo1.buffer\[5\]\[2\],13.3
net866,13.3
net903,13.3
u_pe_array.act_from_up\[6\]\[0\],13.28
net697,13.28
_0629_,13.265
_1395_,13.26
_3298_,13.26
net509,13.26
net55,13.255
_2634_,13.25
_2540_,13.24
_1834_,13.22
_0982_,13.2
_1819_,13.2
u_pe_array.act_from_down\[3\]\[10\],13.2
_1826_,13.18
_3048_,13.175
_0901_,13.16
_3376_,13.16
_1346_,13.14
_2023_,13.14
_0687_,13.12
_1017_,13.12
_3336_,13.12
u_pe_array.g_pe_row\[3\].g_pe_col\[3\].u_pe.move_reg\[8\],13.12
_2145_,13.1
_0565_,13.08
u_pe_array.act_from_right\[0\]\[5\],13.08
u_pe_array.g_pe_row\[1\].g_pe_col\[2\].u_pe.move_reg\[9\],13.08
net201,13.08
net397,13.08
_3143_,13.07
_2185_,13.065
_1496_,13.06
_1532_,13.06
_2385_,13.06
_2301_,13.04
_2561_,13.04
_2854_,13.04
_3374_,13.04
u_pe_array.act_from_down\[9\]\[9\],13.04
u_pe_array.act_from_up\[12\]\[7\],13.04
net539,13.04
_1271_,13.02
_2210_,13.02
u_pe_array.g_pe_row\[0\].g_pe_col\[2\].u_pe.psum_out\[4\],13.02
net505,13.005
_2732_,13
_0975_,12.98
_1053_,12.98
_2911_,12.98
_0280_,12.96
_1497_,12.96
_1856_,12.96
net494,12.96
_1081_,12.945
_1030_,12.92
_1984_,12.92
_2085_,12.9
_2523_,12.9
_1227_,12.88
_1264_,12.88
u_pe_array.act_from_down\[1\]\[12\],12.88
net727,12.86
net753,12.86
_0139_,12.84
_0420_,12.84
_1954_,12.84
_2612_,12.84
u_pe_array.g_pe_row\[0\].g_pe_col\[1\].u_pe.move_reg\[12\],12.84
u_pe_array.u_fifo2.buffer\[8\]\[0\],12.84
net112,12.84
net390,12.84
net823,12.84
_3184_,12.82
net347,12.78
net405,12.78
net581,12.78
_1842_,12.77
_2770_,12.76
net127,12.76
net291,12.76
_0032_,12.74
_1744_,12.74
u_pe_array.act_from_left\[5\]\[1\],12.74
net566,12.74
_2353_,12.72
net124,12.72
net220,12.72
_1870_,12.7
u_pe_array.g_pe_row\[1\].g_pe_col\[1\].u_pe.psum_out\[4\],12.7
w_in_flat[0],12.7
w_in_flat[1],12.7
w_in_flat[2],12.7
w_in_flat[3],12.7
net488,12.7
_0082_,12.68
u_pe_array.act_from_up\[14\]\[5\],12.68
_0186_,12.66
_0339_,12.66
_2789_,12.66
_3456_,12.66
u_pe_array.act_from_left\[15\]\[9\],12.64
_0133_,12.62
_1209_,12.62
_2366_,12.62
net831,12.62
net936,12.62
_0122_,12.6
net790,12.6
net846,12.6
_0482_,12.58
_1360_,12.58
_3286_,12.58
u_pe_array.act_from_right\[0\]\[0\],12.58
net564,12.58
_1486_,12.56
_2758_,12.56
_2892_,12.56
_0630_,12.54
_1512_,12.54
_3342_,12.52
net34,12.52
_2848_,12.5
_2932_,12.5
u_pe_array.g_pe_row\[2\].g_pe_col\[1\].u_pe.move_reg\[12\],12.5
u_pe_array.u_fifo2.buffer\[7\]\[3\],12.5
net594,12.5
net611,12.5
net66,12.48
_2186_,12.46
u_pe_array.g_pe_row\[3\].g_pe_col\[2\].u_pe.move_reg\[11\],12.46
net109,12.46
net164,12.46
net726,12.46
net801,12.46
_0332_,12.445
_1650_,12.44
_3068_,12.44
net401,12.42
_0676_,12.4
net795,12.4
net894,12.4
_1791_,12.38
_2319_,12.38
u_pe_array.u_fifo2.buffer\[8\]\[3\],12.38
net67,12.38
net877,12.38
_2560_,12.36
_1316_,12.34
_1640_,12.34
_2537_,12.34
_3306_,12.34
net445,12.34
_0812_,12.32
_0226_,12.3
_0669_,12.3
_0980_,12.3
net600,12.3
net208,12.28
_2076_,12.275
_1089_,12.26
_2765_,12.26
_0274_,12.24
_0456_,12.24
_1431_,12.24
_1501_,12.24
_2568_,12.24
_3253_,12.24
_3426_,12.24
h_in0[0],12.24
v_in0[0],12.24
net461,12.24
_1420_,12.23
_1358_,12.22
_3269_,12.22
net357,12.22
net411,12.22
net764,12.22
_1231_,12.2
_2257_,12.2
net65,12.2
_2415_,12.18
_2780_,12.18
net312,12.18
_1222_,12.16
_1307_,12.16
_1445_,12.16
_2445_,12.16
_2832_,12.16
u_pe_array.g_pe_row\[0\].g_pe_col\[3\].u_pe.w_out\[1\],12.16
_1533_,12.15
_1078_,12.14
_1622_,12.14
_2862_,12.14
_0005_,12.12
_0175_,12.12
_0995_,12.12
_1632_,12.12
u_pe_array.u_fifo2.buffer\[5\]\[5\],12.12
_2150_,12.1
u_pe_array.act_from_down\[11\]\[1\],12.1
_0542_,12.08
_1057_,12.08
_2305_,12.08
_3519_,12.08
_1664_,12.06
net317,12.06
_1900_,12.02
u_pe_array.u_fifo1.buffer\[2\]\[5\],12.02
net750,12.02
u_pe_array.act_from_left\[15\]\[0\],12
net230,12
net832,12
_2261_,11.98
u_pe_array.g_pe_row\[2\].g_pe_col\[0\].u_pe.psum_out\[0\],11.98
u_pe_array.u_fifo1.buffer\[2\]\[0\],11.965
_1141_,11.96
_1522_,11.96
u_pe_array.g_pe_row\[0\].g_pe_col\[1\].u_pe.move_reg\[11\],11.96
_2114_,11.94
_2395_,11.94
net567,11.94
_1941_,11.92
_2074_,11.9
_2720_,11.88
_3312_,11.88
_0990_,11.86
_1317_,11.86
net191,11.84
u_pe_array.u_fifo2.buffer\[2\]\[3\],11.83
_1327_,11.82
_2144_,11.82
net122,11.82
_1517_,11.8
_1730_,11.8
_1957_,11.8
u_pe_array.act_from_right\[8\]\[10\],11.8
_0656_,11.78
_1026_,11.78
_1477_,11.78
_1981_,11.78
_2406_,11.78
_3001_,11.78
_3115_,11.78
v_in0[5],11.78
net732,11.78
_1753_,11.765
_2463_,11.76
_2611_,11.76
_2992_,11.76
u_pe_array.act_from_left\[13\]\[10\],11.76
_1400_,11.74
_2230_,11.74
_0049_,11.72
_0273_,11.72
_2373_,11.72
_3334_,11.72
u_pe_array.act_from_up\[14\]\[11\],11.72
_1062_,11.71
_0221_,11.7
_2113_,11.7
_2253_,11.7
_2542_,11.7
u_pe_array.g_pe_row\[2\].g_pe_col\[0\].u_pe.move_reg\[11\],11.7
net632,11.7
net805,11.7
psum_out0[10],11.68
psum_out0[12],11.68
psum_out0[2],11.68
psum_out1[6],11.68
psum_out1[7],11.68
net329,11.665
_0615_,11.66
_2119_,11.66
u_pe_array.g_pe_row\[3\].g_pe_col\[3\].u_pe.move_reg\[11\],11.66
net372,11.66
net436,11.66
_0042_,11.64
_2183_,11.64
_2960_,11.64
_3466_,11.64
_0951_,11.62
_1023_,11.62
net46,11.62
_3037_,11.6
net344,11.6
_2055_,11.58
_2071_,11.58
u_pe_array.g_pe_row\[1\].g_pe_col\[3\].u_pe.move_reg\[12\],11.58
u_pe_array.u_fifo2.buffer\[0\]\[0\],11.58
_0399_,11.565
_2547_,11.54
_3144_,11.54
_1018_,11.52
_1350_,11.52
_2398_,11.52
_2798_,11.52
net663,11.52
_3472_,11.5
net392,11.5
net559,11.5
net644,11.48
net421,11.46
net619,11.46
_3271_,11.44
_3378_,11.44
u_pe_array.g_pe_row\[1\].g_pe_col\[0\].u_pe.psum_out\[0\],11.425
_2251_,11.42
_2533_,11.42
_3148_,11.42
_3327_,11.42
_3288_,11.415
_0389_,11.38
_0391_,11.38
_1226_,11.38
_2321_,11.38
net96,11.38
net225,11.38
_0718_,11.36
_2394_,11.36
_3429_,11.36
u_pe_array.act_from_right\[2\]\[2\],11.36
net286,11.36
net384,11.36
net388,11.36
_1380_,11.34
_2081_,11.34
u_pe_array.u_fifo1.buffer\[3\]\[0\],11.34
_2544_,11.33
_1899_,11.32
u_pe_array.act_from_right\[5\]\[4\],11.32
u_pe_array.g_pe_row\[0\].g_pe_col\[0\].u_pe.move_reg\[10\],11.32
u_pe_array.g_pe_row\[0\].g_pe_col\[1\].u_pe.move_reg\[6\],11.32
net703,11.32
_1336_,11.3
_2964_,11.3
u_pe_array.u_fifo1.buffer\[6\]\[2\],11.285
_0564_,11.26
_0666_,11.26
_2722_,11.26
net471,11.26
u_pe_array.g_pe_row\[1\].g_pe_col\[0\].u_pe.psum_out\[12\],11.25
net195,11.24
net927,11.24
_2574_,11.22
u_pe_array.act_from_down\[1\]\[9\],11.2
net752,11.2
_0526_,11.18
_2451_,11.18
_2585_,11.18
_2755_,11.18
u_pe_array.g_pe_row\[3\].g_pe_col\[0\].u_pe.move_reg\[9\],11.18
_1943_,11.16
_2660_,11.16
_2913_,11.16
u_pe_array.act_from_down\[3\]\[12\],11.16
net289,11.14
_1377_,11.12
_2420_,11.12
_2693_,11.12
u_pe_array.act_from_left\[15\]\[4\],11.12
net478,11.12
net768,11.12
net933,11.12
_1683_,11.1
_1790_,11.1
_2818_,11.1
_2866_,11.1
u_pe_array.act_from_left\[15\]\[1\],11.1
_2096_,11.08
_0480_,11.065
_1188_,11.06
_2548_,11.06
net186,11.04
net498,11.04
_1402_,11.03
_1233_,11.02
_2692_,11.02
net914,11.02
_1442_,11
_1796_,11
_2095_,11
net163,11
_0182_,10.98
_2528_,10.98
psum_out1[4],10.97
_1695_,10.96
net316,10.96
_3182_,10.94
_0312_,10.92
_0433_,10.92
_2325_,10.92
_3003_,10.92
_3473_,10.92
net857,10.92
_0712_,10.9
_2582_,10.9
net277,10.9
net366,10.9
net517,10.9
net854,10.9
_0885_,10.88
_2475_,10.88
_2943_,10.88
u_pe_array.g_pe_row\[0\].g_pe_col\[3\].u_pe.psum_out\[0\],10.88
_1154_,10.86
_3179_,10.86
u_pe_array.act_from_left\[15\]\[11\],10.86
_3311_,10.84
u_pe_array.g_pe_row\[2\].g_pe_col\[3\].u_pe.move_reg\[6\],10.835
_1698_,10.82
net339,10.82
_3377_,10.8
_3510_,10.8
net251,10.8
_0050_,10.78
_0060_,10.78
_0292_,10.78
_0533_,10.78
net493,10.78
net652,10.78
net863,10.78
net881,10.78
_1238_,10.76
_2180_,10.76
_2436_,10.76
_2912_,10.76
_0455_,10.74
_2715_,10.74
_2801_,10.74
_2877_,10.74
_3478_,10.74
u_pe_array.g_pe_row\[0\].g_pe_col\[0\].u_pe.move_reg\[8\],10.74
net52,10.74
net293,10.74
net516,10.74
net826,10.74
_1881_,10.72
net532,10.72
_3229_,10.705
_1458_,10.7
_3089_,10.7
_3124_,10.7
_1638_,10.68
_1975_,10.68
_0310_,10.66
_1914_,10.66
_2514_,10.66
_2952_,10.66
_3087_,10.66
net452,10.66
_0573_,10.645
_1352_,10.64
net323,10.64
_1792_,10.62
_1915_,10.62
_1931_,10.62
u_fsm.next_state\[0\],10.62
u_pe_array.g_pe_row\[3\].g_pe_col\[3\].u_pe.move_reg\[12\],10.62
net483,10.62
net827,10.62
net322,10.605
_2042_,10.6
_1058_,10.59
_2019_,10.59
u_pe_array.g_pe_row\[0\].g_pe_col\[0\].u_pe.move_reg\[12\],10.58
_2455_,10.575
_0183_,10.56
_2271_,10.56
net519,10.56
_1960_,10.54
_2939_,10.54
_3149_,10.54
_0690_,10.52
_1182_,10.52
_1549_,10.52
net774,10.52
_1014_,10.5
_2212_,10.5
_2993_,10.5
_3162_,10.5
_3174_,10.5
_3394_,10.5
net828,10.5
_3475_,10.48
_0352_,10.46
_0907_,10.46
_0942_,10.44
_1628_,10.44
u_pe_array.act_from_right\[8\]\[1\],10.44
_2775_,10.42
_2918_,10.42
_3036_,10.42
net233,10.42
_0483_,10.4
_0492_,10.4
_0657_,10.4
_1719_,10.4
_2177_,10.4
_2831_,10.4
_3114_,10.4
_3372_,10.4
u_pe_array.act_from_down\[9\]\[1\],10.4
u_pe_array.g_pe_row\[2\].g_pe_col\[1\].u_pe.move_reg\[9\],10.4
_0172_,10.36
_0223_,10.36
_0262_,10.36
_1094_,10.36
_1470_,10.34
_2785_,10.34
_3383_,10.34
_2315_,10.32
_2401_,10.32
_3094_,10.32
net113,10.32
net256,10.32
net424,10.32
net631,10.32
net850,10.32
_2216_,10.3
net928,10.3
u_pe_array.u_fifo2.buffer\[4\]\[4\],10.29
_1275_,10.28
_2526_,10.28
_3083_,10.28
_3292_,10.28
_1929_,10.26
u_pe_array.act_from_down\[9\]\[5\],10.26
_0691_,10.245
_1061_,10.24
_2797_,10.24
_1040_,10.22
_1859_,10.22
net721,10.22
net859,10.22
_1417_,10.2
_2524_,10.2
net209,10.2
net281,10.2
net431,10.2
net848,10.2
net879,10.2
_0451_,10.18
_1718_,10.18
_2895_,10.18
net707,10.18
_0814_,10.165
net86,10.165
u_pe_array.u_fifo2.buffer\[5\]\[3\],10.16
net454,10.16
_1643_,10.14
_1193_,10.12
_2813_,10.12
_0210_,10.1
net315,10.1
net665,10.1
net700,10.1
net875,10.1
_1639_,10.08
u_pe_array.u_fifo1.buffer\[4\]\[2\],10.08
_2950_,10.07
net695,10.06
_0770_,10.045
_3270_,10.04
u_pe_array.g_pe_row\[0\].g_pe_col\[3\].u_pe.psum_out\[12\],10.04
_3190_,10.02
_2228_,10
net236,10
_2734_,9.995
_2109_,9.985
_0506_,9.98
_0530_,9.98
_0547_,9.98
_0587_,9.98
_1804_,9.98
_2979_,9.98
_3080_,9.98
net628,9.98
net890,9.98
_1705_,9.97
_0179_,9.96
_2389_,9.96
_3163_,9.96
_3464_,9.96
u_pe_array.act_from_left\[5\]\[4\],9.96
net371,9.96
_1508_,9.94
_2577_,9.94
_2653_,9.94
_3223_,9.94
u_pe_array.g_pe_row\[0\].g_pe_col\[2\].u_pe.move_reg\[9\],9.94
net297,9.94
net681,9.94
net705,9.94
_2733_,9.92
_2959_,9.92
_3411_,9.92
_0364_,9.9
_0693_,9.9
_1763_,9.9
_3096_,9.9
_3259_,9.9
u_pe_array.act_from_down\[9\]\[4\],9.9
u_pe_array.act_from_right\[2\]\[12\],9.9
_1759_,9.88
_1893_,9.88
_3127_,9.88
_1993_,9.875
_0035_,9.86
_1370_,9.86
_3192_,9.86
_3414_,9.86
u_pe_array.act_from_right\[0\]\[1\],9.86
u_pe_array.u_fifo2.buffer\[3\]\[3\],9.86
_1278_,9.84
_1545_,9.84
net749,9.825
_1492_,9.82
_3495_,9.82
u_pe_array.act_from_up\[14\]\[12\],9.82
u_pe_array.g_pe_row\[3\].g_pe_col\[0\].u_pe.move_reg\[11\],9.82
net561,9.82
_1482_,9.8
_1490_,9.8
_2220_,9.8
_2555_,9.8
net133,9.785
_0079_,9.78
_1326_,9.78
_1553_,9.78
_2975_,9.78
_3305_,9.775
_1703_,9.77
_1510_,9.76
_1809_,9.76
_1337_,9.74
_3013_,9.74
_3142_,9.74
_3147_,9.74
net304,9.74
_1499_,9.72
_1777_,9.72
net840,9.72
_2736_,9.7
u_pe_array.u_fifo1.buffer\[0\]\[2\],9.7
net218,9.7
net264,9.7
net812,9.7
net94,9.685
_1170_,9.68
_2124_,9.67
_0568_,9.665
_0048_,9.66
net368,9.66
net486,9.66
net817,9.66
_0098_,9.64
_0416_,9.64
_2519_,9.64
v_in0[2],9.64
v_in1[2],9.64
w_in_flat[4],9.64
net207,9.64
net217,9.64
net905,9.64
u_pe_array.u_fifo1.buffer\[0\]\[4\],9.62
net625,9.62
_0562_,9.6
net838,9.6
_3104_,9.58
_3380_,9.58
net60,9.58
_0194_,9.56
_1321_,9.56
_1586_,9.56
_2083_,9.56
_3462_,9.56
_0232_,9.54
_0801_,9.54
_1042_,9.54
_3189_,9.54
net685,9.54
_0779_,9.525
_0184_,9.52
_0627_,9.52
_0802_,9.52
u_pe_array.act_from_down\[11\]\[9\],9.52
u_pe_array.g_pe_row\[2\].g_pe_col\[2\].u_pe.move_reg\[11\],9.52
net120,9.52
net216,9.52
net666,9.52
net696,9.52
_1752_,9.5
_2392_,9.5
_2430_,9.5
_2490_,9.5
_3056_,9.5
_1435_,9.48
_1452_,9.48
_3496_,9.48
u_pe_array.g_pe_row\[2\].g_pe_col\[0\].u_pe.move_reg\[6\],9.48
u_pe_array.u_fifo1.buffer\[3\]\[4\],9.48
_0277_,9.46
_1538_,9.46
_2184_,9.46
_2729_,9.46
_2804_,9.46
_3304_,9.46
_3186_,9.455
_0010_,9.445
_0824_,9.445
_0843_,9.445
_0120_,9.44
_0993_,9.44
_1036_,9.44
_1797_,9.44
_1995_,9.44
_2617_,9.44
_3293_,9.44
_0100_,9.42
_0919_,9.42
_0921_,9.42
_1565_,9.42
_2082_,9.42
net365,9.42
net921,9.42
_2906_,9.415
_3078_,9.41
_0819_,9.405
_0176_,9.4
_0913_,9.4
_2224_,9.4
net325,9.4
net549,9.4
net735,9.4
net772,9.4
net783,9.4
_0008_,9.38
_0137_,9.38
_1140_,9.38
_2404_,9.38
_3014_,9.38
_3389_,9.38
_0418_,9.36
_0532_,9.36
_1467_,9.36
_2737_,9.36
_2891_,9.36
_2927_,9.36
_3338_,9.36
net64,9.36
net781,9.36
u_pe_array.u_fifo1.buffer\[6\]\[5\],9.335
_0009_,9.325
_0886_,9.32
_2032_,9.32
_2878_,9.32
_3123_,9.32
_3166_,9.32
_2178_,9.3
_2441_,9.3
_3449_,9.3
net586,9.3
net656,9.3
_1543_,9.28
_1590_,9.28
_1990_,9.28
net437,9.28
_1455_,9.26
u_pe_array.u_fifo2.buffer\[2\]\[4\],9.26
_0899_,9.24
_1011_,9.24
_1265_,9.24
_1772_,9.24
_1965_,9.24
_2270_,9.24
_3218_,9.24
u_pe_array.g_pe_row\[1\].g_pe_col\[3\].u_pe.move_reg\[7\],9.24
net449,9.2
net574,9.2
net623,9.2
net664,9.2
net679,9.2
_2883_,9.18
_2938_,9.18
net460,9.18
net485,9.18
net649,9.18
net770,9.18
u_pe_array.u_fifo1.buffer\[6\]\[4\],9.165
_1355_,9.16
_2087_,9.16
_2217_,9.16
_2930_,9.16
_3145_,9.16
net627,9.16
net895,9.16
_0177_,9.14
_0673_,9.14
_1660_,9.14
_1304_,9.12
_1613_,9.12
_2072_,9.12
_2709_,9.12
net244,9.12
_0767_,9.105
_1919_,9.1
u_pe_array.act_from_down\[9\]\[6\],9.1
net920,9.1
_2369_,9.085
_0502_,9.08
_0545_,9.08
_0679_,9.08
_1082_,9.08
_1283_,9.08
_1315_,9.08
_1987_,9.08
_3381_,9.08
_3388_,9.08
net458,9.08
_0034_,9.06
_0142_,9.06
_1676_,9.06
_2035_,9.06
_2107_,9.06
_2246_,9.06
_2605_,9.06
net442,9.06
net554,9.06
net630,9.06
net684,9.06
net885,9.06
_1618_,9.04
_2000_,9.04
_0306_,9.02
_1113_,9.02
_1840_,9.02
_1891_,9.02
_2288_,9.02
_2800_,9.02
_3340_,9.02
_3445_,9.02
_3517_,9.02
_3533_,9.02
u_pe_array.g_pe_row\[0\].g_pe_col\[3\].u_pe.move_reg\[7\],9.02
net557,9.02
net713,9.02
net738,9.02
net755,9.02
_0447_,9
_1779_,9
_3033_,9
u_pe_array.act_from_right\[8\]\[12\],9
_0488_,8.98
net592,8.98
_0861_,8.96
_1747_,8.96
_2345_,8.96
_2669_,8.96
_3278_,8.96
psum_out0[4],8.96
psum_out0[5],8.96
net843,8.96
_0765_,8.945
_0033_,8.94
_0453_,8.94
_1972_,8.94
_1977_,8.94
_2156_,8.94
_2753_,8.94
net140,8.94
net149,8.94
net500,8.94
net589,8.94
net633,8.94
net671,8.94
net886,8.94
_1369_,8.92
_2408_,8.92
_2875_,8.92
_3180_,8.92
u_pe_array.act_from_up\[12\]\[8\],8.92
_0064_,8.9
_1699_,8.9
_2641_,8.9
_2784_,8.9
_3002_,8.9
u_pe_array.u_fifo2.buffer\[7\]\[4\],8.9
net941,8.9
net935,8.88
_0026_,8.86
_1065_,8.86
_1237_,8.86
_1658_,8.86
_2983_,8.86
u_pe_array.g_pe_row\[1\].g_pe_col\[0\].u_pe.move_reg\[11\],8.86
net214,8.86
_3170_,8.84
h_in0[5],8.84
v_in0[4],8.84
_3076_,8.83
_1178_,8.825
_2245_,8.82
_2443_,8.82
_2550_,8.82
u_pe_array.act_from_right\[5\]\[5\],8.82
net591,8.82
_1500_,8.8
_2874_,8.8
_3535_,8.8
net535,8.8
net672,8.8
net874,8.8
_0019_,8.78
_2806_,8.78
_2868_,8.78
u_pe_array.g_pe_row\[2\].g_pe_col\[0\].u_pe.move_reg\[8\],8.78
net143,8.78
_0356_,8.765
net213,8.765
_1587_,8.76
_3280_,8.76
u_pe_array.g_pe_row\[2\].g_pe_col\[1\].u_pe.move_reg\[8\],8.76
net582,8.74
net587,8.74
net896,8.74
_0701_,8.72
h_in1[4],8.72
v_in1[1],8.72
v_in1[5],8.72
net356,8.72
_0514_,8.7
_2834_,8.7
u_pe_array.g_pe_row\[0\].g_pe_col\[1\].u_pe.move_reg\[9\],8.7
_0552_,8.685
_0143_,8.68
_0291_,8.68
_0678_,8.68
_1277_,8.68
_1786_,8.68
u_pe_array.u_fifo1.buffer\[7\]\[0\],8.68
net758,8.68
_2075_,8.66
_0078_,8.64
_1485_,8.64
_2440_,8.64
_2596_,8.63
_3074_,8.62
net228,8.62
net811,8.62
_0099_,8.6
_0180_,8.6
_0275_,8.6
_0602_,8.6
_0738_,8.6
_1413_,8.6
_2214_,8.6
net138,8.6
net507,8.6
net698,8.6
net712,8.6
net729,8.6
net775,8.6
net871,8.6
_0875_,8.58
_1267_,8.58
_1509_,8.58
_1574_,8.58
_2727_,8.58
_0135_,8.56
_0567_,8.56
_0625_,8.56
_1822_,8.56
_2311_,8.56
_2317_,8.56
_2410_,8.56
_2808_,8.56
_3161_,8.56
_3487_,8.56
u_pe_array.act_from_left\[15\]\[3\],8.56
u_pe_array.g_pe_row\[3\].g_pe_col\[0\].u_pe.move_reg\[7\],8.56
u_pe_array.u_fifo1.buffer\[4\]\[4\],8.56
net61,8.56
net258,8.56
net327,8.56
_0764_,8.545
_2065_,8.54
u_pe_array.u_fifo1.buffer\[0\]\[5\],8.54
_0950_,8.52
_0962_,8.52
_1897_,8.52
_1909_,8.52
_0094_,8.5
_1550_,8.5
_3031_,8.5
net139,8.5
net724,8.5
_0632_,8.48
_0876_,8.48
_1249_,8.48
_2117_,8.48
_2158_,8.48
_2269_,8.48
_2630_,8.48
_2803_,8.48
_2921_,8.48
u_pe_array.act_from_right\[10\]\[8\],8.48
net161,8.48
net553,8.48
net556,8.48
net562,8.48
net897,8.48
_3256_,8.47
psum_out0[11],8.47
_1196_,8.46
_2535_,8.46
_3116_,8.46
_0607_,8.445
_1010_,8.44
_1012_,8.44
_1104_,8.44
_1201_,8.44
_2266_,8.44
_2915_,8.44
_2515_,8.42
_2903_,8.42
_1722_,8.41
_1387_,8.4
_2148_,8.4
_2292_,8.4
_1527_,8.38
_2425_,8.38
net624,8.38
net675,8.38
net839,8.38
_0929_,8.36
_1661_,8.36
_2601_,8.36
net701,8.36
_0551_,8.345
_2981_,8.34
_3130_,8.34
net605,8.34
net615,8.34
net653,8.34
net692,8.34
net709,8.34
net716,8.34
_0258_,8.32
u_pe_array.act_from_left\[7\]\[1\],8.32
net200,8.32
_1561_,8.3
_2990_,8.3
_0403_,8.28
u_pe_array.g_pe_row\[2\].g_pe_col\[0\].u_pe.move_reg\[12\],8.28
net524,8.28
net728,8.28
net736,8.28
_0383_,8.26
_0595_,8.26
_1198_,8.26
_1263_,8.26
_2037_,8.26
net158,8.26
net576,8.26
psum_out1[3],8.25
_1507_,8.24
_1575_,8.24
_1806_,8.24
_2174_,8.24
_2209_,8.24
_2391_,8.24
_2587_,8.24
_0267_,8.22
_0436_,8.22
_1411_,8.22
_1720_,8.22
_2910_,8.22
net391,8.22
net595,8.22
_1710_,8.2
_3291_,8.2
u_pe_array.act_from_up\[4\]\[5\],8.2
_0426_,8.16
_1758_,8.16
_1858_,8.16
_1892_,8.16
_2223_,8.16
_2958_,8.16
_3188_,8.16
_3348_,8.16
_3465_,8.16
net308,8.16
net487,8.16
net797,8.16
_0276_,8.145
_0029_,8.14
_0222_,8.14
_0337_,8.14
_0365_,8.14
_0385_,8.14
_0501_,8.14
_1493_,8.14
_1898_,8.14
_2229_,8.14
_2970_,8.14
_3063_,8.14
_3064_,8.14
u_pe_array.act_from_right\[2\]\[11\],8.14
u_pe_array.act_from_up\[14\]\[6\],8.14
net470,8.14
net531,8.14
net534,8.14
net741,8.14
_1064_,8.135
u_pe_array.u_fifo1.buffer\[2\]\[1\],8.125
_2527_,8.12
_2695_,8.12
_2861_,8.12
_3058_,8.12
_0454_,8.1
_0659_,8.1
_1046_,8.1
_1261_,8.1
_1274_,8.1
_1291_,8.1
_2204_,8.1
_2275_,8.1
_2468_,8.1
_3265_,8.1
net268,8.1
_1034_,8.08
_2608_,8.08
_0755_,8.065
_0836_,8.065
_0486_,8.06
_1268_,8.06
_1292_,8.06
_1608_,8.06
_3281_,8.06
u_pe_array.act_from_left\[7\]\[6\],8.06
_0439_,8.04
_2429_,8.04
_2433_,8.04
psum_out0[0],8.04
psum_out0[8],8.04
psum_out1[0],8.04
psum_out1[11],8.04
psum_out1[5],8.04
_0092_,8.02
_0362_,8.02
_0582_,8.02
_0935_,8.02
_1127_,8.02
_2955_,8.02
_3138_,8.02
u_pe_array.act_from_right\[8\]\[7\],8.02
u_pe_array.u_fifo1.buffer\[1\]\[2\],8.02
net302,8.02
net661,8.02
net669,8.02
net815,8.02
_1617_,8
_1862_,8
_3067_,7.995
_0342_,7.985
net426,7.985
_0973_,7.98
_1137_,7.98
_1253_,7.98
_1562_,7.98
_2105_,7.98
_2247_,7.98
_2300_,7.98
_2659_,7.98
_3043_,7.98
_3404_,7.98
_3436_,7.98
u_pe_array.act_from_down\[1\]\[11\],7.98
net423,7.98
net640,7.98
net642,7.98
_0534_,7.96
_1693_,7.96
net247,7.945
_0090_,7.94
_1602_,7.94
_2483_,7.94
_3516_,7.94
_3015_,7.925
_0296_,7.92
_2534_,7.92
net588,7.92
net651,7.92
net876,7.92
_1706_,7.9
u_pe_array.g_pe_row\[2\].g_pe_col\[0\].u_pe.move_reg\[7\],7.9
net125,7.9
net145,7.9
net674,7.9
_1817_,7.88
_2863_,7.88
_3137_,7.88
net571,7.88
net575,7.88
net882,7.88
net926,7.88
_3343_,7.87
_1592_,7.86
_3006_,7.86
_3140_,7.86
_3195_,7.86
_3266_,7.86
u_pe_array.act_from_left\[15\]\[2\],7.86
_2747_,7.83
_0315_,7.82
_0598_,7.82
_0631_,7.82
_0710_,7.82
_3222_,7.82
net305,7.82
net583,7.82
net852,7.82
_0030_,7.8
_0069_,7.8
_0089_,7.8
_0971_,7.8
_1217_,7.8
_2937_,7.8
net275,7.8
net847,7.8
_1388_,7.78
_1762_,7.78
_2538_,7.78
_0688_,7.76
_0795_,7.76
_1403_,7.74
_3121_,7.74
u_pe_array.u_fifo2.buffer\[4\]\[3\],7.74
_1782_,7.72
_2027_,7.72
_1313_,7.71
net501,7.7
net572,7.7
_0021_,7.68
_0434_,7.68
_0586_,7.68
_0705_,7.68
_0720_,7.68
_1692_,7.68
_1953_,7.68
_3318_,7.68
u_pe_array.act_from_right\[8\]\[4\],7.68
net430,7.68
net529,7.68
net706,7.68
net782,7.68
net829,7.68
_1488_,7.66
_2914_,7.66
_3325_,7.66
net635,7.66
_2822_,7.64
_3397_,7.64
_3476_,7.64
u_pe_array.act_from_down\[11\]\[3\],7.64
u_pe_array.act_from_down\[1\]\[7\],7.64
_1674_,7.62
u_pe_array.act_from_right\[10\]\[10\],7.62
_0294_,7.6
_1871_,7.58
_2359_,7.58
_1659_,7.56
_1662_,7.56
_1714_,7.56
_2131_,7.56
_2340_,7.56
_2757_,7.56
_2858_,7.56
_3012_,7.56
_3032_,7.56
u_pe_array.act_from_down\[1\]\[6\],7.56
u_pe_array.act_from_right\[5\]\[0\],7.56
net352,7.56
net394,7.56
net580,7.56
net800,7.56
net849,7.56
_1146_,7.54
_1648_,7.54
_2031_,7.54
_2458_,7.54
_3276_,7.54
_0109_,7.525
_0972_,7.52
_1571_,7.52
_1604_,7.52
_1778_,7.52
_1983_,7.52
_2995_,7.52
u_pe_array.act_from_right\[13\]\[5\],7.52
net938,7.52
net939,7.52
_0665_,7.5
_1347_,7.5
_3010_,7.5
_0945_,7.48
_3066_,7.48
_2517_,7.46
_2723_,7.46
net427,7.46
net560,7.46
net710,7.46
net737,7.46
_2054_,7.44
_2424_,7.44
_3092_,7.44
u_pe_array.u_fifo2.buffer\[0\]\[5\],7.44
net369,7.44
net810,7.44
_1767_,7.43
_3105_,7.42
u_pe_array.u_fifo1.buffer\[3\]\[1\],7.42
_2745_,7.4
u_pe_array.act_from_left\[7\]\[3\],7.4
u_pe_array.g_pe_row\[0\].g_pe_col\[0\].u_pe.move_reg\[11\],7.4
net363,7.4
_2713_,7.36
net332,7.36
net351,7.36
net359,7.36
net416,7.36
net429,7.36
net682,7.36
net837,7.36
net869,7.36
_0680_,7.345
_0402_,7.34
_0689_,7.34
_0992_,7.34
_1351_,7.34
_2738_,7.34
_3025_,7.34
_0047_,7.32
_1079_,7.32
_1102_,7.32
_1623_,7.32
_1738_,7.32
_2038_,7.32
_2039_,7.32
u_pe_array.u_fifo2.buffer\[5\]\[4\],7.32
net343,7.32
_0381_,7.3
_1191_,7.3
_1563_,7.3
net152,7.3
net274,7.3
_1641_,7.28
_3262_,7.26
_2195_,7.25
_0829_,7.245
_1816_,7.24
_2203_,7.24
net748,7.24
net830,7.24
_0017_,7.22
_0437_,7.22
_0893_,7.22
_1149_,7.22
_2163_,7.22
_2264_,7.22
_2966_,7.22
u_pe_array.act_from_right\[8\]\[2\],7.22
net82,7.22
net786,7.22
_2941_,7.2
_3171_,7.2
_0910_,7.19
_2482_,7.19
_0264_,7.18
_0301_,7.18
_0425_,7.18
_0489_,7.18
_0518_,7.18
_0579_,7.18
_0932_,7.18
_1210_,7.18
_1528_,7.18
_1716_,7.18
_1875_,7.18
_2295_,7.18
_2956_,7.18
_2991_,7.18
_3019_,7.18
_3309_,7.18
_3412_,7.18
u_pe_array.act_from_down\[3\]\[8\],7.18
u_pe_array.g_pe_row\[0\].g_pe_col\[2\].u_pe.move_reg\[7\],7.18
net475,7.18
_0739_,7.16
_1688_,7.16
_1988_,7.16
h_in0[3],7.15
_0460_,7.14
u_pe_array.act_from_down\[11\]\[7\],7.14
u_pe_array.act_from_right\[5\]\[10\],7.14
net194,7.125
_1432_,7.12
_2750_,7.12
_1129_,7.1
_1354_,7.1
_1394_,7.1
_2213_,7.1
_2637_,7.1
_2718_,7.1
_2802_,7.1
_2944_,7.1
_3357_,7.1
net59,7.1
net334,7.1
net634,7.1
_1578_,7.08
_1645_,7.08
_2743_,7.08
_3041_,7.08
_3261_,7.08
net92,7.065
_0000_,7.06
_1708_,7.06
_1784_,7.06
_1948_,7.06
_2116_,7.06
_2459_,7.06
_2581_,7.06
_2651_,7.06
_2794_,7.06
_3283_,7.06
_3434_,7.06
_3451_,7.06
net29,7.06
net477,7.06
_1591_,7.03
_0654_,7.025
_0831_,7.025
_1324_,7.01
_2838_,7.01
_2241_,7
_2579_,7
_2953_,7
net609,7
net670,7
net708,7
_0249_,6.985
_1331_,6.98
_1663_,6.98
_2480_,6.98
_3442_,6.98
net406,6.98
net907,6.98
_0493_,6.96
_1637_,6.96
_2597_,6.96
_3204_,6.96
_1111_,6.94
_2403_,6.94
_2809_,6.94
_3131_,6.94
net565,6.94
net638,6.94
net160,6.9
net248,6.9
net620,6.9
net659,6.9
net704,6.9
_0495_,6.88
_1539_,6.88
_1908_,6.88
_2057_,6.88
_2478_,6.88
net136,6.88
net184,6.88
net284,6.88
net374,6.88
net408,6.88
net530,6.88
net621,6.88
net820,6.88
_0694_,6.86
_1751_,6.86
_1854_,6.86
_2101_,6.86
_2461_,6.86
u_pe_array.g_pe_row\[1\].g_pe_col\[0\].u_pe.move_reg\[7\],6.86
u_pe_array.g_pe_row\[2\].g_pe_col\[0\].u_pe.move_reg\[10\],6.86
u_pe_array.u_fifo2.buffer\[7\]\[1\],6.86
net169,6.86
_0077_,6.84
_0476_,6.84
_0606_,6.84
_1325_,6.84
_1567_,6.84
_1721_,6.84
_1912_,6.84
_0723_,6.815
_0025_,6.78
_0240_,6.78
_0271_,6.78
_0283_,6.78
_0487_,6.78
_1383_,6.78
_1564_,6.78
_1964_,6.78
_3135_,6.78
net202,6.78
net400,6.78
net785,6.78
net835,6.78
net931,6.78
_1323_,6.76
_1405_,6.76
_1469_,6.76
_1593_,6.76
_1715_,6.76
_1746_,6.76
_2318_,6.76
_2487_,6.76
_2628_,6.76
_2665_,6.76
_3489_,6.76
_3504_,6.76
u_pe_array.act_from_right\[10\]\[5\],6.76
u_pe_array.g_pe_row\[2\].g_pe_col\[1\].u_pe.move_reg\[6\],6.76
net41,6.76
net58,6.76
net338,6.76
net395,6.76
net482,6.76
net643,6.76
net912,6.76
_2043_,6.74
_2137_,6.74
_3515_,6.74
net131,6.74
_0313_,6.72
_0409_,6.72
_0431_,6.72
_0708_,6.72
_0740_,6.72
_1074_,6.72
_1416_,6.72
_1502_,6.72
_1807_,6.72
_2298_,6.72
_2902_,6.72
_3159_,6.72
u_pe_array.act_from_left\[13\]\[6\],6.72
u_pe_array.g_pe_row\[1\].g_pe_col\[3\].u_pe.move_reg\[6\],6.72
u_pe_array.g_pe_row\[2\].g_pe_col\[0\].u_pe.move_reg\[9\],6.72
net733,6.72
_1992_,6.715
_0410_,6.7
_0491_,6.7
_0605_,6.7
_1576_,6.7
u_pe_array.act_from_right\[5\]\[11\],6.7
_0762_,6.685
u_pe_array.u_fifo1.buffer\[2\]\[2\],6.665
_0093_,6.66
_0131_,6.66
_0540_,6.66
_0999_,6.66
_1093_,6.66
_1540_,6.66
_3120_,6.66
_2302_,6.64
_2536_,6.64
_2842_,6.64
_2928_,6.64
u_pe_array.act_from_left\[7\]\[8\],6.64
u_pe_array.act_from_right\[0\]\[6\],6.64
u_pe_array.u_fifo2.buffer\[4\]\[2\],6.64
net537,6.64
net599,6.64
net601,6.64
net816,6.64
_1069_,6.62
_1795_,6.62
u_fsm.next_state\[2\],6.62
_0086_,6.605
_0116_,6.605
_1173_,6.6
_1290_,6.6
_1765_,6.6
_1913_,6.6
_2500_,6.6
_3540_,6.6
_2820_,6.585
h_in0[1],6.55
_0895_,6.54
_1056_,6.54
_2474_,6.54
_2942_,6.54
net740,6.54
net794,6.54
net913,6.54
_0334_,6.52
_0528_,6.52
_0674_,6.52
_0881_,6.52
_1218_,6.52
_1373_,6.52
_1531_,6.52
_1535_,6.52
_1557_,6.52
_2783_,6.52
_3202_,6.52
net776,6.52
_1936_,6.5
_2197_,6.5
_0759_,6.485
_0075_,6.48
_3211_,6.48
net197,6.44
net342,6.44
net415,6.44
net570,6.44
net646,6.44
net743,6.44
_0440_,6.425
_0022_,6.42
_0199_,6.42
_0338_,6.42
_1379_,6.42
_1970_,6.42
_2756_,6.42
net227,6.42
net455,6.42
net462,6.42
net731,6.42
net865,6.42
net883,6.42
_2034_,6.4
_2211_,6.4
_2479_,6.4
u_pe_array.u_fifo2.buffer\[2\]\[0\],6.4
net260,6.4
_0063_,6.38
_0372_,6.38
_0435_,6.38
_1186_,6.38
_1801_,6.38
_2867_,6.38
net313,6.38
_2998_,6.375
_0850_,6.365
_2382_,6.36
_3331_,6.36
net499,6.36
_0095_,6.32
_0263_,6.32
_0446_,6.32
_0618_,6.32
_0619_,6.32
_0706_,6.32
net410,6.32
net555,6.32
_0193_,6.3
_0298_,6.3
_0302_,6.3
_0308_,6.3
_1494_,6.3
_1848_,6.3
_2028_,6.3
_3062_,6.3
_3081_,6.3
_3084_,6.3
_3542_,6.3
u_pe_array.act_from_left\[7\]\[0\],6.3
u_pe_array.g_pe_row\[3\].g_pe_col\[3\].u_pe.move_reg\[6\],6.3
net219,6.3
_0015_,6.28
_1333_,6.28
_1621_,6.28
_1653_,6.28
_2791_,6.28
_3034_,6.28
_3341_,6.28
u_pe_array.u_fifo1.buffer\[7\]\[2\],6.28
u_pe_array.u_fifo2.buffer\[7\]\[2\],6.28
net348,6.28
net440,6.28
_0066_,6.26
_0096_,6.26
_0377_,6.26
_0400_,6.26
_0432_,6.26
_0519_,6.26
_1161_,6.26
_1165_,6.26
_1174_,6.26
_1471_,6.26
_1951_,6.26
_2024_,6.26
_2129_,6.26
_2154_,6.26
_2304_,6.26
_2985_,6.26
_3054_,6.26
_3502_,6.26
_3505_,6.26
u_pe_array.act_from_left\[7\]\[4\],6.26
net336,6.26
net444,6.26
net763,6.26
_1279_,6.24
_2763_,6.24
psum_out0[7],6.23
_0904_,6.21
h_in1[5],6.21
_0984_,6.2
_1130_,6.2
_1183_,6.2
_1318_,6.2
_1460_,6.2
_1841_,6.2
_1942_,6.2
_2045_,6.2
_2279_,6.2
_2422_,6.2
_2739_,6.2
_2971_,6.2
net318,6.2
net545,6.2
net819,6.2
_0081_,6.18
_0878_,6.18
_1068_,6.18
_1334_,6.18
_1956_,6.18
_3213_,6.18
_3527_,6.18
net153,6.18
net504,6.18
net563,6.18
_3199_,6.17
_0014_,6.165
_3368_,6.16
_1095_,6.14
_1176_,6.14
_2041_,6.14
_2503_,6.14
_2584_,6.14
_2772_,6.14
_2843_,6.14
_2974_,6.14
_3425_,6.14
_3447_,6.14
_0250_,6.105
net520,6.105
_1216_,6.08
u_pe_array.g_pe_row\[0\].g_pe_col\[0\].u_pe.w_out\[1\],6.08
net495,6.08
net579,6.08
net662,6.08
_1642_,6.06
_2358_,6.06
_2400_,6.06
_2774_,6.06
_3098_,6.06
u_pe_array.act_from_left\[5\]\[2\],6.06
net280,6.06
net536,6.06
_2242_,6.04
_2823_,6.04
_3021_,6.04
_3418_,6.04
_0204_,6.02
_1407_,6.02
_2567_,6.02
_0805_,6.005
_1389_,5.98
net130,5.98
net272,5.98
net550,5.98
net759,5.98
net807,5.98
v_in1[4],5.97
_0140_,5.96
_0571_,5.96
_0639_,5.96
_0883_,5.96
_1673_,5.96
_2882_,5.96
_3008_,5.96
net350,5.96
net802,5.96
_0051_,5.94
_0641_,5.94
_1629_,5.94
_1756_,5.94
_2237_,5.94
_2399_,5.94
_2569_,5.94
_2615_,5.94
u_pe_array.g_pe_row\[0\].g_pe_col\[0\].u_pe.move_reg\[9\],5.94
_0119_,5.92
_0281_,5.92
_1103_,5.92
_2893_,5.92
u_pe_array.u_fifo1.buffer\[7\]\[4\],5.92
net464,5.92
net503,5.92
u_pe_array.act_from_right\[0\]\[7\],5.9
_1651_,5.88
h_in1[0],5.87
h_in1[2],5.87
v_in0[3],5.87
_0027_,5.86
_0344_,5.86
_2657_,5.86
_2946_,5.86
_3160_,5.86
_3294_,5.86
net144,5.86
net777,5.86
_0106_,5.84
_0107_,5.84
_0125_,5.84
_0159_,5.84
_0170_,5.84
_0208_,5.84
_0239_,5.84
_0316_,5.84
_0441_,5.84
_0479_,5.84
_0570_,5.84
_0686_,5.84
_0729_,5.84
_0974_,5.84
_1745_,5.84
_1798_,5.84
_2166_,5.84
_2413_,5.84
_2602_,5.84
_2967_,5.84
_3100_,5.84
_3361_,5.84
_3396_,5.84
_3410_,5.84
u_pe_array.act_from_down\[1\]\[4\],5.84
u_pe_array.act_from_right\[5\]\[9\],5.84
u_pe_array.g_pe_row\[0\].g_pe_col\[2\].u_pe.w_out\[1\],5.84
net37,5.84
net166,5.84
net178,5.84
net909,5.84
_0350_,5.82
_1189_,5.82
_1220_,5.82
_1332_,5.82
_2243_,5.82
_2872_,5.82
_0091_,5.8
_0130_,5.8
_0165_,5.8
_0185_,5.8
_0187_,5.8
_0257_,5.8
_0349_,5.8
_0578_,5.8
_0620_,5.8
_0667_,5.8
_1032_,5.8
_1047_,5.8
_1258_,5.8
_1769_,5.8
_2252_,5.8
_3118_,5.8
_3375_,5.8
_3428_,5.8
u_pe_array.act_from_left\[13\]\[2\],5.8
u_pe_array.act_from_left\[5\]\[12\],5.8
u_pe_array.act_from_left\[7\]\[2\],5.8
psum_out0[3],5.77
_1446_,5.75
done,5.75
psum_out1[8],5.75
_0925_,5.74
_1774_,5.74
_2103_,5.74
_2471_,5.74
_3295_,5.74
_3525_,5.74
u_pe_array.u_fifo1.buffer\[0\]\[3\],5.74
net806,5.74
_0201_,5.72
_0903_,5.72
_1412_,5.72
_1707_,5.72
_1979_,5.72
_2572_,5.72
_2827_,5.72
_3243_,5.72
u_pe_array.g_pe_row\[1\].g_pe_col\[2\].u_pe.w_out\[1\],5.72
net129,5.72
net172,5.72
net361,5.72
net639,5.72
_1229_,5.7
_0020_,5.685
_1151_,5.68
_1272_,5.68
_1463_,5.68
_1813_,5.68
_1946_,5.68
_2060_,5.68
_3420_,5.68
_3450_,5.68
_3488_,5.68
_3534_,5.68
u_pe_array.g_pe_row\[2\].g_pe_col\[2\].u_pe.w_out\[1\],5.68
h_in1[3],5.65
_0415_,5.645
rst_n,5.63
_0882_,5.62
_1701_,5.62
_2760_,5.62
_3480_,5.62
net667,5.62
_1219_,5.6
_1415_,5.6
_1556_,5.6
_2948_,5.6
net174,5.6
net379,5.6
_0771_,5.58
_0880_,5.58
_3448_,5.58
_0842_,5.545
_1712_,5.52
net167,5.52
net428,5.52
net451,5.52
net547,5.52
net551,5.52
net552,5.52
net593,5.52
net597,5.52
net608,5.52
net610,5.52
net613,5.52
net617,5.52
net618,5.52
net622,5.52
net657,5.52
net683,5.52
net722,5.52
net746,5.52
net751,5.52
net766,5.52
net809,5.52
net841,5.52
net842,5.52
net844,5.52
net861,5.52
net868,5.52
net937,5.52
_0563_,5.505
_0243_,5.5
_0531_,5.5
_0628_,5.5
_1544_,5.5
_2090_,5.5
_2127_,5.5
net231,5.5
net792,5.5
_0043_,5.48
_1086_,5.48
_2063_,5.48
_2925_,5.48
u_pe_array.u_fifo2.buffer\[5\]\[1\],5.48
net480,5.48
_0417_,5.46
_0681_,5.46
_2545_,5.46
_3045_,5.46
net446,5.46
u_pe_array.u_fifo2.buffer\[4\]\[0\],5.455
_0785_,5.435
v_in1[3],5.41
_0148_,5.4
_0989_,5.4
_1184_,5.4
net387,5.4
net761,5.4
net856,5.4
_2263_,5.39
_1566_,5.385
_0052_,5.38
_0101_,5.38
_0117_,5.38
_0162_,5.38
_0261_,5.38
_0340_,5.38
_0361_,5.38
_0608_,5.38
_0683_,5.38
_0703_,5.38
_0735_,5.38
_1080_,5.38
_1404_,5.38
_1627_,5.38
_2091_,5.38
_2108_,5.38
_2452_,5.38
_2599_,5.38
_2626_,5.38
_2656_,5.38
_2673_,5.38
_2969_,5.38
_2982_,5.38
_3310_,5.38
_3452_,5.38
u_pe_array.act_from_left\[5\]\[9\],5.38
u_pe_array.act_from_left\[7\]\[11\],5.38
u_pe_array.act_from_left\[7\]\[5\],5.38
u_pe_array.act_from_right\[2\]\[3\],5.38
u_pe_array.act_from_right\[5\]\[8\],5.38
net48,5.38
net182,5.38
net203,5.38
net241,5.38
net245,5.38
net292,5.38
net450,5.38
net543,5.38
net546,5.38
net787,5.38
_1725_,5.36
_2255_,5.36
u_pe_array.u_fifo1.buffer\[4\]\[1\],5.36
u_pe_array.u_fifo2.buffer\[8\]\[5\],5.36
_0146_,5.34
_0188_,5.34
_1473_,5.34
_1625_,5.34
_2777_,5.34
_3337_,5.34
_3399_,5.34
u_pe_array.act_from_down\[9\]\[7\],5.34
u_pe_array.act_from_left\[13\]\[8\],5.34
u_pe_array.act_from_left\[15\]\[7\],5.34
u_pe_array.act_from_right\[10\]\[1\],5.34
u_pe_array.act_from_right\[13\]\[7\],5.34
u_pe_array.act_from_right\[13\]\[8\],5.34
u_pe_array.g_pe_row\[0\].g_pe_col\[3\].u_pe.move_reg\[6\],5.34
net466,5.34
net680,5.34
_0758_,5.315
_3285_,5.29
u_pe_array.u_fifo1.buffer\[6\]\[3\],5.285
_1099_,5.28
_1474_,5.28
_1733_,5.28
_1776_,5.28
_2504_,5.28
_2670_,5.28
_2717_,5.28
_3390_,5.28
_0777_,5.265
_0335_,5.26
_0877_,5.26
_0902_,5.26
_1119_,5.26
_1631_,5.26
_2062_,5.26
_2136_,5.26
_2286_,5.26
_3026_,5.26
net88,5.26
net176,5.26
net196,5.26
net409,5.26
_0838_,5.245
_0045_,5.24
_0163_,5.24
_0791_,5.225
_0269_,5.22
_1171_,5.22
_1428_,5.22
_1441_,5.22
_1475_,5.22
_1878_,5.22
_2036_,5.22
_2543_,5.22
_2633_,5.22
_2879_,5.22
_3402_,5.22
_3492_,5.22
_3494_,5.22
_3526_,5.22
u_pe_array.g_pe_row\[1\].g_pe_col\[3\].u_pe.w_out\[1\],5.22
net699,5.22
h_in0[2],5.19
psum_out0[6],5.19
psum_out1[2],5.19
v_in1[0],5.19
_2837_,5.175
_1311_,5.16
_1916_,5.16
_2405_,5.16
_2472_,5.16
_2752_,5.16
net798,5.16
_0987_,5.14
_1341_,5.14
_2559_,5.14
_2836_,5.14
_3139_,5.14
_3317_,5.14
_3373_,5.14
net103,5.14
_1419_,5.13
net765,5.12
_0295_,5.1
_0685_,5.1
_0888_,5.1
_1357_,5.06
_2419_,5.06
net157,5.06
net376,5.06
net453,5.06
net508,5.06
net569,5.06
net612,5.06
net647,5.06
net677,5.06
net689,5.06
net734,5.06
net745,5.06
net760,5.06
net762,5.06
net767,5.06
net771,5.06
net789,5.06
net796,5.06
net808,5.06
net814,5.06
net834,5.06
net851,5.06
net853,5.06
net873,5.06
net884,5.06
net892,5.06
net902,5.06
net906,5.06
net915,5.06
_0242_,5.04
_0290_,5.04
_0464_,5.04
_0524_,5.04
_0593_,5.04
_1367_,5.04
_2050_,5.04
_3315_,5.04
net78,5.04
net99,5.04
net156,5.04
net180,5.04
net211,5.04
_0367_,5.02
_1385_,5.02
_1773_,5.02
_3197_,5.02
u_pe_array.act_from_right\[8\]\[5\],5.02
u_pe_array.u_fifo1.buffer\[7\]\[5\],5.02
_0828_,5.015
_1690_,5.015
_0637_,5
_1418_,5
_1938_,5
_0775_,4.985
_0376_,4.94
_0490_,4.94
_1635_,4.94
_1669_,4.94
_2120_,4.94
u_pe_array.act_from_right\[10\]\[0\],4.94
_0004_,4.92
_0053_,4.92
_0132_,4.92
_0160_,4.92
_0224_,4.92
_0363_,4.92
_0384_,4.92
_0398_,4.92
_0457_,4.92
_0508_,4.92
_0614_,4.92
_0662_,4.92
_0707_,4.92
_1083_,4.92
_1309_,4.92
_1319_,4.92
_1434_,4.92
_1737_,4.92
_2155_,4.92
_2493_,4.92
_2497_,4.92
_2638_,4.92
_2666_,4.92
_2839_,4.92
_3181_,4.92
_3486_,4.92
u_pe_array.act_from_down\[11\]\[12\],4.92
net90,4.92
net262,4.92
net285,4.92
net341,4.92
net345,4.92
net468,4.92
net585,4.92
net629,4.92
net678,4.92
net687,4.92
net718,4.92
u_pe_array.act_from_left\[5\]\[3\],4.9
u_pe_array.u_fifo1.buffer\[7\]\[1\],4.9
u_pe_array.u_fifo2.buffer\[4\]\[1\],4.9
_0023_,4.88
_0248_,4.88
_0515_,4.88
_0711_,4.88
_1197_,4.88
_1894_,4.88
_1928_,4.88
_2099_,4.88
_2643_,4.88
_2805_,4.88
_3077_,4.88
_3085_,4.88
_3255_,4.88
_3355_,4.88
_3409_,4.88
_3485_,4.88
u_pe_array.act_from_down\[11\]\[5\],4.88
u_pe_array.act_from_left\[13\]\[5\],4.88
net489,4.88
net518,4.88
net793,4.88
_2097_,4.85
h_in1[1],4.85
psum_out1[1],4.85
_0743_,4.845
_0969_,4.82
_1045_,4.82
_1580_,4.82
_1596_,4.82
_1607_,4.82
_1824_,4.82
_1940_,4.82
_2980_,4.82
_3528_,4.82
_1063_,4.815
_0613_,4.8
_0891_,4.8
_1008_,4.8
_1052_,4.8
_1213_,4.8
_1451_,4.8
_1506_,4.8
_1748_,4.8
_1888_,4.8
_2020_,4.8
_2061_,4.8
_2135_,4.8
_2610_,4.8
_2790_,4.8
_2860_,4.8
_3055_,4.8
_3119_,4.8
_3398_,4.8
u_pe_array.u_fifo1.buffer\[0\]\[0\],4.8
u_pe_array.u_fifo1.buffer\[7\]\[3\],4.8
u_pe_array.u_fifo2.buffer\[5\]\[0\],4.8
net307,4.8
net607,4.8
net911,4.8
net940,4.8
u_pe_array.act_from_down\[9\]\[0\],4.78
_1121_,4.76
_1163_,4.76
_1235_,4.76
_1298_,4.76
_1466_,4.76
_1584_,4.76
_1770_,4.76
_2671_,4.76
_2986_,4.76
_3427_,4.76
_3454_,4.76
_3490_,4.76
_3503_,4.76
net30,4.76
net447,4.76
_0745_,4.725
_0011_,4.7
_0751_,4.7
_0815_,4.7
_1192_,4.7
_1937_,4.7
_2520_,4.7
_3088_,4.7
_0166_,4.68
_0375_,4.68
_1084_,4.68
_1668_,4.68
_2040_,4.68
_2078_,4.68
_2123_,4.68
_2215_,4.68
_2926_,4.68
_3024_,4.68
_3183_,4.68
net522,4.68
net898,4.61
_0737_,4.6
net515,4.6
net645,4.6
net668,4.6
net711,4.6
net742,4.6
net791,4.6
net893,4.6
net929,4.6
_0046_,4.58
_0379_,4.58
_0396_,4.58
_0413_,4.58
_0623_,4.58
_0642_,4.58
_0653_,4.58
_1015_,4.58
_1020_,4.58
_1830_,4.58
_1876_,4.58
_2702_,4.58
_2864_,4.58
_3018_,4.58
net126,4.58
net506,4.58
net573,4.58
_1071_,4.575
_0328_,4.56
_0358_,4.56
_1025_,4.56
u_pe_array.u_fifo2.buffer\[7\]\[0\],4.56
u_pe_array.u_fifo2.buffer\[7\]\[5\],4.56
_0282_,4.54
_0331_,4.54
_0592_,4.54
_0670_,4.54
_1615_,4.54
_2017_,4.54
_2262_,4.54
_2379_,4.54
net650,4.54
net918,4.54
_1634_,4.53
_0003_,4.505
_0307_,4.48
_0485_,4.48
_0856_,4.48
_1123_,4.48
_1241_,4.48
_1396_,4.48
_1547_,4.48
_1754_,4.48
_2234_,4.48
_2372_,4.48
_2457_,4.48
_2562_,4.48
_3284_,4.48
net688,4.48
net686,4.475
_0074_,4.46
_0138_,4.46
_0171_,4.46
_0270_,4.46
_0324_,4.46
_0366_,4.46
_0892_,4.46
_1646_,4.46
_1825_,4.46
_2397_,4.46
_2449_,4.46
_2466_,4.46
_2557_,4.46
_2627_,4.46
_3028_,4.46
_3111_,4.46
_3441_,4.46
_3469_,4.46
_3493_,4.46
_3498_,4.46
u_pe_array.act_from_down\[11\]\[2\],4.46
u_pe_array.act_from_left\[13\]\[12\],4.46
u_pe_array.act_from_left\[7\]\[7\],4.46
u_pe_array.g_pe_row\[0\].g_pe_col\[1\].u_pe.move_reg\[10\],4.46
u_pe_array.g_pe_row\[1\].g_pe_col\[0\].u_pe.w_out\[1\],4.46
u_pe_array.g_pe_row\[3\].g_pe_col\[3\].u_pe.move_reg\[10\],4.46
net80,4.46
net107,4.46
net118,4.46
net141,4.46
net199,4.46
net205,4.46
net223,4.46
net818,4.46
_2885_,4.44
u_pe_array.act_from_left\[5\]\[11\],4.44
u_pe_array.u_fifo2.buffer\[0\]\[2\],4.44
_1195_,4.43
_0846_,4.425
_0157_,4.42
_1000_,4.42
_1569_,4.42
_1727_,4.42
_1764_,4.42
_2310_,4.42
_2498_,4.42
_2973_,4.42
_3453_,4.42
u_pe_array.act_from_up\[12\]\[6\],4.42
psum_out0[1],4.39
psum_out1[10],4.39
_0773_,4.385
_1136_,4.36
_1344_,4.36
_1696_,4.36
_1880_,4.36
net422,4.36
net658,4.36
_0065_,4.34
_0173_,4.34
_0466_,4.34
_0937_,4.34
_1202_,4.34
_1534_,4.34
_1560_,4.34
_1969_,4.34
_2098_,4.34
_2161_,4.34
_2175_,4.34
_2484_,4.34
_2826_,4.34
_2934_,4.34
_2961_,4.34
_3406_,4.34
_3479_,4.34
u_pe_array.g_pe_row\[0\].g_pe_col\[0\].u_pe.move_reg\[6\],4.34
net282,4.34
net694,4.34
net900,4.34
u_pe_array.u_fifo2.buffer\[2\]\[1\],4.325
net84,4.305
net320,4.305
_2412_,4.28
w_in_flat[5],4.27
w_in_flat[7],4.27
_1072_,4.24
_3059_,4.24
_1252_,4.22
_1515_,4.22
_1519_,4.22
_2033_,4.22
_3177_,4.22
_3328_,4.22
net648,4.22
_0102_,4.2
_0167_,4.2
_0038_,4.145
_0979_,4.145
_1055_,4.14
_1281_,4.14
_2026_,4.14
_2423_,4.14
_2679_,4.14
_3146_,4.14
_3335_,4.14
net512,4.14
net525,4.14
net604,4.14
net614,4.14
net720,4.14
net901,4.14
_0114_,4.12
_0147_,4.12
_0256_,4.12
_0414_,4.12
_0504_,4.12
_0529_,4.12
_0594_,4.12
_0603_,4.12
_1075_,4.12
_1947_,4.12
_2219_,4.12
_2287_,4.12
_2387_,4.12
_2988_,4.12
_3326_,4.12
net76,4.12
net115,4.12
net239,4.12
net278,4.12
net358,4.12
net386,4.12
net655,4.12
_1845_,4.1
_3141_,4.1
u_pe_array.act_from_up\[4\]\[12\],4.1
_0798_,4.09
_0822_,4.085
_0847_,4.085
_0085_,4.08
_0997_,4.08
_2351_,4.08
_0837_,4.065
_1088_,4.06
_0136_,4.02
_0709_,4.02
_0792_,4.02
_0800_,4.02
_1077_,4.02
_1221_,4.02
_1838_,4.02
_2512_,4.02
_2907_,4.02
_2933_,4.02
_3020_,4.02
_3049_,4.02
_3313_,4.02
net373,4.02
net778,4.02
_0044_,4
_0083_,4
_0144_,4
_0200_,4
_0213_,4
_0278_,4
_0323_,4
_0373_,4
_0378_,4
_0407_,4
_0444_,4
_0548_,4
_0561_,4
_0580_,4
_0692_,4
_0716_,4
_0717_,4
_0790_,4
_1172_,4
_1185_,4
_1526_,4
_1833_,4
_1872_,4
_1910_,4
_2193_,4
_2521_,4
_2563_,4
_2749_,4
_2754_,4
_2810_,4
_3103_,4
_3248_,4
_3416_,4
_3440_,4
_3509_,4
u_pe_array.act_from_down\[11\]\[11\],4
u_pe_array.act_from_left\[13\]\[7\],4
u_pe_array.act_from_left\[7\]\[10\],4
u_pe_array.act_from_right\[0\]\[8\],4
u_pe_array.act_from_right\[0\]\[9\],4
net105,4
net252,4
net254,4
net311,4
net420,4
net822,4
net824,4
u_pe_array.u_fifo1.buffer\[6\]\[0\],3.985
_0645_,3.98
_1115_,3.98
_3205_,3.98
u_pe_array.u_fifo2.buffer\[4\]\[5\],3.98
u_pe_array.u_fifo2.buffer\[8\]\[2\],3.98
_0817_,3.965
h_in0[4],3.93
psum_out1[12],3.93
w_in_flat[6],3.93
_0776_,3.9
_1579_,3.9
_2165_,3.9
_2647_,3.9
_2650_,3.9
_2984_,3.9
_3129_,3.9
_3247_,3.9
_3500_,3.9
_3501_,3.9
_0088_,3.88
_0124_,3.88
_0428_,3.88
_0889_,3.88
_1019_,3.88
_1345_,3.88
_1398_,3.88
_1555_,3.88
_1572_,3.88
_1655_,3.88
_1672_,3.88
_1889_,3.88
_1959_,3.88
_2030_,3.88
_2051_,3.88
_2198_,3.88
_2199_,3.88
_2277_,3.88
_2285_,3.88
_2388_,3.88
_2604_,3.88
_2793_,3.88
_3042_,3.88
_3227_,3.88
_3273_,3.88
_3430_,3.88
_3508_,3.88
_3511_,3.88
u_pe_array.g_pe_row\[3\].g_pe_col\[0\].u_pe.move_reg\[10\],3.88
net303,3.88
net919,3.88
_0788_,3.865
_0158_,3.845
_0604_,3.845
net266,3.845
_0726_,3.78
_0766_,3.78
_0780_,3.78
_1155_,3.78
_1269_,3.78
_2464_,3.78
_3061_,3.78
_0062_,3.76
_0154_,3.76
_0279_,3.76
_0497_,3.76
_1921_,3.76
net288,3.76
_0804_,3.705
_1243_,3.68
_1686_,3.68
_2899_,3.68
_3207_,3.68
u_pe_array.act_from_up\[14\]\[7\],3.68
net513,3.68
net521,3.68
net528,3.68
net538,3.68
net541,3.68
net542,3.68
net590,3.68
net673,3.68
net690,3.68
net702,3.68
net714,3.68
net784,3.68
net804,3.68
net888,3.68
net899,3.68
net904,3.68
net923,3.68
_0055_,3.66
_0113_,3.66
_0207_,3.66
_0231_,3.66
_0241_,3.66
_0408_,3.66
_0481_,3.66
_0647_,3.66
_1925_,3.66
_2448_,3.66
_2625_,3.66
_2716_,3.66
_2731_,3.66
_3194_,3.66
net237,3.66
net270,3.66
net309,3.66
net367,3.66
net393,3.66
net399,3.66
net925,3.66
_0650_,3.64
u_pe_array.u_fifo2.buffer\[0\]\[4\],3.64
_0742_,3.625
_0821_,3.625
_0825_,3.625
_0007_,3.56
_0039_,3.56
_0161_,3.56
_0600_,3.56
_0648_,3.56
_1381_,3.56
_1821_,3.56
_1997_,3.56
_2232_,3.56
_2616_,3.56
_3245_,3.56
_3322_,3.56
_3332_,3.56
_2706_,3.555
_1280_,3.55
_0028_,3.54
_0054_,3.54
_0056_,3.54
_0061_,3.54
_0097_,3.54
_0108_,3.54
_0134_,3.54
_0149_,3.54
_0202_,3.54
_0209_,3.54
_0220_,3.54
_0228_,3.54
_0293_,3.54
_0353_,3.54
_0393_,3.54
_0442_,3.54
_0499_,3.54
_0509_,3.54
_0516_,3.54
_0559_,3.54
_0611_,3.54
_0644_,3.54
_0927_,3.54
_0953_,3.54
_0994_,3.54
_1125_,3.54
_1300_,3.54
_1306_,3.54
_1667_,3.54
_1802_,3.54
_1907_,3.54
_1933_,3.54
_2086_,3.54
_2256_,3.54
_2635_,3.54
_2740_,3.54
_2742_,3.54
_2846_,3.54
_3070_,3.54
_3329_,3.54
_3359_,3.54
u_pe_array.act_from_left\[15\]\[6\],3.54
u_pe_array.act_from_left\[15\]\[8\],3.54
u_pe_array.act_from_left\[5\]\[8\],3.54
u_pe_array.act_from_right\[10\]\[12\],3.54
u_pe_array.act_from_right\[13\]\[6\],3.54
u_pe_array.act_from_right\[13\]\[9\],3.54
u_pe_array.u_fifo1.buffer\[0\]\[1\],3.54
net353,3.54
_0129_,3.52
_0300_,3.52
_1314_,3.52
_1600_,3.52
_1886_,3.52
_2566_,3.47
_0783_,3.465
_0503_,3.445
_1636_,3.44
_1649_,3.44
_2172_,3.44
_3228_,3.44
_3395_,3.44
_3482_,3.44
_3531_,3.44
_0024_,3.42
_0859_,3.42
_1179_,3.42
_1247_,3.42
_1320_,3.42
_1359_,3.42
_1408_,3.42
_1422_,3.42
_1594_,3.42
_1610_,3.42
_1724_,3.42
_2044_,3.42
_2064_,3.42
_2221_,3.42
_2428_,3.42
_2453_,3.42
_2502_,3.42
_2609_,3.42
_2614_,3.42
_2748_,3.42
_2833_,3.42
_2881_,3.42
_2890_,3.42
_2924_,3.42
_3035_,3.42
_3172_,3.42
_3196_,3.42
_3209_,3.42
_3345_,3.42
_3524_,3.42
_3541_,3.42
u_pe_array.act_from_left\[15\]\[10\],3.42
net330,3.42
net813,3.42
net924,3.42
_0013_,3.405
_0068_,3.385
_0121_,3.385
_0152_,3.385
_0752_,3.34
_0810_,3.34
_0265_,3.32
_0462_,3.32
_0816_,3.32
_0844_,3.32
_2239_,3.32
net28,3.32
net548,3.32
net788,3.32
net872,3.32
_3279_,3.31
_0164_,3.3
_0671_,3.3
_2761_,3.3
_3321_,3.3
u_pe_array.g_pe_row\[0\].g_pe_col\[0\].u_pe.move_reg\[7\],3.3
_0012_,3.245
_0848_,3.245
_1409_,3.22
_1552_,3.22
_1558_,3.22
_1684_,3.22
_2084_,3.22
_2416_,3.22
_2573_,3.22
_3370_,3.22
net862,3.22
_0284_,3.2
_0318_,3.2
_0320_,3.2
_0326_,3.2
_0336_,3.2
_0397_,3.2
_0429_,3.2
_0459_,3.2
_0465_,3.2
_0597_,3.2
_0636_,3.2
_0713_,3.2
_1329_,3.2
_2231_,3.2
_2235_,3.2
_2396_,3.2
net221,3.2
net596,3.2
_0569_,3.18
_0797_,3.18
u_pe_array.u_fifo1.buffer\[3\]\[2\],3.18
u_pe_array.u_fifo2.buffer\[8\]\[4\],3.18
_0748_,3.175
_0806_,3.175
_0394_,3.135
_2159_,3.12
_0040_,3.1
_0041_,3.1
_0070_,3.1
_0111_,3.1
_0370_,3.1
_0382_,3.1
_0392_,3.1
_0411_,3.1
_0470_,3.1
_0554_,3.1
_0577_,3.1
_0622_,3.1
_0672_,3.1
_1206_,3.1
_1401_,3.1
_1680_,3.1
_1704_,3.1
_2025_,3.1
_2069_,3.1
_2409_,3.1
_2593_,3.1
_2819_,3.1
_2905_,3.1
_2935_,3.1
_3007_,3.1
_3040_,3.1
_3097_,3.1
_3191_,3.1
_3219_,3.1
_3272_,3.1
_2622_,3.09
_0057_,3.08
_0058_,3.08
_0145_,3.08
_0195_,3.08
_0196_,3.08
_0245_,3.08
_0303_,3.08
_0321_,3.08
_0325_,3.08
_0430_,3.08
_0449_,3.08
_0450_,3.08
_0513_,3.08
_0523_,3.08
_0525_,3.08
_0550_,3.08
_0576_,3.08
_0624_,3.08
_0668_,3.08
_0697_,3.08
_0714_,3.08
_0976_,3.08
_1205_,3.08
_1246_,3.08
_1390_,3.08
_1444_,3.08
_1601_,3.08
_1606_,3.08
_1832_,3.08
_1844_,3.08
_1930_,3.08
_2283_,3.08
_2316_,3.08
_2456_,3.08
_2467_,3.08
_2476_,3.08
_2501_,3.08
_2529_,3.08
_2606_,3.08
_2894_,3.08
_3065_,3.08
_3217_,3.08
_3387_,3.08
u_pe_array.act_from_left\[15\]\[12\],3.08
u_pe_array.act_from_right\[2\]\[0\],3.08
u_pe_array.act_from_up\[12\]\[12\],3.08
u_pe_array.g_pe_row\[1\].g_pe_col\[3\].u_pe.move_reg\[8\],3.08
u_pe_array.g_pe_row\[1\].g_pe_col\[3\].u_pe.move_reg\[9\],3.08
net235,3.08
net626,3.08
net754,3.08
net922,3.08
_0733_,3.07
_0794_,3.06
_0757_,3.045
_0827_,3
_1160_,2.98
_1328_,2.98
_1339_,2.98
_2313_,2.98
_2735_,2.98
_2807_,2.98
_3393_,2.98
_3405_,2.98
_1978_,2.975
_1100_,2.97
_1860_,2.97
_0873_,2.96
_1204_,2.96
_1225_,2.96
_1250_,2.96
_1548_,2.96
_1624_,2.96
_1711_,2.96
_1836_,2.96
_1855_,2.96
_1920_,2.96
_2048_,2.96
_2106_,2.96
_2110_,2.96
_2265_,2.96
_2492_,2.96
_2551_,2.96
_2684_,2.96
_2690_,2.96
_2841_,2.96
_2916_,2.96
_2963_,2.96
_2972_,2.96
_3193_,2.96
_3254_,2.96
_3369_,2.96
_3419_,2.96
u_pe_array.g_pe_row\[3\].g_pe_col\[0\].u_pe.w_out\[1\],2.96
net39,2.96
net418,2.96
_0744_,2.945
_0746_,2.945
_0754_,2.945
_0761_,2.945
_0778_,2.945
_0784_,2.945
_0787_,2.945
_0823_,2.945
_0826_,2.945
_0832_,2.945
_0833_,2.945
_0834_,2.945
_0835_,2.945
_0839_,2.86
_3333_,2.86
_0115_,2.84
_0510_,2.84
_0555_,2.84
_0730_,2.84
_0330_,2.765
_0006_,2.76
_1239_,2.76
_1449_,2.76
_1682_,2.76
_2442_,2.76
u_pe_array.act_from_right\[0\]\[10\],2.76
net616,2.76
net757,2.76
_0018_,2.74
_0126_,2.74
_0141_,2.74
_0151_,2.74
_0197_,2.74
_0214_,2.74
_0233_,2.74
_0252_,2.74
_0254_,2.74
_0317_,2.74
_0322_,2.74
_0359_,2.74
_0388_,2.74
_0390_,2.74
_0422_,2.74
_0424_,2.74
_0443_,2.74
_0475_,2.74
_0484_,2.74
_0537_,2.74
_0591_,2.74
_0612_,2.74
_0799_,2.74
_1043_,2.74
_2421_,2.74
_3079_,2.74
net290,2.74
net527,2.74
net799,2.74
net858,2.74
net932,2.74
_0736_,2.72
net891,2.72
_0747_,2.715
_0505_,2.665
_3016_,2.66
_0087_,2.64
_0238_,2.64
_0643_,2.64
_0646_,2.64
_0719_,2.64
_1504_,2.64
_1853_,2.64
_1966_,2.64
_2157_,2.64
_2192_,2.64
_2531_,2.64
_0059_,2.62
_0073_,2.62
_0127_,2.62
_0198_,2.62
_0229_,2.62
_0237_,2.62
_0266_,2.62
_0309_,2.62
_0327_,2.62
_0346_,2.62
_0368_,2.62
_0395_,2.62
_0401_,2.62
_0471_,2.62
_0496_,2.62
_0522_,2.62
_0546_,2.62
_0617_,2.62
_0635_,2.62
_0684_,2.62
_1145_,2.62
_1164_,2.62
_1330_,2.62
_1386_,2.62
_1614_,2.62
_1827_,2.62
_1849_,2.62
_1961_,2.62
_2049_,2.62
_2094_,2.62
_2191_,2.62
_2249_,2.62
_2645_,2.62
_2668_,2.62
_2672_,2.62
_2840_,2.62
_3308_,2.62
_3353_,2.62
_3421_,2.62
_3507_,2.62
_3520_,2.62
_3522_,2.62
_3539_,2.62
u_pe_array.act_from_down\[11\]\[8\],2.62
u_pe_array.act_from_down\[1\]\[8\],2.62
u_pe_array.act_from_left\[13\]\[11\],2.62
u_pe_array.act_from_left\[13\]\[3\],2.62
u_pe_array.act_from_right\[0\]\[3\],2.62
u_pe_array.act_from_right\[10\]\[2\],2.62
u_pe_array.act_from_right\[13\]\[4\],2.62
u_pe_array.act_from_right\[2\]\[4\],2.62
u_pe_array.act_from_up\[14\]\[8\],2.62
net438,2.62
net476,2.62
net523,2.62
net725,2.62
net833,2.62
net887,2.62
net889,2.62
_0768_,2.595
_3367_,2.55
_0728_,2.545
_0774_,2.545
_0830_,2.545
_0840_,2.545
_1117_,2.52
_1448_,2.52
_2307_,2.52
_2640_,2.52
_2662_,2.52
_3461_,2.52
_3481_,2.52
_3518_,2.52
_3537_,2.52
net602,2.52
_0369_,2.5
_0427_,2.5
_0896_,2.5
_1004_,2.5
_1157_,2.5
_1288_,2.5
_1457_,2.5
_1503_,2.5
_1612_,2.5
_1755_,2.5
_1794_,2.5
_1868_,2.5
_1958_,2.5
_2259_,2.5
_2299_,2.5
_2481_,2.5
_2814_,2.5
_2957_,2.5
_3009_,2.5
_3053_,2.5
_3057_,2.5
_3200_,2.5
_3497_,2.5
_3523_,2.5
u_pe_array.g_pe_row\[0\].g_pe_col\[2\].u_pe.w_out\[0\],2.5
u_pe_array.g_pe_row\[3\].g_pe_col\[3\].u_pe.w_out\[1\],2.5
net296,2.5
net331,2.5
_0841_,2.495
_0474_,2.465
_0477_,2.465
net101,2.465
_1905_,2.425
_2446_,2.4
_3319_,2.4
net654,2.4
net779,2.4
_0724_,2.375
_0760_,2.375
_0727_,2.325
_0786_,2.325
_0796_,2.305
_0731_,2.3
_1245_,2.3
_1439_,2.3
_1484_,2.3
_1489_,2.3
_1498_,2.3
_1793_,2.3
_1903_,2.3
_1963_,2.3
_2525_,2.3
_2530_,2.3
_2554_,2.3
_2590_,2.3
_2884_,2.3
_3134_,2.3
_3300_,2.3
_0001_,2.28
_0067_,2.28
_0072_,2.28
_0080_,2.28
_0168_,2.28
_0205_,2.28
_0218_,2.28
_0234_,2.28
_0288_,2.28
_0319_,2.28
_0329_,2.28
_0343_,2.28
_0412_,2.28
_0423_,2.28
_0463_,2.28
_0494_,2.28
_0512_,2.28
_0549_,2.28
_0572_,2.28
_0588_,2.28
_0590_,2.28
_0610_,2.28
_0734_,2.28
_0789_,2.28
_1829_,2.28
_1950_,2.28
_2365_,2.28
_2769_,2.28
_2821_,2.28
_3168_,2.28
u_pe_array.g_pe_row\[2\].g_pe_col\[0\].u_pe.w_out\[0\],2.28
_0725_,2.255
_0750_,2.255
_0808_,2.255
_0811_,2.255
_0818_,2.255
net479,2.22
_0289_,2.205
_0803_,2.205
_0123_,2.18
_0128_,2.18
_0150_,2.18
_0181_,2.18
_0191_,2.18
_0219_,2.18
_0227_,2.18
_0244_,2.18
_0255_,2.18
_0286_,2.18
_0297_,2.18
_0371_,2.18
_0380_,2.18
_0406_,2.18
_0469_,2.18
_0500_,2.18
_0609_,2.18
_0626_,2.18
_0633_,2.18
_0634_,2.18
_0640_,2.18
_0652_,2.18
_0660_,2.18
_0664_,2.18
_1002_,2.18
_1194_,2.18
_1343_,2.18
_1364_,2.18
_1647_,2.18
_1982_,2.18
_2047_,2.18
_2485_,2.18
_2940_,2.18
_3069_,2.18
_3091_,2.18
net146,2.18
net170,2.18
net271,2.18
net739,2.18
net836,2.18
net908,2.18
net916,2.18
net930,2.18
_2620_,2.175
_0016_,2.16
_0104_,2.16
_0259_,2.16
_0285_,2.16
_0333_,2.16
_0360_,2.16
_0387_,2.16
_0404_,2.16
_0498_,2.16
_0507_,2.16
_0517_,2.16
_0536_,2.16
_0584_,2.16
_0589_,2.16
_0677_,2.16
_0702_,2.16
_0715_,2.16
_1024_,2.16
_1035_,2.16
_1038_,2.16
_1282_,2.16
_1308_,2.16
_1736_,2.16
_1781_,2.16
_2088_,2.16
_2118_,2.16
_2170_,2.16
_2267_,2.16
_2290_,2.16
_2314_,2.16
_2576_,2.16
_2588_,2.16
_2949_,2.16
_2996_,2.16
_3005_,2.16
_3150_,2.16
_3158_,2.16
_3252_,2.16
_3274_,2.16
_3314_,2.16
_3323_,2.16
_3432_,2.16
_3512_,2.16
u_pe_array.act_from_left\[13\]\[1\],2.16
u_pe_array.act_from_right\[2\]\[1\],2.16
u_pe_array.g_pe_row\[2\].g_pe_col\[3\].u_pe.w_out\[0\],2.16
u_pe_array.g_pe_row\[3\].g_pe_col\[2\].u_pe.w_out\[1\],2.16
u_pe_array.g_pe_row\[3\].g_pe_col\[3\].u_pe.move_reg\[7\],2.16
net300,2.16
net540,2.16
net598,2.16
net917,2.16
_0756_,2.125
_0772_,2.125
_0763_,2.085
_0820_,2.06
_1438_,2.06
_1472_,2.06
_2274_,2.06
_2489_,2.06
_3457_,2.06
_3538_,2.06
u_pe_array.act_from_left\[5\]\[7\],2.06
u_pe_array.g_pe_row\[3\].g_pe_col\[1\].u_pe.w_out\[1\],2.06
_0216_,2.04
_0421_,2.04
_1139_,2.04
_1207_,2.04
_1254_,2.04
_1289_,2.04
_1342_,2.04
_1375_,2.04
_1775_,2.04
_1877_,2.04
_2146_,2.04
_2308_,2.04
_2438_,2.04
_2516_,2.04
_2764_,2.04
_2873_,2.04
u_pe_array.g_pe_row\[0\].g_pe_col\[1\].u_pe.w_out\[1\],2.04
_0374_,2.005
_0682_,2.005
_2968_,1.95
_1678_,1.94
_3467_,1.94
net497,1.94
_0741_,1.865
_0749_,1.865
_0753_,1.865
_0769_,1.865
_0809_,1.865
_0813_,1.865
_0845_,1.865
_0849_,1.865
_0002_,1.845
_0461_,1.845
_0538_,1.845
_1098_,1.845
_1843_,1.84
_1902_,1.84
_2556_,1.84
_2904_,1.84
_3133_,1.84
net111,1.84
net148,1.84
net402,1.84
net414,1.84
net433,1.84
net448,1.84
net491,1.84
net780,1.84
net803,1.84
net870,1.84
_0031_,1.82
_0037_,1.82
_0076_,1.82
_0105_,1.82
_0192_,1.82
_0251_,1.82
_0253_,1.82
_0287_,1.82
_0357_,1.82
_0405_,1.82
_0473_,1.82
_0478_,1.82
_0521_,1.82
_0553_,1.82
_0596_,1.82
_0695_,1.82
_1885_,1.82
_2181_,1.82
_2202_,1.82
_2619_,1.82
_3155_,1.82
net249,1.82
_0448_,1.72
_0585_,1.72
_0649_,1.72
_0704_,1.72
_1518_,1.72
_1863_,1.72
_1996_,1.72
_2248_,1.72
_2444_,1.72
_2816_,1.72
_2886_,1.72
_3004_,1.72
_0211_,1.7
_0225_,1.7
_0247_,1.7
_0355_,1.7
_0438_,1.7
_0458_,1.7
_0539_,1.7
_0543_,1.7
_0556_,1.7
_0574_,1.7
_0616_,1.7
_0651_,1.7
_0721_,1.7
_0722_,1.7
_0732_,1.7
_1013_,1.7
_1066_,1.7
_1132_,1.7
_1162_,1.7
_1768_,1.7
_1955_,1.7
_2929_,1.7
_3046_,1.7
u_pe_array.act_from_left\[13\]\[9\],1.7
u_pe_array.act_from_left\[5\]\[10\],1.7
u_pe_array.act_from_right\[10\]\[3\],1.7
u_pe_array.act_from_right\[10\]\[6\],1.7
u_pe_array.act_from_right\[5\]\[12\],1.7
u_pe_array.act_from_right\[5\]\[6\],1.7
u_pe_array.g_pe_row\[1\].g_pe_col\[3\].u_pe.move_reg\[11\],1.7
u_pe_array.g_pe_row\[2\].g_pe_col\[2\].u_pe.move_reg\[7\],1.7
net135,1.7
net558,1.7
net880,1.7
_1537_,1.69
_0655_,1.6
_1142_,1.6
_1148_,1.6
_1454_,1.6
_1729_,1.6
_2281_,1.6
_3000_,1.6
_3413_,1.6
_3417_,1.6
_3433_,1.6
_3437_,1.6
_3443_,1.6
u_pe_array.act_from_right\[5\]\[7\],1.6
u_pe_array.g_pe_row\[2\].g_pe_col\[0\].u_pe.w_out\[1\],1.6
_3224_,1.59
_0110_,1.545
_0212_,1.545
_0520_,1.545
_3125_,1.48
_0781_,1.405
_0782_,1.405
_0807_,1.405
_0998_,1.38
_1060_,1.38
_1230_,1.38
_1429_,1.38
_1785_,1.38
_2080_,1.38
_2160_,1.38
_2227_,1.38
_2238_,1.38
_2546_,1.38
_2744_,1.38
_2799_,1.38
_2869_,1.38
_3051_,1.38
_3185_,1.38
_3455_,1.38
u_pe_array.act_from_right\[2\]\[6\],1.38
_0071_,1.36
_0153_,1.36
_0155_,1.36
_0169_,1.36
_0206_,1.36
_0246_,1.36
_0419_,1.36
_0467_,1.36
_0468_,1.36
_0472_,1.36
_0511_,1.36
_0601_,1.36
_0658_,1.36
_3470_,1.36
_0347_,1.26
_0544_,1.26
_0621_,1.26
_0661_,1.26
_1421_,1.26
_1436_,1.26
_1697_,1.26
_1967_,1.26
_2126_,1.26
_2624_,1.26
_2811_,1.26
_3226_,1.26
_3302_,1.26
u_fsm.state\[2\],1.26
u_pe_array.g_pe_row\[0\].g_pe_col\[0\].u_pe.w_out\[0\],1.26
u_pe_array.g_pe_row\[1\].g_pe_col\[2\].u_pe.w_out\[0\],1.26
u_pe_array.g_pe_row\[2\].g_pe_col\[3\].u_pe.w_out\[1\],1.26
_1994_,1.15
_3095_,1.15
_0698_,1.14
_0897_,1.14
_0923_,1.14
_1285_,1.14
_1425_,1.14
_1598_,1.14
_1864_,1.14
_1866_,1.14
_1998_,1.14
_2092_,1.14
_2450_,1.14
_2674_,1.14
_3099_,1.14
_3363_,1.14
_3401_,1.14
_3403_,1.14
_3407_,1.14
_3435_,1.14
_3444_,1.14
_3530_,1.14
_3532_,1.14
_0890_,1.1
_0036_,1.085
_0156_,1.085
_0793_,1.085
_0908_,0.92
_1760_,0.92
_2029_,0.92
_2997_,0.92
net385,0.92
_0189_,0.8
_0190_,0.8
_0217_,0.8
_0230_,0.8
_0260_,0.8
_0311_,0.8
_0345_,0.8
_0386_,0.8
_0575_,0.8
_0581_,0.8
_0583_,0.8
_0663_,0.8
_0700_,0.8
_1276_,0.8
_1808_,0.8
_1989_,0.8
_3364_,0.8
u_pe_array.g_pe_row\[1\].g_pe_col\[1\].u_pe.w_out\[1\],0.8
u_pe_array.g_pe_row\[1\].g_pe_col\[3\].u_pe.w_out\[0\],0.8
u_pe_array.g_pe_row\[2\].g_pe_col\[1\].u_pe.w_out\[1\],0.8
net224,0.8
net756,0.8
_1029_,0.46
_1087_,0.46
_1393_,0.46
_1523_,0.46
_3212_,0.46
_3339_,0.46
u_fsm.h_cnt\[0\],0.46
u_pe_array.act_from_down\[11\]\[10\],0.46
u_pe_array.act_from_down\[1\]\[5\],0.46
u_pe_array.act_from_left\[5\]\[6\],0.46
u_pe_array.act_from_left\[7\]\[12\],0.46
u_pe_array.act_from_left\[7\]\[9\],0.46
u_pe_array.act_from_right\[0\]\[2\],0.46
u_pe_array.act_from_right\[10\]\[4\],0.46
u_pe_array.act_from_right\[10\]\[7\],0.46
u_pe_array.act_from_right\[2\]\[5\],0.46
u_pe_array.act_from_right\[2\]\[8\],0.46
u_pe_array.act_from_up\[14\]\[10\],0.46
u_pe_array.g_pe_row\[1\].g_pe_col\[3\].u_pe.move_reg\[10\],0.46
net134,0.46
net232,0.46
net273,0.46
net413,0.46
