# row col ch value
0 0 0 5
0 0 1 49
0 0 2 41
0 0 3 28
0 1 0 27
0 1 1 54
0 1 2 5
0 1 3 44
0 2 0 12
0 2 1 6
0 2 2 33
0 2 3 62
0 3 0 47
0 3 1 48
0 3 2 45
0 3 3 50
0 4 0 32
0 4 1 8
0 4 2 53
0 4 3 28
0 5 0 32
0 5 1 23
0 5 2 11
0 5 3 59
0 6 0 50
0 6 1 41
0 6 2 25
0 6 3 52
0 7 0 34
0 7 1 28
0 7 2 28
0 7 3 14
0 8 0 5
0 8 1 35
0 8 2 56
0 8 3 4
0 9 0 54
0 9 1 52
0 9 2 17
0 9 3 40
0 10 0 10
0 10 1 48
0 10 2 44
0 10 3 22
0 11 0 4
0 11 1 62
0 11 2 28
0 11 3 57
0 12 0 43
0 12 1 49
0 12 2 48
0 12 3 12
0 13 0 23
0 13 1 29
0 13 2 31
0 13 3 2
0 14 0 34
0 14 1 9
0 14 2 47
0 14 3 43
0 15 0 59
0 15 1 47
0 15 2 23
0 15 3 61
0 16 0 26
0 16 1 20
0 16 2 57
0 16 3 23
0 17 0 4
0 17 1 30
0 17 2 50
0 17 3 12
0 18 0 29
0 18 1 8
0 18 2 43
0 18 3 30
0 19 0 21
0 19 1 14
0 19 2 36
0 19 3 42
0 20 0 60
0 20 1 27
0 20 2 10
0 20 3 53
0 21 0 40
0 21 1 44
0 21 2 6
0 21 3 19
0 22 0 49
0 22 1 53
0 22 2 27
0 22 3 51
0 23 0 53
0 23 1 24
0 23 2 57
0 23 3 18
0 24 0 15
0 24 1 43
0 24 2 40
0 24 3 8
0 25 0 53
0 25 1 12
0 25 2 51
0 25 3 0
0 26 0 50
0 26 1 50
0 26 2 49
0 26 3 42
0 27 0 30
0 27 1 45
0 27 2 17
0 27 3 49
0 28 0 35
0 28 1 29
0 28 2 32
0 28 3 36
0 29 0 2
0 29 1 8
0 29 2 15
0 29 3 7
0 30 0 28
0 30 1 42
0 30 2 41
0 30 3 30
0 31 0 54
0 31 1 36
0 31 2 5
0 31 3 48
0 32 0 36
0 32 1 40
0 32 2 36
0 32 3 35
0 33 0 5
0 33 1 35
0 33 2 50
0 33 3 19
0 34 0 38
0 34 1 1
0 34 2 22
0 34 3 27
0 35 0 62
0 35 1 13
0 35 2 17
0 35 3 26
0 36 0 63
0 36 1 54
0 36 2 2
0 36 3 14
0 37 0 52
0 37 1 3
0 37 2 54
0 37 3 18
0 38 0 58
0 38 1 18
0 38 2 27
0 38 3 42
0 39 0 8
0 39 1 35
0 39 2 32
0 39 3 50
0 40 0 63
0 40 1 42
0 40 2 26
0 40 3 26
0 41 0 26
0 41 1 52
0 41 2 20
0 41 3 10
0 42 0 21
0 42 1 1
0 42 2 6
0 42 3 5
0 43 0 49
0 43 1 46
0 43 2 44
0 43 3 29
0 44 0 45
0 44 1 10
0 44 2 57
0 44 3 32
0 45 0 60
0 45 1 9
0 45 2 31
0 45 3 44
0 46 0 31
0 46 1 28
0 46 2 10
0 46 3 24
0 47 0 15
0 47 1 19
0 47 2 43
0 47 3 40
0 48 0 38
0 48 1 23
0 48 2 61
0 48 3 5
0 49 0 21
0 49 1 7
0 49 2 21
0 49 3 61
0 50 0 23
0 50 1 58
0 50 2 31
0 50 3 44
0 51 0 29
0 51 1 17
0 51 2 48
0 51 3 62
0 52 0 16
0 52 1 49
0 52 2 16
0 52 3 45
0 53 0 50
0 53 1 28
0 53 2 47
0 53 3 17
0 54 0 5
0 54 1 6
0 54 2 28
0 54 3 57
0 55 0 8
0 55 1 29
0 55 2 45
0 55 3 12
0 56 0 46
0 56 1 19
0 56 2 51
0 56 3 37
0 57 0 35
0 57 1 11
0 57 2 29
0 57 3 54
0 58 0 1
0 58 1 48
0 58 2 31
0 58 3 46
0 59 0 42
0 59 1 27
0 59 2 19
0 59 3 40
0 60 0 8
0 60 1 37
0 60 2 6
0 60 3 41
0 61 0 40
0 61 1 5
0 61 2 48
0 61 3 26
0 62 0 50
0 62 1 2
0 62 2 11
0 62 3 31
0 63 0 12
0 63 1 21
0 63 2 42
0 63 3 9
0 64 0 43
0 64 1 6
0 64 2 11
0 64 3 37
0 65 0 50
0 65 1 10
0 65 2 19
0 65 3 59
0 66 0 63
0 66 1 37
0 66 2 28
0 66 3 22
0 67 0 39
0 67 1 37
0 67 2 18
0 67 3 1
0 68 0 9
0 68 1 61
0 68 2 26
0 68 3 30
0 69 0 29
0 69 1 50
0 69 2 4
0 69 3 5
0 70 0 17
0 70 1 31
0 70 2 42
0 70 3 31
0 71 0 28
0 71 1 60
0 71 2 10
0 71 3 36
0 72 0 34
0 72 1 30
0 72 2 51
0 72 3 17
0 73 0 61
0 73 1 21
0 73 2 34
0 73 3 33
0 74 0 54
0 74 1 28
0 74 2 18
0 74 3 1
0 75 0 23
0 75 1 52
0 75 2 0
0 75 3 57
0 76 0 34
0 76 1 8
0 76 2 19
0 76 3 35
0 77 0 20
0 77 1 6
0 77 2 42
0 77 3 43
0 78 0 7
0 78 1 17
0 78 2 15
0 78 3 42
0 79 0 46
0 79 1 46
0 79 2 60
0 79 3 49
0 80 0 20
0 80 1 6
0 80 2 39
0 80 3 58
0 81 0 62
0 81 1 14
0 81 2 15
0 81 3 2
0 82 0 9
0 82 1 35
0 82 2 34
0 82 3 23
0 83 0 19
0 83 1 53
0 83 2 29
0 83 3 51
0 84 0 61
0 84 1 20
0 84 2 12
0 84 3 60
0 85 0 40
0 85 1 18
0 85 2 39
0 85 3 32
0 86 0 57
0 86 1 16
0 86 2 63
0 86 3 59
0 87 0 11
0 87 1 10
0 87 2 34
0 87 3 2
0 88 0 19
0 88 1 27
0 88 2 62
0 88 3 63
0 89 0 9
0 89 1 57
0 89 2 5
0 89 3 47
0 90 0 54
0 90 1 57
0 90 2 14
0 90 3 57
0 91 0 7
0 91 1 33
0 91 2 30
0 91 3 20
0 92 0 1
0 92 1 49
0 92 2 21
0 92 3 42
0 93 0 26
0 93 1 23
0 93 2 56
0 93 3 6
0 94 0 47
0 94 1 47
0 94 2 24
0 94 3 16
0 95 0 0
0 95 1 59
0 95 2 60
0 95 3 15
0 96 0 2
0 96 1 7
0 96 2 4
0 96 3 53
0 97 0 57
0 97 1 9
0 97 2 47
0 97 3 11
0 98 0 23
0 98 1 38
0 98 2 46
0 98 3 55
0 99 0 2
0 99 1 12
0 99 2 17
0 99 3 19
1 0 0 63
1 0 1 49
1 0 2 20
1 0 3 62
1 1 0 31
1 1 1 32
1 1 2 27
1 1 3 9
1 2 0 59
1 2 1 0
1 2 2 11
1 2 3 14
1 3 0 17
1 3 1 8
1 3 2 1
1 3 3 43
1 4 0 62
1 4 1 7
1 4 2 18
1 4 3 32
1 5 0 59
1 5 1 44
1 5 2 49
1 5 3 37
1 6 0 26
1 6 1 12
1 6 2 55
1 6 3 51
1 7 0 1
1 7 1 45
1 7 2 5
1 7 3 47
1 8 0 52
1 8 1 8
1 8 2 27
1 8 3 7
1 9 0 36
1 9 1 59
1 9 2 5
1 9 3 25
1 10 0 62
1 10 1 19
1 10 2 8
1 10 3 31
1 11 0 32
1 11 1 42
1 11 2 20
1 11 3 61
1 12 0 33
1 12 1 18
1 12 2 61
1 12 3 59
1 13 0 31
1 13 1 1
1 13 2 38
1 13 3 35
1 14 0 9
1 14 1 40
1 14 2 53
1 14 3 6
1 15 0 46
1 15 1 8
1 15 2 47
1 15 3 26
1 16 0 0
1 16 1 61
1 16 2 10
1 16 3 38
1 17 0 11
1 17 1 59
1 17 2 47
1 17 3 51
1 18 0 27
1 18 1 29
1 18 2 40
1 18 3 50
1 19 0 54
1 19 1 1
1 19 2 42
1 19 3 6
1 20 0 18
1 20 1 53
1 20 2 16
1 20 3 50
1 21 0 29
1 21 1 14
1 21 2 21
1 21 3 33
1 22 0 48
1 22 1 38
1 22 2 59
1 22 3 55
1 23 0 48
1 23 1 38
1 23 2 18
1 23 3 26
1 24 0 7
1 24 1 23
1 24 2 59
1 24 3 27
1 25 0 7
1 25 1 41
1 25 2 61
1 25 3 55
1 26 0 17
1 26 1 29
1 26 2 33
1 26 3 15
1 27 0 17
1 27 1 15
1 27 2 63
1 27 3 47
1 28 0 53
1 28 1 52
1 28 2 61
1 28 3 6
1 29 0 56
1 29 1 4
1 29 2 30
1 29 3 38
1 30 0 22
1 30 1 9
1 30 2 12
1 30 3 52
1 31 0 20
1 31 1 19
1 31 2 59
1 31 3 9
1 32 0 58
1 32 1 58
1 32 2 38
1 32 3 10
1 33 0 9
1 33 1 18
1 33 2 36
1 33 3 9
1 34 0 29
1 34 1 7
1 34 2 34
1 34 3 1
1 35 0 45
1 35 1 3
1 35 2 12
1 35 3 11
1 36 0 53
1 36 1 3
1 36 2 27
1 36 3 37
1 37 0 33
1 37 1 43
1 37 2 51
1 37 3 25
1 38 0 53
1 38 1 20
1 38 2 63
1 38 3 32
1 39 0 47
1 39 1 56
1 39 2 50
1 39 3 54
1 40 0 34
1 40 1 2
1 40 2 31
1 40 3 11
1 41 0 56
1 41 1 15
1 41 2 14
1 41 3 15
1 42 0 41
1 42 1 36
1 42 2 60
1 42 3 26
1 43 0 18
1 43 1 3
1 43 2 0
1 43 3 23
1 44 0 59
1 44 1 33
1 44 2 57
1 44 3 6
1 45 0 5
1 45 1 53
1 45 2 6
1 45 3 3
1 46 0 25
1 46 1 59
1 46 2 44
1 46 3 6
1 47 0 53
1 47 1 53
1 47 2 51
1 47 3 57
1 48 0 15
1 48 1 62
1 48 2 20
1 48 3 51
1 49 0 37
1 49 1 49
1 49 2 40
1 49 3 41
1 50 0 39
1 50 1 49
1 50 2 47
1 50 3 8
1 51 0 52
1 51 1 34
1 51 2 20
1 51 3 32
1 52 0 61
1 52 1 54
1 52 2 53
1 52 3 29
1 53 0 50
1 53 1 24
1 53 2 43
1 53 3 40
1 54 0 15
1 54 1 17
1 54 2 3
1 54 3 8
1 55 0 27
1 55 1 30
1 55 2 10
1 55 3 26
1 56 0 38
1 56 1 14
1 56 2 21
1 56 3 23
1 57 0 32
1 57 1 23
1 57 2 47
1 57 3 20
1 58 0 27
1 58 1 24
1 58 2 11
1 58 3 43
1 59 0 15
1 59 1 19
1 59 2 50
1 59 3 60
1 60 0 42
1 60 1 58
1 60 2 54
1 60 3 30
1 61 0 49
1 61 1 21
1 61 2 29
1 61 3 34
1 62 0 61
1 62 1 54
1 62 2 31
1 62 3 41
1 63 0 12
1 63 1 51
1 63 2 35
1 63 3 34
1 64 0 49
1 64 1 40
1 64 2 4
1 64 3 18
1 65 0 11
1 65 1 47
1 65 2 2
1 65 3 12
1 66 0 38
1 66 1 44
1 66 2 32
1 66 3 55
1 67 0 58
1 67 1 8
1 67 2 60
1 67 3 39
1 68 0 40
1 68 1 6
1 68 2 39
1 68 3 46
1 69 0 37
1 69 1 5
1 69 2 33
1 69 3 59
1 70 0 46
1 70 1 8
1 70 2 61
1 70 3 61
1 71 0 10
1 71 1 51
1 71 2 26
1 71 3 37
1 72 0 28
1 72 1 50
1 72 2 63
1 72 3 50
1 73 0 59
1 73 1 60
1 73 2 5
1 73 3 16
1 74 0 46
1 74 1 37
1 74 2 3
1 74 3 6
1 75 0 33
1 75 1 39
1 75 2 10
1 75 3 10
1 76 0 8
1 76 1 36
1 76 2 0
1 76 3 36
1 77 0 30
1 77 1 29
1 77 2 43
1 77 3 33
1 78 0 46
1 78 1 48
1 78 2 58
1 78 3 51
1 79 0 33
1 79 1 31
1 79 2 15
1 79 3 38
1 80 0 8
1 80 1 59
1 80 2 54
1 80 3 7
1 81 0 50
1 81 1 7
1 81 2 46
1 81 3 5
1 82 0 31
1 82 1 42
1 82 2 46
1 82 3 26
1 83 0 58
1 83 1 49
1 83 2 13
1 83 3 42
1 84 0 46
1 84 1 21
1 84 2 47
1 84 3 57
1 85 0 52
1 85 1 48
1 85 2 40
1 85 3 17
1 86 0 50
1 86 1 23
1 86 2 34
1 86 3 20
1 87 0 20
1 87 1 10
1 87 2 61
1 87 3 9
1 88 0 5
1 88 1 59
1 88 2 35
1 88 3 28
1 89 0 47
1 89 1 24
1 89 2 8
1 89 3 46
1 90 0 11
1 90 1 35
1 90 2 60
1 90 3 59
1 91 0 23
1 91 1 49
1 91 2 39
1 91 3 30
1 92 0 8
1 92 1 24
1 92 2 41
1 92 3 63
1 93 0 0
1 93 1 45
1 93 2 54
1 93 3 60
1 94 0 27
1 94 1 7
1 94 2 17
1 94 3 54
1 95 0 56
1 95 1 40
1 95 2 7
1 95 3 7
1 96 0 30
1 96 1 37
1 96 2 2
1 96 3 43
1 97 0 34
1 97 1 0
1 97 2 6
1 97 3 29
1 98 0 46
1 98 1 52
1 98 2 27
1 98 3 18
1 99 0 61
1 99 1 29
1 99 2 20
1 99 3 28
2 0 0 0
2 0 1 19
2 0 2 32
2 0 3 58
2 1 0 47
2 1 1 50
2 1 2 34
2 1 3 7
2 2 0 25
2 2 1 63
2 2 2 2
2 2 3 56
2 3 0 43
2 3 1 18
2 3 2 49
2 3 3 53
2 4 0 2
2 4 1 6
2 4 2 42
2 4 3 63
2 5 0 1
2 5 1 42
2 5 2 8
2 5 3 41
2 6 0 39
2 6 1 5
2 6 2 43
2 6 3 57
2 7 0 55
2 7 1 1
2 7 2 15
2 7 3 15
2 8 0 29
2 8 1 9
2 8 2 54
2 8 3 49
2 9 0 51
2 9 1 12
2 9 2 0
2 9 3 58
2 10 0 18
2 10 1 42
2 10 2 58
2 10 3 2
2 11 0 0
2 11 1 0
2 11 2 10
2 11 3 3
2 12 0 52
2 12 1 38
2 12 2 62
2 12 3 51
2 13 0 61
2 13 1 15
2 13 2 18
2 13 3 54
2 14 0 15
2 14 1 3
2 14 2 42
2 14 3 51
2 15 0 61
2 15 1 59
2 15 2 7
2 15 3 49
2 16 0 54
2 16 1 44
2 16 2 52
2 16 3 53
2 17 0 28
2 17 1 2
2 17 2 29
2 17 3 12
2 18 0 7
2 18 1 7
2 18 2 44
2 18 3 32
2 19 0 34
2 19 1 47
2 19 2 35
2 19 3 40
2 20 0 5
2 20 1 54
2 20 2 28
2 20 3 9
2 21 0 52
2 21 1 47
2 21 2 3
2 21 3 12
2 22 0 1
2 22 1 17
2 22 2 6
2 22 3 45
2 23 0 33
2 23 1 62
2 23 2 47
2 23 3 39
2 24 0 32
2 24 1 3
2 24 2 4
2 24 3 39
2 25 0 0
2 25 1 2
2 25 2 14
2 25 3 56
2 26 0 29
2 26 1 45
2 26 2 26
2 26 3 11
2 27 0 23
2 27 1 5
2 27 2 49
2 27 3 11
2 28 0 24
2 28 1 62
2 28 2 37
2 28 3 29
2 29 0 34
2 29 1 50
2 29 2 16
2 29 3 40
2 30 0 55
2 30 1 36
2 30 2 28
2 30 3 9
2 31 0 15
2 31 1 60
2 31 2 34
2 31 3 19
2 32 0 26
2 32 1 36
2 32 2 34
2 32 3 44
2 33 0 16
2 33 1 41
2 33 2 28
2 33 3 60
2 34 0 10
2 34 1 9
2 34 2 29
2 34 3 32
2 35 0 44
2 35 1 25
2 35 2 58
2 35 3 30
2 36 0 8
2 36 1 7
2 36 2 62
2 36 3 8
2 37 0 60
2 37 1 17
2 37 2 5
2 37 3 19
2 38 0 39
2 38 1 27
2 38 2 50
2 38 3 39
2 39 0 25
2 39 1 40
2 39 2 62
2 39 3 26
2 40 0 9
2 40 1 26
2 40 2 53
2 40 3 13
2 41 0 60
2 41 1 37
2 41 2 38
2 41 3 20
2 42 0 58
2 42 1 2
2 42 2 19
2 42 3 26
2 43 0 30
2 43 1 30
2 43 2 9
2 43 3 14
2 44 0 6
2 44 1 36
2 44 2 22
2 44 3 36
2 45 0 37
2 45 1 44
2 45 2 35
2 45 3 41
2 46 0 37
2 46 1 41
2 46 2 39
2 46 3 20
2 47 0 15
2 47 1 50
2 47 2 21
2 47 3 35
2 48 0 12
2 48 1 27
2 48 2 33
2 48 3 40
2 49 0 33
2 49 1 23
2 49 2 61
2 49 3 32
2 50 0 51
2 50 1 47
2 50 2 35
2 50 3 56
2 51 0 8
2 51 1 58
2 51 2 54
2 51 3 32
2 52 0 46
2 52 1 33
2 52 2 17
2 52 3 51
2 53 0 15
2 53 1 20
2 53 2 33
2 53 3 53
2 54 0 24
2 54 1 31
2 54 2 2
2 54 3 7
2 55 0 3
2 55 1 4
2 55 2 55
2 55 3 53
2 56 0 52
2 56 1 3
2 56 2 4
2 56 3 17
2 57 0 36
2 57 1 21
2 57 2 31
2 57 3 11
2 58 0 46
2 58 1 20
2 58 2 4
2 58 3 47
2 59 0 57
2 59 1 0
2 59 2 27
2 59 3 52
2 60 0 45
2 60 1 54
2 60 2 26
2 60 3 23
2 61 0 45
2 61 1 9
2 61 2 15
2 61 3 38
2 62 0 42
2 62 1 7
2 62 2 32
2 62 3 23
2 63 0 32
2 63 1 61
2 63 2 4
2 63 3 63
2 64 0 28
2 64 1 49
2 64 2 27
2 64 3 19
2 65 0 49
2 65 1 44
2 65 2 9
2 65 3 45
2 66 0 48
2 66 1 24
2 66 2 59
2 66 3 41
2 67 0 21
2 67 1 0
2 67 2 43
2 67 3 13
2 68 0 48
2 68 1 33
2 68 2 29
2 68 3 10
2 69 0 45
2 69 1 10
2 69 2 26
2 69 3 53
2 70 0 58
2 70 1 63
2 70 2 61
2 70 3 35
2 71 0 12
2 71 1 53
2 71 2 51
2 71 3 63
2 72 0 41
2 72 1 9
2 72 2 32
2 72 3 28
2 73 0 53
2 73 1 25
2 73 2 21
2 73 3 5
2 74 0 53
2 74 1 48
2 74 2 2
2 74 3 27
2 75 0 30
2 75 1 30
2 75 2 58
2 75 3 9
2 76 0 19
2 76 1 11
2 76 2 15
2 76 3 58
2 77 0 60
2 77 1 2
2 77 2 40
2 77 3 14
2 78 0 12
2 78 1 18
2 78 2 12
2 78 3 31
2 79 0 63
2 79 1 37
2 79 2 46
2 79 3 31
2 80 0 0
2 80 1 5
2 80 2 17
2 80 3 15
2 81 0 53
2 81 1 53
2 81 2 54
2 81 3 40
2 82 0 35
2 82 1 41
2 82 2 26
2 82 3 42
2 83 0 50
2 83 1 48
2 83 2 39
2 83 3 3
2 84 0 46
2 84 1 23
2 84 2 47
2 84 3 34
2 85 0 56
2 85 1 21
2 85 2 59
2 85 3 54
2 86 0 21
2 86 1 30
2 86 2 34
2 86 3 49
2 87 0 44
2 87 1 54
2 87 2 23
2 87 3 32
2 88 0 27
2 88 1 58
2 88 2 19
2 88 3 37
2 89 0 7
2 89 1 54
2 89 2 24
2 89 3 21
2 90 0 37
2 90 1 31
2 90 2 54
2 90 3 34
2 91 0 33
2 91 1 6
2 91 2 1
2 91 3 25
2 92 0 63
2 92 1 58
2 92 2 40
2 92 3 40
2 93 0 25
2 93 1 11
2 93 2 0
2 93 3 21
2 94 0 20
2 94 1 12
2 94 2 16
2 94 3 1
2 95 0 38
2 95 1 59
2 95 2 44
2 95 3 28
2 96 0 26
2 96 1 19
2 96 2 9
2 96 3 38
2 97 0 36
2 97 1 0
2 97 2 26
2 97 3 17
2 98 0 10
2 98 1 44
2 98 2 33
2 98 3 40
2 99 0 45
2 99 1 62
2 99 2 51
2 99 3 39
3 0 0 56
3 0 1 30
3 0 2 63
3 0 3 48
3 1 0 41
3 1 1 57
3 1 2 32
3 1 3 46
3 2 0 18
3 2 1 61
3 2 2 39
3 2 3 50
3 3 0 29
3 3 1 55
3 3 2 4
3 3 3 7
3 4 0 32
3 4 1 46
3 4 2 51
3 4 3 28
3 5 0 41
3 5 1 35
3 5 2 61
3 5 3 41
3 6 0 26
3 6 1 62
3 6 2 6
3 6 3 63
3 7 0 9
3 7 1 18
3 7 2 52
3 7 3 46
3 8 0 62
3 8 1 47
3 8 2 40
3 8 3 22
3 9 0 0
3 9 1 7
3 9 2 19
3 9 3 2
3 10 0 32
3 10 1 49
3 10 2 61
3 10 3 31
3 11 0 56
3 11 1 63
3 11 2 55
3 11 3 29
3 12 0 20
3 12 1 62
3 12 2 15
3 12 3 26
3 13 0 4
3 13 1 50
3 13 2 41
3 13 3 5
3 14 0 14
3 14 1 35
3 14 2 34
3 14 3 51
3 15 0 17
3 15 1 59
3 15 2 28
3 15 3 52
3 16 0 15
3 16 1 2
3 16 2 3
3 16 3 23
3 17 0 61
3 17 1 3
3 17 2 23
3 17 3 6
3 18 0 59
3 18 1 43
3 18 2 48
3 18 3 45
3 19 0 42
3 19 1 49
3 19 2 0
3 19 3 55
3 20 0 47
3 20 1 47
3 20 2 25
3 20 3 51
3 21 0 24
3 21 1 3
3 21 2 58
3 21 3 15
3 22 0 6
3 22 1 39
3 22 2 14
3 22 3 54
3 23 0 28
3 23 1 0
3 23 2 60
3 23 3 32
3 24 0 16
3 24 1 43
3 24 2 33
3 24 3 1
3 25 0 48
3 25 1 25
3 25 2 44
3 25 3 57
3 26 0 39
3 26 1 42
3 26 2 16
3 26 3 15
3 27 0 26
3 27 1 54
3 27 2 33
3 27 3 22
3 28 0 49
3 28 1 54
3 28 2 57
3 28 3 19
3 29 0 45
3 29 1 37
3 29 2 28
3 29 3 25
3 30 0 7
3 30 1 17
3 30 2 35
3 30 3 56
3 31 0 55
3 31 1 12
3 31 2 43
3 31 3 5
3 32 0 43
3 32 1 21
3 32 2 28
3 32 3 45
3 33 0 27
3 33 1 51
3 33 2 34
3 33 3 63
3 34 0 40
3 34 1 18
3 34 2 49
3 34 3 26
3 35 0 34
3 35 1 8
3 35 2 7
3 35 3 36
3 36 0 11
3 36 1 63
3 36 2 54
3 36 3 44
3 37 0 47
3 37 1 38
3 37 2 3
3 37 3 25
3 38 0 31
3 38 1 58
3 38 2 14
3 38 3 31
3 39 0 22
3 39 1 8
3 39 2 6
3 39 3 23
3 40 0 5
3 40 1 4
3 40 2 22
3 40 3 12
3 41 0 35
3 41 1 1
3 41 2 19
3 41 3 29
3 42 0 61
3 42 1 40
3 42 2 56
3 42 3 21
3 43 0 28
3 43 1 26
3 43 2 56
3 43 3 61
3 44 0 61
3 44 1 48
3 44 2 32
3 44 3 34
3 45 0 62
3 45 1 18
3 45 2 22
3 45 3 57
3 46 0 24
3 46 1 15
3 46 2 35
3 46 3 20
3 47 0 57
3 47 1 58
3 47 2 19
3 47 3 33
3 48 0 62
3 48 1 47
3 48 2 13
3 48 3 37
3 49 0 39
3 49 1 41
3 49 2 1
3 49 3 19
3 50 0 54
3 50 1 15
3 50 2 19
3 50 3 20
3 51 0 11
3 51 1 9
3 51 2 22
3 51 3 55
3 52 0 0
3 52 1 18
3 52 2 3
3 52 3 35
3 53 0 16
3 53 1 50
3 53 2 37
3 53 3 50
3 54 0 40
3 54 1 28
3 54 2 55
3 54 3 30
3 55 0 60
3 55 1 63
3 55 2 37
3 55 3 43
3 56 0 16
3 56 1 52
3 56 2 42
3 56 3 57
3 57 0 17
3 57 1 50
3 57 2 30
3 57 3 11
3 58 0 10
3 58 1 35
3 58 2 20
3 58 3 6
3 59 0 27
3 59 1 41
3 59 2 20
3 59 3 61
3 60 0 49
3 60 1 32
3 60 2 59
3 60 3 27
3 61 0 8
3 61 1 2
3 61 2 60
3 61 3 61
3 62 0 47
3 62 1 6
3 62 2 18
3 62 3 2
3 63 0 3
3 63 1 15
3 63 2 36
3 63 3 4
3 64 0 63
3 64 1 29
3 64 2 16
3 64 3 33
3 65 0 50
3 65 1 20
3 65 2 3
3 65 3 3
3 66 0 54
3 66 1 7
3 66 2 40
3 66 3 24
3 67 0 49
3 67 1 3
3 67 2 57
3 67 3 44
3 68 0 28
3 68 1 13
3 68 2 62
3 68 3 19
3 69 0 31
3 69 1 25
3 69 2 14
3 69 3 26
3 70 0 9
3 70 1 0
3 70 2 18
3 70 3 7
3 71 0 26
3 71 1 55
3 71 2 10
3 71 3 0
3 72 0 7
3 72 1 32
3 72 2 17
3 72 3 31
3 73 0 1
3 73 1 21
3 73 2 26
3 73 3 27
3 74 0 35
3 74 1 49
3 74 2 29
3 74 3 53
3 75 0 33
3 75 1 16
3 75 2 14
3 75 3 20
3 76 0 38
3 76 1 15
3 76 2 58
3 76 3 30
3 77 0 55
3 77 1 43
3 77 2 21
3 77 3 14
3 78 0 47
3 78 1 21
3 78 2 15
3 78 3 59
3 79 0 30
3 79 1 3
3 79 2 31
3 79 3 29
3 80 0 55
3 80 1 45
3 80 2 12
3 80 3 9
3 81 0 38
3 81 1 3
3 81 2 20
3 81 3 8
3 82 0 1
3 82 1 58
3 82 2 5
3 82 3 0
3 83 0 59
3 83 1 12
3 83 2 52
3 83 3 2
3 84 0 9
3 84 1 7
3 84 2 45
3 84 3 39
3 85 0 30
3 85 1 15
3 85 2 5
3 85 3 36
3 86 0 14
3 86 1 37
3 86 2 43
3 86 3 54
3 87 0 31
3 87 1 0
3 87 2 17
3 87 3 54
3 88 0 34
3 88 1 39
3 88 2 29
3 88 3 10
3 89 0 57
3 89 1 49
3 89 2 63
3 89 3 54
3 90 0 18
3 90 1 16
3 90 2 15
3 90 3 58
3 91 0 35
3 91 1 29
3 91 2 61
3 91 3 38
3 92 0 58
3 92 1 63
3 92 2 5
3 92 3 23
3 93 0 46
3 93 1 52
3 93 2 9
3 93 3 20
3 94 0 35
3 94 1 51
3 94 2 7
3 94 3 38
3 95 0 18
3 95 1 13
3 95 2 32
3 95 3 26
3 96 0 40
3 96 1 20
3 96 2 52
3 96 3 4
3 97 0 55
3 97 1 1
3 97 2 47
3 97 3 22
3 98 0 24
3 98 1 1
3 98 2 44
3 98 3 10
3 99 0 42
3 99 1 46
3 99 2 54
3 99 3 45
4 0 0 19
4 0 1 47
4 0 2 52
4 0 3 20
4 1 0 7
4 1 1 56
4 1 2 9
4 1 3 38
4 2 0 15
4 2 1 8
4 2 2 49
4 2 3 9
4 3 0 42
4 3 1 44
4 3 2 3
4 3 3 11
4 4 0 50
4 4 1 32
4 4 2 7
4 4 3 63
4 5 0 16
4 5 1 0
4 5 2 59
4 5 3 1
4 6 0 35
4 6 1 63
4 6 2 36
4 6 3 37
4 7 0 24
4 7 1 8
4 7 2 36
4 7 3 57
4 8 0 5
4 8 1 56
4 8 2 26
4 8 3 34
4 9 0 10
4 9 1 39
4 9 2 11
4 9 3 17
4 10 0 46
4 10 1 3
4 10 2 28
4 10 3 38
4 11 0 8
4 11 1 18
4 11 2 21
4 11 3 42
4 12 0 62
4 12 1 53
4 12 2 12
4 12 3 1
4 13 0 3
4 13 1 38
4 13 2 10
4 13 3 14
4 14 0 54
4 14 1 55
4 14 2 53
4 14 3 16
4 15 0 39
4 15 1 39
4 15 2 11
4 15 3 35
4 16 0 33
4 16 1 25
4 16 2 48
4 16 3 43
4 17 0 34
4 17 1 46
4 17 2 48
4 17 3 36
4 18 0 17
4 18 1 48
4 18 2 45
4 18 3 62
4 19 0 9
4 19 1 26
4 19 2 59
4 19 3 32
4 20 0 60
4 20 1 0
4 20 2 2
4 20 3 50
4 21 0 22
4 21 1 33
4 21 2 27
4 21 3 26
4 22 0 60
4 22 1 6
4 22 2 49
4 22 3 56
4 23 0 42
4 23 1 25
4 23 2 10
4 23 3 43
4 24 0 30
4 24 1 9
4 24 2 23
4 24 3 61
4 25 0 16
4 25 1 11
4 25 2 43
4 25 3 12
4 26 0 58
4 26 1 54
4 26 2 62
4 26 3 58
4 27 0 15
4 27 1 13
4 27 2 21
4 27 3 30
4 28 0 56
4 28 1 46
4 28 2 41
4 28 3 56
4 29 0 41
4 29 1 24
4 29 2 26
4 29 3 33
4 30 0 5
4 30 1 47
4 30 2 41
4 30 3 46
4 31 0 34
4 31 1 50
4 31 2 60
4 31 3 36
4 32 0 28
4 32 1 6
4 32 2 49
4 32 3 57
4 33 0 44
4 33 1 55
4 33 2 55
4 33 3 51
4 34 0 32
4 34 1 6
4 34 2 0
4 34 3 13
4 35 0 27
4 35 1 47
4 35 2 29
4 35 3 1
4 36 0 13
4 36 1 62
4 36 2 63
4 36 3 24
4 37 0 51
4 37 1 46
4 37 2 59
4 37 3 56
4 38 0 40
4 38 1 25
4 38 2 40
4 38 3 20
4 39 0 22
4 39 1 38
4 39 2 36
4 39 3 37
4 40 0 24
4 40 1 26
4 40 2 0
4 40 3 38
4 41 0 36
4 41 1 59
4 41 2 32
4 41 3 29
4 42 0 4
4 42 1 12
4 42 2 21
4 42 3 24
4 43 0 23
4 43 1 25
4 43 2 49
4 43 3 8
4 44 0 21
4 44 1 10
4 44 2 19
4 44 3 43
4 45 0 2
4 45 1 21
4 45 2 1
4 45 3 61
4 46 0 46
4 46 1 15
4 46 2 12
4 46 3 6
4 47 0 30
4 47 1 48
4 47 2 37
4 47 3 56
4 48 0 22
4 48 1 17
4 48 2 30
4 48 3 12
4 49 0 62
4 49 1 11
4 49 2 30
4 49 3 33
4 50 0 3
4 50 1 29
4 50 2 29
4 50 3 16
4 51 0 8
4 51 1 2
4 51 2 0
4 51 3 30
4 52 0 5
4 52 1 61
4 52 2 15
4 52 3 41
4 53 0 43
4 53 1 31
4 53 2 56
4 53 3 7
4 54 0 14
4 54 1 16
4 54 2 8
4 54 3 18
4 55 0 20
4 55 1 48
4 55 2 19
4 55 3 56
4 56 0 49
4 56 1 57
4 56 2 6
4 56 3 63
4 57 0 39
4 57 1 62
4 57 2 22
4 57 3 60
4 58 0 37
4 58 1 4
4 58 2 26
4 58 3 8
4 59 0 60
4 59 1 19
4 59 2 14
4 59 3 35
4 60 0 27
4 60 1 6
4 60 2 52
4 60 3 54
4 61 0 47
4 61 1 39
4 61 2 25
4 61 3 34
4 62 0 33
4 62 1 10
4 62 2 5
4 62 3 16
4 63 0 29
4 63 1 10
4 63 2 6
4 63 3 54
4 64 0 23
4 64 1 37
4 64 2 33
4 64 3 47
4 65 0 47
4 65 1 18
4 65 2 54
4 65 3 23
4 66 0 53
4 66 1 25
4 66 2 7
4 66 3 48
4 67 0 1
4 67 1 49
4 67 2 2
4 67 3 13
4 68 0 38
4 68 1 60
4 68 2 26
4 68 3 7
4 69 0 14
4 69 1 57
4 69 2 46
4 69 3 6
4 70 0 24
4 70 1 16
4 70 2 11
4 70 3 54
4 71 0 39
4 71 1 11
4 71 2 41
4 71 3 26
4 72 0 3
4 72 1 28
4 72 2 11
4 72 3 15
4 73 0 56
4 73 1 45
4 73 2 8
4 73 3 54
4 74 0 36
4 74 1 55
4 74 2 47
4 74 3 21
4 75 0 34
4 75 1 33
4 75 2 46
4 75 3 15
4 76 0 21
4 76 1 15
4 76 2 18
4 76 3 10
4 77 0 2
4 77 1 60
4 77 2 4
4 77 3 56
4 78 0 0
4 78 1 49
4 78 2 21
4 78 3 33
4 79 0 18
4 79 1 31
4 79 2 28
4 79 3 33
4 80 0 25
4 80 1 34
4 80 2 52
4 80 3 27
4 81 0 23
4 81 1 8
4 81 2 23
4 81 3 8
4 82 0 11
4 82 1 60
4 82 2 5
4 82 3 30
4 83 0 53
4 83 1 61
4 83 2 9
4 83 3 10
4 84 0 23
4 84 1 35
4 84 2 61
4 84 3 13
4 85 0 10
4 85 1 16
4 85 2 55
4 85 3 1
4 86 0 24
4 86 1 7
4 86 2 10
4 86 3 58
4 87 0 0
4 87 1 20
4 87 2 58
4 87 3 38
4 88 0 4
4 88 1 29
4 88 2 62
4 88 3 25
4 89 0 33
4 89 1 34
4 89 2 42
4 89 3 11
4 90 0 53
4 90 1 63
4 90 2 9
4 90 3 52
4 91 0 52
4 91 1 47
4 91 2 23
4 91 3 30
4 92 0 53
4 92 1 9
4 92 2 53
4 92 3 58
4 93 0 43
4 93 1 21
4 93 2 35
4 93 3 3
4 94 0 59
4 94 1 21
4 94 2 3
4 94 3 50
4 95 0 42
4 95 1 39
4 95 2 3
4 95 3 48
4 96 0 40
4 96 1 50
4 96 2 52
4 96 3 13
4 97 0 13
4 97 1 59
4 97 2 33
4 97 3 28
4 98 0 18
4 98 1 40
4 98 2 48
4 98 3 0
4 99 0 35
4 99 1 63
4 99 2 17
4 99 3 17
5 0 0 56
5 0 1 3
5 0 2 25
5 0 3 29
5 1 0 51
5 1 1 8
5 1 2 27
5 1 3 9
5 2 0 50
5 2 1 40
5 2 2 31
5 2 3 25
5 3 0 9
5 3 1 58
5 3 2 41
5 3 3 20
5 4 0 26
5 4 1 46
5 4 2 46
5 4 3 29
5 5 0 19
5 5 1 42
5 5 2 42
5 5 3 38
5 6 0 4
5 6 1 30
5 6 2 39
5 6 3 60
5 7 0 33
5 7 1 21
5 7 2 35
5 7 3 11
5 8 0 5
5 8 1 43
5 8 2 63
5 8 3 54
5 9 0 37
5 9 1 2
5 9 2 63
5 9 3 28
5 10 0 18
5 10 1 57
5 10 2 47
5 10 3 47
5 11 0 17
5 11 1 63
5 11 2 28
5 11 3 34
5 12 0 48
5 12 1 42
5 12 2 11
5 12 3 19
5 13 0 23
5 13 1 60
5 13 2 45
5 13 3 23
5 14 0 47
5 14 1 47
5 14 2 25
5 14 3 25
5 15 0 57
5 15 1 35
5 15 2 9
5 15 3 46
5 16 0 37
5 16 1 32
5 16 2 46
5 16 3 58
5 17 0 21
5 17 1 26
5 17 2 12
5 17 3 41
5 18 0 25
5 18 1 21
5 18 2 44
5 18 3 26
5 19 0 29
5 19 1 28
5 19 2 16
5 19 3 8
5 20 0 52
5 20 1 5
5 20 2 20
5 20 3 42
5 21 0 8
5 21 1 41
5 21 2 46
5 21 3 42
5 22 0 19
5 22 1 1
5 22 2 56
5 22 3 20
5 23 0 51
5 23 1 12
5 23 2 10
5 23 3 49
5 24 0 60
5 24 1 55
5 24 2 48
5 24 3 15
5 25 0 58
5 25 1 42
5 25 2 11
5 25 3 8
5 26 0 55
5 26 1 17
5 26 2 49
5 26 3 8
5 27 0 17
5 27 1 18
5 27 2 17
5 27 3 43
5 28 0 58
5 28 1 58
5 28 2 47
5 28 3 12
5 29 0 61
5 29 1 34
5 29 2 34
5 29 3 44
5 30 0 49
5 30 1 60
5 30 2 37
5 30 3 39
5 31 0 47
5 31 1 16
5 31 2 19
5 31 3 40
5 32 0 4
5 32 1 20
5 32 2 45
5 32 3 62
5 33 0 33
5 33 1 25
5 33 2 28
5 33 3 43
5 34 0 34
5 34 1 1
5 34 2 34
5 34 3 25
5 35 0 44
5 35 1 56
5 35 2 61
5 35 3 39
5 36 0 23
5 36 1 28
5 36 2 11
5 36 3 59
5 37 0 54
5 37 1 54
5 37 2 20
5 37 3 20
5 38 0 54
5 38 1 34
5 38 2 45
5 38 3 31
5 39 0 28
5 39 1 40
5 39 2 52
5 39 3 21
5 40 0 51
5 40 1 15
5 40 2 25
5 40 3 58
5 41 0 61
5 41 1 59
5 41 2 20
5 41 3 53
5 42 0 59
5 42 1 62
5 42 2 1
5 42 3 47
5 43 0 63
5 43 1 48
5 43 2 14
5 43 3 48
5 44 0 6
5 44 1 30
5 44 2 40
5 44 3 29
5 45 0 44
5 45 1 15
5 45 2 38
5 45 3 41
5 46 0 40
5 46 1 18
5 46 2 19
5 46 3 16
5 47 0 29
5 47 1 37
5 47 2 23
5 47 3 26
5 48 0 18
5 48 1 14
5 48 2 42
5 48 3 52
5 49 0 18
5 49 1 55
5 49 2 36
5 49 3 10
5 50 0 23
5 50 1 0
5 50 2 2
5 50 3 21
5 51 0 29
5 51 1 51
5 51 2 8
5 51 3 53
5 52 0 15
5 52 1 8
5 52 2 44
5 52 3 49
5 53 0 38
5 53 1 7
5 53 2 7
5 53 3 24
5 54 0 28
5 54 1 63
5 54 2 18
5 54 3 12
5 55 0 60
5 55 1 9
5 55 2 1
5 55 3 27
5 56 0 25
5 56 1 39
5 56 2 56
5 56 3 59
5 57 0 18
5 57 1 62
5 57 2 40
5 57 3 4
5 58 0 60
5 58 1 8
5 58 2 37
5 58 3 50
5 59 0 15
5 59 1 17
5 59 2 30
5 59 3 56
5 60 0 14
5 60 1 42
5 60 2 28
5 60 3 7
5 61 0 45
5 61 1 53
5 61 2 36
5 61 3 11
5 62 0 9
5 62 1 27
5 62 2 32
5 62 3 35
5 63 0 15
5 63 1 32
5 63 2 18
5 63 3 43
5 64 0 50
5 64 1 41
5 64 2 0
5 64 3 63
5 65 0 1
5 65 1 63
5 65 2 2
5 65 3 33
5 66 0 6
5 66 1 6
5 66 2 43
5 66 3 46
5 67 0 7
5 67 1 62
5 67 2 20
5 67 3 20
5 68 0 19
5 68 1 29
5 68 2 11
5 68 3 27
5 69 0 13
5 69 1 3
5 69 2 23
5 69 3 43
5 70 0 48
5 70 1 22
5 70 2 20
5 70 3 50
5 71 0 43
5 71 1 53
5 71 2 57
5 71 3 52
5 72 0 59
5 72 1 26
5 72 2 25
5 72 3 20
5 73 0 15
5 73 1 47
5 73 2 45
5 73 3 51
5 74 0 10
5 74 1 31
5 74 2 14
5 74 3 57
5 75 0 17
5 75 1 9
5 75 2 36
5 75 3 56
5 76 0 58
5 76 1 6
5 76 2 20
5 76 3 9
5 77 0 19
5 77 1 34
5 77 2 17
5 77 3 4
5 78 0 32
5 78 1 3
5 78 2 14
5 78 3 0
5 79 0 5
5 79 1 27
5 79 2 54
5 79 3 49
5 80 0 6
5 80 1 2
5 80 2 21
5 80 3 41
5 81 0 47
5 81 1 52
5 81 2 21
5 81 3 10
5 82 0 1
5 82 1 9
5 82 2 4
5 82 3 55
5 83 0 17
5 83 1 52
5 83 2 35
5 83 3 34
5 84 0 29
5 84 1 52
5 84 2 2
5 84 3 5
5 85 0 27
5 85 1 25
5 85 2 34
5 85 3 47
5 86 0 37
5 86 1 16
5 86 2 20
5 86 3 48
5 87 0 12
5 87 1 32
5 87 2 34
5 87 3 48
5 88 0 45
5 88 1 29
5 88 2 19
5 88 3 23
5 89 0 26
5 89 1 14
5 89 2 40
5 89 3 13
5 90 0 41
5 90 1 48
5 90 2 61
5 90 3 7
5 91 0 48
5 91 1 5
5 91 2 21
5 91 3 11
5 92 0 10
5 92 1 11
5 92 2 2
5 92 3 52
5 93 0 3
5 93 1 25
5 93 2 44
5 93 3 63
5 94 0 54
5 94 1 8
5 94 2 63
5 94 3 41
5 95 0 11
5 95 1 28
5 95 2 58
5 95 3 25
5 96 0 11
5 96 1 56
5 96 2 60
5 96 3 62
5 97 0 61
5 97 1 55
5 97 2 29
5 97 3 12
5 98 0 39
5 98 1 14
5 98 2 30
5 98 3 41
5 99 0 60
5 99 1 18
5 99 2 16
5 99 3 47
6 0 0 0
6 0 1 36
6 0 2 47
6 0 3 35
6 1 0 24
6 1 1 53
6 1 2 23
6 1 3 45
6 2 0 29
6 2 1 1
6 2 2 33
6 2 3 3
6 3 0 59
6 3 1 38
6 3 2 23
6 3 3 31
6 4 0 39
6 4 1 16
6 4 2 18
6 4 3 26
6 5 0 16
6 5 1 48
6 5 2 6
6 5 3 52
6 6 0 22
6 6 1 35
6 6 2 10
6 6 3 24
6 7 0 48
6 7 1 17
6 7 2 8
6 7 3 33
6 8 0 10
6 8 1 20
6 8 2 28
6 8 3 36
6 9 0 40
6 9 1 43
6 9 2 54
6 9 3 4
6 10 0 23
6 10 1 0
6 10 2 0
6 10 3 13
6 11 0 38
6 11 1 57
6 11 2 49
6 11 3 41
6 12 0 49
6 12 1 11
6 12 2 53
6 12 3 56
6 13 0 6
6 13 1 30
6 13 2 53
6 13 3 30
6 14 0 53
6 14 1 59
6 14 2 30
6 14 3 3
6 15 0 21
6 15 1 13
6 15 2 30
6 15 3 37
6 16 0 29
6 16 1 12
6 16 2 19
6 16 3 43
6 17 0 1
6 17 1 13
6 17 2 57
6 17 3 6
6 18 0 26
6 18 1 13
6 18 2 6
6 18 3 27
6 19 0 33
6 19 1 11
6 19 2 4
6 19 3 8
6 20 0 41
6 20 1 55
6 20 2 11
6 20 3 20
6 21 0 22
6 21 1 23
6 21 2 15
6 21 3 3
6 22 0 33
6 22 1 22
6 22 2 21
6 22 3 16
6 23 0 59
6 23 1 39
6 23 2 26
6 23 3 13
6 24 0 51
6 24 1 56
6 24 2 2
6 24 3 59
6 25 0 44
6 25 1 6
6 25 2 48
6 25 3 6
6 26 0 3
6 26 1 7
6 26 2 29
6 26 3 39
6 27 0 26
6 27 1 7
6 27 2 12
6 27 3 54
6 28 0 61
6 28 1 48
6 28 2 6
6 28 3 52
6 29 0 44
6 29 1 33
6 29 2 9
6 29 3 63
6 30 0 28
6 30 1 2
6 30 2 13
6 30 3 25
6 31 0 3
6 31 1 20
6 31 2 29
6 31 3 60
6 32 0 5
6 32 1 36
6 32 2 58
6 32 3 51
6 33 0 59
6 33 1 10
6 33 2 51
6 33 3 62
6 34 0 20
6 34 1 31
6 34 2 33
6 34 3 31
6 35 0 18
6 35 1 62
6 35 2 61
6 35 3 24
6 36 0 51
6 36 1 25
6 36 2 50
6 36 3 37
6 37 0 30
6 37 1 8
6 37 2 41
6 37 3 20
6 38 0 13
6 38 1 12
6 38 2 62
6 38 3 6
6 39 0 51
6 39 1 55
6 39 2 1
6 39 3 37
6 40 0 36
6 40 1 22
6 40 2 42
6 40 3 26
6 41 0 28
6 41 1 27
6 41 2 51
6 41 3 40
6 42 0 24
6 42 1 59
6 42 2 51
6 42 3 59
6 43 0 46
6 43 1 25
6 43 2 49
6 43 3 21
6 44 0 17
6 44 1 28
6 44 2 62
6 44 3 36
6 45 0 24
6 45 1 29
6 45 2 18
6 45 3 42
6 46 0 22
6 46 1 35
6 46 2 23
6 46 3 20
6 47 0 62
6 47 1 22
6 47 2 4
6 47 3 24
6 48 0 34
6 48 1 6
6 48 2 19
6 48 3 10
6 49 0 32
6 49 1 46
6 49 2 61
6 49 3 24
6 50 0 55
6 50 1 13
6 50 2 49
6 50 3 36
6 51 0 48
6 51 1 48
6 51 2 34
6 51 3 16
6 52 0 33
6 52 1 52
6 52 2 62
6 52 3 59
6 53 0 11
6 53 1 38
6 53 2 6
6 53 3 42
6 54 0 63
6 54 1 3
6 54 2 42
6 54 3 60
6 55 0 54
6 55 1 25
6 55 2 6
6 55 3 59
6 56 0 58
6 56 1 37
6 56 2 62
6 56 3 0
6 57 0 39
6 57 1 2
6 57 2 59
6 57 3 43
6 58 0 58
6 58 1 36
6 58 2 5
6 58 3 1
6 59 0 21
6 59 1 47
6 59 2 9
6 59 3 54
6 60 0 15
6 60 1 31
6 60 2 12
6 60 3 29
6 61 0 28
6 61 1 0
6 61 2 36
6 61 3 50
6 62 0 59
6 62 1 21
6 62 2 56
6 62 3 56
6 63 0 63
6 63 1 23
6 63 2 54
6 63 3 36
6 64 0 3
6 64 1 17
6 64 2 43
6 64 3 10
6 65 0 27
6 65 1 49
6 65 2 9
6 65 3 31
6 66 0 13
6 66 1 34
6 66 2 15
6 66 3 61
6 67 0 4
6 67 1 61
6 67 2 50
6 67 3 54
6 68 0 54
6 68 1 12
6 68 2 59
6 68 3 38
6 69 0 61
6 69 1 56
6 69 2 37
6 69 3 23
6 70 0 7
6 70 1 6
6 70 2 24
6 70 3 51
6 71 0 32
6 71 1 30
6 71 2 15
6 71 3 36
6 72 0 40
6 72 1 62
6 72 2 46
6 72 3 38
6 73 0 58
6 73 1 27
6 73 2 59
6 73 3 23
6 74 0 8
6 74 1 26
6 74 2 8
6 74 3 7
6 75 0 56
6 75 1 50
6 75 2 14
6 75 3 53
6 76 0 4
6 76 1 18
6 76 2 45
6 76 3 19
6 77 0 46
6 77 1 55
6 77 2 4
6 77 3 1
6 78 0 60
6 78 1 33
6 78 2 32
6 78 3 29
6 79 0 27
6 79 1 44
6 79 2 37
6 79 3 10
6 80 0 40
6 80 1 42
6 80 2 7
6 80 3 24
6 81 0 50
6 81 1 39
6 81 2 8
6 81 3 2
6 82 0 37
6 82 1 29
6 82 2 61
6 82 3 33
6 83 0 59
6 83 1 13
6 83 2 28
6 83 3 8
6 84 0 36
6 84 1 12
6 84 2 31
6 84 3 22
6 85 0 11
6 85 1 6
6 85 2 32
6 85 3 60
6 86 0 12
6 86 1 25
6 86 2 14
6 86 3 51
6 87 0 26
6 87 1 62
6 87 2 15
6 87 3 5
6 88 0 37
6 88 1 41
6 88 2 63
6 88 3 55
6 89 0 56
6 89 1 40
6 89 2 23
6 89 3 27
6 90 0 8
6 90 1 27
6 90 2 23
6 90 3 2
6 91 0 13
6 91 1 34
6 91 2 23
6 91 3 63
6 92 0 30
6 92 1 61
6 92 2 42
6 92 3 2
6 93 0 13
6 93 1 45
6 93 2 34
6 93 3 19
6 94 0 33
6 94 1 57
6 94 2 24
6 94 3 2
6 95 0 19
6 95 1 59
6 95 2 48
6 95 3 53
6 96 0 58
6 96 1 7
6 96 2 18
6 96 3 3
6 97 0 0
6 97 1 53
6 97 2 59
6 97 3 9
6 98 0 46
6 98 1 34
6 98 2 4
6 98 3 58
6 99 0 55
6 99 1 36
6 99 2 45
6 99 3 25
7 0 0 50
7 0 1 28
7 0 2 63
7 0 3 4
7 1 0 11
7 1 1 62
7 1 2 18
7 1 3 19
7 2 0 50
7 2 1 12
7 2 2 32
7 2 3 18
7 3 0 12
7 3 1 61
7 3 2 12
7 3 3 6
7 4 0 43
7 4 1 55
7 4 2 8
7 4 3 45
7 5 0 34
7 5 1 53
7 5 2 8
7 5 3 62
7 6 0 39
7 6 1 53
7 6 2 23
7 6 3 60
7 7 0 40
7 7 1 8
7 7 2 59
7 7 3 50
7 8 0 19
7 8 1 34
7 8 2 24
7 8 3 34
7 9 0 61
7 9 1 57
7 9 2 13
7 9 3 62
7 10 0 28
7 10 1 45
7 10 2 48
7 10 3 30
7 11 0 29
7 11 1 29
7 11 2 55
7 11 3 24
7 12 0 17
7 12 1 23
7 12 2 12
7 12 3 25
7 13 0 7
7 13 1 5
7 13 2 46
7 13 3 4
7 14 0 36
7 14 1 49
7 14 2 46
7 14 3 28
7 15 0 12
7 15 1 59
7 15 2 53
7 15 3 39
7 16 0 5
7 16 1 2
7 16 2 20
7 16 3 10
7 17 0 55
7 17 1 13
7 17 2 18
7 17 3 62
7 18 0 52
7 18 1 13
7 18 2 24
7 18 3 33
7 19 0 42
7 19 1 59
7 19 2 55
7 19 3 62
7 20 0 2
7 20 1 15
7 20 2 36
7 20 3 3
7 21 0 22
7 21 1 9
7 21 2 59
7 21 3 4
7 22 0 9
7 22 1 12
7 22 2 9
7 22 3 36
7 23 0 23
7 23 1 58
7 23 2 16
7 23 3 34
7 24 0 42
7 24 1 40
7 24 2 50
7 24 3 12
7 25 0 32
7 25 1 51
7 25 2 55
7 25 3 39
7 26 0 41
7 26 1 55
7 26 2 39
7 26 3 60
7 27 0 8
7 27 1 22
7 27 2 7
7 27 3 5
7 28 0 30
7 28 1 14
7 28 2 26
7 28 3 28
7 29 0 39
7 29 1 60
7 29 2 54
7 29 3 24
7 30 0 20
7 30 1 49
7 30 2 7
7 30 3 34
7 31 0 27
7 31 1 11
7 31 2 39
7 31 3 20
7 32 0 11
7 32 1 41
7 32 2 11
7 32 3 43
7 33 0 10
7 33 1 27
7 33 2 51
7 33 3 14
7 34 0 49
7 34 1 46
7 34 2 57
7 34 3 10
7 35 0 45
7 35 1 59
7 35 2 48
7 35 3 12
7 36 0 52
7 36 1 6
7 36 2 37
7 36 3 31
7 37 0 33
7 37 1 33
7 37 2 2
7 37 3 32
7 38 0 59
7 38 1 27
7 38 2 17
7 38 3 63
7 39 0 6
7 39 1 31
7 39 2 32
7 39 3 30
7 40 0 58
7 40 1 26
7 40 2 62
7 40 3 4
7 41 0 46
7 41 1 37
7 41 2 15
7 41 3 14
7 42 0 46
7 42 1 40
7 42 2 39
7 42 3 3
7 43 0 38
7 43 1 62
7 43 2 1
7 43 3 30
7 44 0 31
7 44 1 57
7 44 2 18
7 44 3 30
7 45 0 45
7 45 1 3
7 45 2 51
7 45 3 52
7 46 0 46
7 46 1 41
7 46 2 47
7 46 3 50
7 47 0 57
7 47 1 27
7 47 2 29
7 47 3 40
7 48 0 12
7 48 1 54
7 48 2 49
7 48 3 40
7 49 0 19
7 49 1 22
7 49 2 27
7 49 3 42
7 50 0 49
7 50 1 42
7 50 2 59
7 50 3 61
7 51 0 45
7 51 1 23
7 51 2 38
7 51 3 27
7 52 0 40
7 52 1 51
7 52 2 23
7 52 3 32
7 53 0 2
7 53 1 47
7 53 2 31
7 53 3 29
7 54 0 34
7 54 1 13
7 54 2 38
7 54 3 47
7 55 0 22
7 55 1 8
7 55 2 24
7 55 3 12
7 56 0 23
7 56 1 40
7 56 2 7
7 56 3 47
7 57 0 14
7 57 1 57
7 57 2 46
7 57 3 17
7 58 0 36
7 58 1 7
7 58 2 6
7 58 3 61
7 59 0 51
7 59 1 9
7 59 2 18
7 59 3 12
7 60 0 25
7 60 1 18
7 60 2 20
7 60 3 33
7 61 0 12
7 61 1 56
7 61 2 46
7 61 3 48
7 62 0 10
7 62 1 45
7 62 2 53
7 62 3 11
7 63 0 48
7 63 1 22
7 63 2 50
7 63 3 30
7 64 0 51
7 64 1 9
7 64 2 24
7 64 3 17
7 65 0 15
7 65 1 19
7 65 2 24
7 65 3 8
7 66 0 45
7 66 1 35
7 66 2 53
7 66 3 45
7 67 0 9
7 67 1 4
7 67 2 27
7 67 3 30
7 68 0 15
7 68 1 50
7 68 2 37
7 68 3 47
7 69 0 6
7 69 1 52
7 69 2 13
7 69 3 28
7 70 0 28
7 70 1 52
7 70 2 17
7 70 3 15
7 71 0 21
7 71 1 23
7 71 2 11
7 71 3 11
7 72 0 14
7 72 1 29
7 72 2 21
7 72 3 25
7 73 0 46
7 73 1 15
7 73 2 58
7 73 3 48
7 74 0 11
7 74 1 20
7 74 2 11
7 74 3 17
7 75 0 23
7 75 1 8
7 75 2 0
7 75 3 28
7 76 0 44
7 76 1 19
7 76 2 55
7 76 3 23
7 77 0 57
7 77 1 15
7 77 2 34
7 77 3 48
7 78 0 3
7 78 1 59
7 78 2 23
7 78 3 31
7 79 0 40
7 79 1 41
7 79 2 1
7 79 3 55
7 80 0 39
7 80 1 63
7 80 2 30
7 80 3 39
7 81 0 28
7 81 1 56
7 81 2 53
7 81 3 58
7 82 0 32
7 82 1 50
7 82 2 22
7 82 3 29
7 83 0 48
7 83 1 5
7 83 2 45
7 83 3 1
7 84 0 37
7 84 1 30
7 84 2 29
7 84 3 31
7 85 0 31
7 85 1 26
7 85 2 28
7 85 3 36
7 86 0 48
7 86 1 35
7 86 2 41
7 86 3 53
7 87 0 63
7 87 1 6
7 87 2 45
7 87 3 14
7 88 0 12
7 88 1 50
7 88 2 4
7 88 3 54
7 89 0 49
7 89 1 63
7 89 2 42
7 89 3 55
7 90 0 7
7 90 1 56
7 90 2 10
7 90 3 20
7 91 0 8
7 91 1 25
7 91 2 47
7 91 3 17
7 92 0 52
7 92 1 38
7 92 2 40
7 92 3 60
7 93 0 27
7 93 1 22
7 93 2 63
7 93 3 35
7 94 0 39
7 94 1 18
7 94 2 13
7 94 3 10
7 95 0 14
7 95 1 12
7 95 2 47
7 95 3 3
7 96 0 40
7 96 1 60
7 96 2 48
7 96 3 25
7 97 0 3
7 97 1 53
7 97 2 0
7 97 3 43
7 98 0 42
7 98 1 12
7 98 2 47
7 98 3 11
7 99 0 14
7 99 1 51
7 99 2 62
7 99 3 16
8 0 0 58
8 0 1 58
8 0 2 49
8 0 3 8
8 1 0 19
8 1 1 43
8 1 2 63
8 1 3 52
8 2 0 26
8 2 1 15
8 2 2 61
8 2 3 17
8 3 0 21
8 3 1 61
8 3 2 35
8 3 3 16
8 4 0 0
8 4 1 27
8 4 2 63
8 4 3 27
8 5 0 44
8 5 1 16
8 5 2 49
8 5 3 49
8 6 0 38
8 6 1 49
8 6 2 37
8 6 3 24
8 7 0 47
8 7 1 53
8 7 2 53
8 7 3 13
8 8 0 43
8 8 1 0
8 8 2 36
8 8 3 36
8 9 0 23
8 9 1 63
8 9 2 56
8 9 3 2
8 10 0 13
8 10 1 13
8 10 2 57
8 10 3 33
8 11 0 46
8 11 1 51
8 11 2 49
8 11 3 5
8 12 0 8
8 12 1 25
8 12 2 21
8 12 3 47
8 13 0 9
8 13 1 23
8 13 2 15
8 13 3 12
8 14 0 11
8 14 1 12
8 14 2 36
8 14 3 26
8 15 0 27
8 15 1 30
8 15 2 47
8 15 3 55
8 16 0 33
8 16 1 41
8 16 2 47
8 16 3 44
8 17 0 8
8 17 1 62
8 17 2 10
8 17 3 26
8 18 0 41
8 18 1 25
8 18 2 15
8 18 3 59
8 19 0 4
8 19 1 15
8 19 2 63
8 19 3 46
8 20 0 5
8 20 1 48
8 20 2 62
8 20 3 6
8 21 0 26
8 21 1 29
8 21 2 8
8 21 3 12
8 22 0 11
8 22 1 11
8 22 2 25
8 22 3 29
8 23 0 15
8 23 1 18
8 23 2 12
8 23 3 50
8 24 0 13
8 24 1 58
8 24 2 34
8 24 3 51
8 25 0 40
8 25 1 17
8 25 2 38
8 25 3 17
8 26 0 7
8 26 1 16
8 26 2 17
8 26 3 8
8 27 0 1
8 27 1 60
8 27 2 32
8 27 3 25
8 28 0 59
8 28 1 14
8 28 2 25
8 28 3 54
8 29 0 40
8 29 1 25
8 29 2 16
8 29 3 2
8 30 0 5
8 30 1 10
8 30 2 50
8 30 3 40
8 31 0 27
8 31 1 50
8 31 2 10
8 31 3 13
8 32 0 25
8 32 1 58
8 32 2 39
8 32 3 54
8 33 0 15
8 33 1 54
8 33 2 4
8 33 3 14
8 34 0 33
8 34 1 3
8 34 2 54
8 34 3 55
8 35 0 34
8 35 1 19
8 35 2 6
8 35 3 39
8 36 0 34
8 36 1 48
8 36 2 38
8 36 3 8
8 37 0 7
8 37 1 49
8 37 2 10
8 37 3 60
8 38 0 6
8 38 1 46
8 38 2 62
8 38 3 28
8 39 0 3
8 39 1 56
8 39 2 11
8 39 3 33
8 40 0 63
8 40 1 47
8 40 2 2
8 40 3 52
8 41 0 10
8 41 1 47
8 41 2 39
8 41 3 18
8 42 0 27
8 42 1 7
8 42 2 63
8 42 3 15
8 43 0 19
8 43 1 32
8 43 2 43
8 43 3 32
8 44 0 32
8 44 1 37
8 44 2 54
8 44 3 25
8 45 0 53
8 45 1 50
8 45 2 61
8 45 3 58
8 46 0 51
8 46 1 15
8 46 2 49
8 46 3 47
8 47 0 18
8 47 1 43
8 47 2 16
8 47 3 33
8 48 0 50
8 48 1 12
8 48 2 21
8 48 3 50
8 49 0 29
8 49 1 61
8 49 2 0
8 49 3 46
8 50 0 52
8 50 1 58
8 50 2 10
8 50 3 62
8 51 0 25
8 51 1 22
8 51 2 22
8 51 3 40
8 52 0 42
8 52 1 30
8 52 2 4
8 52 3 63
8 53 0 14
8 53 1 6
8 53 2 38
8 53 3 26
8 54 0 39
8 54 1 56
8 54 2 6
8 54 3 18
8 55 0 33
8 55 1 50
8 55 2 38
8 55 3 24
8 56 0 39
8 56 1 62
8 56 2 30
8 56 3 56
8 57 0 49
8 57 1 19
8 57 2 15
8 57 3 49
8 58 0 13
8 58 1 21
8 58 2 15
8 58 3 38
8 59 0 18
8 59 1 42
8 59 2 59
8 59 3 53
8 60 0 60
8 60 1 1
8 60 2 29
8 60 3 14
8 61 0 58
8 61 1 45
8 61 2 20
8 61 3 36
8 62 0 38
8 62 1 31
8 62 2 30
8 62 3 3
8 63 0 28
8 63 1 22
8 63 2 52
8 63 3 55
8 64 0 48
8 64 1 1
8 64 2 53
8 64 3 25
8 65 0 26
8 65 1 60
8 65 2 55
8 65 3 3
8 66 0 23
8 66 1 47
8 66 2 34
8 66 3 16
8 67 0 33
8 67 1 55
8 67 2 14
8 67 3 47
8 68 0 47
8 68 1 56
8 68 2 19
8 68 3 13
8 69 0 35
8 69 1 34
8 69 2 26
8 69 3 49
8 70 0 51
8 70 1 15
8 70 2 50
8 70 3 14
8 71 0 26
8 71 1 1
8 71 2 21
8 71 3 61
8 72 0 28
8 72 1 45
8 72 2 6
8 72 3 40
8 73 0 23
8 73 1 47
8 73 2 59
8 73 3 34
8 74 0 6
8 74 1 30
8 74 2 7
8 74 3 28
8 75 0 3
8 75 1 40
8 75 2 19
8 75 3 12
8 76 0 1
8 76 1 56
8 76 2 53
8 76 3 51
8 77 0 3
8 77 1 22
8 77 2 62
8 77 3 37
8 78 0 8
8 78 1 9
8 78 2 16
8 78 3 62
8 79 0 10
8 79 1 57
8 79 2 43
8 79 3 59
8 80 0 52
8 80 1 21
8 80 2 52
8 80 3 10
8 81 0 18
8 81 1 13
8 81 2 8
8 81 3 5
8 82 0 11
8 82 1 7
8 82 2 24
8 82 3 4
8 83 0 3
8 83 1 63
8 83 2 5
8 83 3 4
8 84 0 1
8 84 1 8
8 84 2 33
8 84 3 52
8 85 0 47
8 85 1 37
8 85 2 5
8 85 3 49
8 86 0 2
8 86 1 40
8 86 2 26
8 86 3 56
8 87 0 19
8 87 1 40
8 87 2 28
8 87 3 33
8 88 0 60
8 88 1 45
8 88 2 26
8 88 3 28
8 89 0 45
8 89 1 22
8 89 2 10
8 89 3 29
8 90 0 4
8 90 1 10
8 90 2 26
8 90 3 50
8 91 0 50
8 91 1 16
8 91 2 27
8 91 3 9
8 92 0 48
8 92 1 15
8 92 2 51
8 92 3 53
8 93 0 44
8 93 1 21
8 93 2 60
8 93 3 43
8 94 0 41
8 94 1 54
8 94 2 56
8 94 3 4
8 95 0 56
8 95 1 48
8 95 2 13
8 95 3 19
8 96 0 48
8 96 1 13
8 96 2 28
8 96 3 44
8 97 0 41
8 97 1 58
8 97 2 7
8 97 3 18
8 98 0 63
8 98 1 36
8 98 2 15
8 98 3 18
8 99 0 21
8 99 1 35
8 99 2 18
8 99 3 39
9 0 0 28
9 0 1 39
9 0 2 9
9 0 3 39
9 1 0 59
9 1 1 8
9 1 2 20
9 1 3 44
9 2 0 39
9 2 1 43
9 2 2 35
9 2 3 43
9 3 0 39
9 3 1 4
9 3 2 48
9 3 3 28
9 4 0 3
9 4 1 26
9 4 2 27
9 4 3 5
9 5 0 63
9 5 1 14
9 5 2 21
9 5 3 28
9 6 0 53
9 6 1 47
9 6 2 49
9 6 3 15
9 7 0 54
9 7 1 53
9 7 2 29
9 7 3 34
9 8 0 2
9 8 1 48
9 8 2 61
9 8 3 30
9 9 0 34
9 9 1 31
9 9 2 5
9 9 3 39
9 10 0 46
9 10 1 59
9 10 2 59
9 10 3 31
9 11 0 61
9 11 1 33
9 11 2 41
9 11 3 38
9 12 0 63
9 12 1 47
9 12 2 7
9 12 3 4
9 13 0 26
9 13 1 33
9 13 2 42
9 13 3 30
9 14 0 32
9 14 1 58
9 14 2 21
9 14 3 31
9 15 0 35
9 15 1 29
9 15 2 61
9 15 3 61
9 16 0 32
9 16 1 28
9 16 2 37
9 16 3 11
9 17 0 27
9 17 1 13
9 17 2 9
9 17 3 6
9 18 0 37
9 18 1 0
9 18 2 41
9 18 3 27
9 19 0 23
9 19 1 49
9 19 2 34
9 19 3 46
9 20 0 45
9 20 1 2
9 20 2 13
9 20 3 36
9 21 0 62
9 21 1 9
9 21 2 6
9 21 3 60
9 22 0 61
9 22 1 10
9 22 2 25
9 22 3 40
9 23 0 12
9 23 1 20
9 23 2 25
9 23 3 41
9 24 0 19
9 24 1 26
9 24 2 18
9 24 3 48
9 25 0 9
9 25 1 14
9 25 2 15
9 25 3 57
9 26 0 60
9 26 1 32
9 26 2 10
9 26 3 48
9 27 0 31
9 27 1 54
9 27 2 23
9 27 3 63
9 28 0 51
9 28 1 14
9 28 2 46
9 28 3 18
9 29 0 22
9 29 1 16
9 29 2 43
9 29 3 16
9 30 0 40
9 30 1 37
9 30 2 48
9 30 3 63
9 31 0 0
9 31 1 63
9 31 2 6
9 31 3 33
9 32 0 21
9 32 1 40
9 32 2 46
9 32 3 55
9 33 0 25
9 33 1 59
9 33 2 20
9 33 3 13
9 34 0 24
9 34 1 33
9 34 2 42
9 34 3 53
9 35 0 14
9 35 1 19
9 35 2 60
9 35 3 28
9 36 0 15
9 36 1 63
9 36 2 28
9 36 3 63
9 37 0 58
9 37 1 57
9 37 2 37
9 37 3 51
9 38 0 61
9 38 1 17
9 38 2 2
9 38 3 20
9 39 0 40
9 39 1 35
9 39 2 5
9 39 3 35
9 40 0 11
9 40 1 32
9 40 2 36
9 40 3 40
9 41 0 26
9 41 1 26
9 41 2 43
9 41 3 47
9 42 0 51
9 42 1 21
9 42 2 27
9 42 3 21
9 43 0 33
9 43 1 8
9 43 2 27
9 43 3 12
9 44 0 34
9 44 1 54
9 44 2 63
9 44 3 28
9 45 0 3
9 45 1 14
9 45 2 6
9 45 3 48
9 46 0 63
9 46 1 35
9 46 2 11
9 46 3 1
9 47 0 62
9 47 1 20
9 47 2 7
9 47 3 11
9 48 0 16
9 48 1 41
9 48 2 57
9 48 3 17
9 49 0 43
9 49 1 4
9 49 2 0
9 49 3 3
9 50 0 59
9 50 1 37
9 50 2 51
9 50 3 1
9 51 0 1
9 51 1 54
9 51 2 6
9 51 3 9
9 52 0 33
9 52 1 38
9 52 2 14
9 52 3 28
9 53 0 43
9 53 1 28
9 53 2 24
9 53 3 4
9 54 0 28
9 54 1 51
9 54 2 40
9 54 3 57
9 55 0 8
9 55 1 0
9 55 2 35
9 55 3 11
9 56 0 38
9 56 1 57
9 56 2 21
9 56 3 35
9 57 0 43
9 57 1 9
9 57 2 57
9 57 3 12
9 58 0 51
9 58 1 42
9 58 2 9
9 58 3 46
9 59 0 12
9 59 1 38
9 59 2 61
9 59 3 61
9 60 0 55
9 60 1 31
9 60 2 35
9 60 3 19
9 61 0 58
9 61 1 30
9 61 2 49
9 61 3 23
9 62 0 47
9 62 1 14
9 62 2 46
9 62 3 2
9 63 0 6
9 63 1 22
9 63 2 30
9 63 3 45
9 64 0 22
9 64 1 1
9 64 2 20
9 64 3 28
9 65 0 34
9 65 1 41
9 65 2 15
9 65 3 39
9 66 0 40
9 66 1 49
9 66 2 33
9 66 3 51
9 67 0 14
9 67 1 45
9 67 2 2
9 67 3 6
9 68 0 55
9 68 1 30
9 68 2 39
9 68 3 38
9 69 0 44
9 69 1 15
9 69 2 11
9 69 3 2
9 70 0 55
9 70 1 14
9 70 2 36
9 70 3 29
9 71 0 10
9 71 1 26
9 71 2 5
9 71 3 11
9 72 0 8
9 72 1 52
9 72 2 36
9 72 3 59
9 73 0 27
9 73 1 12
9 73 2 38
9 73 3 59
9 74 0 34
9 74 1 1
9 74 2 19
9 74 3 59
9 75 0 33
9 75 1 60
9 75 2 32
9 75 3 0
9 76 0 55
9 76 1 48
9 76 2 45
9 76 3 62
9 77 0 12
9 77 1 57
9 77 2 14
9 77 3 62
9 78 0 12
9 78 1 35
9 78 2 50
9 78 3 5
9 79 0 4
9 79 1 54
9 79 2 3
9 79 3 39
9 80 0 60
9 80 1 39
9 80 2 30
9 80 3 26
9 81 0 40
9 81 1 36
9 81 2 32
9 81 3 9
9 82 0 42
9 82 1 47
9 82 2 45
9 82 3 4
9 83 0 44
9 83 1 46
9 83 2 11
9 83 3 54
9 84 0 33
9 84 1 30
9 84 2 46
9 84 3 32
9 85 0 34
9 85 1 19
9 85 2 59
9 85 3 62
9 86 0 8
9 86 1 46
9 86 2 1
9 86 3 23
9 87 0 62
9 87 1 11
9 87 2 24
9 87 3 14
9 88 0 46
9 88 1 29
9 88 2 37
9 88 3 60
9 89 0 33
9 89 1 46
9 89 2 6
9 89 3 13
9 90 0 60
9 90 1 55
9 90 2 42
9 90 3 24
9 91 0 12
9 91 1 54
9 91 2 50
9 91 3 15
9 92 0 37
9 92 1 39
9 92 2 30
9 92 3 59
9 93 0 7
9 93 1 16
9 93 2 6
9 93 3 44
9 94 0 41
9 94 1 63
9 94 2 34
9 94 3 9
9 95 0 28
9 95 1 5
9 95 2 42
9 95 3 43
9 96 0 54
9 96 1 21
9 96 2 19
9 96 3 4
9 97 0 26
9 97 1 30
9 97 2 48
9 97 3 48
9 98 0 8
9 98 1 18
9 98 2 32
9 98 3 21
9 99 0 1
9 99 1 54
9 99 2 46
9 99 3 33
10 0 0 20
10 0 1 53
10 0 2 2
10 0 3 28
10 1 0 51
10 1 1 60
10 1 2 16
10 1 3 41
10 2 0 12
10 2 1 7
10 2 2 22
10 2 3 56
10 3 0 44
10 3 1 31
10 3 2 18
10 3 3 9
10 4 0 17
10 4 1 9
10 4 2 11
10 4 3 44
10 5 0 8
10 5 1 3
10 5 2 34
10 5 3 18
10 6 0 29
10 6 1 8
10 6 2 13
10 6 3 28
10 7 0 44
10 7 1 26
10 7 2 34
10 7 3 33
10 8 0 17
10 8 1 17
10 8 2 27
10 8 3 2
10 9 0 43
10 9 1 39
10 9 2 19
10 9 3 23
10 10 0 21
10 10 1 41
10 10 2 48
10 10 3 6
10 11 0 26
10 11 1 0
10 11 2 28
10 11 3 15
10 12 0 21
10 12 1 29
10 12 2 20
10 12 3 25
10 13 0 48
10 13 1 51
10 13 2 0
10 13 3 24
10 14 0 54
10 14 1 33
10 14 2 13
10 14 3 37
10 15 0 9
10 15 1 1
10 15 2 40
10 15 3 32
10 16 0 48
10 16 1 22
10 16 2 54
10 16 3 26
10 17 0 47
10 17 1 6
10 17 2 6
10 17 3 50
10 18 0 53
10 18 1 60
10 18 2 20
10 18 3 1
10 19 0 62
10 19 1 38
10 19 2 15
10 19 3 48
10 20 0 57
10 20 1 18
10 20 2 49
10 20 3 50
10 21 0 32
10 21 1 40
10 21 2 17
10 21 3 59
10 22 0 62
10 22 1 62
10 22 2 47
10 22 3 2
10 23 0 23
10 23 1 28
10 23 2 61
10 23 3 35
10 24 0 34
10 24 1 9
10 24 2 50
10 24 3 21
10 25 0 5
10 25 1 63
10 25 2 12
10 25 3 1
10 26 0 4
10 26 1 28
10 26 2 6
10 26 3 53
10 27 0 32
10 27 1 20
10 27 2 0
10 27 3 30
10 28 0 9
10 28 1 62
10 28 2 18
10 28 3 30
10 29 0 1
10 29 1 8
10 29 2 13
10 29 3 3
10 30 0 46
10 30 1 60
10 30 2 63
10 30 3 17
10 31 0 50
10 31 1 32
10 31 2 2
10 31 3 5
10 32 0 35
10 32 1 27
10 32 2 0
10 32 3 59
10 33 0 46
10 33 1 32
10 33 2 63
10 33 3 62
10 34 0 62
10 34 1 16
10 34 2 56
10 34 3 32
10 35 0 46
10 35 1 55
10 35 2 10
10 35 3 28
10 36 0 8
10 36 1 17
10 36 2 26
10 36 3 54
10 37 0 55
10 37 1 24
10 37 2 21
10 37 3 33
10 38 0 58
10 38 1 62
10 38 2 14
10 38 3 11
10 39 0 45
10 39 1 19
10 39 2 12
10 39 3 1
10 40 0 25
10 40 1 25
10 40 2 36
10 40 3 12
10 41 0 45
10 41 1 43
10 41 2 29
10 41 3 11
10 42 0 32
10 42 1 43
10 42 2 23
10 42 3 16
10 43 0 32
10 43 1 22
10 43 2 25
10 43 3 22
10 44 0 19
10 44 1 45
10 44 2 29
10 44 3 29
10 45 0 41
10 45 1 23
10 45 2 6
10 45 3 54
10 46 0 3
10 46 1 36
10 46 2 17
10 46 3 13
10 47 0 2
10 47 1 57
10 47 2 27
10 47 3 21
10 48 0 47
10 48 1 2
10 48 2 36
10 48 3 31
10 49 0 35
10 49 1 7
10 49 2 60
10 49 3 15
10 50 0 43
10 50 1 47
10 50 2 22
10 50 3 8
10 51 0 18
10 51 1 51
10 51 2 58
10 51 3 59
10 52 0 14
10 52 1 38
10 52 2 9
10 52 3 45
10 53 0 26
10 53 1 45
10 53 2 43
10 53 3 63
10 54 0 31
10 54 1 21
10 54 2 33
10 54 3 10
10 55 0 7
10 55 1 33
10 55 2 52
10 55 3 34
10 56 0 50
10 56 1 11
10 56 2 28
10 56 3 39
10 57 0 22
10 57 1 0
10 57 2 4
10 57 3 59
10 58 0 38
10 58 1 16
10 58 2 16
10 58 3 2
10 59 0 60
10 59 1 6
10 59 2 48
10 59 3 15
10 60 0 21
10 60 1 17
10 60 2 52
10 60 3 2
10 61 0 22
10 61 1 17
10 61 2 17
10 61 3 12
10 62 0 58
10 62 1 24
10 62 2 26
10 62 3 24
10 63 0 62
10 63 1 21
10 63 2 21
10 63 3 20
10 64 0 20
10 64 1 5
10 64 2 38
10 64 3 1
10 65 0 14
10 65 1 12
10 65 2 18
10 65 3 48
10 66 0 38
10 66 1 63
10 66 2 22
10 66 3 59
10 67 0 2
10 67 1 32
10 67 2 51
10 67 3 34
10 68 0 59
10 68 1 20
10 68 2 2
10 68 3 49
10 69 0 4
10 69 1 48
10 69 2 46
10 69 3 54
10 70 0 30
10 70 1 57
10 70 2 10
10 70 3 27
10 71 0 7
10 71 1 49
10 71 2 45
10 71 3 51
10 72 0 48
10 72 1 19
10 72 2 4
10 72 3 59
10 73 0 31
10 73 1 6
10 73 2 59
10 73 3 63
10 74 0 28
10 74 1 49
10 74 2 2
10 74 3 5
10 75 0 17
10 75 1 41
10 75 2 8
10 75 3 2
10 76 0 42
10 76 1 49
10 76 2 47
10 76 3 51
10 77 0 51
10 77 1 38
10 77 2 33
10 77 3 54
10 78 0 22
10 78 1 6
10 78 2 48
10 78 3 17
10 79 0 62
10 79 1 26
10 79 2 54
10 79 3 2
10 80 0 42
10 80 1 28
10 80 2 29
10 80 3 16
10 81 0 62
10 81 1 25
10 81 2 54
10 81 3 27
10 82 0 3
10 82 1 56
10 82 2 11
10 82 3 17
10 83 0 55
10 83 1 57
10 83 2 58
10 83 3 27
10 84 0 48
10 84 1 20
10 84 2 47
10 84 3 32
10 85 0 3
10 85 1 26
10 85 2 29
10 85 3 16
10 86 0 23
10 86 1 32
10 86 2 3
10 86 3 9
10 87 0 49
10 87 1 22
10 87 2 38
10 87 3 36
10 88 0 35
10 88 1 26
10 88 2 30
10 88 3 52
10 89 0 61
10 89 1 16
10 89 2 42
10 89 3 62
10 90 0 0
10 90 1 50
10 90 2 31
10 90 3 61
10 91 0 37
10 91 1 53
10 91 2 10
10 91 3 9
10 92 0 59
10 92 1 33
10 92 2 35
10 92 3 10
10 93 0 14
10 93 1 52
10 93 2 19
10 93 3 37
10 94 0 20
10 94 1 16
10 94 2 10
10 94 3 59
10 95 0 60
10 95 1 7
10 95 2 22
10 95 3 36
10 96 0 24
10 96 1 46
10 96 2 16
10 96 3 3
10 97 0 21
10 97 1 38
10 97 2 11
10 97 3 52
10 98 0 0
10 98 1 4
10 98 2 32
10 98 3 32
10 99 0 18
10 99 1 16
10 99 2 4
10 99 3 42
11 0 0 24
11 0 1 7
11 0 2 25
11 0 3 59
11 1 0 16
11 1 1 57
11 1 2 16
11 1 3 11
11 2 0 16
11 2 1 20
11 2 2 7
11 2 3 37
11 3 0 21
11 3 1 45
11 3 2 31
11 3 3 28
11 4 0 30
11 4 1 10
11 4 2 45
11 4 3 6
11 5 0 46
11 5 1 63
11 5 2 48
11 5 3 29
11 6 0 20
11 6 1 55
11 6 2 16
11 6 3 30
11 7 0 49
11 7 1 59
11 7 2 58
11 7 3 5
11 8 0 57
11 8 1 7
11 8 2 37
11 8 3 59
11 9 0 41
11 9 1 60
11 9 2 22
11 9 3 20
11 10 0 20
11 10 1 22
11 10 2 43
11 10 3 28
11 11 0 47
11 11 1 26
11 11 2 19
11 11 3 12
11 12 0 35
11 12 1 57
11 12 2 54
11 12 3 16
11 13 0 30
11 13 1 45
11 13 2 39
11 13 3 4
11 14 0 37
11 14 1 2
11 14 2 7
11 14 3 41
11 15 0 6
11 15 1 21
11 15 2 37
11 15 3 41
11 16 0 28
11 16 1 6
11 16 2 51
11 16 3 60
11 17 0 56
11 17 1 47
11 17 2 25
11 17 3 56
11 18 0 31
11 18 1 8
11 18 2 54
11 18 3 20
11 19 0 60
11 19 1 23
11 19 2 55
11 19 3 34
11 20 0 29
11 20 1 18
11 20 2 53
11 20 3 3
11 21 0 30
11 21 1 23
11 21 2 34
11 21 3 16
11 22 0 42
11 22 1 24
11 22 2 12
11 22 3 12
11 23 0 44
11 23 1 16
11 23 2 19
11 23 3 40
11 24 0 21
11 24 1 24
11 24 2 15
11 24 3 22
11 25 0 44
11 25 1 34
11 25 2 63
11 25 3 49
11 26 0 1
11 26 1 24
11 26 2 18
11 26 3 37
11 27 0 17
11 27 1 61
11 27 2 19
11 27 3 33
11 28 0 7
11 28 1 58
11 28 2 58
11 28 3 50
11 29 0 22
11 29 1 3
11 29 2 45
11 29 3 27
11 30 0 63
11 30 1 44
11 30 2 34
11 30 3 63
11 31 0 51
11 31 1 29
11 31 2 1
11 31 3 5
11 32 0 28
11 32 1 35
11 32 2 1
11 32 3 8
11 33 0 45
11 33 1 48
11 33 2 1
11 33 3 32
11 34 0 5
11 34 1 46
11 34 2 53
11 34 3 55
11 35 0 38
11 35 1 40
11 35 2 59
11 35 3 39
11 36 0 28
11 36 1 48
11 36 2 37
11 36 3 53
11 37 0 33
11 37 1 55
11 37 2 2
11 37 3 2
11 38 0 6
11 38 1 35
11 38 2 45
11 38 3 13
11 39 0 9
11 39 1 55
11 39 2 48
11 39 3 41
11 40 0 31
11 40 1 26
11 40 2 1
11 40 3 12
11 41 0 57
11 41 1 21
11 41 2 45
11 41 3 45
11 42 0 19
11 42 1 13
11 42 2 44
11 42 3 5
11 43 0 31
11 43 1 56
11 43 2 45
11 43 3 48
11 44 0 5
11 44 1 12
11 44 2 17
11 44 3 18
11 45 0 12
11 45 1 62
11 45 2 10
11 45 3 45
11 46 0 37
11 46 1 39
11 46 2 13
11 46 3 19
11 47 0 38
11 47 1 19
11 47 2 44
11 47 3 2
11 48 0 4
11 48 1 46
11 48 2 39
11 48 3 2
11 49 0 57
11 49 1 0
11 49 2 61
11 49 3 46
11 50 0 63
11 50 1 60
11 50 2 20
11 50 3 48
11 51 0 13
11 51 1 30
11 51 2 15
11 51 3 31
11 52 0 55
11 52 1 27
11 52 2 5
11 52 3 20
11 53 0 50
11 53 1 33
11 53 2 35
11 53 3 27
11 54 0 18
11 54 1 38
11 54 2 40
11 54 3 57
11 55 0 39
11 55 1 63
11 55 2 52
11 55 3 5
11 56 0 25
11 56 1 24
11 56 2 0
11 56 3 11
11 57 0 48
11 57 1 22
11 57 2 9
11 57 3 18
11 58 0 17
11 58 1 11
11 58 2 6
11 58 3 48
11 59 0 52
11 59 1 31
11 59 2 39
11 59 3 58
11 60 0 53
11 60 1 2
11 60 2 60
11 60 3 4
11 61 0 1
11 61 1 25
11 61 2 47
11 61 3 5
11 62 0 18
11 62 1 16
11 62 2 25
11 62 3 63
11 63 0 21
11 63 1 13
11 63 2 7
11 63 3 12
11 64 0 8
11 64 1 36
11 64 2 26
11 64 3 31
11 65 0 53
11 65 1 37
11 65 2 9
11 65 3 24
11 66 0 20
11 66 1 52
11 66 2 19
11 66 3 8
11 67 0 47
11 67 1 27
11 67 2 6
11 67 3 44
11 68 0 13
11 68 1 55
11 68 2 53
11 68 3 23
11 69 0 35
11 69 1 36
11 69 2 41
11 69 3 4
11 70 0 20
11 70 1 10
11 70 2 44
11 70 3 4
11 71 0 33
11 71 1 46
11 71 2 60
11 71 3 18
11 72 0 0
11 72 1 46
11 72 2 0
11 72 3 4
11 73 0 63
11 73 1 55
11 73 2 45
11 73 3 53
11 74 0 4
11 74 1 5
11 74 2 19
11 74 3 1
11 75 0 56
11 75 1 3
11 75 2 34
11 75 3 54
11 76 0 47
11 76 1 15
11 76 2 30
11 76 3 35
11 77 0 49
11 77 1 27
11 77 2 18
11 77 3 50
11 78 0 56
11 78 1 31
11 78 2 1
11 78 3 32
11 79 0 56
11 79 1 63
11 79 2 25
11 79 3 9
11 80 0 36
11 80 1 53
11 80 2 60
11 80 3 3
11 81 0 18
11 81 1 30
11 81 2 6
11 81 3 56
11 82 0 7
11 82 1 42
11 82 2 58
11 82 3 43
11 83 0 48
11 83 1 16
11 83 2 52
11 83 3 26
11 84 0 3
11 84 1 23
11 84 2 22
11 84 3 33
11 85 0 16
11 85 1 29
11 85 2 27
11 85 3 20
11 86 0 44
11 86 1 19
11 86 2 49
11 86 3 16
11 87 0 55
11 87 1 23
11 87 2 2
11 87 3 9
11 88 0 51
11 88 1 55
11 88 2 13
11 88 3 38
11 89 0 36
11 89 1 8
11 89 2 28
11 89 3 44
11 90 0 61
11 90 1 54
11 90 2 6
11 90 3 15
11 91 0 27
11 91 1 9
11 91 2 36
11 91 3 0
11 92 0 7
11 92 1 3
11 92 2 18
11 92 3 48
11 93 0 11
11 93 1 63
11 93 2 17
11 93 3 2
11 94 0 21
11 94 1 47
11 94 2 6
11 94 3 4
11 95 0 54
11 95 1 37
11 95 2 21
11 95 3 48
11 96 0 54
11 96 1 22
11 96 2 35
11 96 3 0
11 97 0 19
11 97 1 38
11 97 2 12
11 97 3 63
11 98 0 62
11 98 1 16
11 98 2 25
11 98 3 12
11 99 0 32
11 99 1 7
11 99 2 25
11 99 3 35
12 0 0 39
12 0 1 38
12 0 2 14
12 0 3 50
12 1 0 44
12 1 1 48
12 1 2 29
12 1 3 57
12 2 0 24
12 2 1 51
12 2 2 13
12 2 3 15
12 3 0 33
12 3 1 35
12 3 2 47
12 3 3 19
12 4 0 55
12 4 1 21
12 4 2 34
12 4 3 59
12 5 0 34
12 5 1 43
12 5 2 58
12 5 3 62
12 6 0 31
12 6 1 26
12 6 2 12
12 6 3 34
12 7 0 58
12 7 1 31
12 7 2 22
12 7 3 6
12 8 0 24
12 8 1 15
12 8 2 62
12 8 3 33
12 9 0 8
12 9 1 4
12 9 2 54
12 9 3 59
12 10 0 48
12 10 1 7
12 10 2 6
12 10 3 12
12 11 0 48
12 11 1 48
12 11 2 53
12 11 3 6
12 12 0 9
12 12 1 57
12 12 2 59
12 12 3 46
12 13 0 6
12 13 1 4
12 13 2 3
12 13 3 44
12 14 0 54
12 14 1 40
12 14 2 16
12 14 3 48
12 15 0 3
12 15 1 53
12 15 2 57
12 15 3 45
12 16 0 56
12 16 1 37
12 16 2 29
12 16 3 20
12 17 0 58
12 17 1 44
12 17 2 12
12 17 3 61
12 18 0 3
12 18 1 37
12 18 2 12
12 18 3 42
12 19 0 26
12 19 1 27
12 19 2 42
12 19 3 48
12 20 0 24
12 20 1 63
12 20 2 31
12 20 3 10
12 21 0 0
12 21 1 12
12 21 2 44
12 21 3 34
12 22 0 21
12 22 1 30
12 22 2 53
12 22 3 36
12 23 0 3
12 23 1 3
12 23 2 30
12 23 3 25
12 24 0 54
12 24 1 37
12 24 2 48
12 24 3 37
12 25 0 22
12 25 1 42
12 25 2 39
12 25 3 46
12 26 0 12
12 26 1 41
12 26 2 18
12 26 3 50
12 27 0 51
12 27 1 39
12 27 2 60
12 27 3 34
12 28 0 1
12 28 1 38
12 28 2 49
12 28 3 6
12 29 0 6
12 29 1 17
12 29 2 54
12 29 3 33
12 30 0 62
12 30 1 55
12 30 2 35
12 30 3 43
12 31 0 21
12 31 1 5
12 31 2 25
12 31 3 37
12 32 0 11
12 32 1 14
12 32 2 0
12 32 3 46
12 33 0 57
12 33 1 52
12 33 2 24
12 33 3 37
12 34 0 61
12 34 1 37
12 34 2 18
12 34 3 21
12 35 0 46
12 35 1 28
12 35 2 53
12 35 3 55
12 36 0 2
12 36 1 46
12 36 2 23
12 36 3 33
12 37 0 16
12 37 1 23
12 37 2 21
12 37 3 3
12 38 0 50
12 38 1 9
12 38 2 24
12 38 3 12
12 39 0 10
12 39 1 23
12 39 2 58
12 39 3 60
12 40 0 24
12 40 1 32
12 40 2 63
12 40 3 15
12 41 0 60
12 41 1 6
12 41 2 14
12 41 3 21
12 42 0 2
12 42 1 52
12 42 2 54
12 42 3 24
12 43 0 53
12 43 1 49
12 43 2 51
12 43 3 51
12 44 0 36
12 44 1 7
12 44 2 59
12 44 3 38
12 45 0 57
12 45 1 61
12 45 2 11
12 45 3 25
12 46 0 12
12 46 1 3
12 46 2 61
12 46 3 59
12 47 0 59
12 47 1 56
12 47 2 41
12 47 3 33
12 48 0 63
12 48 1 35
12 48 2 41
12 48 3 13
12 49 0 47
12 49 1 52
12 49 2 43
12 49 3 31
12 50 0 12
12 50 1 2
12 50 2 40
12 50 3 43
12 51 0 49
12 51 1 60
12 51 2 31
12 51 3 53
12 52 0 45
12 52 1 17
12 52 2 54
12 52 3 3
12 53 0 38
12 53 1 60
12 53 2 42
12 53 3 59
12 54 0 3
12 54 1 34
12 54 2 49
12 54 3 41
12 55 0 56
12 55 1 29
12 55 2 43
12 55 3 26
12 56 0 55
12 56 1 7
12 56 2 16
12 56 3 6
12 57 0 44
12 57 1 14
12 57 2 20
12 57 3 53
12 58 0 23
12 58 1 9
12 58 2 1
12 58 3 14
12 59 0 58
12 59 1 35
12 59 2 63
12 59 3 13
12 60 0 22
12 60 1 10
12 60 2 25
12 60 3 36
12 61 0 51
12 61 1 23
12 61 2 49
12 61 3 40
12 62 0 18
12 62 1 58
12 62 2 27
12 62 3 9
12 63 0 61
12 63 1 58
12 63 2 3
12 63 3 57
12 64 0 60
12 64 1 53
12 64 2 16
12 64 3 40
12 65 0 34
12 65 1 39
12 65 2 39
12 65 3 40
12 66 0 32
12 66 1 44
12 66 2 33
12 66 3 1
12 67 0 2
12 67 1 61
12 67 2 58
12 67 3 37
12 68 0 11
12 68 1 50
12 68 2 9
12 68 3 24
12 69 0 21
12 69 1 0
12 69 2 51
12 69 3 32
12 70 0 20
12 70 1 32
12 70 2 0
12 70 3 27
12 71 0 33
12 71 1 21
12 71 2 53
12 71 3 15
12 72 0 8
12 72 1 33
12 72 2 56
12 72 3 24
12 73 0 2
12 73 1 62
12 73 2 28
12 73 3 11
12 74 0 39
12 74 1 20
12 74 2 60
12 74 3 18
12 75 0 35
12 75 1 34
12 75 2 15
12 75 3 31
12 76 0 6
12 76 1 41
12 76 2 48
12 76 3 60
12 77 0 20
12 77 1 18
12 77 2 35
12 77 3 44
12 78 0 63
12 78 1 1
12 78 2 15
12 78 3 16
12 79 0 16
12 79 1 29
12 79 2 55
12 79 3 1
12 80 0 52
12 80 1 39
12 80 2 39
12 80 3 43
12 81 0 7
12 81 1 47
12 81 2 15
12 81 3 33
12 82 0 43
12 82 1 38
12 82 2 20
12 82 3 25
12 83 0 30
12 83 1 2
12 83 2 46
12 83 3 6
12 84 0 29
12 84 1 41
12 84 2 5
12 84 3 63
12 85 0 24
12 85 1 1
12 85 2 42
12 85 3 35
12 86 0 40
12 86 1 48
12 86 2 30
12 86 3 52
12 87 0 23
12 87 1 34
12 87 2 10
12 87 3 39
12 88 0 16
12 88 1 44
12 88 2 51
12 88 3 54
12 89 0 59
12 89 1 7
12 89 2 8
12 89 3 59
12 90 0 24
12 90 1 1
12 90 2 18
12 90 3 53
12 91 0 22
12 91 1 4
12 91 2 46
12 91 3 12
12 92 0 22
12 92 1 0
12 92 2 38
12 92 3 28
12 93 0 55
12 93 1 21
12 93 2 13
12 93 3 10
12 94 0 12
12 94 1 28
12 94 2 5
12 94 3 25
12 95 0 54
12 95 1 49
12 95 2 40
12 95 3 57
12 96 0 49
12 96 1 41
12 96 2 55
12 96 3 7
12 97 0 52
12 97 1 18
12 97 2 46
12 97 3 58
12 98 0 31
12 98 1 5
12 98 2 23
12 98 3 26
12 99 0 59
12 99 1 60
12 99 2 36
12 99 3 60
13 0 0 27
13 0 1 26
13 0 2 53
13 0 3 42
13 1 0 33
13 1 1 29
13 1 2 45
13 1 3 48
13 2 0 31
13 2 1 2
13 2 2 6
13 2 3 9
13 3 0 29
13 3 1 39
13 3 2 51
13 3 3 14
13 4 0 50
13 4 1 42
13 4 2 3
13 4 3 22
13 5 0 19
13 5 1 56
13 5 2 58
13 5 3 52
13 6 0 33
13 6 1 31
13 6 2 19
13 6 3 49
13 7 0 5
13 7 1 17
13 7 2 8
13 7 3 31
13 8 0 19
13 8 1 12
13 8 2 24
13 8 3 55
13 9 0 35
13 9 1 52
13 9 2 58
13 9 3 57
13 10 0 22
13 10 1 56
13 10 2 58
13 10 3 61
13 11 0 22
13 11 1 14
13 11 2 37
13 11 3 59
13 12 0 57
13 12 1 36
13 12 2 9
13 12 3 27
13 13 0 45
13 13 1 35
13 13 2 22
13 13 3 21
13 14 0 3
13 14 1 18
13 14 2 42
13 14 3 15
13 15 0 63
13 15 1 5
13 15 2 37
13 15 3 31
13 16 0 53
13 16 1 56
13 16 2 34
13 16 3 40
13 17 0 44
13 17 1 33
13 17 2 11
13 17 3 27
13 18 0 15
13 18 1 29
13 18 2 39
13 18 3 13
13 19 0 15
13 19 1 52
13 19 2 24
13 19 3 12
13 20 0 45
13 20 1 45
13 20 2 52
13 20 3 48
13 21 0 63
13 21 1 36
13 21 2 18
13 21 3 55
13 22 0 16
13 22 1 18
13 22 2 53
13 22 3 56
13 23 0 21
13 23 1 46
13 23 2 59
13 23 3 51
13 24 0 0
13 24 1 42
13 24 2 10
13 24 3 54
13 25 0 4
13 25 1 63
13 25 2 11
13 25 3 26
13 26 0 14
13 26 1 52
13 26 2 25
13 26 3 47
13 27 0 4
13 27 1 28
13 27 2 58
13 27 3 59
13 28 0 13
13 28 1 25
13 28 2 26
13 28 3 36
13 29 0 34
13 29 1 6
13 29 2 48
13 29 3 14
13 30 0 20
13 30 1 53
13 30 2 44
13 30 3 25
13 31 0 58
13 31 1 25
13 31 2 36
13 31 3 15
13 32 0 11
13 32 1 31
13 32 2 36
13 32 3 51
13 33 0 25
13 33 1 57
13 33 2 38
13 33 3 4
13 34 0 47
13 34 1 36
13 34 2 24
13 34 3 29
13 35 0 19
13 35 1 39
13 35 2 36
13 35 3 28
13 36 0 18
13 36 1 25
13 36 2 31
13 36 3 30
13 37 0 19
13 37 1 37
13 37 2 14
13 37 3 32
13 38 0 7
13 38 1 30
13 38 2 50
13 38 3 52
13 39 0 44
13 39 1 47
13 39 2 4
13 39 3 21
13 40 0 41
13 40 1 51
13 40 2 37
13 40 3 54
13 41 0 17
13 41 1 9
13 41 2 5
13 41 3 37
13 42 0 42
13 42 1 18
13 42 2 50
13 42 3 47
13 43 0 23
13 43 1 15
13 43 2 47
13 43 3 42
13 44 0 10
13 44 1 16
13 44 2 31
13 44 3 32
13 45 0 10
13 45 1 60
13 45 2 24
13 45 3 24
13 46 0 3
13 46 1 56
13 46 2 15
13 46 3 63
13 47 0 31
13 47 1 55
13 47 2 11
13 47 3 10
13 48 0 51
13 48 1 52
13 48 2 34
13 48 3 2
13 49 0 60
13 49 1 25
13 49 2 59
13 49 3 55
13 50 0 54
13 50 1 44
13 50 2 43
13 50 3 34
13 51 0 1
13 51 1 24
13 51 2 46
13 51 3 51
13 52 0 35
13 52 1 45
13 52 2 1
13 52 3 29
13 53 0 32
13 53 1 57
13 53 2 19
13 53 3 14
13 54 0 22
13 54 1 10
13 54 2 35
13 54 3 41
13 55 0 51
13 55 1 62
13 55 2 4
13 55 3 15
13 56 0 19
13 56 1 15
13 56 2 52
13 56 3 8
13 57 0 1
13 57 1 55
13 57 2 61
13 57 3 14
13 58 0 21
13 58 1 32
13 58 2 33
13 58 3 63
13 59 0 25
13 59 1 0
13 59 2 27
13 59 3 35
13 60 0 33
13 60 1 32
13 60 2 59
13 60 3 51
13 61 0 16
13 61 1 22
13 61 2 42
13 61 3 26
13 62 0 27
13 62 1 10
13 62 2 16
13 62 3 47
13 63 0 53
13 63 1 50
13 63 2 19
13 63 3 8
13 64 0 10
13 64 1 25
13 64 2 33
13 64 3 57
13 65 0 57
13 65 1 0
13 65 2 45
13 65 3 19
13 66 0 12
13 66 1 35
13 66 2 2
13 66 3 21
13 67 0 35
13 67 1 17
13 67 2 37
13 67 3 29
13 68 0 51
13 68 1 11
13 68 2 3
13 68 3 33
13 69 0 16
13 69 1 45
13 69 2 5
13 69 3 36
13 70 0 63
13 70 1 5
13 70 2 19
13 70 3 54
13 71 0 34
13 71 1 11
13 71 2 13
13 71 3 48
13 72 0 55
13 72 1 23
13 72 2 30
13 72 3 50
13 73 0 11
13 73 1 13
13 73 2 49
13 73 3 11
13 74 0 49
13 74 1 31
13 74 2 63
13 74 3 2
13 75 0 60
13 75 1 14
13 75 2 2
13 75 3 46
13 76 0 34
13 76 1 53
13 76 2 6
13 76 3 5
13 77 0 36
13 77 1 56
13 77 2 25
13 77 3 51
13 78 0 57
13 78 1 55
13 78 2 32
13 78 3 44
13 79 0 33
13 79 1 43
13 79 2 36
13 79 3 33
13 80 0 27
13 80 1 41
13 80 2 48
13 80 3 58
13 81 0 39
13 81 1 6
13 81 2 37
13 81 3 20
13 82 0 1
13 82 1 4
13 82 2 37
13 82 3 60
13 83 0 32
13 83 1 28
13 83 2 5
13 83 3 43
13 84 0 3
13 84 1 53
13 84 2 52
13 84 3 63
13 85 0 18
13 85 1 10
13 85 2 19
13 85 3 51
13 86 0 14
13 86 1 56
13 86 2 9
13 86 3 3
13 87 0 14
13 87 1 48
13 87 2 38
13 87 3 22
13 88 0 41
13 88 1 41
13 88 2 35
13 88 3 32
13 89 0 6
13 89 1 16
13 89 2 33
13 89 3 8
13 90 0 30
13 90 1 7
13 90 2 50
13 90 3 6
13 91 0 5
13 91 1 40
13 91 2 14
13 91 3 22
13 92 0 20
13 92 1 13
13 92 2 48
13 92 3 44
13 93 0 15
13 93 1 43
13 93 2 45
13 93 3 34
13 94 0 37
13 94 1 59
13 94 2 29
13 94 3 24
13 95 0 34
13 95 1 53
13 95 2 45
13 95 3 4
13 96 0 29
13 96 1 47
13 96 2 14
13 96 3 63
13 97 0 51
13 97 1 54
13 97 2 5
13 97 3 37
13 98 0 33
13 98 1 40
13 98 2 54
13 98 3 22
13 99 0 34
13 99 1 43
13 99 2 48
13 99 3 49
14 0 0 21
14 0 1 63
14 0 2 0
14 0 3 31
14 1 0 38
14 1 1 3
14 1 2 28
14 1 3 38
14 2 0 38
14 2 1 7
14 2 2 17
14 2 3 15
14 3 0 40
14 3 1 21
14 3 2 36
14 3 3 46
14 4 0 51
14 4 1 11
14 4 2 57
14 4 3 10
14 5 0 1
14 5 1 2
14 5 2 12
14 5 3 55
14 6 0 13
14 6 1 44
14 6 2 26
14 6 3 2
14 7 0 28
14 7 1 1
14 7 2 30
14 7 3 35
14 8 0 33
14 8 1 18
14 8 2 49
14 8 3 38
14 9 0 16
14 9 1 27
14 9 2 6
14 9 3 59
14 10 0 48
14 10 1 18
14 10 2 43
14 10 3 43
14 11 0 39
14 11 1 3
14 11 2 56
14 11 3 61
14 12 0 62
14 12 1 62
14 12 2 59
14 12 3 47
14 13 0 3
14 13 1 29
14 13 2 15
14 13 3 14
14 14 0 53
14 14 1 52
14 14 2 33
14 14 3 47
14 15 0 8
14 15 1 14
14 15 2 55
14 15 3 28
14 16 0 34
14 16 1 29
14 16 2 12
14 16 3 52
14 17 0 48
14 17 1 43
14 17 2 22
14 17 3 41
14 18 0 61
14 18 1 41
14 18 2 31
14 18 3 17
14 19 0 33
14 19 1 23
14 19 2 39
14 19 3 2
14 20 0 12
14 20 1 50
14 20 2 24
14 20 3 27
14 21 0 34
14 21 1 28
14 21 2 48
14 21 3 15
14 22 0 48
14 22 1 13
14 22 2 23
14 22 3 37
14 23 0 56
14 23 1 14
14 23 2 37
14 23 3 4
14 24 0 4
14 24 1 49
14 24 2 46
14 24 3 24
14 25 0 39
14 25 1 24
14 25 2 17
14 25 3 27
14 26 0 19
14 26 1 52
14 26 2 26
14 26 3 20
14 27 0 34
14 27 1 48
14 27 2 17
14 27 3 60
14 28 0 29
14 28 1 42
14 28 2 61
14 28 3 27
14 29 0 12
14 29 1 47
14 29 2 0
14 29 3 29
14 30 0 62
14 30 1 26
14 30 2 43
14 30 3 33
14 31 0 13
14 31 1 20
14 31 2 33
14 31 3 6
14 32 0 26
14 32 1 26
14 32 2 53
14 32 3 7
14 33 0 53
14 33 1 26
14 33 2 41
14 33 3 35
14 34 0 19
14 34 1 59
14 34 2 14
14 34 3 2
14 35 0 48
14 35 1 39
14 35 2 56
14 35 3 29
14 36 0 1
14 36 1 1
14 36 2 27
14 36 3 15
14 37 0 59
14 37 1 7
14 37 2 56
14 37 3 13
14 38 0 7
14 38 1 17
14 38 2 9
14 38 3 25
14 39 0 21
14 39 1 33
14 39 2 34
14 39 3 0
14 40 0 7
14 40 1 10
14 40 2 12
14 40 3 5
14 41 0 20
14 41 1 35
14 41 2 19
14 41 3 21
14 42 0 30
14 42 1 35
14 42 2 21
14 42 3 14
14 43 0 26
14 43 1 1
14 43 2 31
14 43 3 60
14 44 0 25
14 44 1 6
14 44 2 45
14 44 3 8
14 45 0 12
14 45 1 9
14 45 2 56
14 45 3 62
14 46 0 36
14 46 1 39
14 46 2 41
14 46 3 39
14 47 0 34
14 47 1 63
14 47 2 46
14 47 3 5
14 48 0 25
14 48 1 62
14 48 2 25
14 48 3 13
14 49 0 55
14 49 1 39
14 49 2 36
14 49 3 26
14 50 0 7
14 50 1 24
14 50 2 27
14 50 3 59
14 51 0 19
14 51 1 9
14 51 2 27
14 51 3 63
14 52 0 30
14 52 1 24
14 52 2 42
14 52 3 41
14 53 0 19
14 53 1 61
14 53 2 37
14 53 3 3
14 54 0 26
14 54 1 59
14 54 2 25
14 54 3 36
14 55 0 39
14 55 1 45
14 55 2 55
14 55 3 9
14 56 0 33
14 56 1 34
14 56 2 9
14 56 3 43
14 57 0 7
14 57 1 29
14 57 2 21
14 57 3 9
14 58 0 52
14 58 1 15
14 58 2 16
14 58 3 54
14 59 0 56
14 59 1 2
14 59 2 17
14 59 3 45
14 60 0 49
14 60 1 63
14 60 2 35
14 60 3 0
14 61 0 55
14 61 1 10
14 61 2 7
14 61 3 43
14 62 0 38
14 62 1 3
14 62 2 10
14 62 3 37
14 63 0 16
14 63 1 43
14 63 2 26
14 63 3 37
14 64 0 30
14 64 1 23
14 64 2 21
14 64 3 44
14 65 0 32
14 65 1 38
14 65 2 36
14 65 3 13
14 66 0 58
14 66 1 36
14 66 2 45
14 66 3 56
14 67 0 59
14 67 1 42
14 67 2 50
14 67 3 30
14 68 0 47
14 68 1 20
14 68 2 45
14 68 3 5
14 69 0 58
14 69 1 15
14 69 2 42
14 69 3 0
14 70 0 9
14 70 1 63
14 70 2 53
14 70 3 14
14 71 0 8
14 71 1 52
14 71 2 63
14 71 3 10
14 72 0 42
14 72 1 18
14 72 2 47
14 72 3 26
14 73 0 8
14 73 1 20
14 73 2 34
14 73 3 51
14 74 0 1
14 74 1 61
14 74 2 41
14 74 3 56
14 75 0 59
14 75 1 9
14 75 2 5
14 75 3 49
14 76 0 12
14 76 1 9
14 76 2 29
14 76 3 58
14 77 0 50
14 77 1 33
14 77 2 12
14 77 3 21
14 78 0 44
14 78 1 10
14 78 2 33
14 78 3 0
14 79 0 20
14 79 1 15
14 79 2 43
14 79 3 58
14 80 0 9
14 80 1 51
14 80 2 41
14 80 3 62
14 81 0 58
14 81 1 6
14 81 2 47
14 81 3 37
14 82 0 7
14 82 1 16
14 82 2 59
14 82 3 34
14 83 0 21
14 83 1 20
14 83 2 53
14 83 3 18
14 84 0 10
14 84 1 36
14 84 2 63
14 84 3 11
14 85 0 16
14 85 1 30
14 85 2 12
14 85 3 41
14 86 0 16
14 86 1 8
14 86 2 16
14 86 3 59
14 87 0 59
14 87 1 32
14 87 2 25
14 87 3 52
14 88 0 12
14 88 1 41
14 88 2 43
14 88 3 45
14 89 0 13
14 89 1 45
14 89 2 39
14 89 3 56
14 90 0 11
14 90 1 39
14 90 2 53
14 90 3 17
14 91 0 47
14 91 1 6
14 91 2 45
14 91 3 38
14 92 0 12
14 92 1 4
14 92 2 47
14 92 3 15
14 93 0 31
14 93 1 3
14 93 2 61
14 93 3 35
14 94 0 59
14 94 1 10
14 94 2 13
14 94 3 39
14 95 0 38
14 95 1 50
14 95 2 59
14 95 3 52
14 96 0 8
14 96 1 19
14 96 2 58
14 96 3 35
14 97 0 55
14 97 1 36
14 97 2 3
14 97 3 30
14 98 0 52
14 98 1 41
14 98 2 8
14 98 3 13
14 99 0 54
14 99 1 62
14 99 2 48
14 99 3 6
15 0 0 39
15 0 1 53
15 0 2 40
15 0 3 38
15 1 0 29
15 1 1 15
15 1 2 17
15 1 3 47
15 2 0 4
15 2 1 5
15 2 2 25
15 2 3 49
15 3 0 42
15 3 1 37
15 3 2 34
15 3 3 7
15 4 0 21
15 4 1 5
15 4 2 48
15 4 3 48
15 5 0 16
15 5 1 18
15 5 2 20
15 5 3 56
15 6 0 31
15 6 1 48
15 6 2 28
15 6 3 44
15 7 0 33
15 7 1 17
15 7 2 56
15 7 3 45
15 8 0 49
15 8 1 60
15 8 2 15
15 8 3 5
15 9 0 37
15 9 1 20
15 9 2 27
15 9 3 15
15 10 0 25
15 10 1 25
15 10 2 22
15 10 3 47
15 11 0 37
15 11 1 30
15 11 2 7
15 11 3 36
15 12 0 11
15 12 1 20
15 12 2 26
15 12 3 9
15 13 0 24
15 13 1 17
15 13 2 54
15 13 3 55
15 14 0 0
15 14 1 38
15 14 2 40
15 14 3 24
15 15 0 30
15 15 1 50
15 15 2 24
15 15 3 4
15 16 0 23
15 16 1 16
15 16 2 24
15 16 3 14
15 17 0 9
15 17 1 63
15 17 2 8
15 17 3 45
15 18 0 45
15 18 1 39
15 18 2 58
15 18 3 0
15 19 0 19
15 19 1 11
15 19 2 36
15 19 3 40
15 20 0 57
15 20 1 24
15 20 2 15
15 20 3 59
15 21 0 43
15 21 1 48
15 21 2 28
15 21 3 28
15 22 0 24
15 22 1 47
15 22 2 13
15 22 3 62
15 23 0 11
15 23 1 29
15 23 2 20
15 23 3 41
15 24 0 43
15 24 1 58
15 24 2 50
15 24 3 15
15 25 0 13
15 25 1 56
15 25 2 31
15 25 3 6
15 26 0 52
15 26 1 41
15 26 2 1
15 26 3 50
15 27 0 38
15 27 1 39
15 27 2 55
15 27 3 31
15 28 0 29
15 28 1 39
15 28 2 12
15 28 3 9
15 29 0 54
15 29 1 13
15 29 2 32
15 29 3 17
15 30 0 14
15 30 1 38
15 30 2 51
15 30 3 28
15 31 0 8
15 31 1 15
15 31 2 10
15 31 3 56
15 32 0 20
15 32 1 23
15 32 2 4
15 32 3 28
15 33 0 58
15 33 1 26
15 33 2 41
15 33 3 11
15 34 0 9
15 34 1 46
15 34 2 4
15 34 3 28
15 35 0 20
15 35 1 1
15 35 2 33
15 35 3 61
15 36 0 4
15 36 1 52
15 36 2 34
15 36 3 46
15 37 0 6
15 37 1 55
15 37 2 0
15 37 3 58
15 38 0 42
15 38 1 21
15 38 2 0
15 38 3 39
15 39 0 5
15 39 1 38
15 39 2 49
15 39 3 17
15 40 0 15
15 40 1 14
15 40 2 14
15 40 3 7
15 41 0 15
15 41 1 42
15 41 2 19
15 41 3 49
15 42 0 52
15 42 1 48
15 42 2 34
15 42 3 20
15 43 0 59
15 43 1 13
15 43 2 29
15 43 3 29
15 44 0 47
15 44 1 34
15 44 2 51
15 44 3 58
15 45 0 25
15 45 1 55
15 45 2 10
15 45 3 58
15 46 0 11
15 46 1 54
15 46 2 24
15 46 3 61
15 47 0 8
15 47 1 29
15 47 2 57
15 47 3 3
15 48 0 16
15 48 1 5
15 48 2 20
15 48 3 24
15 49 0 39
15 49 1 16
15 49 2 10
15 49 3 10
15 50 0 60
15 50 1 61
15 50 2 14
15 50 3 12
15 51 0 3
15 51 1 61
15 51 2 45
15 51 3 48
15 52 0 18
15 52 1 41
15 52 2 3
15 52 3 43
15 53 0 37
15 53 1 21
15 53 2 45
15 53 3 41
15 54 0 28
15 54 1 11
15 54 2 1
15 54 3 60
15 55 0 18
15 55 1 19
15 55 2 43
15 55 3 16
15 56 0 24
15 56 1 45
15 56 2 38
15 56 3 42
15 57 0 0
15 57 1 28
15 57 2 30
15 57 3 40
15 58 0 9
15 58 1 10
15 58 2 48
15 58 3 43
15 59 0 51
15 59 1 17
15 59 2 63
15 59 3 17
15 60 0 41
15 60 1 10
15 60 2 58
15 60 3 21
15 61 0 51
15 61 1 21
15 61 2 50
15 61 3 29
15 62 0 3
15 62 1 12
15 62 2 43
15 62 3 12
15 63 0 17
15 63 1 34
15 63 2 16
15 63 3 8
15 64 0 39
15 64 1 44
15 64 2 46
15 64 3 60
15 65 0 7
15 65 1 27
15 65 2 14
15 65 3 57
15 66 0 34
15 66 1 6
15 66 2 44
15 66 3 2
15 67 0 17
15 67 1 46
15 67 2 32
15 67 3 48
15 68 0 36
15 68 1 53
15 68 2 36
15 68 3 3
15 69 0 4
15 69 1 49
15 69 2 2
15 69 3 24
15 70 0 1
15 70 1 19
15 70 2 38
15 70 3 11
15 71 0 29
15 71 1 63
15 71 2 4
15 71 3 4
15 72 0 17
15 72 1 52
15 72 2 25
15 72 3 40
15 73 0 2
15 73 1 47
15 73 2 4
15 73 3 45
15 74 0 9
15 74 1 54
15 74 2 18
15 74 3 11
15 75 0 21
15 75 1 0
15 75 2 10
15 75 3 38
15 76 0 19
15 76 1 22
15 76 2 51
15 76 3 7
15 77 0 25
15 77 1 11
15 77 2 30
15 77 3 21
15 78 0 2
15 78 1 4
15 78 2 54
15 78 3 3
15 79 0 50
15 79 1 58
15 79 2 29
15 79 3 19
15 80 0 49
15 80 1 62
15 80 2 7
15 80 3 61
15 81 0 60
15 81 1 9
15 81 2 3
15 81 3 45
15 82 0 4
15 82 1 38
15 82 2 4
15 82 3 44
15 83 0 14
15 83 1 6
15 83 2 4
15 83 3 12
15 84 0 34
15 84 1 4
15 84 2 51
15 84 3 38
15 85 0 19
15 85 1 63
15 85 2 42
15 85 3 43
15 86 0 11
15 86 1 45
15 86 2 35
15 86 3 63
15 87 0 30
15 87 1 43
15 87 2 21
15 87 3 2
15 88 0 8
15 88 1 55
15 88 2 47
15 88 3 23
15 89 0 44
15 89 1 0
15 89 2 2
15 89 3 32
15 90 0 39
15 90 1 59
15 90 2 48
15 90 3 16
15 91 0 52
15 91 1 31
15 91 2 52
15 91 3 11
15 92 0 1
15 92 1 3
15 92 2 63
15 92 3 5
15 93 0 60
15 93 1 46
15 93 2 9
15 93 3 55
15 94 0 9
15 94 1 9
15 94 2 36
15 94 3 18
15 95 0 18
15 95 1 12
15 95 2 38
15 95 3 1
15 96 0 15
15 96 1 35
15 96 2 31
15 96 3 44
15 97 0 13
15 97 1 41
15 97 2 48
15 97 3 24
15 98 0 16
15 98 1 35
15 98 2 37
15 98 3 6
15 99 0 36
15 99 1 9
15 99 2 36
15 99 3 59
16 0 0 34
16 0 1 48
16 0 2 19
16 0 3 59
16 1 0 52
16 1 1 58
16 1 2 47
16 1 3 41
16 2 0 33
16 2 1 59
16 2 2 54
16 2 3 26
16 3 0 5
16 3 1 0
16 3 2 14
16 3 3 4
16 4 0 13
16 4 1 7
16 4 2 62
16 4 3 6
16 5 0 40
16 5 1 22
16 5 2 11
16 5 3 44
16 6 0 62
16 6 1 50
16 6 2 62
16 6 3 37
16 7 0 43
16 7 1 9
16 7 2 54
16 7 3 47
16 8 0 16
16 8 1 22
16 8 2 39
16 8 3 0
16 9 0 52
16 9 1 17
16 9 2 4
16 9 3 21
16 10 0 53
16 10 1 17
16 10 2 34
16 10 3 51
16 11 0 2
16 11 1 48
16 11 2 18
16 11 3 44
16 12 0 12
16 12 1 8
16 12 2 50
16 12 3 51
16 13 0 62
16 13 1 43
16 13 2 29
16 13 3 12
16 14 0 18
16 14 1 41
16 14 2 22
16 14 3 30
16 15 0 10
16 15 1 28
16 15 2 15
16 15 3 7
16 16 0 8
16 16 1 33
16 16 2 23
16 16 3 6
16 17 0 32
16 17 1 10
16 17 2 0
16 17 3 8
16 18 0 28
16 18 1 61
16 18 2 15
16 18 3 18
16 19 0 15
16 19 1 22
16 19 2 45
16 19 3 20
16 20 0 42
16 20 1 57
16 20 2 60
16 20 3 36
16 21 0 45
16 21 1 58
16 21 2 50
16 21 3 19
16 22 0 8
16 22 1 7
16 22 2 56
16 22 3 35
16 23 0 18
16 23 1 22
16 23 2 18
16 23 3 51
16 24 0 39
16 24 1 56
16 24 2 19
16 24 3 30
16 25 0 7
16 25 1 62
16 25 2 32
16 25 3 35
16 26 0 26
16 26 1 17
16 26 2 60
16 26 3 31
16 27 0 43
16 27 1 2
16 27 2 17
16 27 3 51
16 28 0 5
16 28 1 6
16 28 2 51
16 28 3 19
16 29 0 17
16 29 1 36
16 29 2 12
16 29 3 2
16 30 0 0
16 30 1 5
16 30 2 10
16 30 3 44
16 31 0 19
16 31 1 4
16 31 2 0
16 31 3 30
16 32 0 53
16 32 1 21
16 32 2 4
16 32 3 14
16 33 0 31
16 33 1 12
16 33 2 62
16 33 3 48
16 34 0 22
16 34 1 60
16 34 2 20
16 34 3 8
16 35 0 60
16 35 1 61
16 35 2 20
16 35 3 38
16 36 0 11
16 36 1 41
16 36 2 44
16 36 3 45
16 37 0 36
16 37 1 45
16 37 2 35
16 37 3 52
16 38 0 11
16 38 1 30
16 38 2 26
16 38 3 34
16 39 0 9
16 39 1 20
16 39 2 61
16 39 3 6
16 40 0 40
16 40 1 42
16 40 2 30
16 40 3 2
16 41 0 2
16 41 1 17
16 41 2 6
16 41 3 6
16 42 0 10
16 42 1 12
16 42 2 53
16 42 3 40
16 43 0 1
16 43 1 40
16 43 2 8
16 43 3 26
16 44 0 2
16 44 1 5
16 44 2 8
16 44 3 27
16 45 0 29
16 45 1 22
16 45 2 39
16 45 3 46
16 46 0 46
16 46 1 37
16 46 2 34
16 46 3 31
16 47 0 15
16 47 1 31
16 47 2 0
16 47 3 61
16 48 0 23
16 48 1 48
16 48 2 61
16 48 3 31
16 49 0 55
16 49 1 30
16 49 2 8
16 49 3 1
16 50 0 8
16 50 1 60
16 50 2 30
16 50 3 20
16 51 0 28
16 51 1 16
16 51 2 55
16 51 3 63
16 52 0 5
16 52 1 45
16 52 2 21
16 52 3 3
16 53 0 59
16 53 1 3
16 53 2 13
16 53 3 1
16 54 0 30
16 54 1 38
16 54 2 20
16 54 3 4
16 55 0 7
16 55 1 59
16 55 2 51
16 55 3 59
16 56 0 33
16 56 1 34
16 56 2 50
16 56 3 39
16 57 0 27
16 57 1 18
16 57 2 31
16 57 3 4
16 58 0 12
16 58 1 47
16 58 2 55
16 58 3 6
16 59 0 6
16 59 1 5
16 59 2 50
16 59 3 19
16 60 0 20
16 60 1 0
16 60 2 62
16 60 3 27
16 61 0 51
16 61 1 45
16 61 2 9
16 61 3 51
16 62 0 35
16 62 1 38
16 62 2 12
16 62 3 54
16 63 0 59
16 63 1 26
16 63 2 5
16 63 3 54
16 64 0 56
16 64 1 32
16 64 2 37
16 64 3 14
16 65 0 4
16 65 1 60
16 65 2 30
16 65 3 17
16 66 0 44
16 66 1 1
16 66 2 5
16 66 3 15
16 67 0 28
16 67 1 23
16 67 2 11
16 67 3 22
16 68 0 21
16 68 1 33
16 68 2 36
16 68 3 56
16 69 0 51
16 69 1 18
16 69 2 57
16 69 3 33
16 70 0 12
16 70 1 21
16 70 2 47
16 70 3 52
16 71 0 23
16 71 1 10
16 71 2 12
16 71 3 6
16 72 0 44
16 72 1 32
16 72 2 28
16 72 3 43
16 73 0 53
16 73 1 50
16 73 2 8
16 73 3 37
16 74 0 56
16 74 1 49
16 74 2 21
16 74 3 25
16 75 0 56
16 75 1 2
16 75 2 33
16 75 3 7
16 76 0 57
16 76 1 2
16 76 2 1
16 76 3 21
16 77 0 12
16 77 1 31
16 77 2 19
16 77 3 22
16 78 0 36
16 78 1 35
16 78 2 59
16 78 3 30
16 79 0 36
16 79 1 43
16 79 2 11
16 79 3 42
16 80 0 55
16 80 1 20
16 80 2 11
16 80 3 22
16 81 0 17
16 81 1 37
16 81 2 55
16 81 3 38
16 82 0 8
16 82 1 20
16 82 2 44
16 82 3 21
16 83 0 37
16 83 1 44
16 83 2 21
16 83 3 41
16 84 0 25
16 84 1 8
16 84 2 23
16 84 3 28
16 85 0 0
16 85 1 57
16 85 2 33
16 85 3 2
16 86 0 55
16 86 1 54
16 86 2 0
16 86 3 10
16 87 0 23
16 87 1 32
16 87 2 46
16 87 3 27
16 88 0 39
16 88 1 0
16 88 2 42
16 88 3 58
16 89 0 33
16 89 1 29
16 89 2 19
16 89 3 61
16 90 0 2
16 90 1 18
16 90 2 8
16 90 3 55
16 91 0 30
16 91 1 59
16 91 2 42
16 91 3 35
16 92 0 33
16 92 1 12
16 92 2 35
16 92 3 43
16 93 0 61
16 93 1 35
16 93 2 60
16 93 3 60
16 94 0 33
16 94 1 28
16 94 2 9
16 94 3 17
16 95 0 56
16 95 1 8
16 95 2 25
16 95 3 44
16 96 0 15
16 96 1 62
16 96 2 41
16 96 3 1
16 97 0 15
16 97 1 47
16 97 2 55
16 97 3 59
16 98 0 54
16 98 1 4
16 98 2 46
16 98 3 7
16 99 0 4
16 99 1 44
16 99 2 30
16 99 3 41
17 0 0 54
17 0 1 4
17 0 2 33
17 0 3 53
17 1 0 28
17 1 1 33
17 1 2 31
17 1 3 58
17 2 0 3
17 2 1 56
17 2 2 52
17 2 3 52
17 3 0 26
17 3 1 33
17 3 2 23
17 3 3 16
17 4 0 56
17 4 1 32
17 4 2 46
17 4 3 6
17 5 0 50
17 5 1 42
17 5 2 63
17 5 3 8
17 6 0 34
17 6 1 32
17 6 2 34
17 6 3 3
17 7 0 30
17 7 1 19
17 7 2 39
17 7 3 14
17 8 0 27
17 8 1 39
17 8 2 4
17 8 3 50
17 9 0 45
17 9 1 3
17 9 2 4
17 9 3 54
17 10 0 18
17 10 1 55
17 10 2 31
17 10 3 21
17 11 0 17
17 11 1 42
17 11 2 7
17 11 3 25
17 12 0 22
17 12 1 9
17 12 2 22
17 12 3 33
17 13 0 43
17 13 1 5
17 13 2 55
17 13 3 56
17 14 0 44
17 14 1 59
17 14 2 27
17 14 3 52
17 15 0 46
17 15 1 36
17 15 2 11
17 15 3 35
17 16 0 57
17 16 1 63
17 16 2 28
17 16 3 15
17 17 0 47
17 17 1 4
17 17 2 9
17 17 3 35
17 18 0 63
17 18 1 21
17 18 2 28
17 18 3 20
17 19 0 28
17 19 1 0
17 19 2 38
17 19 3 38
17 20 0 20
17 20 1 16
17 20 2 48
17 20 3 12
17 21 0 3
17 21 1 2
17 21 2 56
17 21 3 23
17 22 0 6
17 22 1 56
17 22 2 9
17 22 3 21
17 23 0 1
17 23 1 43
17 23 2 44
17 23 3 48
17 24 0 16
17 24 1 20
17 24 2 60
17 24 3 52
17 25 0 2
17 25 1 44
17 25 2 52
17 25 3 35
17 26 0 40
17 26 1 0
17 26 2 1
17 26 3 2
17 27 0 10
17 27 1 63
17 27 2 40
17 27 3 50
17 28 0 18
17 28 1 60
17 28 2 12
17 28 3 57
17 29 0 1
17 29 1 1
17 29 2 5
17 29 3 50
17 30 0 16
17 30 1 28
17 30 2 30
17 30 3 50
17 31 0 22
17 31 1 0
17 31 2 24
17 31 3 18
17 32 0 46
17 32 1 48
17 32 2 5
17 32 3 50
17 33 0 4
17 33 1 39
17 33 2 24
17 33 3 19
17 34 0 30
17 34 1 19
17 34 2 50
17 34 3 61
17 35 0 52
17 35 1 28
17 35 2 32
17 35 3 28
17 36 0 50
17 36 1 35
17 36 2 29
17 36 3 26
17 37 0 24
17 37 1 35
17 37 2 44
17 37 3 27
17 38 0 51
17 38 1 52
17 38 2 27
17 38 3 58
17 39 0 11
17 39 1 59
17 39 2 18
17 39 3 36
17 40 0 18
17 40 1 28
17 40 2 21
17 40 3 45
17 41 0 5
17 41 1 53
17 41 2 57
17 41 3 36
17 42 0 35
17 42 1 44
17 42 2 12
17 42 3 47
17 43 0 13
17 43 1 43
17 43 2 19
17 43 3 47
17 44 0 50
17 44 1 13
17 44 2 39
17 44 3 31
17 45 0 18
17 45 1 37
17 45 2 63
17 45 3 0
17 46 0 61
17 46 1 54
17 46 2 33
17 46 3 39
17 47 0 23
17 47 1 8
17 47 2 36
17 47 3 52
17 48 0 14
17 48 1 45
17 48 2 47
17 48 3 48
17 49 0 21
17 49 1 25
17 49 2 26
17 49 3 54
17 50 0 57
17 50 1 26
17 50 2 62
17 50 3 36
17 51 0 24
17 51 1 0
17 51 2 39
17 51 3 41
17 52 0 61
17 52 1 45
17 52 2 1
17 52 3 36
17 53 0 47
17 53 1 31
17 53 2 27
17 53 3 51
17 54 0 39
17 54 1 43
17 54 2 29
17 54 3 17
17 55 0 33
17 55 1 61
17 55 2 38
17 55 3 45
17 56 0 7
17 56 1 63
17 56 2 15
17 56 3 62
17 57 0 28
17 57 1 58
17 57 2 57
17 57 3 48
17 58 0 58
17 58 1 39
17 58 2 54
17 58 3 11
17 59 0 4
17 59 1 34
17 59 2 51
17 59 3 48
17 60 0 33
17 60 1 33
17 60 2 39
17 60 3 55
17 61 0 53
17 61 1 7
17 61 2 38
17 61 3 24
17 62 0 51
17 62 1 32
17 62 2 63
17 62 3 27
17 63 0 43
17 63 1 6
17 63 2 59
17 63 3 9
17 64 0 24
17 64 1 53
17 64 2 61
17 64 3 31
17 65 0 31
17 65 1 3
17 65 2 62
17 65 3 1
17 66 0 1
17 66 1 30
17 66 2 0
17 66 3 10
17 67 0 40
17 67 1 45
17 67 2 19
17 67 3 50
17 68 0 38
17 68 1 14
17 68 2 45
17 68 3 37
17 69 0 51
17 69 1 9
17 69 2 14
17 69 3 19
17 70 0 21
17 70 1 56
17 70 2 46
17 70 3 34
17 71 0 34
17 71 1 56
17 71 2 28
17 71 3 14
17 72 0 8
17 72 1 21
17 72 2 41
17 72 3 30
17 73 0 26
17 73 1 30
17 73 2 62
17 73 3 63
17 74 0 10
17 74 1 7
17 74 2 15
17 74 3 54
17 75 0 29
17 75 1 55
17 75 2 41
17 75 3 35
17 76 0 18
17 76 1 22
17 76 2 9
17 76 3 33
17 77 0 17
17 77 1 18
17 77 2 2
17 77 3 51
17 78 0 60
17 78 1 31
17 78 2 34
17 78 3 59
17 79 0 32
17 79 1 39
17 79 2 27
17 79 3 32
17 80 0 33
17 80 1 45
17 80 2 38
17 80 3 32
17 81 0 4
17 81 1 57
17 81 2 56
17 81 3 11
17 82 0 18
17 82 1 62
17 82 2 20
17 82 3 51
17 83 0 50
17 83 1 55
17 83 2 1
17 83 3 30
17 84 0 36
17 84 1 53
17 84 2 14
17 84 3 19
17 85 0 11
17 85 1 48
17 85 2 63
17 85 3 8
17 86 0 14
17 86 1 19
17 86 2 56
17 86 3 28
17 87 0 18
17 87 1 20
17 87 2 38
17 87 3 24
17 88 0 8
17 88 1 52
17 88 2 27
17 88 3 16
17 89 0 46
17 89 1 47
17 89 2 9
17 89 3 4
17 90 0 2
17 90 1 49
17 90 2 40
17 90 3 50
17 91 0 40
17 91 1 25
17 91 2 37
17 91 3 46
17 92 0 25
17 92 1 58
17 92 2 57
17 92 3 51
17 93 0 63
17 93 1 24
17 93 2 7
17 93 3 30
17 94 0 47
17 94 1 49
17 94 2 24
17 94 3 18
17 95 0 28
17 95 1 51
17 95 2 3
17 95 3 20
17 96 0 14
17 96 1 51
17 96 2 30
17 96 3 5
17 97 0 16
17 97 1 2
17 97 2 30
17 97 3 63
17 98 0 36
17 98 1 55
17 98 2 47
17 98 3 56
17 99 0 19
17 99 1 60
17 99 2 15
17 99 3 28
18 0 0 43
18 0 1 18
18 0 2 16
18 0 3 8
18 1 0 0
18 1 1 32
18 1 2 63
18 1 3 14
18 2 0 28
18 2 1 59
18 2 2 49
18 2 3 0
18 3 0 32
18 3 1 9
18 3 2 15
18 3 3 15
18 4 0 39
18 4 1 12
18 4 2 16
18 4 3 14
18 5 0 22
18 5 1 41
18 5 2 25
18 5 3 20
18 6 0 33
18 6 1 39
18 6 2 0
18 6 3 56
18 7 0 58
18 7 1 38
18 7 2 36
18 7 3 44
18 8 0 28
18 8 1 23
18 8 2 22
18 8 3 10
18 9 0 53
18 9 1 20
18 9 2 18
18 9 3 61
18 10 0 32
18 10 1 39
18 10 2 15
18 10 3 17
18 11 0 46
18 11 1 28
18 11 2 9
18 11 3 53
18 12 0 25
18 12 1 42
18 12 2 21
18 12 3 35
18 13 0 49
18 13 1 56
18 13 2 13
18 13 3 43
18 14 0 58
18 14 1 41
18 14 2 9
18 14 3 12
18 15 0 12
18 15 1 6
18 15 2 48
18 15 3 61
18 16 0 33
18 16 1 38
18 16 2 49
18 16 3 26
18 17 0 30
18 17 1 37
18 17 2 19
18 17 3 3
18 18 0 36
18 18 1 52
18 18 2 4
18 18 3 13
18 19 0 16
18 19 1 51
18 19 2 32
18 19 3 34
18 20 0 41
18 20 1 17
18 20 2 45
18 20 3 1
18 21 0 7
18 21 1 52
18 21 2 42
18 21 3 11
18 22 0 28
18 22 1 3
18 22 2 42
18 22 3 48
18 23 0 17
18 23 1 22
18 23 2 15
18 23 3 24
18 24 0 17
18 24 1 15
18 24 2 27
18 24 3 54
18 25 0 48
18 25 1 19
18 25 2 60
18 25 3 13
18 26 0 58
18 26 1 19
18 26 2 34
18 26 3 13
18 27 0 48
18 27 1 20
18 27 2 55
18 27 3 5
18 28 0 32
18 28 1 10
18 28 2 56
18 28 3 26
18 29 0 43
18 29 1 56
18 29 2 34
18 29 3 3
18 30 0 14
18 30 1 13
18 30 2 58
18 30 3 58
18 31 0 30
18 31 1 56
18 31 2 15
18 31 3 43
18 32 0 25
18 32 1 15
18 32 2 16
18 32 3 26
18 33 0 21
18 33 1 13
18 33 2 21
18 33 3 8
18 34 0 62
18 34 1 24
18 34 2 6
18 34 3 36
18 35 0 56
18 35 1 23
18 35 2 54
18 35 3 39
18 36 0 47
18 36 1 18
18 36 2 2
18 36 3 22
18 37 0 59
18 37 1 50
18 37 2 50
18 37 3 56
18 38 0 23
18 38 1 20
18 38 2 59
18 38 3 36
18 39 0 19
18 39 1 17
18 39 2 56
18 39 3 3
18 40 0 3
18 40 1 47
18 40 2 0
18 40 3 10
18 41 0 63
18 41 1 27
18 41 2 46
18 41 3 31
18 42 0 5
18 42 1 11
18 42 2 48
18 42 3 6
18 43 0 38
18 43 1 22
18 43 2 23
18 43 3 60
18 44 0 38
18 44 1 39
18 44 2 22
18 44 3 24
18 45 0 43
18 45 1 2
18 45 2 15
18 45 3 38
18 46 0 39
18 46 1 5
18 46 2 50
18 46 3 34
18 47 0 15
18 47 1 48
18 47 2 63
18 47 3 27
18 48 0 18
18 48 1 19
18 48 2 37
18 48 3 3
18 49 0 30
18 49 1 1
18 49 2 2
18 49 3 27
18 50 0 47
18 50 1 56
18 50 2 5
18 50 3 15
18 51 0 26
18 51 1 36
18 51 2 63
18 51 3 43
18 52 0 34
18 52 1 3
18 52 2 5
18 52 3 9
18 53 0 42
18 53 1 21
18 53 2 15
18 53 3 42
18 54 0 52
18 54 1 28
18 54 2 56
18 54 3 46
18 55 0 45
18 55 1 55
18 55 2 11
18 55 3 48
18 56 0 61
18 56 1 63
18 56 2 36
18 56 3 48
18 57 0 56
18 57 1 54
18 57 2 57
18 57 3 53
18 58 0 24
18 58 1 46
18 58 2 26
18 58 3 51
18 59 0 51
18 59 1 59
18 59 2 37
18 59 3 30
18 60 0 10
18 60 1 40
18 60 2 36
18 60 3 32
18 61 0 43
18 61 1 54
18 61 2 9
18 61 3 27
18 62 0 46
18 62 1 52
18 62 2 49
18 62 3 51
18 63 0 54
18 63 1 61
18 63 2 38
18 63 3 15
18 64 0 36
18 64 1 45
18 64 2 6
18 64 3 48
18 65 0 34
18 65 1 59
18 65 2 13
18 65 3 58
18 66 0 28
18 66 1 36
18 66 2 42
18 66 3 37
18 67 0 57
18 67 1 10
18 67 2 46
18 67 3 62
18 68 0 14
18 68 1 16
18 68 2 30
18 68 3 46
18 69 0 61
18 69 1 50
18 69 2 50
18 69 3 28
18 70 0 41
18 70 1 13
18 70 2 29
18 70 3 12
18 71 0 1
18 71 1 54
18 71 2 51
18 71 3 32
18 72 0 0
18 72 1 5
18 72 2 7
18 72 3 45
18 73 0 13
18 73 1 16
18 73 2 55
18 73 3 56
18 74 0 48
18 74 1 19
18 74 2 37
18 74 3 12
18 75 0 54
18 75 1 5
18 75 2 47
18 75 3 32
18 76 0 48
18 76 1 28
18 76 2 10
18 76 3 48
18 77 0 40
18 77 1 29
18 77 2 23
18 77 3 22
18 78 0 30
18 78 1 16
18 78 2 18
18 78 3 17
18 79 0 0
18 79 1 59
18 79 2 15
18 79 3 10
18 80 0 9
18 80 1 63
18 80 2 30
18 80 3 20
18 81 0 25
18 81 1 5
18 81 2 20
18 81 3 15
18 82 0 51
18 82 1 3
18 82 2 27
18 82 3 50
18 83 0 53
18 83 1 32
18 83 2 14
18 83 3 21
18 84 0 14
18 84 1 42
18 84 2 18
18 84 3 40
18 85 0 41
18 85 1 60
18 85 2 23
18 85 3 61
18 86 0 25
18 86 1 43
18 86 2 42
18 86 3 52
18 87 0 30
18 87 1 50
18 87 2 22
18 87 3 31
18 88 0 31
18 88 1 45
18 88 2 39
18 88 3 5
18 89 0 51
18 89 1 48
18 89 2 6
18 89 3 61
18 90 0 42
18 90 1 5
18 90 2 31
18 90 3 53
18 91 0 17
18 91 1 59
18 91 2 26
18 91 3 14
18 92 0 22
18 92 1 33
18 92 2 44
18 92 3 59
18 93 0 12
18 93 1 61
18 93 2 33
18 93 3 8
18 94 0 59
18 94 1 22
18 94 2 39
18 94 3 44
18 95 0 0
18 95 1 14
18 95 2 43
18 95 3 20
18 96 0 0
18 96 1 1
18 96 2 52
18 96 3 9
18 97 0 6
18 97 1 35
18 97 2 7
18 97 3 41
18 98 0 34
18 98 1 41
18 98 2 31
18 98 3 49
18 99 0 41
18 99 1 26
18 99 2 0
18 99 3 17
19 0 0 8
19 0 1 0
19 0 2 17
19 0 3 13
19 1 0 4
19 1 1 19
19 1 2 32
19 1 3 11
19 2 0 17
19 2 1 1
19 2 2 3
19 2 3 10
19 3 0 28
19 3 1 42
19 3 2 50
19 3 3 40
19 4 0 39
19 4 1 59
19 4 2 16
19 4 3 51
19 5 0 59
19 5 1 36
19 5 2 53
19 5 3 8
19 6 0 56
19 6 1 36
19 6 2 14
19 6 3 3
19 7 0 46
19 7 1 27
19 7 2 19
19 7 3 24
19 8 0 63
19 8 1 27
19 8 2 5
19 8 3 17
19 9 0 9
19 9 1 43
19 9 2 51
19 9 3 53
19 10 0 40
19 10 1 49
19 10 2 26
19 10 3 40
19 11 0 6
19 11 1 34
19 11 2 35
19 11 3 1
19 12 0 35
19 12 1 46
19 12 2 23
19 12 3 34
19 13 0 18
19 13 1 17
19 13 2 8
19 13 3 20
19 14 0 51
19 14 1 59
19 14 2 40
19 14 3 39
19 15 0 39
19 15 1 30
19 15 2 27
19 15 3 39
19 16 0 50
19 16 1 26
19 16 2 36
19 16 3 30
19 17 0 18
19 17 1 18
19 17 2 5
19 17 3 28
19 18 0 45
19 18 1 43
19 18 2 63
19 18 3 2
19 19 0 48
19 19 1 50
19 19 2 27
19 19 3 18
19 20 0 22
19 20 1 43
19 20 2 55
19 20 3 41
19 21 0 32
19 21 1 41
19 21 2 4
19 21 3 38
19 22 0 2
19 22 1 61
19 22 2 56
19 22 3 32
19 23 0 23
19 23 1 46
19 23 2 40
19 23 3 45
19 24 0 32
19 24 1 15
19 24 2 4
19 24 3 18
19 25 0 33
19 25 1 27
19 25 2 32
19 25 3 17
19 26 0 60
19 26 1 23
19 26 2 54
19 26 3 25
19 27 0 28
19 27 1 38
19 27 2 16
19 27 3 14
19 28 0 24
19 28 1 51
19 28 2 9
19 28 3 28
19 29 0 43
19 29 1 45
19 29 2 27
19 29 3 5
19 30 0 1
19 30 1 30
19 30 2 51
19 30 3 1
19 31 0 56
19 31 1 43
19 31 2 0
19 31 3 21
19 32 0 14
19 32 1 60
19 32 2 35
19 32 3 20
19 33 0 17
19 33 1 36
19 33 2 0
19 33 3 16
19 34 0 10
19 34 1 39
19 34 2 42
19 34 3 29
19 35 0 8
19 35 1 23
19 35 2 53
19 35 3 13
19 36 0 10
19 36 1 7
19 36 2 52
19 36 3 7
19 37 0 37
19 37 1 63
19 37 2 41
19 37 3 26
19 38 0 13
19 38 1 0
19 38 2 9
19 38 3 60
19 39 0 9
19 39 1 1
19 39 2 52
19 39 3 26
19 40 0 22
19 40 1 45
19 40 2 33
19 40 3 58
19 41 0 29
19 41 1 45
19 41 2 56
19 41 3 29
19 42 0 18
19 42 1 62
19 42 2 14
19 42 3 2
19 43 0 37
19 43 1 63
19 43 2 5
19 43 3 54
19 44 0 53
19 44 1 59
19 44 2 26
19 44 3 16
19 45 0 32
19 45 1 9
19 45 2 53
19 45 3 42
19 46 0 30
19 46 1 33
19 46 2 45
19 46 3 33
19 47 0 53
19 47 1 59
19 47 2 60
19 47 3 39
19 48 0 47
19 48 1 19
19 48 2 2
19 48 3 25
19 49 0 55
19 49 1 8
19 49 2 34
19 49 3 12
19 50 0 27
19 50 1 9
19 50 2 47
19 50 3 51
19 51 0 48
19 51 1 45
19 51 2 15
19 51 3 33
19 52 0 6
19 52 1 23
19 52 2 32
19 52 3 42
19 53 0 6
19 53 1 52
19 53 2 29
19 53 3 56
19 54 0 33
19 54 1 35
19 54 2 44
19 54 3 52
19 55 0 10
19 55 1 32
19 55 2 1
19 55 3 30
19 56 0 52
19 56 1 55
19 56 2 18
19 56 3 24
19 57 0 35
19 57 1 25
19 57 2 11
19 57 3 19
19 58 0 25
19 58 1 33
19 58 2 58
19 58 3 34
19 59 0 24
19 59 1 42
19 59 2 49
19 59 3 27
19 60 0 31
19 60 1 13
19 60 2 55
19 60 3 55
19 61 0 11
19 61 1 22
19 61 2 17
19 61 3 59
19 62 0 4
19 62 1 13
19 62 2 20
19 62 3 35
19 63 0 15
19 63 1 34
19 63 2 47
19 63 3 53
19 64 0 6
19 64 1 8
19 64 2 6
19 64 3 58
19 65 0 41
19 65 1 34
19 65 2 50
19 65 3 37
19 66 0 15
19 66 1 32
19 66 2 45
19 66 3 2
19 67 0 38
19 67 1 31
19 67 2 4
19 67 3 16
19 68 0 28
19 68 1 21
19 68 2 18
19 68 3 41
19 69 0 25
19 69 1 31
19 69 2 51
19 69 3 5
19 70 0 23
19 70 1 4
19 70 2 59
19 70 3 11
19 71 0 52
19 71 1 12
19 71 2 20
19 71 3 38
19 72 0 53
19 72 1 11
19 72 2 13
19 72 3 56
19 73 0 20
19 73 1 13
19 73 2 47
19 73 3 5
19 74 0 55
19 74 1 56
19 74 2 54
19 74 3 18
19 75 0 7
19 75 1 27
19 75 2 21
19 75 3 61
19 76 0 40
19 76 1 60
19 76 2 48
19 76 3 45
19 77 0 7
19 77 1 4
19 77 2 2
19 77 3 37
19 78 0 12
19 78 1 63
19 78 2 8
19 78 3 60
19 79 0 42
19 79 1 6
19 79 2 3
19 79 3 25
19 80 0 21
19 80 1 20
19 80 2 33
19 80 3 8
19 81 0 8
19 81 1 44
19 81 2 63
19 81 3 17
19 82 0 59
19 82 1 22
19 82 2 21
19 82 3 5
19 83 0 27
19 83 1 31
19 83 2 42
19 83 3 10
19 84 0 12
19 84 1 27
19 84 2 4
19 84 3 9
19 85 0 40
19 85 1 61
19 85 2 36
19 85 3 9
19 86 0 63
19 86 1 33
19 86 2 45
19 86 3 12
19 87 0 37
19 87 1 4
19 87 2 40
19 87 3 12
19 88 0 58
19 88 1 3
19 88 2 41
19 88 3 8
19 89 0 43
19 89 1 31
19 89 2 61
19 89 3 41
19 90 0 23
19 90 1 5
19 90 2 38
19 90 3 28
19 91 0 3
19 91 1 37
19 91 2 13
19 91 3 14
19 92 0 0
19 92 1 23
19 92 2 13
19 92 3 4
19 93 0 27
19 93 1 14
19 93 2 8
19 93 3 29
19 94 0 4
19 94 1 63
19 94 2 30
19 94 3 63
19 95 0 56
19 95 1 62
19 95 2 34
19 95 3 27
19 96 0 46
19 96 1 5
19 96 2 53
19 96 3 20
19 97 0 0
19 97 1 15
19 97 2 15
19 97 3 0
19 98 0 42
19 98 1 6
19 98 2 54
19 98 3 29
19 99 0 45
19 99 1 21
19 99 2 8
19 99 3 11
20 0 0 41
20 0 1 45
20 0 2 17
20 0 3 22
20 1 0 60
20 1 1 54
20 1 2 26
20 1 3 15
20 2 0 19
20 2 1 34
20 2 2 36
20 2 3 11
20 3 0 4
20 3 1 31
20 3 2 51
20 3 3 9
20 4 0 26
20 4 1 10
20 4 2 15
20 4 3 39
20 5 0 18
20 5 1 16
20 5 2 63
20 5 3 11
20 6 0 12
20 6 1 59
20 6 2 35
20 6 3 2
20 7 0 27
20 7 1 36
20 7 2 16
20 7 3 35
20 8 0 41
20 8 1 16
20 8 2 51
20 8 3 28
20 9 0 61
20 9 1 5
20 9 2 20
20 9 3 46
20 10 0 57
20 10 1 14
20 10 2 62
20 10 3 12
20 11 0 26
20 11 1 20
20 11 2 27
20 11 3 57
20 12 0 46
20 12 1 50
20 12 2 16
20 12 3 60
20 13 0 27
20 13 1 41
20 13 2 44
20 13 3 42
20 14 0 38
20 14 1 30
20 14 2 41
20 14 3 57
20 15 0 24
20 15 1 32
20 15 2 11
20 15 3 22
20 16 0 49
20 16 1 40
20 16 2 13
20 16 3 34
20 17 0 51
20 17 1 7
20 17 2 3
20 17 3 25
20 18 0 42
20 18 1 20
20 18 2 52
20 18 3 54
20 19 0 34
20 19 1 24
20 19 2 2
20 19 3 52
20 20 0 57
20 20 1 28
20 20 2 33
20 20 3 48
20 21 0 44
20 21 1 8
20 21 2 43
20 21 3 59
20 22 0 48
20 22 1 30
20 22 2 33
20 22 3 16
20 23 0 42
20 23 1 15
20 23 2 21
20 23 3 16
20 24 0 21
20 24 1 23
20 24 2 5
20 24 3 45
20 25 0 28
20 25 1 60
20 25 2 11
20 25 3 42
20 26 0 11
20 26 1 35
20 26 2 31
20 26 3 28
20 27 0 41
20 27 1 53
20 27 2 20
20 27 3 54
20 28 0 11
20 28 1 18
20 28 2 19
20 28 3 61
20 29 0 7
20 29 1 25
20 29 2 27
20 29 3 51
20 30 0 31
20 30 1 61
20 30 2 47
20 30 3 45
20 31 0 48
20 31 1 10
20 31 2 28
20 31 3 37
20 32 0 13
20 32 1 7
20 32 2 8
20 32 3 50
20 33 0 42
20 33 1 18
20 33 2 47
20 33 3 44
20 34 0 52
20 34 1 58
20 34 2 56
20 34 3 11
20 35 0 49
20 35 1 25
20 35 2 25
20 35 3 41
20 36 0 38
20 36 1 26
20 36 2 63
20 36 3 11
20 37 0 6
20 37 1 1
20 37 2 52
20 37 3 26
20 38 0 27
20 38 1 41
20 38 2 27
20 38 3 36
20 39 0 3
20 39 1 9
20 39 2 59
20 39 3 28
20 40 0 10
20 40 1 23
20 40 2 21
20 40 3 17
20 41 0 18
20 41 1 46
20 41 2 6
20 41 3 19
20 42 0 29
20 42 1 34
20 42 2 56
20 42 3 59
20 43 0 19
20 43 1 34
20 43 2 1
20 43 3 39
20 44 0 9
20 44 1 4
20 44 2 42
20 44 3 11
20 45 0 30
20 45 1 6
20 45 2 47
20 45 3 48
20 46 0 36
20 46 1 53
20 46 2 27
20 46 3 11
20 47 0 9
20 47 1 14
20 47 2 12
20 47 3 20
20 48 0 13
20 48 1 37
20 48 2 9
20 48 3 39
20 49 0 21
20 49 1 43
20 49 2 32
20 49 3 57
20 50 0 28
20 50 1 18
20 50 2 37
20 50 3 42
20 51 0 28
20 51 1 35
20 51 2 30
20 51 3 19
20 52 0 20
20 52 1 58
20 52 2 43
20 52 3 6
20 53 0 61
20 53 1 45
20 53 2 3
20 53 3 46
20 54 0 37
20 54 1 58
20 54 2 31
20 54 3 33
20 55 0 20
20 55 1 20
20 55 2 39
20 55 3 52
20 56 0 57
20 56 1 49
20 56 2 39
20 56 3 32
20 57 0 21
20 57 1 49
20 57 2 20
20 57 3 17
20 58 0 55
20 58 1 37
20 58 2 22
20 58 3 55
20 59 0 61
20 59 1 20
20 59 2 33
20 59 3 30
20 60 0 44
20 60 1 60
20 60 2 35
20 60 3 51
20 61 0 38
20 61 1 56
20 61 2 25
20 61 3 24
20 62 0 27
20 62 1 63
20 62 2 39
20 62 3 9
20 63 0 2
20 63 1 33
20 63 2 51
20 63 3 30
20 64 0 35
20 64 1 51
20 64 2 33
20 64 3 58
20 65 0 40
20 65 1 46
20 65 2 50
20 65 3 40
20 66 0 3
20 66 1 27
20 66 2 9
20 66 3 32
20 67 0 9
20 67 1 32
20 67 2 22
20 67 3 1
20 68 0 7
20 68 1 32
20 68 2 5
20 68 3 54
20 69 0 48
20 69 1 45
20 69 2 11
20 69 3 50
20 70 0 40
20 70 1 24
20 70 2 0
20 70 3 33
20 71 0 50
20 71 1 2
20 71 2 3
20 71 3 24
20 72 0 32
20 72 1 30
20 72 2 27
20 72 3 16
20 73 0 3
20 73 1 1
20 73 2 6
20 73 3 44
20 74 0 50
20 74 1 27
20 74 2 4
20 74 3 26
20 75 0 63
20 75 1 15
20 75 2 31
20 75 3 34
20 76 0 21
20 76 1 28
20 76 2 30
20 76 3 30
20 77 0 45
20 77 1 37
20 77 2 3
20 77 3 0
20 78 0 26
20 78 1 58
20 78 2 2
20 78 3 4
20 79 0 43
20 79 1 28
20 79 2 14
20 79 3 13
20 80 0 42
20 80 1 33
20 80 2 40
20 80 3 17
20 81 0 33
20 81 1 55
20 81 2 20
20 81 3 25
20 82 0 10
20 82 1 40
20 82 2 2
20 82 3 15
20 83 0 45
20 83 1 1
20 83 2 63
20 83 3 25
20 84 0 25
20 84 1 34
20 84 2 40
20 84 3 29
20 85 0 56
20 85 1 61
20 85 2 12
20 85 3 45
20 86 0 19
20 86 1 63
20 86 2 16
20 86 3 18
20 87 0 45
20 87 1 50
20 87 2 8
20 87 3 35
20 88 0 22
20 88 1 39
20 88 2 35
20 88 3 63
20 89 0 59
20 89 1 41
20 89 2 43
20 89 3 57
20 90 0 11
20 90 1 46
20 90 2 49
20 90 3 8
20 91 0 56
20 91 1 44
20 91 2 22
20 91 3 30
20 92 0 31
20 92 1 58
20 92 2 62
20 92 3 51
20 93 0 41
20 93 1 6
20 93 2 58
20 93 3 8
20 94 0 10
20 94 1 4
20 94 2 60
20 94 3 31
20 95 0 15
20 95 1 5
20 95 2 26
20 95 3 46
20 96 0 63
20 96 1 35
20 96 2 38
20 96 3 53
20 97 0 57
20 97 1 17
20 97 2 63
20 97 3 33
20 98 0 59
20 98 1 7
20 98 2 6
20 98 3 56
20 99 0 43
20 99 1 11
20 99 2 57
20 99 3 6
21 0 0 43
21 0 1 13
21 0 2 4
21 0 3 51
21 1 0 54
21 1 1 6
21 1 2 5
21 1 3 39
21 2 0 1
21 2 1 47
21 2 2 58
21 2 3 48
21 3 0 14
21 3 1 12
21 3 2 43
21 3 3 3
21 4 0 34
21 4 1 28
21 4 2 47
21 4 3 12
21 5 0 48
21 5 1 44
21 5 2 15
21 5 3 22
21 6 0 4
21 6 1 28
21 6 2 16
21 6 3 7
21 7 0 35
21 7 1 36
21 7 2 5
21 7 3 11
21 8 0 5
21 8 1 43
21 8 2 21
21 8 3 4
21 9 0 12
21 9 1 62
21 9 2 16
21 9 3 43
21 10 0 29
21 10 1 11
21 10 2 19
21 10 3 0
21 11 0 47
21 11 1 21
21 11 2 31
21 11 3 9
21 12 0 52
21 12 1 13
21 12 2 36
21 12 3 55
21 13 0 45
21 13 1 38
21 13 2 56
21 13 3 11
21 14 0 61
21 14 1 35
21 14 2 26
21 14 3 16
21 15 0 47
21 15 1 62
21 15 2 44
21 15 3 2
21 16 0 30
21 16 1 46
21 16 2 25
21 16 3 49
21 17 0 45
21 17 1 4
21 17 2 35
21 17 3 10
21 18 0 31
21 18 1 24
21 18 2 51
21 18 3 55
21 19 0 29
21 19 1 34
21 19 2 40
21 19 3 41
21 20 0 40
21 20 1 50
21 20 2 62
21 20 3 52
21 21 0 8
21 21 1 30
21 21 2 29
21 21 3 32
21 22 0 33
21 22 1 45
21 22 2 26
21 22 3 16
21 23 0 29
21 23 1 54
21 23 2 19
21 23 3 1
21 24 0 62
21 24 1 12
21 24 2 38
21 24 3 51
21 25 0 17
21 25 1 21
21 25 2 17
21 25 3 9
21 26 0 9
21 26 1 11
21 26 2 29
21 26 3 33
21 27 0 1
21 27 1 54
21 27 2 43
21 27 3 4
21 28 0 53
21 28 1 1
21 28 2 35
21 28 3 29
21 29 0 32
21 29 1 61
21 29 2 59
21 29 3 17
21 30 0 37
21 30 1 61
21 30 2 46
21 30 3 56
21 31 0 27
21 31 1 18
21 31 2 32
21 31 3 52
21 32 0 59
21 32 1 43
21 32 2 45
21 32 3 32
21 33 0 20
21 33 1 27
21 33 2 31
21 33 3 52
21 34 0 35
21 34 1 50
21 34 2 1
21 34 3 48
21 35 0 32
21 35 1 63
21 35 2 30
21 35 3 30
21 36 0 8
21 36 1 51
21 36 2 44
21 36 3 55
21 37 0 5
21 37 1 13
21 37 2 56
21 37 3 2
21 38 0 32
21 38 1 25
21 38 2 60
21 38 3 54
21 39 0 57
21 39 1 18
21 39 2 37
21 39 3 44
21 40 0 61
21 40 1 0
21 40 2 62
21 40 3 22
21 41 0 8
21 41 1 39
21 41 2 50
21 41 3 8
21 42 0 2
21 42 1 57
21 42 2 59
21 42 3 10
21 43 0 57
21 43 1 58
21 43 2 63
21 43 3 13
21 44 0 37
21 44 1 63
21 44 2 57
21 44 3 38
21 45 0 12
21 45 1 5
21 45 2 16
21 45 3 4
21 46 0 12
21 46 1 4
21 46 2 48
21 46 3 37
21 47 0 33
21 47 1 51
21 47 2 26
21 47 3 25
21 48 0 13
21 48 1 28
21 48 2 11
21 48 3 37
21 49 0 63
21 49 1 34
21 49 2 19
21 49 3 44
21 50 0 52
21 50 1 30
21 50 2 16
21 50 3 45
21 51 0 11
21 51 1 63
21 51 2 20
21 51 3 22
21 52 0 46
21 52 1 0
21 52 2 12
21 52 3 8
21 53 0 25
21 53 1 35
21 53 2 11
21 53 3 22
21 54 0 49
21 54 1 60
21 54 2 0
21 54 3 40
21 55 0 1
21 55 1 33
21 55 2 56
21 55 3 51
21 56 0 14
21 56 1 16
21 56 2 50
21 56 3 52
21 57 0 17
21 57 1 0
21 57 2 28
21 57 3 39
21 58 0 28
21 58 1 59
21 58 2 52
21 58 3 50
21 59 0 1
21 59 1 54
21 59 2 48
21 59 3 25
21 60 0 37
21 60 1 52
21 60 2 57
21 60 3 35
21 61 0 2
21 61 1 39
21 61 2 43
21 61 3 3
21 62 0 52
21 62 1 12
21 62 2 56
21 62 3 35
21 63 0 20
21 63 1 3
21 63 2 1
21 63 3 47
21 64 0 24
21 64 1 53
21 64 2 14
21 64 3 58
21 65 0 60
21 65 1 6
21 65 2 41
21 65 3 60
21 66 0 20
21 66 1 4
21 66 2 56
21 66 3 30
21 67 0 1
21 67 1 53
21 67 2 43
21 67 3 4
21 68 0 16
21 68 1 1
21 68 2 61
21 68 3 1
21 69 0 50
21 69 1 32
21 69 2 37
21 69 3 51
21 70 0 57
21 70 1 8
21 70 2 1
21 70 3 7
21 71 0 43
21 71 1 36
21 71 2 5
21 71 3 14
21 72 0 34
21 72 1 46
21 72 2 21
21 72 3 60
21 73 0 63
21 73 1 49
21 73 2 29
21 73 3 56
21 74 0 46
21 74 1 33
21 74 2 28
21 74 3 53
21 75 0 35
21 75 1 11
21 75 2 63
21 75 3 4
21 76 0 44
21 76 1 41
21 76 2 37
21 76 3 3
21 77 0 31
21 77 1 57
21 77 2 15
21 77 3 44
21 78 0 54
21 78 1 60
21 78 2 33
21 78 3 20
21 79 0 44
21 79 1 31
21 79 2 40
21 79 3 47
21 80 0 45
21 80 1 15
21 80 2 48
21 80 3 34
21 81 0 59
21 81 1 42
21 81 2 57
21 81 3 62
21 82 0 63
21 82 1 47
21 82 2 38
21 82 3 7
21 83 0 24
21 83 1 30
21 83 2 49
21 83 3 37
21 84 0 28
21 84 1 9
21 84 2 45
21 84 3 27
21 85 0 2
21 85 1 18
21 85 2 56
21 85 3 7
21 86 0 25
21 86 1 32
21 86 2 5
21 86 3 10
21 87 0 60
21 87 1 37
21 87 2 13
21 87 3 10
21 88 0 27
21 88 1 46
21 88 2 46
21 88 3 12
21 89 0 46
21 89 1 57
21 89 2 14
21 89 3 1
21 90 0 61
21 90 1 33
21 90 2 49
21 90 3 20
21 91 0 19
21 91 1 14
21 91 2 13
21 91 3 30
21 92 0 6
21 92 1 53
21 92 2 32
21 92 3 58
21 93 0 32
21 93 1 19
21 93 2 32
21 93 3 9
21 94 0 52
21 94 1 46
21 94 2 9
21 94 3 37
21 95 0 34
21 95 1 12
21 95 2 7
21 95 3 48
21 96 0 16
21 96 1 33
21 96 2 15
21 96 3 41
21 97 0 3
21 97 1 22
21 97 2 35
21 97 3 28
21 98 0 39
21 98 1 11
21 98 2 28
21 98 3 48
21 99 0 21
21 99 1 10
21 99 2 54
21 99 3 49
22 0 0 43
22 0 1 51
22 0 2 49
22 0 3 47
22 1 0 32
22 1 1 1
22 1 2 38
22 1 3 17
22 2 0 49
22 2 1 29
22 2 2 57
22 2 3 38
22 3 0 35
22 3 1 58
22 3 2 30
22 3 3 24
22 4 0 23
22 4 1 56
22 4 2 48
22 4 3 10
22 5 0 31
22 5 1 23
22 5 2 41
22 5 3 3
22 6 0 45
22 6 1 47
22 6 2 14
22 6 3 9
22 7 0 40
22 7 1 16
22 7 2 60
22 7 3 49
22 8 0 61
22 8 1 34
22 8 2 60
22 8 3 0
22 9 0 18
22 9 1 0
22 9 2 43
22 9 3 32
22 10 0 18
22 10 1 19
22 10 2 41
22 10 3 11
22 11 0 32
22 11 1 39
22 11 2 15
22 11 3 14
22 12 0 22
22 12 1 37
22 12 2 16
22 12 3 24
22 13 0 34
22 13 1 11
22 13 2 36
22 13 3 8
22 14 0 9
22 14 1 15
22 14 2 18
22 14 3 1
22 15 0 61
22 15 1 19
22 15 2 51
22 15 3 57
22 16 0 51
22 16 1 53
22 16 2 6
22 16 3 23
22 17 0 47
22 17 1 36
22 17 2 0
22 17 3 36
22 18 0 51
22 18 1 53
22 18 2 24
22 18 3 15
22 19 0 19
22 19 1 18
22 19 2 22
22 19 3 19
22 20 0 29
22 20 1 2
22 20 2 17
22 20 3 20
22 21 0 9
22 21 1 56
22 21 2 43
22 21 3 58
22 22 0 35
22 22 1 7
22 22 2 57
22 22 3 29
22 23 0 43
22 23 1 24
22 23 2 31
22 23 3 31
22 24 0 18
22 24 1 35
22 24 2 46
22 24 3 1
22 25 0 8
22 25 1 53
22 25 2 36
22 25 3 62
22 26 0 38
22 26 1 41
22 26 2 57
22 26 3 42
22 27 0 21
22 27 1 33
22 27 2 15
22 27 3 21
22 28 0 43
22 28 1 9
22 28 2 43
22 28 3 37
22 29 0 19
22 29 1 2
22 29 2 45
22 29 3 52
22 30 0 46
22 30 1 26
22 30 2 41
22 30 3 26
22 31 0 22
22 31 1 20
22 31 2 13
22 31 3 62
22 32 0 42
22 32 1 11
22 32 2 55
22 32 3 9
22 33 0 37
22 33 1 10
22 33 2 23
22 33 3 42
22 34 0 63
22 34 1 63
22 34 2 57
22 34 3 15
22 35 0 5
22 35 1 57
22 35 2 59
22 35 3 17
22 36 0 1
22 36 1 41
22 36 2 4
22 36 3 2
22 37 0 59
22 37 1 31
22 37 2 7
22 37 3 41
22 38 0 23
22 38 1 34
22 38 2 57
22 38 3 15
22 39 0 41
22 39 1 53
22 39 2 27
22 39 3 62
22 40 0 28
22 40 1 29
22 40 2 56
22 40 3 40
22 41 0 55
22 41 1 50
22 41 2 45
22 41 3 15
22 42 0 25
22 42 1 55
22 42 2 39
22 42 3 17
22 43 0 20
22 43 1 49
22 43 2 11
22 43 3 7
22 44 0 48
22 44 1 18
22 44 2 48
22 44 3 34
22 45 0 63
22 45 1 33
22 45 2 55
22 45 3 54
22 46 0 13
22 46 1 63
22 46 2 47
22 46 3 6
22 47 0 0
22 47 1 17
22 47 2 1
22 47 3 22
22 48 0 63
22 48 1 30
22 48 2 1
22 48 3 31
22 49 0 14
22 49 1 54
22 49 2 5
22 49 3 49
22 50 0 28
22 50 1 1
22 50 2 43
22 50 3 29
22 51 0 49
22 51 1 39
22 51 2 50
22 51 3 29
22 52 0 0
22 52 1 8
22 52 2 29
22 52 3 25
22 53 0 50
22 53 1 26
22 53 2 55
22 53 3 12
22 54 0 24
22 54 1 48
22 54 2 7
22 54 3 20
22 55 0 48
22 55 1 37
22 55 2 49
22 55 3 33
22 56 0 54
22 56 1 56
22 56 2 62
22 56 3 7
22 57 0 37
22 57 1 7
22 57 2 14
22 57 3 19
22 58 0 41
22 58 1 27
22 58 2 55
22 58 3 19
22 59 0 39
22 59 1 48
22 59 2 62
22 59 3 15
22 60 0 46
22 60 1 5
22 60 2 34
22 60 3 26
22 61 0 61
22 61 1 49
22 61 2 59
22 61 3 54
22 62 0 26
22 62 1 46
22 62 2 1
22 62 3 35
22 63 0 3
22 63 1 46
22 63 2 61
22 63 3 43
22 64 0 53
22 64 1 14
22 64 2 63
22 64 3 35
22 65 0 43
22 65 1 49
22 65 2 40
22 65 3 20
22 66 0 39
22 66 1 41
22 66 2 54
22 66 3 30
22 67 0 32
22 67 1 32
22 67 2 7
22 67 3 5
22 68 0 1
22 68 1 42
22 68 2 26
22 68 3 55
22 69 0 44
22 69 1 9
22 69 2 6
22 69 3 23
22 70 0 58
22 70 1 3
22 70 2 11
22 70 3 1
22 71 0 26
22 71 1 63
22 71 2 43
22 71 3 31
22 72 0 9
22 72 1 22
22 72 2 33
22 72 3 17
22 73 0 45
22 73 1 62
22 73 2 13
22 73 3 16
22 74 0 8
22 74 1 46
22 74 2 29
22 74 3 18
22 75 0 14
22 75 1 4
22 75 2 30
22 75 3 43
22 76 0 15
22 76 1 0
22 76 2 30
22 76 3 43
22 77 0 22
22 77 1 16
22 77 2 9
22 77 3 47
22 78 0 55
22 78 1 49
22 78 2 33
22 78 3 46
22 79 0 25
22 79 1 1
22 79 2 23
22 79 3 45
22 80 0 41
22 80 1 63
22 80 2 63
22 80 3 15
22 81 0 0
22 81 1 17
22 81 2 56
22 81 3 52
22 82 0 6
22 82 1 10
22 82 2 36
22 82 3 42
22 83 0 62
22 83 1 48
22 83 2 13
22 83 3 2
22 84 0 40
22 84 1 35
22 84 2 58
22 84 3 36
22 85 0 32
22 85 1 19
22 85 2 5
22 85 3 56
22 86 0 52
22 86 1 10
22 86 2 45
22 86 3 23
22 87 0 27
22 87 1 54
22 87 2 53
22 87 3 12
22 88 0 19
22 88 1 52
22 88 2 58
22 88 3 5
22 89 0 53
22 89 1 31
22 89 2 37
22 89 3 4
22 90 0 43
22 90 1 43
22 90 2 42
22 90 3 50
22 91 0 60
22 91 1 54
22 91 2 47
22 91 3 62
22 92 0 43
22 92 1 43
22 92 2 34
22 92 3 49
22 93 0 4
22 93 1 32
22 93 2 27
22 93 3 58
22 94 0 4
22 94 1 41
22 94 2 11
22 94 3 56
22 95 0 54
22 95 1 15
22 95 2 55
22 95 3 31
22 96 0 62
22 96 1 46
22 96 2 2
22 96 3 12
22 97 0 25
22 97 1 13
22 97 2 8
22 97 3 62
22 98 0 55
22 98 1 27
22 98 2 13
22 98 3 11
22 99 0 58
22 99 1 21
22 99 2 0
22 99 3 25
23 0 0 29
23 0 1 39
23 0 2 21
23 0 3 59
23 1 0 41
23 1 1 63
23 1 2 23
23 1 3 41
23 2 0 23
23 2 1 44
23 2 2 47
23 2 3 20
23 3 0 60
23 3 1 54
23 3 2 57
23 3 3 13
23 4 0 45
23 4 1 6
23 4 2 6
23 4 3 62
23 5 0 9
23 5 1 55
23 5 2 27
23 5 3 19
23 6 0 4
23 6 1 43
23 6 2 46
23 6 3 29
23 7 0 51
23 7 1 20
23 7 2 35
23 7 3 18
23 8 0 37
23 8 1 8
23 8 2 30
23 8 3 35
23 9 0 35
23 9 1 28
23 9 2 41
23 9 3 32
23 10 0 18
23 10 1 13
23 10 2 41
23 10 3 60
23 11 0 48
23 11 1 40
23 11 2 58
23 11 3 57
23 12 0 32
23 12 1 6
23 12 2 40
23 12 3 39
23 13 0 17
23 13 1 54
23 13 2 55
23 13 3 21
23 14 0 30
23 14 1 12
23 14 2 11
23 14 3 16
23 15 0 23
23 15 1 17
23 15 2 9
23 15 3 28
23 16 0 39
23 16 1 20
23 16 2 34
23 16 3 17
23 17 0 45
23 17 1 41
23 17 2 61
23 17 3 3
23 18 0 54
23 18 1 21
23 18 2 4
23 18 3 44
23 19 0 10
23 19 1 11
23 19 2 62
23 19 3 14
23 20 0 35
23 20 1 12
23 20 2 7
23 20 3 0
23 21 0 1
23 21 1 30
23 21 2 27
23 21 3 2
23 22 0 22
23 22 1 17
23 22 2 36
23 22 3 63
23 23 0 44
23 23 1 58
23 23 2 12
23 23 3 13
23 24 0 48
23 24 1 19
23 24 2 54
23 24 3 29
23 25 0 12
23 25 1 54
23 25 2 35
23 25 3 51
23 26 0 28
23 26 1 8
23 26 2 43
23 26 3 7
23 27 0 42
23 27 1 26
23 27 2 50
23 27 3 55
23 28 0 26
23 28 1 56
23 28 2 7
23 28 3 6
23 29 0 63
23 29 1 36
23 29 2 28
23 29 3 9
23 30 0 18
23 30 1 43
23 30 2 52
23 30 3 58
23 31 0 26
23 31 1 29
23 31 2 10
23 31 3 5
23 32 0 28
23 32 1 37
23 32 2 6
23 32 3 26
23 33 0 41
23 33 1 51
23 33 2 60
23 33 3 21
23 34 0 25
23 34 1 55
23 34 2 44
23 34 3 17
23 35 0 43
23 35 1 10
23 35 2 28
23 35 3 19
23 36 0 63
23 36 1 2
23 36 2 54
23 36 3 17
23 37 0 2
23 37 1 42
23 37 2 43
23 37 3 9
23 38 0 2
23 38 1 7
23 38 2 26
23 38 3 8
23 39 0 44
23 39 1 4
23 39 2 50
23 39 3 55
23 40 0 45
23 40 1 60
23 40 2 60
23 40 3 2
23 41 0 21
23 41 1 48
23 41 2 21
23 41 3 47
23 42 0 49
23 42 1 63
23 42 2 21
23 42 3 22
23 43 0 1
23 43 1 18
23 43 2 17
23 43 3 28
23 44 0 26
23 44 1 54
23 44 2 49
23 44 3 46
23 45 0 0
23 45 1 30
23 45 2 46
23 45 3 15
23 46 0 27
23 46 1 46
23 46 2 50
23 46 3 54
23 47 0 27
23 47 1 25
23 47 2 24
23 47 3 42
23 48 0 26
23 48 1 25
23 48 2 10
23 48 3 30
23 49 0 15
23 49 1 33
23 49 2 56
23 49 3 49
23 50 0 30
23 50 1 62
23 50 2 62
23 50 3 28
23 51 0 48
23 51 1 21
23 51 2 56
23 51 3 23
23 52 0 16
23 52 1 8
23 52 2 53
23 52 3 19
23 53 0 52
23 53 1 5
23 53 2 32
23 53 3 27
23 54 0 28
23 54 1 10
23 54 2 4
23 54 3 22
23 55 0 30
23 55 1 50
23 55 2 29
23 55 3 15
23 56 0 16
23 56 1 39
23 56 2 27
23 56 3 57
23 57 0 28
23 57 1 36
23 57 2 4
23 57 3 12
23 58 0 54
23 58 1 22
23 58 2 26
23 58 3 37
23 59 0 3
23 59 1 32
23 59 2 22
23 59 3 9
23 60 0 26
23 60 1 28
23 60 2 11
23 60 3 34
23 61 0 47
23 61 1 17
23 61 2 61
23 61 3 39
23 62 0 49
23 62 1 4
23 62 2 49
23 62 3 21
23 63 0 45
23 63 1 51
23 63 2 16
23 63 3 16
23 64 0 3
23 64 1 38
23 64 2 49
23 64 3 26
23 65 0 10
23 65 1 20
23 65 2 25
23 65 3 58
23 66 0 7
23 66 1 21
23 66 2 40
23 66 3 15
23 67 0 56
23 67 1 58
23 67 2 24
23 67 3 47
23 68 0 48
23 68 1 43
23 68 2 11
23 68 3 3
23 69 0 22
23 69 1 8
23 69 2 18
23 69 3 40
23 70 0 37
23 70 1 13
23 70 2 1
23 70 3 14
23 71 0 29
23 71 1 49
23 71 2 23
23 71 3 18
23 72 0 35
23 72 1 4
23 72 2 14
23 72 3 2
23 73 0 33
23 73 1 28
23 73 2 37
23 73 3 39
23 74 0 25
23 74 1 55
23 74 2 58
23 74 3 7
23 75 0 58
23 75 1 12
23 75 2 15
23 75 3 33
23 76 0 1
23 76 1 23
23 76 2 12
23 76 3 30
23 77 0 52
23 77 1 59
23 77 2 13
23 77 3 34
23 78 0 30
23 78 1 26
23 78 2 40
23 78 3 63
23 79 0 25
23 79 1 4
23 79 2 58
23 79 3 59
23 80 0 20
23 80 1 32
23 80 2 55
23 80 3 32
23 81 0 30
23 81 1 59
23 81 2 53
23 81 3 32
23 82 0 10
23 82 1 28
23 82 2 43
23 82 3 17
23 83 0 34
23 83 1 42
23 83 2 5
23 83 3 36
23 84 0 47
23 84 1 13
23 84 2 35
23 84 3 45
23 85 0 2
23 85 1 41
23 85 2 16
23 85 3 25
23 86 0 41
23 86 1 0
23 86 2 1
23 86 3 28
23 87 0 60
23 87 1 0
23 87 2 50
23 87 3 4
23 88 0 31
23 88 1 27
23 88 2 29
23 88 3 5
23 89 0 48
23 89 1 17
23 89 2 49
23 89 3 41
23 90 0 35
23 90 1 19
23 90 2 41
23 90 3 63
23 91 0 59
23 91 1 58
23 91 2 14
23 91 3 37
23 92 0 25
23 92 1 61
23 92 2 60
23 92 3 55
23 93 0 10
23 93 1 20
23 93 2 45
23 93 3 47
23 94 0 22
23 94 1 8
23 94 2 8
23 94 3 43
23 95 0 29
23 95 1 31
23 95 2 52
23 95 3 1
23 96 0 48
23 96 1 17
23 96 2 59
23 96 3 61
23 97 0 32
23 97 1 20
23 97 2 14
23 97 3 11
23 98 0 63
23 98 1 12
23 98 2 28
23 98 3 30
23 99 0 43
23 99 1 53
23 99 2 35
23 99 3 48
24 0 0 36
24 0 1 27
24 0 2 10
24 0 3 13
24 1 0 27
24 1 1 2
24 1 2 20
24 1 3 29
24 2 0 30
24 2 1 52
24 2 2 61
24 2 3 46
24 3 0 5
24 3 1 26
24 3 2 46
24 3 3 38
24 4 0 29
24 4 1 27
24 4 2 25
24 4 3 37
24 5 0 11
24 5 1 33
24 5 2 13
24 5 3 43
24 6 0 55
24 6 1 32
24 6 2 24
24 6 3 60
24 7 0 42
24 7 1 27
24 7 2 1
24 7 3 1
24 8 0 14
24 8 1 15
24 8 2 46
24 8 3 32
24 9 0 63
24 9 1 34
24 9 2 57
24 9 3 35
24 10 0 22
24 10 1 45
24 10 2 28
24 10 3 17
24 11 0 30
24 11 1 42
24 11 2 24
24 11 3 45
24 12 0 62
24 12 1 26
24 12 2 18
24 12 3 25
24 13 0 53
24 13 1 11
24 13 2 62
24 13 3 26
24 14 0 53
24 14 1 50
24 14 2 50
24 14 3 58
24 15 0 11
24 15 1 37
24 15 2 6
24 15 3 19
24 16 0 2
24 16 1 43
24 16 2 38
24 16 3 47
24 17 0 11
24 17 1 21
24 17 2 43
24 17 3 52
24 18 0 56
24 18 1 4
24 18 2 25
24 18 3 0
24 19 0 52
24 19 1 7
24 19 2 52
24 19 3 9
24 20 0 0
24 20 1 56
24 20 2 28
24 20 3 27
24 21 0 41
24 21 1 17
24 21 2 44
24 21 3 27
24 22 0 17
24 22 1 25
24 22 2 0
24 22 3 19
24 23 0 37
24 23 1 8
24 23 2 7
24 23 3 41
24 24 0 27
24 24 1 8
24 24 2 47
24 24 3 49
24 25 0 2
24 25 1 12
24 25 2 23
24 25 3 46
24 26 0 4
24 26 1 51
24 26 2 20
24 26 3 8
24 27 0 55
24 27 1 5
24 27 2 8
24 27 3 60
24 28 0 33
24 28 1 29
24 28 2 43
24 28 3 40
24 29 0 39
24 29 1 1
24 29 2 35
24 29 3 17
24 30 0 51
24 30 1 32
24 30 2 7
24 30 3 56
24 31 0 18
24 31 1 17
24 31 2 59
24 31 3 49
24 32 0 55
24 32 1 42
24 32 2 58
24 32 3 7
24 33 0 38
24 33 1 18
24 33 2 25
24 33 3 15
24 34 0 13
24 34 1 28
24 34 2 58
24 34 3 40
24 35 0 22
24 35 1 27
24 35 2 33
24 35 3 15
24 36 0 33
24 36 1 44
24 36 2 15
24 36 3 37
24 37 0 45
24 37 1 33
24 37 2 18
24 37 3 35
24 38 0 50
24 38 1 14
24 38 2 36
24 38 3 43
24 39 0 20
24 39 1 24
24 39 2 56
24 39 3 23
24 40 0 38
24 40 1 9
24 40 2 59
24 40 3 38
24 41 0 48
24 41 1 38
24 41 2 22
24 41 3 21
24 42 0 44
24 42 1 55
24 42 2 8
24 42 3 54
24 43 0 53
24 43 1 6
24 43 2 6
24 43 3 44
24 44 0 53
24 44 1 25
24 44 2 41
24 44 3 63
24 45 0 20
24 45 1 14
24 45 2 63
24 45 3 17
24 46 0 30
24 46 1 28
24 46 2 33
24 46 3 17
24 47 0 43
24 47 1 44
24 47 2 12
24 47 3 30
24 48 0 3
24 48 1 14
24 48 2 63
24 48 3 32
24 49 0 39
24 49 1 56
24 49 2 45
24 49 3 50
24 50 0 45
24 50 1 31
24 50 2 40
24 50 3 18
24 51 0 56
24 51 1 11
24 51 2 56
24 51 3 56
24 52 0 9
24 52 1 45
24 52 2 63
24 52 3 36
24 53 0 21
24 53 1 56
24 53 2 32
24 53 3 7
24 54 0 15
24 54 1 43
24 54 2 29
24 54 3 13
24 55 0 51
24 55 1 7
24 55 2 14
24 55 3 29
24 56 0 2
24 56 1 24
24 56 2 58
24 56 3 60
24 57 0 55
24 57 1 20
24 57 2 4
24 57 3 52
24 58 0 23
24 58 1 47
24 58 2 7
24 58 3 42
24 59 0 37
24 59 1 58
24 59 2 6
24 59 3 26
24 60 0 63
24 60 1 24
24 60 2 42
24 60 3 10
24 61 0 46
24 61 1 17
24 61 2 36
24 61 3 56
24 62 0 42
24 62 1 30
24 62 2 12
24 62 3 21
24 63 0 54
24 63 1 13
24 63 2 42
24 63 3 31
24 64 0 20
24 64 1 45
24 64 2 23
24 64 3 18
24 65 0 33
24 65 1 48
24 65 2 55
24 65 3 40
24 66 0 42
24 66 1 50
24 66 2 17
24 66 3 16
24 67 0 30
24 67 1 40
24 67 2 41
24 67 3 9
24 68 0 49
24 68 1 23
24 68 2 56
24 68 3 46
24 69 0 62
24 69 1 40
24 69 2 33
24 69 3 12
24 70 0 25
24 70 1 54
24 70 2 24
24 70 3 3
24 71 0 15
24 71 1 38
24 71 2 40
24 71 3 62
24 72 0 59
24 72 1 34
24 72 2 35
24 72 3 51
24 73 0 3
24 73 1 38
24 73 2 30
24 73 3 50
24 74 0 51
24 74 1 41
24 74 2 42
24 74 3 44
24 75 0 37
24 75 1 14
24 75 2 18
24 75 3 47
24 76 0 39
24 76 1 15
24 76 2 56
24 76 3 62
24 77 0 40
24 77 1 14
24 77 2 60
24 77 3 15
24 78 0 27
24 78 1 54
24 78 2 33
24 78 3 15
24 79 0 5
24 79 1 23
24 79 2 43
24 79 3 45
24 80 0 14
24 80 1 10
24 80 2 44
24 80 3 10
24 81 0 4
24 81 1 31
24 81 2 36
24 81 3 15
24 82 0 13
24 82 1 15
24 82 2 21
24 82 3 0
24 83 0 0
24 83 1 23
24 83 2 1
24 83 3 20
24 84 0 37
24 84 1 1
24 84 2 39
24 84 3 39
24 85 0 36
24 85 1 40
24 85 2 51
24 85 3 4
24 86 0 10
24 86 1 20
24 86 2 44
24 86 3 55
24 87 0 58
24 87 1 37
24 87 2 26
24 87 3 26
24 88 0 3
24 88 1 29
24 88 2 32
24 88 3 13
24 89 0 49
24 89 1 51
24 89 2 19
24 89 3 58
24 90 0 6
24 90 1 58
24 90 2 49
24 90 3 14
24 91 0 41
24 91 1 19
24 91 2 51
24 91 3 10
24 92 0 15
24 92 1 19
24 92 2 12
24 92 3 21
24 93 0 38
24 93 1 40
24 93 2 35
24 93 3 12
24 94 0 12
24 94 1 58
24 94 2 16
24 94 3 6
24 95 0 29
24 95 1 0
24 95 2 21
24 95 3 54
24 96 0 17
24 96 1 45
24 96 2 31
24 96 3 22
24 97 0 42
24 97 1 38
24 97 2 20
24 97 3 14
24 98 0 58
24 98 1 10
24 98 2 61
24 98 3 30
24 99 0 63
24 99 1 22
24 99 2 36
24 99 3 39
25 0 0 21
25 0 1 13
25 0 2 33
25 0 3 42
25 1 0 16
25 1 1 49
25 1 2 40
25 1 3 10
25 2 0 60
25 2 1 2
25 2 2 41
25 2 3 28
25 3 0 41
25 3 1 49
25 3 2 43
25 3 3 41
25 4 0 53
25 4 1 44
25 4 2 52
25 4 3 25
25 5 0 12
25 5 1 15
25 5 2 39
25 5 3 34
25 6 0 4
25 6 1 13
25 6 2 61
25 6 3 46
25 7 0 48
25 7 1 12
25 7 2 4
25 7 3 18
25 8 0 54
25 8 1 32
25 8 2 50
25 8 3 31
25 9 0 31
25 9 1 38
25 9 2 61
25 9 3 27
25 10 0 38
25 10 1 58
25 10 2 23
25 10 3 53
25 11 0 34
25 11 1 56
25 11 2 29
25 11 3 40
25 12 0 20
25 12 1 40
25 12 2 20
25 12 3 38
25 13 0 50
25 13 1 27
25 13 2 27
25 13 3 20
25 14 0 46
25 14 1 37
25 14 2 33
25 14 3 1
25 15 0 7
25 15 1 0
25 15 2 54
25 15 3 54
25 16 0 4
25 16 1 2
25 16 2 50
25 16 3 33
25 17 0 19
25 17 1 39
25 17 2 15
25 17 3 12
25 18 0 23
25 18 1 57
25 18 2 49
25 18 3 12
25 19 0 35
25 19 1 56
25 19 2 60
25 19 3 48
25 20 0 8
25 20 1 15
25 20 2 13
25 20 3 9
25 21 0 11
25 21 1 20
25 21 2 35
25 21 3 25
25 22 0 26
25 22 1 15
25 22 2 9
25 22 3 63
25 23 0 38
25 23 1 14
25 23 2 51
25 23 3 53
25 24 0 61
25 24 1 10
25 24 2 40
25 24 3 62
25 25 0 51
25 25 1 14
25 25 2 57
25 25 3 26
25 26 0 31
25 26 1 35
25 26 2 49
25 26 3 7
25 27 0 34
25 27 1 52
25 27 2 35
25 27 3 17
25 28 0 3
25 28 1 35
25 28 2 45
25 28 3 35
25 29 0 62
25 29 1 38
25 29 2 32
25 29 3 3
25 30 0 35
25 30 1 10
25 30 2 46
25 30 3 10
25 31 0 58
25 31 1 19
25 31 2 27
25 31 3 9
25 32 0 13
25 32 1 59
25 32 2 18
25 32 3 32
25 33 0 62
25 33 1 39
25 33 2 2
25 33 3 22
25 34 0 24
25 34 1 17
25 34 2 15
25 34 3 32
25 35 0 24
25 35 1 18
25 35 2 26
25 35 3 21
25 36 0 14
25 36 1 28
25 36 2 60
25 36 3 32
25 37 0 38
25 37 1 62
25 37 2 39
25 37 3 14
25 38 0 25
25 38 1 31
25 38 2 30
25 38 3 9
25 39 0 6
25 39 1 22
25 39 2 58
25 39 3 45
25 40 0 53
25 40 1 11
25 40 2 26
25 40 3 37
25 41 0 27
25 41 1 26
25 41 2 23
25 41 3 3
25 42 0 54
25 42 1 59
25 42 2 5
25 42 3 26
25 43 0 33
25 43 1 50
25 43 2 63
25 43 3 26
25 44 0 47
25 44 1 59
25 44 2 53
25 44 3 18
25 45 0 52
25 45 1 26
25 45 2 1
25 45 3 48
25 46 0 53
25 46 1 21
25 46 2 28
25 46 3 23
25 47 0 7
25 47 1 63
25 47 2 1
25 47 3 35
25 48 0 0
25 48 1 44
25 48 2 57
25 48 3 41
25 49 0 38
25 49 1 52
25 49 2 62
25 49 3 55
25 50 0 14
25 50 1 36
25 50 2 52
25 50 3 18
25 51 0 43
25 51 1 1
25 51 2 56
25 51 3 39
25 52 0 47
25 52 1 52
25 52 2 14
25 52 3 28
25 53 0 54
25 53 1 10
25 53 2 52
25 53 3 18
25 54 0 36
25 54 1 32
25 54 2 43
25 54 3 53
25 55 0 22
25 55 1 10
25 55 2 27
25 55 3 39
25 56 0 48
25 56 1 48
25 56 2 21
25 56 3 59
25 57 0 5
25 57 1 7
25 57 2 1
25 57 3 59
25 58 0 11
25 58 1 38
25 58 2 52
25 58 3 49
25 59 0 60
25 59 1 3
25 59 2 26
25 59 3 32
25 60 0 44
25 60 1 39
25 60 2 35
25 60 3 19
25 61 0 6
25 61 1 27
25 61 2 16
25 61 3 35
25 62 0 51
25 62 1 35
25 62 2 37
25 62 3 2
25 63 0 41
25 63 1 28
25 63 2 7
25 63 3 13
25 64 0 49
25 64 1 58
25 64 2 32
25 64 3 62
25 65 0 11
25 65 1 19
25 65 2 59
25 65 3 11
25 66 0 42
25 66 1 14
25 66 2 21
25 66 3 30
25 67 0 23
25 67 1 55
25 67 2 62
25 67 3 32
25 68 0 33
25 68 1 3
25 68 2 14
25 68 3 2
25 69 0 54
25 69 1 14
25 69 2 21
25 69 3 53
25 70 0 45
25 70 1 39
25 70 2 2
25 70 3 36
25 71 0 35
25 71 1 20
25 71 2 47
25 71 3 59
25 72 0 16
25 72 1 21
25 72 2 20
25 72 3 53
25 73 0 4
25 73 1 57
25 73 2 49
25 73 3 30
25 74 0 37
25 74 1 57
25 74 2 49
25 74 3 17
25 75 0 3
25 75 1 42
25 75 2 9
25 75 3 5
25 76 0 62
25 76 1 30
25 76 2 41
25 76 3 13
25 77 0 6
25 77 1 4
25 77 2 22
25 77 3 0
25 78 0 26
25 78 1 20
25 78 2 33
25 78 3 37
25 79 0 19
25 79 1 29
25 79 2 4
25 79 3 19
25 80 0 62
25 80 1 63
25 80 2 31
25 80 3 60
25 81 0 32
25 81 1 8
25 81 2 55
25 81 3 26
25 82 0 39
25 82 1 41
25 82 2 19
25 82 3 46
25 83 0 32
25 83 1 23
25 83 2 19
25 83 3 47
25 84 0 15
25 84 1 7
25 84 2 56
25 84 3 21
25 85 0 41
25 85 1 45
25 85 2 53
25 85 3 40
25 86 0 45
25 86 1 53
25 86 2 60
25 86 3 2
25 87 0 47
25 87 1 11
25 87 2 57
25 87 3 3
25 88 0 15
25 88 1 12
25 88 2 38
25 88 3 0
25 89 0 1
25 89 1 32
25 89 2 62
25 89 3 33
25 90 0 28
25 90 1 42
25 90 2 35
25 90 3 24
25 91 0 37
25 91 1 0
25 91 2 15
25 91 3 43
25 92 0 21
25 92 1 3
25 92 2 7
25 92 3 55
25 93 0 21
25 93 1 1
25 93 2 46
25 93 3 33
25 94 0 28
25 94 1 57
25 94 2 20
25 94 3 36
25 95 0 47
25 95 1 38
25 95 2 13
25 95 3 43
25 96 0 47
25 96 1 7
25 96 2 10
25 96 3 43
25 97 0 7
25 97 1 56
25 97 2 7
25 97 3 62
25 98 0 42
25 98 1 28
25 98 2 17
25 98 3 22
25 99 0 47
25 99 1 48
25 99 2 13
25 99 3 34
26 0 0 63
26 0 1 16
26 0 2 44
26 0 3 11
26 1 0 53
26 1 1 10
26 1 2 19
26 1 3 29
26 2 0 23
26 2 1 10
26 2 2 41
26 2 3 1
26 3 0 62
26 3 1 3
26 3 2 21
26 3 3 59
26 4 0 9
26 4 1 4
26 4 2 47
26 4 3 4
26 5 0 57
26 5 1 28
26 5 2 55
26 5 3 15
26 6 0 9
26 6 1 61
26 6 2 48
26 6 3 58
26 7 0 20
26 7 1 25
26 7 2 36
26 7 3 28
26 8 0 15
26 8 1 24
26 8 2 38
26 8 3 2
26 9 0 21
26 9 1 18
26 9 2 4
26 9 3 7
26 10 0 31
26 10 1 6
26 10 2 22
26 10 3 35
26 11 0 55
26 11 1 6
26 11 2 27
26 11 3 6
26 12 0 27
26 12 1 30
26 12 2 51
26 12 3 28
26 13 0 59
26 13 1 8
26 13 2 3
26 13 3 0
26 14 0 22
26 14 1 12
26 14 2 5
26 14 3 15
26 15 0 62
26 15 1 51
26 15 2 1
26 15 3 58
26 16 0 13
26 16 1 25
26 16 2 20
26 16 3 25
26 17 0 48
26 17 1 45
26 17 2 38
26 17 3 40
26 18 0 46
26 18 1 11
26 18 2 25
26 18 3 6
26 19 0 45
26 19 1 28
26 19 2 40
26 19 3 36
26 20 0 17
26 20 1 8
26 20 2 62
26 20 3 18
26 21 0 7
26 21 1 19
26 21 2 57
26 21 3 16
26 22 0 63
26 22 1 29
26 22 2 55
26 22 3 41
26 23 0 2
26 23 1 32
26 23 2 26
26 23 3 12
26 24 0 35
26 24 1 6
26 24 2 44
26 24 3 52
26 25 0 5
26 25 1 30
26 25 2 41
26 25 3 3
26 26 0 24
26 26 1 16
26 26 2 2
26 26 3 51
26 27 0 28
26 27 1 48
26 27 2 37
26 27 3 56
26 28 0 63
26 28 1 38
26 28 2 22
26 28 3 27
26 29 0 52
26 29 1 27
26 29 2 33
26 29 3 12
26 30 0 63
26 30 1 41
26 30 2 21
26 30 3 37
26 31 0 25
26 31 1 9
26 31 2 55
26 31 3 56
26 32 0 53
26 32 1 23
26 32 2 16
26 32 3 3
26 33 0 46
26 33 1 20
26 33 2 57
26 33 3 55
26 34 0 8
26 34 1 58
26 34 2 8
26 34 3 31
26 35 0 30
26 35 1 61
26 35 2 42
26 35 3 56
26 36 0 38
26 36 1 52
26 36 2 54
26 36 3 55
26 37 0 26
26 37 1 24
26 37 2 63
26 37 3 48
26 38 0 58
26 38 1 36
26 38 2 59
26 38 3 46
26 39 0 47
26 39 1 11
26 39 2 36
26 39 3 46
26 40 0 48
26 40 1 61
26 40 2 20
26 40 3 19
26 41 0 62
26 41 1 63
26 41 2 11
26 41 3 24
26 42 0 60
26 42 1 12
26 42 2 50
26 42 3 7
26 43 0 11
26 43 1 50
26 43 2 38
26 43 3 35
26 44 0 54
26 44 1 19
26 44 2 32
26 44 3 38
26 45 0 47
26 45 1 21
26 45 2 40
26 45 3 28
26 46 0 34
26 46 1 55
26 46 2 25
26 46 3 42
26 47 0 60
26 47 1 48
26 47 2 63
26 47 3 37
26 48 0 18
26 48 1 63
26 48 2 41
26 48 3 15
26 49 0 20
26 49 1 16
26 49 2 53
26 49 3 5
26 50 0 47
26 50 1 35
26 50 2 4
26 50 3 39
26 51 0 48
26 51 1 46
26 51 2 33
26 51 3 21
26 52 0 10
26 52 1 0
26 52 2 23
26 52 3 40
26 53 0 2
26 53 1 63
26 53 2 37
26 53 3 18
26 54 0 61
26 54 1 11
26 54 2 61
26 54 3 18
26 55 0 24
26 55 1 27
26 55 2 63
26 55 3 16
26 56 0 62
26 56 1 22
26 56 2 18
26 56 3 40
26 57 0 44
26 57 1 22
26 57 2 8
26 57 3 25
26 58 0 34
26 58 1 2
26 58 2 5
26 58 3 58
26 59 0 2
26 59 1 26
26 59 2 48
26 59 3 21
26 60 0 31
26 60 1 5
26 60 2 50
26 60 3 40
26 61 0 54
26 61 1 55
26 61 2 22
26 61 3 2
26 62 0 22
26 62 1 9
26 62 2 34
26 62 3 9
26 63 0 59
26 63 1 38
26 63 2 16
26 63 3 58
26 64 0 49
26 64 1 28
26 64 2 9
26 64 3 22
26 65 0 37
26 65 1 49
26 65 2 16
26 65 3 47
26 66 0 18
26 66 1 15
26 66 2 28
26 66 3 10
26 67 0 25
26 67 1 22
26 67 2 17
26 67 3 49
26 68 0 21
26 68 1 44
26 68 2 46
26 68 3 42
26 69 0 17
26 69 1 53
26 69 2 15
26 69 3 17
26 70 0 55
26 70 1 21
26 70 2 44
26 70 3 2
26 71 0 39
26 71 1 55
26 71 2 45
26 71 3 37
26 72 0 54
26 72 1 19
26 72 2 24
26 72 3 4
26 73 0 44
26 73 1 46
26 73 2 48
26 73 3 47
26 74 0 8
26 74 1 42
26 74 2 48
26 74 3 13
26 75 0 30
26 75 1 58
26 75 2 26
26 75 3 48
26 76 0 33
26 76 1 42
26 76 2 40
26 76 3 41
26 77 0 49
26 77 1 57
26 77 2 18
26 77 3 59
26 78 0 40
26 78 1 38
26 78 2 20
26 78 3 26
26 79 0 41
26 79 1 23
26 79 2 18
26 79 3 52
26 80 0 26
26 80 1 41
26 80 2 1
26 80 3 4
26 81 0 54
26 81 1 9
26 81 2 50
26 81 3 57
26 82 0 30
26 82 1 56
26 82 2 27
26 82 3 60
26 83 0 15
26 83 1 27
26 83 2 24
26 83 3 50
26 84 0 2
26 84 1 53
26 84 2 1
26 84 3 20
26 85 0 38
26 85 1 9
26 85 2 31
26 85 3 63
26 86 0 52
26 86 1 1
26 86 2 37
26 86 3 38
26 87 0 4
26 87 1 41
26 87 2 33
26 87 3 43
26 88 0 19
26 88 1 16
26 88 2 47
26 88 3 46
26 89 0 10
26 89 1 13
26 89 2 37
26 89 3 53
26 90 0 12
26 90 1 14
26 90 2 51
26 90 3 44
26 91 0 57
26 91 1 50
26 91 2 61
26 91 3 12
26 92 0 17
26 92 1 15
26 92 2 3
26 92 3 49
26 93 0 42
26 93 1 5
26 93 2 12
26 93 3 12
26 94 0 25
26 94 1 29
26 94 2 18
26 94 3 59
26 95 0 13
26 95 1 35
26 95 2 28
26 95 3 24
26 96 0 52
26 96 1 62
26 96 2 0
26 96 3 29
26 97 0 7
26 97 1 27
26 97 2 39
26 97 3 26
26 98 0 19
26 98 1 19
26 98 2 19
26 98 3 20
26 99 0 23
26 99 1 44
26 99 2 6
26 99 3 2
27 0 0 33
27 0 1 43
27 0 2 16
27 0 3 12
27 1 0 39
27 1 1 24
27 1 2 47
27 1 3 9
27 2 0 7
27 2 1 35
27 2 2 25
27 2 3 46
27 3 0 32
27 3 1 22
27 3 2 10
27 3 3 10
27 4 0 48
27 4 1 14
27 4 2 32
27 4 3 52
27 5 0 57
27 5 1 17
27 5 2 7
27 5 3 49
27 6 0 43
27 6 1 21
27 6 2 37
27 6 3 12
27 7 0 44
27 7 1 46
27 7 2 19
27 7 3 29
27 8 0 21
27 8 1 2
27 8 2 8
27 8 3 61
27 9 0 29
27 9 1 9
27 9 2 2
27 9 3 22
27 10 0 62
27 10 1 24
27 10 2 63
27 10 3 31
27 11 0 48
27 11 1 50
27 11 2 1
27 11 3 0
27 12 0 59
27 12 1 59
27 12 2 8
27 12 3 41
27 13 0 59
27 13 1 60
27 13 2 18
27 13 3 52
27 14 0 41
27 14 1 59
27 14 2 9
27 14 3 38
27 15 0 1
27 15 1 22
27 15 2 0
27 15 3 28
27 16 0 51
27 16 1 42
27 16 2 20
27 16 3 27
27 17 0 23
27 17 1 46
27 17 2 17
27 17 3 5
27 18 0 32
27 18 1 53
27 18 2 30
27 18 3 13
27 19 0 2
27 19 1 60
27 19 2 48
27 19 3 9
27 20 0 4
27 20 1 8
27 20 2 24
27 20 3 51
27 21 0 10
27 21 1 52
27 21 2 0
27 21 3 47
27 22 0 18
27 22 1 61
27 22 2 30
27 22 3 17
27 23 0 15
27 23 1 52
27 23 2 25
27 23 3 22
27 24 0 47
27 24 1 34
27 24 2 42
27 24 3 28
27 25 0 4
27 25 1 0
27 25 2 2
27 25 3 36
27 26 0 32
27 26 1 47
27 26 2 57
27 26 3 11
27 27 0 61
27 27 1 59
27 27 2 39
27 27 3 33
27 28 0 11
27 28 1 11
27 28 2 1
27 28 3 41
27 29 0 27
27 29 1 12
27 29 2 8
27 29 3 4
27 30 0 41
27 30 1 43
27 30 2 40
27 30 3 7
27 31 0 2
27 31 1 6
27 31 2 48
27 31 3 47
27 32 0 18
27 32 1 3
27 32 2 20
27 32 3 51
27 33 0 9
27 33 1 50
27 33 2 29
27 33 3 9
27 34 0 59
27 34 1 33
27 34 2 42
27 34 3 6
27 35 0 23
27 35 1 40
27 35 2 41
27 35 3 4
27 36 0 38
27 36 1 60
27 36 2 50
27 36 3 13
27 37 0 58
27 37 1 43
27 37 2 3
27 37 3 8
27 38 0 58
27 38 1 13
27 38 2 6
27 38 3 28
27 39 0 33
27 39 1 36
27 39 2 42
27 39 3 63
27 40 0 48
27 40 1 1
27 40 2 5
27 40 3 0
27 41 0 25
27 41 1 22
27 41 2 59
27 41 3 23
27 42 0 1
27 42 1 56
27 42 2 16
27 42 3 58
27 43 0 49
27 43 1 56
27 43 2 52
27 43 3 9
27 44 0 40
27 44 1 26
27 44 2 40
27 44 3 47
27 45 0 32
27 45 1 20
27 45 2 58
27 45 3 42
27 46 0 56
27 46 1 15
27 46 2 53
27 46 3 20
27 47 0 29
27 47 1 55
27 47 2 22
27 47 3 16
27 48 0 58
27 48 1 61
27 48 2 19
27 48 3 19
27 49 0 14
27 49 1 1
27 49 2 35
27 49 3 16
27 50 0 54
27 50 1 10
27 50 2 40
27 50 3 32
27 51 0 39
27 51 1 7
27 51 2 29
27 51 3 40
27 52 0 21
27 52 1 55
27 52 2 33
27 52 3 23
27 53 0 1
27 53 1 10
27 53 2 30
27 53 3 25
27 54 0 55
27 54 1 50
27 54 2 10
27 54 3 37
27 55 0 29
27 55 1 6
27 55 2 42
27 55 3 34
27 56 0 5
27 56 1 29
27 56 2 46
27 56 3 20
27 57 0 22
27 57 1 7
27 57 2 13
27 57 3 62
27 58 0 39
27 58 1 11
27 58 2 30
27 58 3 12
27 59 0 28
27 59 1 9
27 59 2 39
27 59 3 36
27 60 0 40
27 60 1 28
27 60 2 18
27 60 3 15
27 61 0 13
27 61 1 27
27 61 2 28
27 61 3 43
27 62 0 3
27 62 1 18
27 62 2 54
27 62 3 58
27 63 0 59
27 63 1 19
27 63 2 8
27 63 3 12
27 64 0 8
27 64 1 61
27 64 2 56
27 64 3 51
27 65 0 46
27 65 1 21
27 65 2 30
27 65 3 53
27 66 0 52
27 66 1 33
27 66 2 53
27 66 3 22
27 67 0 26
27 67 1 53
27 67 2 24
27 67 3 48
27 68 0 29
27 68 1 19
27 68 2 14
27 68 3 38
27 69 0 30
27 69 1 23
27 69 2 47
27 69 3 0
27 70 0 5
27 70 1 61
27 70 2 42
27 70 3 35
27 71 0 0
27 71 1 38
27 71 2 27
27 71 3 38
27 72 0 2
27 72 1 35
27 72 2 36
27 72 3 18
27 73 0 3
27 73 1 62
27 73 2 45
27 73 3 39
27 74 0 49
27 74 1 42
27 74 2 8
27 74 3 29
27 75 0 56
27 75 1 18
27 75 2 62
27 75 3 4
27 76 0 21
27 76 1 22
27 76 2 39
27 76 3 11
27 77 0 14
27 77 1 42
27 77 2 18
27 77 3 56
27 78 0 55
27 78 1 19
27 78 2 35
27 78 3 21
27 79 0 22
27 79 1 42
27 79 2 18
27 79 3 9
27 80 0 16
27 80 1 59
27 80 2 16
27 80 3 23
27 81 0 40
27 81 1 6
27 81 2 17
27 81 3 11
27 82 0 59
27 82 1 59
27 82 2 48
27 82 3 15
27 83 0 39
27 83 1 42
27 83 2 55
27 83 3 9
27 84 0 47
27 84 1 12
27 84 2 36
27 84 3 56
27 85 0 3
27 85 1 9
27 85 2 52
27 85 3 1
27 86 0 43
27 86 1 32
27 86 2 22
27 86 3 55
27 87 0 54
27 87 1 20
27 87 2 0
27 87 3 8
27 88 0 6
27 88 1 62
27 88 2 38
27 88 3 43
27 89 0 14
27 89 1 54
27 89 2 46
27 89 3 48
27 90 0 29
27 90 1 44
27 90 2 34
27 90 3 24
27 91 0 38
27 91 1 20
27 91 2 60
27 91 3 45
27 92 0 47
27 92 1 45
27 92 2 28
27 92 3 60
27 93 0 13
27 93 1 36
27 93 2 4
27 93 3 18
27 94 0 36
27 94 1 31
27 94 2 60
27 94 3 39
27 95 0 26
27 95 1 27
27 95 2 39
27 95 3 50
27 96 0 17
27 96 1 37
27 96 2 36
27 96 3 0
27 97 0 58
27 97 1 36
27 97 2 15
27 97 3 40
27 98 0 43
27 98 1 58
27 98 2 2
27 98 3 26
27 99 0 11
27 99 1 36
27 99 2 32
27 99 3 30
28 0 0 62
28 0 1 34
28 0 2 26
28 0 3 4
28 1 0 18
28 1 1 57
28 1 2 28
28 1 3 58
28 2 0 34
28 2 1 35
28 2 2 27
28 2 3 35
28 3 0 4
28 3 1 3
28 3 2 30
28 3 3 38
28 4 0 35
28 4 1 27
28 4 2 18
28 4 3 45
28 5 0 38
28 5 1 3
28 5 2 28
28 5 3 45
28 6 0 50
28 6 1 18
28 6 2 59
28 6 3 41
28 7 0 28
28 7 1 40
28 7 2 55
28 7 3 14
28 8 0 9
28 8 1 28
28 8 2 5
28 8 3 53
28 9 0 62
28 9 1 38
28 9 2 62
28 9 3 4
28 10 0 40
28 10 1 28
28 10 2 17
28 10 3 19
28 11 0 34
28 11 1 41
28 11 2 10
28 11 3 39
28 12 0 59
28 12 1 0
28 12 2 56
28 12 3 38
28 13 0 21
28 13 1 47
28 13 2 39
28 13 3 49
28 14 0 5
28 14 1 3
28 14 2 41
28 14 3 19
28 15 0 15
28 15 1 26
28 15 2 46
28 15 3 11
28 16 0 62
28 16 1 26
28 16 2 9
28 16 3 4
28 17 0 54
28 17 1 7
28 17 2 26
28 17 3 42
28 18 0 32
28 18 1 16
28 18 2 6
28 18 3 45
28 19 0 31
28 19 1 3
28 19 2 11
28 19 3 36
28 20 0 10
28 20 1 25
28 20 2 7
28 20 3 51
28 21 0 40
28 21 1 50
28 21 2 3
28 21 3 24
28 22 0 17
28 22 1 39
28 22 2 52
28 22 3 14
28 23 0 49
28 23 1 37
28 23 2 52
28 23 3 5
28 24 0 63
28 24 1 27
28 24 2 17
28 24 3 11
28 25 0 63
28 25 1 56
28 25 2 8
28 25 3 28
28 26 0 46
28 26 1 37
28 26 2 12
28 26 3 23
28 27 0 23
28 27 1 18
28 27 2 61
28 27 3 12
28 28 0 45
28 28 1 58
28 28 2 50
28 28 3 51
28 29 0 10
28 29 1 8
28 29 2 50
28 29 3 47
28 30 0 47
28 30 1 26
28 30 2 33
28 30 3 0
28 31 0 18
28 31 1 33
28 31 2 8
28 31 3 8
28 32 0 2
28 32 1 13
28 32 2 63
28 32 3 44
28 33 0 60
28 33 1 16
28 33 2 38
28 33 3 57
28 34 0 22
28 34 1 42
28 34 2 44
28 34 3 53
28 35 0 62
28 35 1 39
28 35 2 37
28 35 3 55
28 36 0 43
28 36 1 23
28 36 2 40
28 36 3 35
28 37 0 14
28 37 1 33
28 37 2 39
28 37 3 57
28 38 0 37
28 38 1 10
28 38 2 63
28 38 3 36
28 39 0 18
28 39 1 48
28 39 2 24
28 39 3 23
28 40 0 53
28 40 1 55
28 40 2 33
28 40 3 23
28 41 0 55
28 41 1 11
28 41 2 47
28 41 3 37
28 42 0 54
28 42 1 26
28 42 2 53
28 42 3 0
28 43 0 48
28 43 1 4
28 43 2 41
28 43 3 12
28 44 0 61
28 44 1 49
28 44 2 6
28 44 3 57
28 45 0 16
28 45 1 34
28 45 2 5
28 45 3 6
28 46 0 15
28 46 1 34
28 46 2 34
28 46 3 54
28 47 0 10
28 47 1 47
28 47 2 0
28 47 3 18
28 48 0 11
28 48 1 7
28 48 2 37
28 48 3 57
28 49 0 42
28 49 1 54
28 49 2 37
28 49 3 3
28 50 0 22
28 50 1 52
28 50 2 2
28 50 3 6
28 51 0 53
28 51 1 4
28 51 2 61
28 51 3 48
28 52 0 42
28 52 1 34
28 52 2 5
28 52 3 26
28 53 0 51
28 53 1 57
28 53 2 28
28 53 3 53
28 54 0 49
28 54 1 3
28 54 2 39
28 54 3 39
28 55 0 34
28 55 1 49
28 55 2 56
28 55 3 35
28 56 0 20
28 56 1 62
28 56 2 61
28 56 3 43
28 57 0 41
28 57 1 6
28 57 2 25
28 57 3 12
28 58 0 32
28 58 1 52
28 58 2 14
28 58 3 63
28 59 0 8
28 59 1 6
28 59 2 62
28 59 3 6
28 60 0 47
28 60 1 48
28 60 2 21
28 60 3 4
28 61 0 19
28 61 1 4
28 61 2 43
28 61 3 56
28 62 0 63
28 62 1 51
28 62 2 49
28 62 3 56
28 63 0 49
28 63 1 41
28 63 2 63
28 63 3 20
28 64 0 26
28 64 1 58
28 64 2 19
28 64 3 19
28 65 0 9
28 65 1 17
28 65 2 37
28 65 3 56
28 66 0 8
28 66 1 43
28 66 2 49
28 66 3 57
28 67 0 48
28 67 1 9
28 67 2 31
28 67 3 60
28 68 0 58
28 68 1 39
28 68 2 61
28 68 3 42
28 69 0 4
28 69 1 58
28 69 2 10
28 69 3 24
28 70 0 15
28 70 1 46
28 70 2 1
28 70 3 40
28 71 0 55
28 71 1 50
28 71 2 19
28 71 3 57
28 72 0 23
28 72 1 43
28 72 2 32
28 72 3 4
28 73 0 0
28 73 1 11
28 73 2 59
28 73 3 61
28 74 0 26
28 74 1 61
28 74 2 3
28 74 3 61
28 75 0 14
28 75 1 2
28 75 2 48
28 75 3 24
28 76 0 18
28 76 1 48
28 76 2 21
28 76 3 48
28 77 0 12
28 77 1 5
28 77 2 20
28 77 3 39
28 78 0 14
28 78 1 9
28 78 2 47
28 78 3 31
28 79 0 27
28 79 1 15
28 79 2 1
28 79 3 3
28 80 0 43
28 80 1 5
28 80 2 15
28 80 3 58
28 81 0 22
28 81 1 47
28 81 2 21
28 81 3 59
28 82 0 52
28 82 1 30
28 82 2 43
28 82 3 26
28 83 0 60
28 83 1 22
28 83 2 53
28 83 3 39
28 84 0 41
28 84 1 22
28 84 2 53
28 84 3 47
28 85 0 52
28 85 1 51
28 85 2 10
28 85 3 56
28 86 0 53
28 86 1 15
28 86 2 62
28 86 3 33
28 87 0 20
28 87 1 14
28 87 2 23
28 87 3 2
28 88 0 44
28 88 1 45
28 88 2 42
28 88 3 35
28 89 0 23
28 89 1 46
28 89 2 55
28 89 3 5
28 90 0 24
28 90 1 63
28 90 2 55
28 90 3 63
28 91 0 11
28 91 1 29
28 91 2 8
28 91 3 55
28 92 0 33
28 92 1 15
28 92 2 5
28 92 3 47
28 93 0 51
28 93 1 56
28 93 2 62
28 93 3 52
28 94 0 50
28 94 1 51
28 94 2 63
28 94 3 29
28 95 0 48
28 95 1 52
28 95 2 7
28 95 3 44
28 96 0 21
28 96 1 8
28 96 2 10
28 96 3 7
28 97 0 57
28 97 1 49
28 97 2 6
28 97 3 40
28 98 0 42
28 98 1 33
28 98 2 38
28 98 3 58
28 99 0 33
28 99 1 42
28 99 2 36
28 99 3 25
29 0 0 57
29 0 1 26
29 0 2 51
29 0 3 38
29 1 0 43
29 1 1 48
29 1 2 47
29 1 3 36
29 2 0 39
29 2 1 32
29 2 2 21
29 2 3 46
29 3 0 56
29 3 1 45
29 3 2 49
29 3 3 53
29 4 0 23
29 4 1 4
29 4 2 21
29 4 3 48
29 5 0 52
29 5 1 32
29 5 2 49
29 5 3 4
29 6 0 41
29 6 1 43
29 6 2 32
29 6 3 45
29 7 0 31
29 7 1 33
29 7 2 38
29 7 3 50
29 8 0 15
29 8 1 19
29 8 2 26
29 8 3 12
29 9 0 21
29 9 1 22
29 9 2 20
29 9 3 26
29 10 0 32
29 10 1 44
29 10 2 19
29 10 3 54
29 11 0 30
29 11 1 46
29 11 2 7
29 11 3 11
29 12 0 29
29 12 1 23
29 12 2 31
29 12 3 10
29 13 0 30
29 13 1 43
29 13 2 46
29 13 3 15
29 14 0 22
29 14 1 33
29 14 2 33
29 14 3 50
29 15 0 24
29 15 1 42
29 15 2 56
29 15 3 19
29 16 0 52
29 16 1 21
29 16 2 21
29 16 3 41
29 17 0 39
29 17 1 35
29 17 2 14
29 17 3 6
29 18 0 58
29 18 1 55
29 18 2 56
29 18 3 32
29 19 0 56
29 19 1 30
29 19 2 4
29 19 3 12
29 20 0 17
29 20 1 24
29 20 2 60
29 20 3 21
29 21 0 39
29 21 1 17
29 21 2 41
29 21 3 36
29 22 0 9
29 22 1 29
29 22 2 6
29 22 3 56
29 23 0 45
29 23 1 60
29 23 2 56
29 23 3 14
29 24 0 45
29 24 1 6
29 24 2 61
29 24 3 50
29 25 0 43
29 25 1 63
29 25 2 54
29 25 3 55
29 26 0 6
29 26 1 1
29 26 2 61
29 26 3 16
29 27 0 27
29 27 1 2
29 27 2 39
29 27 3 52
29 28 0 53
29 28 1 37
29 28 2 42
29 28 3 32
29 29 0 28
29 29 1 35
29 29 2 59
29 29 3 16
29 30 0 30
29 30 1 38
29 30 2 36
29 30 3 1
29 31 0 18
29 31 1 41
29 31 2 44
29 31 3 47
29 32 0 63
29 32 1 43
29 32 2 37
29 32 3 21
29 33 0 23
29 33 1 52
29 33 2 29
29 33 3 45
29 34 0 7
29 34 1 8
29 34 2 13
29 34 3 12
29 35 0 38
29 35 1 40
29 35 2 35
29 35 3 18
29 36 0 36
29 36 1 7
29 36 2 30
29 36 3 9
29 37 0 4
29 37 1 10
29 37 2 7
29 37 3 30
29 38 0 34
29 38 1 38
29 38 2 28
29 38 3 11
29 39 0 1
29 39 1 45
29 39 2 62
29 39 3 17
29 40 0 13
29 40 1 19
29 40 2 13
29 40 3 14
29 41 0 31
29 41 1 50
29 41 2 45
29 41 3 61
29 42 0 22
29 42 1 31
29 42 2 24
29 42 3 2
29 43 0 24
29 43 1 16
29 43 2 30
29 43 3 10
29 44 0 47
29 44 1 53
29 44 2 61
29 44 3 5
29 45 0 7
29 45 1 61
29 45 2 54
29 45 3 37
29 46 0 20
29 46 1 33
29 46 2 34
29 46 3 54
29 47 0 33
29 47 1 1
29 47 2 44
29 47 3 49
29 48 0 19
29 48 1 7
29 48 2 9
29 48 3 53
29 49 0 28
29 49 1 33
29 49 2 61
29 49 3 3
29 50 0 13
29 50 1 53
29 50 2 34
29 50 3 1
29 51 0 44
29 51 1 8
29 51 2 50
29 51 3 51
29 52 0 52
29 52 1 29
29 52 2 17
29 52 3 56
29 53 0 35
29 53 1 40
29 53 2 8
29 53 3 39
29 54 0 37
29 54 1 18
29 54 2 49
29 54 3 8
29 55 0 46
29 55 1 61
29 55 2 36
29 55 3 6
29 56 0 35
29 56 1 33
29 56 2 35
29 56 3 17
29 57 0 40
29 57 1 16
29 57 2 35
29 57 3 38
29 58 0 41
29 58 1 51
29 58 2 56
29 58 3 49
29 59 0 50
29 59 1 55
29 59 2 15
29 59 3 18
29 60 0 34
29 60 1 29
29 60 2 44
29 60 3 0
29 61 0 8
29 61 1 47
29 61 2 52
29 61 3 19
29 62 0 19
29 62 1 35
29 62 2 30
29 62 3 10
29 63 0 32
29 63 1 52
29 63 2 46
29 63 3 52
29 64 0 41
29 64 1 56
29 64 2 15
29 64 3 2
29 65 0 7
29 65 1 63
29 65 2 40
29 65 3 15
29 66 0 54
29 66 1 19
29 66 2 38
29 66 3 15
29 67 0 6
29 67 1 17
29 67 2 14
29 67 3 35
29 68 0 1
29 68 1 15
29 68 2 36
29 68 3 25
29 69 0 40
29 69 1 41
29 69 2 61
29 69 3 53
29 70 0 14
29 70 1 44
29 70 2 40
29 70 3 38
29 71 0 51
29 71 1 9
29 71 2 24
29 71 3 52
29 72 0 57
29 72 1 2
29 72 2 30
29 72 3 16
29 73 0 10
29 73 1 3
29 73 2 34
29 73 3 42
29 74 0 34
29 74 1 23
29 74 2 49
29 74 3 41
29 75 0 58
29 75 1 22
29 75 2 15
29 75 3 29
29 76 0 32
29 76 1 29
29 76 2 53
29 76 3 2
29 77 0 33
29 77 1 27
29 77 2 13
29 77 3 41
29 78 0 51
29 78 1 34
29 78 2 5
29 78 3 4
29 79 0 26
29 79 1 42
29 79 2 20
29 79 3 19
29 80 0 55
29 80 1 0
29 80 2 5
29 80 3 9
29 81 0 62
29 81 1 31
29 81 2 10
29 81 3 19
29 82 0 62
29 82 1 44
29 82 2 14
29 82 3 15
29 83 0 4
29 83 1 49
29 83 2 8
29 83 3 18
29 84 0 22
29 84 1 39
29 84 2 38
29 84 3 51
29 85 0 19
29 85 1 24
29 85 2 24
29 85 3 2
29 86 0 47
29 86 1 34
29 86 2 30
29 86 3 63
29 87 0 11
29 87 1 62
29 87 2 43
29 87 3 14
29 88 0 43
29 88 1 48
29 88 2 23
29 88 3 22
29 89 0 53
29 89 1 10
29 89 2 0
29 89 3 42
29 90 0 58
29 90 1 32
29 90 2 8
29 90 3 34
29 91 0 16
29 91 1 52
29 91 2 39
29 91 3 21
29 92 0 39
29 92 1 42
29 92 2 43
29 92 3 23
29 93 0 36
29 93 1 2
29 93 2 25
29 93 3 24
29 94 0 34
29 94 1 60
29 94 2 61
29 94 3 30
29 95 0 41
29 95 1 6
29 95 2 30
29 95 3 44
29 96 0 43
29 96 1 61
29 96 2 29
29 96 3 58
29 97 0 62
29 97 1 36
29 97 2 5
29 97 3 24
29 98 0 48
29 98 1 37
29 98 2 59
29 98 3 52
29 99 0 4
29 99 1 55
29 99 2 22
29 99 3 52
30 0 0 32
30 0 1 29
30 0 2 4
30 0 3 7
30 1 0 38
30 1 1 36
30 1 2 35
30 1 3 10
30 2 0 32
30 2 1 3
30 2 2 9
30 2 3 31
30 3 0 39
30 3 1 41
30 3 2 62
30 3 3 54
30 4 0 24
30 4 1 50
30 4 2 6
30 4 3 54
30 5 0 24
30 5 1 48
30 5 2 62
30 5 3 45
30 6 0 58
30 6 1 0
30 6 2 10
30 6 3 40
30 7 0 34
30 7 1 7
30 7 2 45
30 7 3 3
30 8 0 63
30 8 1 10
30 8 2 28
30 8 3 52
30 9 0 32
30 9 1 47
30 9 2 45
30 9 3 60
30 10 0 29
30 10 1 62
30 10 2 33
30 10 3 57
30 11 0 46
30 11 1 8
30 11 2 41
30 11 3 56
30 12 0 8
30 12 1 53
30 12 2 6
30 12 3 55
30 13 0 50
30 13 1 9
30 13 2 46
30 13 3 7
30 14 0 36
30 14 1 59
30 14 2 13
30 14 3 11
30 15 0 27
30 15 1 23
30 15 2 3
30 15 3 29
30 16 0 16
30 16 1 7
30 16 2 17
30 16 3 1
30 17 0 58
30 17 1 63
30 17 2 23
30 17 3 56
30 18 0 29
30 18 1 58
30 18 2 11
30 18 3 18
30 19 0 47
30 19 1 14
30 19 2 52
30 19 3 27
30 20 0 25
30 20 1 29
30 20 2 51
30 20 3 0
30 21 0 48
30 21 1 49
30 21 2 52
30 21 3 63
30 22 0 50
30 22 1 33
30 22 2 29
30 22 3 24
30 23 0 52
30 23 1 25
30 23 2 36
30 23 3 6
30 24 0 20
30 24 1 17
30 24 2 27
30 24 3 32
30 25 0 45
30 25 1 27
30 25 2 9
30 25 3 34
30 26 0 3
30 26 1 54
30 26 2 49
30 26 3 14
30 27 0 16
30 27 1 1
30 27 2 23
30 27 3 2
30 28 0 59
30 28 1 8
30 28 2 42
30 28 3 36
30 29 0 15
30 29 1 51
30 29 2 6
30 29 3 56
30 30 0 47
30 30 1 40
30 30 2 56
30 30 3 25
30 31 0 18
30 31 1 9
30 31 2 59
30 31 3 25
30 32 0 53
30 32 1 21
30 32 2 61
30 32 3 55
30 33 0 19
30 33 1 31
30 33 2 50
30 33 3 14
30 34 0 1
30 34 1 18
30 34 2 37
30 34 3 8
30 35 0 21
30 35 1 58
30 35 2 4
30 35 3 3
30 36 0 27
30 36 1 0
30 36 2 1
30 36 3 11
30 37 0 6
30 37 1 51
30 37 2 7
30 37 3 33
30 38 0 45
30 38 1 40
30 38 2 41
30 38 3 22
30 39 0 56
30 39 1 4
30 39 2 6
30 39 3 54
30 40 0 4
30 40 1 12
30 40 2 11
30 40 3 2
30 41 0 7
30 41 1 36
30 41 2 42
30 41 3 5
30 42 0 60
30 42 1 6
30 42 2 43
30 42 3 51
30 43 0 33
30 43 1 31
30 43 2 6
30 43 3 15
30 44 0 54
30 44 1 22
30 44 2 2
30 44 3 46
30 45 0 43
30 45 1 4
30 45 2 3
30 45 3 7
30 46 0 3
30 46 1 39
30 46 2 8
30 46 3 38
30 47 0 11
30 47 1 62
30 47 2 46
30 47 3 23
30 48 0 27
30 48 1 4
30 48 2 3
30 48 3 34
30 49 0 1
30 49 1 40
30 49 2 24
30 49 3 8
30 50 0 34
30 50 1 35
30 50 2 47
30 50 3 12
30 51 0 35
30 51 1 54
30 51 2 17
30 51 3 53
30 52 0 46
30 52 1 27
30 52 2 56
30 52 3 61
30 53 0 15
30 53 1 62
30 53 2 0
30 53 3 8
30 54 0 2
30 54 1 23
30 54 2 59
30 54 3 38
30 55 0 39
30 55 1 5
30 55 2 33
30 55 3 24
30 56 0 30
30 56 1 16
30 56 2 12
30 56 3 60
30 57 0 35
30 57 1 26
30 57 2 4
30 57 3 48
30 58 0 30
30 58 1 24
30 58 2 42
30 58 3 8
30 59 0 34
30 59 1 55
30 59 2 29
30 59 3 0
30 60 0 14
30 60 1 3
30 60 2 32
30 60 3 23
30 61 0 8
30 61 1 43
30 61 2 11
30 61 3 21
30 62 0 63
30 62 1 4
30 62 2 15
30 62 3 20
30 63 0 32
30 63 1 15
30 63 2 62
30 63 3 0
30 64 0 60
30 64 1 34
30 64 2 2
30 64 3 7
30 65 0 6
30 65 1 18
30 65 2 21
30 65 3 41
30 66 0 19
30 66 1 46
30 66 2 18
30 66 3 16
30 67 0 17
30 67 1 21
30 67 2 53
30 67 3 15
30 68 0 17
30 68 1 61
30 68 2 41
30 68 3 12
30 69 0 55
30 69 1 11
30 69 2 10
30 69 3 28
30 70 0 44
30 70 1 12
30 70 2 48
30 70 3 10
30 71 0 50
30 71 1 6
30 71 2 29
30 71 3 40
30 72 0 16
30 72 1 39
30 72 2 44
30 72 3 41
30 73 0 25
30 73 1 49
30 73 2 46
30 73 3 20
30 74 0 46
30 74 1 58
30 74 2 52
30 74 3 46
30 75 0 49
30 75 1 51
30 75 2 18
30 75 3 46
30 76 0 12
30 76 1 22
30 76 2 59
30 76 3 18
30 77 0 53
30 77 1 27
30 77 2 13
30 77 3 6
30 78 0 35
30 78 1 28
30 78 2 32
30 78 3 2
30 79 0 17
30 79 1 0
30 79 2 19
30 79 3 59
30 80 0 9
30 80 1 44
30 80 2 0
30 80 3 35
30 81 0 58
30 81 1 21
30 81 2 12
30 81 3 36
30 82 0 17
30 82 1 57
30 82 2 54
30 82 3 41
30 83 0 40
30 83 1 38
30 83 2 47
30 83 3 29
30 84 0 62
30 84 1 22
30 84 2 0
30 84 3 44
30 85 0 42
30 85 1 62
30 85 2 25
30 85 3 27
30 86 0 35
30 86 1 25
30 86 2 50
30 86 3 27
30 87 0 50
30 87 1 27
30 87 2 14
30 87 3 63
30 88 0 33
30 88 1 45
30 88 2 37
30 88 3 22
30 89 0 62
30 89 1 23
30 89 2 63
30 89 3 27
30 90 0 1
30 90 1 2
30 90 2 62
30 90 3 33
30 91 0 24
30 91 1 51
30 91 2 39
30 91 3 42
30 92 0 43
30 92 1 12
30 92 2 5
30 92 3 46
30 93 0 1
30 93 1 46
30 93 2 8
30 93 3 16
30 94 0 45
30 94 1 39
30 94 2 50
30 94 3 39
30 95 0 3
30 95 1 53
30 95 2 13
30 95 3 8
30 96 0 56
30 96 1 12
30 96 2 34
30 96 3 31
30 97 0 49
30 97 1 2
30 97 2 6
30 97 3 26
30 98 0 30
30 98 1 50
30 98 2 38
30 98 3 9
30 99 0 62
30 99 1 29
30 99 2 61
30 99 3 63
31 0 0 3
31 0 1 32
31 0 2 27
31 0 3 31
31 1 0 19
31 1 1 35
31 1 2 31
31 1 3 11
31 2 0 18
31 2 1 9
31 2 2 53
31 2 3 43
31 3 0 24
31 3 1 25
31 3 2 5
31 3 3 18
31 4 0 59
31 4 1 2
31 4 2 9
31 4 3 54
31 5 0 33
31 5 1 2
31 5 2 31
31 5 3 47
31 6 0 22
31 6 1 24
31 6 2 40
31 6 3 38
31 7 0 57
31 7 1 15
31 7 2 17
31 7 3 9
31 8 0 42
31 8 1 34
31 8 2 22
31 8 3 44
31 9 0 24
31 9 1 12
31 9 2 34
31 9 3 27
31 10 0 25
31 10 1 28
31 10 2 58
31 10 3 13
31 11 0 17
31 11 1 36
31 11 2 2
31 11 3 9
31 12 0 36
31 12 1 32
31 12 2 41
31 12 3 7
31 13 0 54
31 13 1 31
31 13 2 9
31 13 3 19
31 14 0 14
31 14 1 28
31 14 2 30
31 14 3 27
31 15 0 29
31 15 1 58
31 15 2 61
31 15 3 31
31 16 0 61
31 16 1 52
31 16 2 52
31 16 3 14
31 17 0 28
31 17 1 22
31 17 2 6
31 17 3 4
31 18 0 39
31 18 1 26
31 18 2 52
31 18 3 42
31 19 0 5
31 19 1 53
31 19 2 31
31 19 3 36
31 20 0 61
31 20 1 40
31 20 2 1
31 20 3 11
31 21 0 27
31 21 1 2
31 21 2 10
31 21 3 50
31 22 0 9
31 22 1 10
31 22 2 32
31 22 3 5
31 23 0 16
31 23 1 60
31 23 2 40
31 23 3 61
31 24 0 22
31 24 1 39
31 24 2 15
31 24 3 24
31 25 0 11
31 25 1 53
31 25 2 11
31 25 3 13
31 26 0 29
31 26 1 27
31 26 2 20
31 26 3 22
31 27 0 18
31 27 1 58
31 27 2 37
31 27 3 58
31 28 0 63
31 28 1 41
31 28 2 52
31 28 3 7
31 29 0 60
31 29 1 30
31 29 2 45
31 29 3 15
31 30 0 6
31 30 1 56
31 30 2 28
31 30 3 8
31 31 0 42
31 31 1 3
31 31 2 28
31 31 3 45
31 32 0 46
31 32 1 29
31 32 2 23
31 32 3 53
31 33 0 11
31 33 1 4
31 33 2 10
31 33 3 51
31 34 0 30
31 34 1 2
31 34 2 10
31 34 3 1
31 35 0 52
31 35 1 29
31 35 2 4
31 35 3 14
31 36 0 39
31 36 1 37
31 36 2 52
31 36 3 1
31 37 0 4
31 37 1 2
31 37 2 25
31 37 3 46
31 38 0 42
31 38 1 13
31 38 2 42
31 38 3 42
31 39 0 12
31 39 1 47
31 39 2 27
31 39 3 3
31 40 0 24
31 40 1 49
31 40 2 44
31 40 3 17
31 41 0 48
31 41 1 24
31 41 2 29
31 41 3 5
31 42 0 63
31 42 1 53
31 42 2 12
31 42 3 35
31 43 0 49
31 43 1 32
31 43 2 13
31 43 3 61
31 44 0 17
31 44 1 21
31 44 2 23
31 44 3 57
31 45 0 32
31 45 1 46
31 45 2 57
31 45 3 59
31 46 0 54
31 46 1 58
31 46 2 60
31 46 3 63
31 47 0 41
31 47 1 8
31 47 2 7
31 47 3 50
31 48 0 20
31 48 1 51
31 48 2 59
31 48 3 41
31 49 0 48
31 49 1 17
31 49 2 27
31 49 3 61
31 50 0 52
31 50 1 13
31 50 2 59
31 50 3 31
31 51 0 54
31 51 1 33
31 51 2 38
31 51 3 10
31 52 0 21
31 52 1 46
31 52 2 53
31 52 3 5
31 53 0 4
31 53 1 44
31 53 2 28
31 53 3 54
31 54 0 4
31 54 1 22
31 54 2 2
31 54 3 45
31 55 0 54
31 55 1 10
31 55 2 20
31 55 3 54
31 56 0 2
31 56 1 60
31 56 2 56
31 56 3 9
31 57 0 8
31 57 1 44
31 57 2 0
31 57 3 32
31 58 0 4
31 58 1 34
31 58 2 22
31 58 3 45
31 59 0 56
31 59 1 31
31 59 2 41
31 59 3 38
31 60 0 63
31 60 1 14
31 60 2 15
31 60 3 24
31 61 0 47
31 61 1 55
31 61 2 17
31 61 3 7
31 62 0 38
31 62 1 38
31 62 2 23
31 62 3 11
31 63 0 54
31 63 1 54
31 63 2 47
31 63 3 37
31 64 0 16
31 64 1 25
31 64 2 4
31 64 3 15
31 65 0 28
31 65 1 27
31 65 2 5
31 65 3 61
31 66 0 17
31 66 1 32
31 66 2 29
31 66 3 30
31 67 0 54
31 67 1 47
31 67 2 55
31 67 3 24
31 68 0 16
31 68 1 27
31 68 2 35
31 68 3 21
31 69 0 29
31 69 1 9
31 69 2 37
31 69 3 45
31 70 0 33
31 70 1 55
31 70 2 63
31 70 3 57
31 71 0 5
31 71 1 56
31 71 2 21
31 71 3 28
31 72 0 26
31 72 1 18
31 72 2 56
31 72 3 40
31 73 0 61
31 73 1 61
31 73 2 26
31 73 3 46
31 74 0 32
31 74 1 31
31 74 2 47
31 74 3 44
31 75 0 58
31 75 1 49
31 75 2 39
31 75 3 58
31 76 0 6
31 76 1 48
31 76 2 25
31 76 3 27
31 77 0 50
31 77 1 17
31 77 2 56
31 77 3 31
31 78 0 22
31 78 1 21
31 78 2 26
31 78 3 60
31 79 0 6
31 79 1 32
31 79 2 53
31 79 3 30
31 80 0 36
31 80 1 22
31 80 2 8
31 80 3 40
31 81 0 58
31 81 1 33
31 81 2 27
31 81 3 8
31 82 0 60
31 82 1 55
31 82 2 57
31 82 3 22
31 83 0 40
31 83 1 27
31 83 2 15
31 83 3 13
31 84 0 24
31 84 1 35
31 84 2 7
31 84 3 44
31 85 0 29
31 85 1 56
31 85 2 17
31 85 3 3
31 86 0 19
31 86 1 62
31 86 2 20
31 86 3 45
31 87 0 53
31 87 1 18
31 87 2 41
31 87 3 13
31 88 0 23
31 88 1 18
31 88 2 43
31 88 3 56
31 89 0 16
31 89 1 18
31 89 2 52
31 89 3 29
31 90 0 32
31 90 1 45
31 90 2 8
31 90 3 55
31 91 0 23
31 91 1 42
31 91 2 27
31 91 3 48
31 92 0 39
31 92 1 11
31 92 2 12
31 92 3 56
31 93 0 33
31 93 1 17
31 93 2 9
31 93 3 8
31 94 0 58
31 94 1 62
31 94 2 25
31 94 3 12
31 95 0 26
31 95 1 8
31 95 2 35
31 95 3 40
31 96 0 63
31 96 1 20
31 96 2 12
31 96 3 8
31 97 0 24
31 97 1 38
31 97 2 4
31 97 3 48
31 98 0 29
31 98 1 50
31 98 2 29
31 98 3 9
31 99 0 1
31 99 1 35
31 99 2 34
31 99 3 52
32 0 0 56
32 0 1 10
32 0 2 20
32 0 3 13
32 1 0 6
32 1 1 0
32 1 2 5
32 1 3 33
32 2 0 9
32 2 1 12
32 2 2 7
32 2 3 46
32 3 0 40
32 3 1 61
32 3 2 7
32 3 3 13
32 4 0 29
32 4 1 41
32 4 2 8
32 4 3 13
32 5 0 26
32 5 1 1
32 5 2 25
32 5 3 48
32 6 0 33
32 6 1 27
32 6 2 31
32 6 3 60
32 7 0 33
32 7 1 34
32 7 2 59
32 7 3 10
32 8 0 6
32 8 1 28
32 8 2 20
32 8 3 12
32 9 0 7
32 9 1 56
32 9 2 39
32 9 3 44
32 10 0 7
32 10 1 21
32 10 2 39
32 10 3 33
32 11 0 44
32 11 1 42
32 11 2 26
32 11 3 50
32 12 0 16
32 12 1 5
32 12 2 58
32 12 3 1
32 13 0 18
32 13 1 7
32 13 2 14
32 13 3 25
32 14 0 8
32 14 1 29
32 14 2 59
32 14 3 8
32 15 0 59
32 15 1 26
32 15 2 37
32 15 3 28
32 16 0 20
32 16 1 6
32 16 2 37
32 16 3 58
32 17 0 33
32 17 1 38
32 17 2 41
32 17 3 24
32 18 0 7
32 18 1 32
32 18 2 55
32 18 3 20
32 19 0 55
32 19 1 54
32 19 2 15
32 19 3 36
32 20 0 47
32 20 1 31
32 20 2 44
32 20 3 58
32 21 0 40
32 21 1 53
32 21 2 51
32 21 3 52
32 22 0 54
32 22 1 14
32 22 2 1
32 22 3 9
32 23 0 15
32 23 1 44
32 23 2 32
32 23 3 29
32 24 0 0
32 24 1 43
32 24 2 23
32 24 3 48
32 25 0 7
32 25 1 18
32 25 2 3
32 25 3 18
32 26 0 59
32 26 1 31
32 26 2 28
32 26 3 17
32 27 0 16
32 27 1 42
32 27 2 63
32 27 3 47
32 28 0 47
32 28 1 30
32 28 2 6
32 28 3 46
32 29 0 51
32 29 1 32
32 29 2 5
32 29 3 45
32 30 0 58
32 30 1 14
32 30 2 10
32 30 3 47
32 31 0 21
32 31 1 45
32 31 2 45
32 31 3 17
32 32 0 2
32 32 1 35
32 32 2 26
32 32 3 54
32 33 0 22
32 33 1 15
32 33 2 55
32 33 3 47
32 34 0 39
32 34 1 61
32 34 2 50
32 34 3 55
32 35 0 51
32 35 1 25
32 35 2 3
32 35 3 38
32 36 0 48
32 36 1 63
32 36 2 43
32 36 3 36
32 37 0 36
32 37 1 7
32 37 2 0
32 37 3 2
32 38 0 57
32 38 1 50
32 38 2 16
32 38 3 27
32 39 0 30
32 39 1 15
32 39 2 27
32 39 3 22
32 40 0 44
32 40 1 48
32 40 2 6
32 40 3 29
32 41 0 63
32 41 1 55
32 41 2 50
32 41 3 47
32 42 0 0
32 42 1 62
32 42 2 47
32 42 3 56
32 43 0 58
32 43 1 16
32 43 2 0
32 43 3 42
32 44 0 29
32 44 1 1
32 44 2 17
32 44 3 63
32 45 0 23
32 45 1 16
32 45 2 41
32 45 3 42
32 46 0 21
32 46 1 54
32 46 2 37
32 46 3 10
32 47 0 20
32 47 1 54
32 47 2 5
32 47 3 0
32 48 0 42
32 48 1 28
32 48 2 16
32 48 3 30
32 49 0 11
32 49 1 23
32 49 2 14
32 49 3 37
32 50 0 43
32 50 1 58
32 50 2 4
32 50 3 20
32 51 0 16
32 51 1 37
32 51 2 34
32 51 3 56
32 52 0 58
32 52 1 49
32 52 2 12
32 52 3 2
32 53 0 57
32 53 1 60
32 53 2 16
32 53 3 2
32 54 0 43
32 54 1 37
32 54 2 56
32 54 3 36
32 55 0 48
32 55 1 50
32 55 2 0
32 55 3 9
32 56 0 49
32 56 1 11
32 56 2 13
32 56 3 48
32 57 0 13
32 57 1 9
32 57 2 0
32 57 3 30
32 58 0 40
32 58 1 46
32 58 2 57
32 58 3 41
32 59 0 48
32 59 1 13
32 59 2 21
32 59 3 19
32 60 0 4
32 60 1 62
32 60 2 15
32 60 3 28
32 61 0 22
32 61 1 2
32 61 2 57
32 61 3 14
32 62 0 6
32 62 1 21
32 62 2 9
32 62 3 63
32 63 0 12
32 63 1 19
32 63 2 17
32 63 3 1
32 64 0 0
32 64 1 32
32 64 2 14
32 64 3 5
32 65 0 18
32 65 1 17
32 65 2 27
32 65 3 63
32 66 0 19
32 66 1 45
32 66 2 49
32 66 3 3
32 67 0 32
32 67 1 28
32 67 2 32
32 67 3 10
32 68 0 29
32 68 1 7
32 68 2 60
32 68 3 37
32 69 0 2
32 69 1 32
32 69 2 59
32 69 3 47
32 70 0 17
32 70 1 57
32 70 2 11
32 70 3 15
32 71 0 9
32 71 1 59
32 71 2 45
32 71 3 33
32 72 0 42
32 72 1 16
32 72 2 4
32 72 3 54
32 73 0 61
32 73 1 2
32 73 2 3
32 73 3 35
32 74 0 2
32 74 1 46
32 74 2 60
32 74 3 17
32 75 0 18
32 75 1 55
32 75 2 22
32 75 3 15
32 76 0 5
32 76 1 53
32 76 2 59
32 76 3 5
32 77 0 51
32 77 1 10
32 77 2 8
32 77 3 24
32 78 0 27
32 78 1 54
32 78 2 44
32 78 3 9
32 79 0 37
32 79 1 56
32 79 2 42
32 79 3 14
32 80 0 8
32 80 1 28
32 80 2 30
32 80 3 22
32 81 0 6
32 81 1 7
32 81 2 33
32 81 3 60
32 82 0 38
32 82 1 28
32 82 2 59
32 82 3 44
32 83 0 45
32 83 1 36
32 83 2 48
32 83 3 32
32 84 0 39
32 84 1 39
32 84 2 48
32 84 3 57
32 85 0 18
32 85 1 44
32 85 2 2
32 85 3 34
32 86 0 57
32 86 1 41
32 86 2 17
32 86 3 38
32 87 0 22
32 87 1 27
32 87 2 14
32 87 3 39
32 88 0 12
32 88 1 28
32 88 2 60
32 88 3 48
32 89 0 26
32 89 1 62
32 89 2 0
32 89 3 61
32 90 0 22
32 90 1 52
32 90 2 60
32 90 3 38
32 91 0 39
32 91 1 47
32 91 2 15
32 91 3 11
32 92 0 21
32 92 1 30
32 92 2 47
32 92 3 16
32 93 0 36
32 93 1 0
32 93 2 1
32 93 3 61
32 94 0 54
32 94 1 55
32 94 2 21
32 94 3 32
32 95 0 43
32 95 1 16
32 95 2 47
32 95 3 44
32 96 0 26
32 96 1 27
32 96 2 19
32 96 3 51
32 97 0 63
32 97 1 63
32 97 2 49
32 97 3 22
32 98 0 49
32 98 1 15
32 98 2 57
32 98 3 17
32 99 0 25
32 99 1 5
32 99 2 5
32 99 3 25
33 0 0 35
33 0 1 1
33 0 2 54
33 0 3 7
33 1 0 63
33 1 1 17
33 1 2 24
33 1 3 10
33 2 0 52
33 2 1 46
33 2 2 5
33 2 3 6
33 3 0 38
33 3 1 55
33 3 2 7
33 3 3 14
33 4 0 34
33 4 1 6
33 4 2 19
33 4 3 0
33 5 0 31
33 5 1 45
33 5 2 26
33 5 3 16
33 6 0 27
33 6 1 32
33 6 2 10
33 6 3 7
33 7 0 11
33 7 1 63
33 7 2 46
33 7 3 8
33 8 0 19
33 8 1 26
33 8 2 11
33 8 3 54
33 9 0 60
33 9 1 15
33 9 2 1
33 9 3 17
33 10 0 37
33 10 1 51
33 10 2 21
33 10 3 17
33 11 0 15
33 11 1 0
33 11 2 0
33 11 3 27
33 12 0 39
33 12 1 0
33 12 2 12
33 12 3 58
33 13 0 63
33 13 1 41
33 13 2 33
33 13 3 37
33 14 0 23
33 14 1 12
33 14 2 24
33 14 3 44
33 15 0 42
33 15 1 43
33 15 2 38
33 15 3 3
33 16 0 40
33 16 1 56
33 16 2 41
33 16 3 37
33 17 0 14
33 17 1 50
33 17 2 28
33 17 3 16
33 18 0 31
33 18 1 7
33 18 2 59
33 18 3 44
33 19 0 20
33 19 1 50
33 19 2 3
33 19 3 24
33 20 0 41
33 20 1 1
33 20 2 45
33 20 3 52
33 21 0 38
33 21 1 13
33 21 2 47
33 21 3 21
33 22 0 47
33 22 1 40
33 22 2 5
33 22 3 6
33 23 0 0
33 23 1 4
33 23 2 19
33 23 3 1
33 24 0 60
33 24 1 58
33 24 2 11
33 24 3 19
33 25 0 47
33 25 1 42
33 25 2 37
33 25 3 63
33 26 0 40
33 26 1 42
33 26 2 32
33 26 3 33
33 27 0 18
33 27 1 33
33 27 2 58
33 27 3 24
33 28 0 8
33 28 1 38
33 28 2 50
33 28 3 61
33 29 0 34
33 29 1 50
33 29 2 16
33 29 3 27
33 30 0 26
33 30 1 21
33 30 2 45
33 30 3 56
33 31 0 20
33 31 1 8
33 31 2 52
33 31 3 54
33 32 0 59
33 32 1 16
33 32 2 46
33 32 3 45
33 33 0 50
33 33 1 51
33 33 2 60
33 33 3 30
33 34 0 4
33 34 1 12
33 34 2 56
33 34 3 54
33 35 0 0
33 35 1 23
33 35 2 15
33 35 3 20
33 36 0 40
33 36 1 32
33 36 2 30
33 36 3 27
33 37 0 41
33 37 1 43
33 37 2 2
33 37 3 8
33 38 0 21
33 38 1 27
33 38 2 63
33 38 3 57
33 39 0 41
33 39 1 2
33 39 2 6
33 39 3 29
33 40 0 37
33 40 1 42
33 40 2 9
33 40 3 56
33 41 0 31
33 41 1 38
33 41 2 2
33 41 3 52
33 42 0 34
33 42 1 14
33 42 2 20
33 42 3 22
33 43 0 1
33 43 1 60
33 43 2 51
33 43 3 56
33 44 0 22
33 44 1 35
33 44 2 29
33 44 3 30
33 45 0 37
33 45 1 28
33 45 2 49
33 45 3 3
33 46 0 12
33 46 1 57
33 46 2 56
33 46 3 52
33 47 0 23
33 47 1 29
33 47 2 1
33 47 3 17
33 48 0 46
33 48 1 21
33 48 2 30
33 48 3 7
33 49 0 31
33 49 1 46
33 49 2 36
33 49 3 35
33 50 0 58
33 50 1 14
33 50 2 19
33 50 3 39
33 51 0 30
33 51 1 62
33 51 2 3
33 51 3 7
33 52 0 21
33 52 1 29
33 52 2 56
33 52 3 31
33 53 0 27
33 53 1 10
33 53 2 27
33 53 3 34
33 54 0 37
33 54 1 38
33 54 2 27
33 54 3 10
33 55 0 9
33 55 1 9
33 55 2 39
33 55 3 54
33 56 0 56
33 56 1 19
33 56 2 5
33 56 3 40
33 57 0 2
33 57 1 40
33 57 2 24
33 57 3 53
33 58 0 40
33 58 1 47
33 58 2 25
33 58 3 53
33 59 0 33
33 59 1 40
33 59 2 23
33 59 3 28
33 60 0 53
33 60 1 25
33 60 2 1
33 60 3 24
33 61 0 25
33 61 1 26
33 61 2 4
33 61 3 8
33 62 0 20
33 62 1 27
33 62 2 1
33 62 3 24
33 63 0 20
33 63 1 2
33 63 2 16
33 63 3 17
33 64 0 9
33 64 1 48
33 64 2 4
33 64 3 36
33 65 0 42
33 65 1 51
33 65 2 34
33 65 3 34
33 66 0 48
33 66 1 54
33 66 2 13
33 66 3 50
33 67 0 29
33 67 1 6
33 67 2 39
33 67 3 62
33 68 0 9
33 68 1 0
33 68 2 58
33 68 3 38
33 69 0 14
33 69 1 50
33 69 2 25
33 69 3 21
33 70 0 18
33 70 1 38
33 70 2 8
33 70 3 23
33 71 0 19
33 71 1 3
33 71 2 48
33 71 3 0
33 72 0 61
33 72 1 6
33 72 2 22
33 72 3 6
33 73 0 23
33 73 1 39
33 73 2 5
33 73 3 33
33 74 0 49
33 74 1 29
33 74 2 7
33 74 3 44
33 75 0 11
33 75 1 1
33 75 2 27
33 75 3 17
33 76 0 1
33 76 1 49
33 76 2 38
33 76 3 58
33 77 0 30
33 77 1 28
33 77 2 53
33 77 3 5
33 78 0 23
33 78 1 51
33 78 2 18
33 78 3 56
33 79 0 18
33 79 1 26
33 79 2 57
33 79 3 15
33 80 0 61
33 80 1 2
33 80 2 17
33 80 3 37
33 81 0 38
33 81 1 58
33 81 2 61
33 81 3 43
33 82 0 42
33 82 1 20
33 82 2 51
33 82 3 41
33 83 0 1
33 83 1 53
33 83 2 23
33 83 3 30
33 84 0 31
33 84 1 52
33 84 2 17
33 84 3 25
33 85 0 2
33 85 1 22
33 85 2 5
33 85 3 37
33 86 0 57
33 86 1 29
33 86 2 58
33 86 3 62
33 87 0 3
33 87 1 33
33 87 2 33
33 87 3 24
33 88 0 53
33 88 1 25
33 88 2 3
33 88 3 35
33 89 0 12
33 89 1 22
33 89 2 32
33 89 3 46
33 90 0 17
33 90 1 24
33 90 2 4
33 90 3 24
33 91 0 37
33 91 1 39
33 91 2 18
33 91 3 3
33 92 0 36
33 92 1 41
33 92 2 5
33 92 3 32
33 93 0 6
33 93 1 28
33 93 2 41
33 93 3 46
33 94 0 45
33 94 1 48
33 94 2 15
33 94 3 54
33 95 0 22
33 95 1 23
33 95 2 50
33 95 3 20
33 96 0 4
33 96 1 45
33 96 2 42
33 96 3 37
33 97 0 9
33 97 1 40
33 97 2 12
33 97 3 35
33 98 0 32
33 98 1 49
33 98 2 62
33 98 3 12
33 99 0 7
33 99 1 35
33 99 2 60
33 99 3 10
34 0 0 31
34 0 1 26
34 0 2 20
34 0 3 42
34 1 0 18
34 1 1 31
34 1 2 54
34 1 3 24
34 2 0 1
34 2 1 56
34 2 2 17
34 2 3 49
34 3 0 48
34 3 1 33
34 3 2 5
34 3 3 60
34 4 0 43
34 4 1 27
34 4 2 54
34 4 3 50
34 5 0 48
34 5 1 10
34 5 2 40
34 5 3 18
34 6 0 5
34 6 1 21
34 6 2 6
34 6 3 6
34 7 0 46
34 7 1 32
34 7 2 25
34 7 3 12
34 8 0 49
34 8 1 40
34 8 2 37
34 8 3 12
34 9 0 7
34 9 1 7
34 9 2 1
34 9 3 62
34 10 0 23
34 10 1 42
34 10 2 62
34 10 3 59
34 11 0 20
34 11 1 31
34 11 2 29
34 11 3 2
34 12 0 49
34 12 1 36
34 12 2 23
34 12 3 35
34 13 0 47
34 13 1 0
34 13 2 41
34 13 3 55
34 14 0 46
34 14 1 39
34 14 2 5
34 14 3 47
34 15 0 48
34 15 1 31
34 15 2 37
34 15 3 39
34 16 0 7
34 16 1 16
34 16 2 50
34 16 3 62
34 17 0 17
34 17 1 25
34 17 2 58
34 17 3 10
34 18 0 16
34 18 1 3
34 18 2 15
34 18 3 40
34 19 0 22
34 19 1 62
34 19 2 57
34 19 3 57
34 20 0 46
34 20 1 44
34 20 2 32
34 20 3 63
34 21 0 6
34 21 1 46
34 21 2 8
34 21 3 21
34 22 0 16
34 22 1 38
34 22 2 50
34 22 3 5
34 23 0 38
34 23 1 14
34 23 2 4
34 23 3 26
34 24 0 37
34 24 1 12
34 24 2 24
34 24 3 61
34 25 0 22
34 25 1 63
34 25 2 53
34 25 3 23
34 26 0 36
34 26 1 45
34 26 2 29
34 26 3 26
34 27 0 21
34 27 1 8
34 27 2 1
34 27 3 21
34 28 0 50
34 28 1 14
34 28 2 11
34 28 3 20
34 29 0 38
34 29 1 13
34 29 2 14
34 29 3 7
34 30 0 21
34 30 1 13
34 30 2 53
34 30 3 57
34 31 0 23
34 31 1 5
34 31 2 5
34 31 3 20
34 32 0 29
34 32 1 33
34 32 2 19
34 32 3 22
34 33 0 18
34 33 1 33
34 33 2 44
34 33 3 2
34 34 0 30
34 34 1 41
34 34 2 43
34 34 3 36
34 35 0 33
34 35 1 43
34 35 2 24
34 35 3 36
34 36 0 20
34 36 1 28
34 36 2 7
34 36 3 22
34 37 0 9
34 37 1 14
34 37 2 26
34 37 3 32
34 38 0 60
34 38 1 1
34 38 2 57
34 38 3 21
34 39 0 46
34 39 1 43
34 39 2 62
34 39 3 6
34 40 0 61
34 40 1 4
34 40 2 56
34 40 3 41
34 41 0 30
34 41 1 25
34 41 2 5
34 41 3 51
34 42 0 46
34 42 1 59
34 42 2 46
34 42 3 61
34 43 0 56
34 43 1 27
34 43 2 45
34 43 3 16
34 44 0 50
34 44 1 38
34 44 2 28
34 44 3 40
34 45 0 17
34 45 1 39
34 45 2 30
34 45 3 20
34 46 0 62
34 46 1 4
34 46 2 48
34 46 3 13
34 47 0 14
34 47 1 9
34 47 2 6
34 47 3 7
34 48 0 53
34 48 1 59
34 48 2 37
34 48 3 0
34 49 0 55
34 49 1 38
34 49 2 33
34 49 3 60
34 50 0 26
34 50 1 23
34 50 2 49
34 50 3 33
34 51 0 45
34 51 1 44
34 51 2 53
34 51 3 20
34 52 0 4
34 52 1 30
34 52 2 41
34 52 3 52
34 53 0 17
34 53 1 47
34 53 2 53
34 53 3 51
34 54 0 51
34 54 1 63
34 54 2 42
34 54 3 23
34 55 0 27
34 55 1 47
34 55 2 15
34 55 3 38
34 56 0 36
34 56 1 42
34 56 2 26
34 56 3 47
34 57 0 4
34 57 1 47
34 57 2 51
34 57 3 56
34 58 0 59
34 58 1 22
34 58 2 2
34 58 3 41
34 59 0 5
34 59 1 17
34 59 2 44
34 59 3 38
34 60 0 38
34 60 1 48
34 60 2 10
34 60 3 50
34 61 0 37
34 61 1 26
34 61 2 29
34 61 3 32
34 62 0 35
34 62 1 21
34 62 2 14
34 62 3 10
34 63 0 21
34 63 1 16
34 63 2 33
34 63 3 58
34 64 0 6
34 64 1 19
34 64 2 3
34 64 3 62
34 65 0 44
34 65 1 15
34 65 2 26
34 65 3 46
34 66 0 61
34 66 1 36
34 66 2 17
34 66 3 44
34 67 0 43
34 67 1 41
34 67 2 2
34 67 3 45
34 68 0 1
34 68 1 57
34 68 2 56
34 68 3 36
34 69 0 41
34 69 1 4
34 69 2 55
34 69 3 17
34 70 0 16
34 70 1 45
34 70 2 60
34 70 3 31
34 71 0 32
34 71 1 35
34 71 2 18
34 71 3 38
34 72 0 61
34 72 1 24
34 72 2 49
34 72 3 49
34 73 0 54
34 73 1 46
34 73 2 58
34 73 3 45
34 74 0 62
34 74 1 45
34 74 2 53
34 74 3 56
34 75 0 62
34 75 1 38
34 75 2 45
34 75 3 61
34 76 0 24
34 76 1 7
34 76 2 56
34 76 3 40
34 77 0 27
34 77 1 45
34 77 2 2
34 77 3 30
34 78 0 16
34 78 1 18
34 78 2 62
34 78 3 35
34 79 0 8
34 79 1 23
34 79 2 15
34 79 3 58
34 80 0 18
34 80 1 22
34 80 2 21
34 80 3 11
34 81 0 49
34 81 1 36
34 81 2 27
34 81 3 25
34 82 0 42
34 82 1 6
34 82 2 59
34 82 3 36
34 83 0 14
34 83 1 34
34 83 2 54
34 83 3 11
34 84 0 33
34 84 1 38
34 84 2 51
34 84 3 36
34 85 0 47
34 85 1 49
34 85 2 57
34 85 3 23
34 86 0 45
34 86 1 15
34 86 2 54
34 86 3 60
34 87 0 18
34 87 1 35
34 87 2 52
34 87 3 1
34 88 0 45
34 88 1 52
34 88 2 55
34 88 3 12
34 89 0 48
34 89 1 50
34 89 2 0
34 89 3 45
34 90 0 40
34 90 1 62
34 90 2 2
34 90 3 61
34 91 0 36
34 91 1 17
34 91 2 24
34 91 3 49
34 92 0 63
34 92 1 20
34 92 2 62
34 92 3 40
34 93 0 12
34 93 1 38
34 93 2 51
34 93 3 3
34 94 0 5
34 94 1 0
34 94 2 36
34 94 3 3
34 95 0 59
34 95 1 8
34 95 2 4
34 95 3 16
34 96 0 48
34 96 1 58
34 96 2 16
34 96 3 33
34 97 0 49
34 97 1 51
34 97 2 9
34 97 3 53
34 98 0 55
34 98 1 47
34 98 2 33
34 98 3 25
34 99 0 56
34 99 1 55
34 99 2 33
34 99 3 47
35 0 0 25
35 0 1 47
35 0 2 5
35 0 3 57
35 1 0 32
35 1 1 38
35 1 2 12
35 1 3 33
35 2 0 0
35 2 1 56
35 2 2 47
35 2 3 29
35 3 0 53
35 3 1 51
35 3 2 7
35 3 3 3
35 4 0 16
35 4 1 0
35 4 2 36
35 4 3 33
35 5 0 34
35 5 1 4
35 5 2 58
35 5 3 62
35 6 0 37
35 6 1 0
35 6 2 25
35 6 3 45
35 7 0 47
35 7 1 15
35 7 2 52
35 7 3 61
35 8 0 32
35 8 1 24
35 8 2 33
35 8 3 1
35 9 0 33
35 9 1 1
35 9 2 2
35 9 3 35
35 10 0 32
35 10 1 63
35 10 2 32
35 10 3 62
35 11 0 51
35 11 1 21
35 11 2 59
35 11 3 30
35 12 0 38
35 12 1 6
35 12 2 13
35 12 3 33
35 13 0 17
35 13 1 38
35 13 2 5
35 13 3 16
35 14 0 42
35 14 1 39
35 14 2 62
35 14 3 57
35 15 0 51
35 15 1 0
35 15 2 38
35 15 3 14
35 16 0 17
35 16 1 13
35 16 2 29
35 16 3 7
35 17 0 34
35 17 1 10
35 17 2 32
35 17 3 40
35 18 0 11
35 18 1 6
35 18 2 51
35 18 3 47
35 19 0 16
35 19 1 56
35 19 2 14
35 19 3 59
35 20 0 7
35 20 1 42
35 20 2 1
35 20 3 12
35 21 0 25
35 21 1 5
35 21 2 29
35 21 3 14
35 22 0 6
35 22 1 61
35 22 2 62
35 22 3 61
35 23 0 9
35 23 1 24
35 23 2 20
35 23 3 20
35 24 0 26
35 24 1 32
35 24 2 31
35 24 3 18
35 25 0 62
35 25 1 62
35 25 2 21
35 25 3 14
35 26 0 34
35 26 1 23
35 26 2 63
35 26 3 27
35 27 0 2
35 27 1 8
35 27 2 4
35 27 3 24
35 28 0 20
35 28 1 54
35 28 2 56
35 28 3 8
35 29 0 60
35 29 1 37
35 29 2 19
35 29 3 26
35 30 0 28
35 30 1 10
35 30 2 55
35 30 3 0
35 31 0 4
35 31 1 17
35 31 2 9
35 31 3 3
35 32 0 24
35 32 1 24
35 32 2 8
35 32 3 51
35 33 0 56
35 33 1 46
35 33 2 33
35 33 3 60
35 34 0 22
35 34 1 27
35 34 2 0
35 34 3 45
35 35 0 5
35 35 1 42
35 35 2 50
35 35 3 13
35 36 0 39
35 36 1 19
35 36 2 25
35 36 3 33
35 37 0 15
35 37 1 50
35 37 2 25
35 37 3 29
35 38 0 52
35 38 1 14
35 38 2 28
35 38 3 63
35 39 0 25
35 39 1 7
35 39 2 18
35 39 3 61
35 40 0 48
35 40 1 51
35 40 2 16
35 40 3 53
35 41 0 25
35 41 1 50
35 41 2 56
35 41 3 13
35 42 0 60
35 42 1 40
35 42 2 46
35 42 3 48
35 43 0 10
35 43 1 47
35 43 2 13
35 43 3 17
35 44 0 7
35 44 1 11
35 44 2 62
35 44 3 20
35 45 0 24
35 45 1 30
35 45 2 45
35 45 3 36
35 46 0 34
35 46 1 53
35 46 2 31
35 46 3 49
35 47 0 58
35 47 1 43
35 47 2 2
35 47 3 16
35 48 0 39
35 48 1 30
35 48 2 18
35 48 3 21
35 49 0 5
35 49 1 15
35 49 2 50
35 49 3 0
35 50 0 53
35 50 1 21
35 50 2 51
35 50 3 16
35 51 0 53
35 51 1 36
35 51 2 54
35 51 3 3
35 52 0 51
35 52 1 17
35 52 2 22
35 52 3 2
35 53 0 61
35 53 1 41
35 53 2 62
35 53 3 36
35 54 0 10
35 54 1 21
35 54 2 28
35 54 3 9
35 55 0 59
35 55 1 61
35 55 2 36
35 55 3 37
35 56 0 45
35 56 1 43
35 56 2 4
35 56 3 34
35 57 0 49
35 57 1 51
35 57 2 38
35 57 3 57
35 58 0 37
35 58 1 24
35 58 2 28
35 58 3 44
35 59 0 56
35 59 1 14
35 59 2 18
35 59 3 41
35 60 0 48
35 60 1 25
35 60 2 41
35 60 3 0
35 61 0 18
35 61 1 61
35 61 2 36
35 61 3 55
35 62 0 13
35 62 1 18
35 62 2 62
35 62 3 63
35 63 0 56
35 63 1 20
35 63 2 51
35 63 3 29
35 64 0 54
35 64 1 54
35 64 2 27
35 64 3 19
35 65 0 62
35 65 1 28
35 65 2 27
35 65 3 42
35 66 0 59
35 66 1 8
35 66 2 63
35 66 3 27
35 67 0 1
35 67 1 19
35 67 2 29
35 67 3 43
35 68 0 36
35 68 1 8
35 68 2 31
35 68 3 14
35 69 0 17
35 69 1 45
35 69 2 51
35 69 3 9
35 70 0 38
35 70 1 27
35 70 2 21
35 70 3 45
35 71 0 15
35 71 1 48
35 71 2 25
35 71 3 6
35 72 0 50
35 72 1 54
35 72 2 36
35 72 3 46
35 73 0 9
35 73 1 21
35 73 2 22
35 73 3 48
35 74 0 22
35 74 1 46
35 74 2 19
35 74 3 38
35 75 0 13
35 75 1 35
35 75 2 5
35 75 3 47
35 76 0 1
35 76 1 63
35 76 2 53
35 76 3 37
35 77 0 58
35 77 1 51
35 77 2 9
35 77 3 47
35 78 0 24
35 78 1 54
35 78 2 55
35 78 3 61
35 79 0 28
35 79 1 12
35 79 2 8
35 79 3 10
35 80 0 63
35 80 1 37
35 80 2 22
35 80 3 28
35 81 0 11
35 81 1 36
35 81 2 27
35 81 3 51
35 82 0 1
35 82 1 59
35 82 2 3
35 82 3 26
35 83 0 21
35 83 1 45
35 83 2 42
35 83 3 12
35 84 0 31
35 84 1 34
35 84 2 29
35 84 3 1
35 85 0 11
35 85 1 32
35 85 2 16
35 85 3 34
35 86 0 10
35 86 1 47
35 86 2 12
35 86 3 41
35 87 0 53
35 87 1 22
35 87 2 8
35 87 3 0
35 88 0 23
35 88 1 7
35 88 2 56
35 88 3 62
35 89 0 62
35 89 1 59
35 89 2 37
35 89 3 20
35 90 0 28
35 90 1 16
35 90 2 53
35 90 3 27
35 91 0 24
35 91 1 44
35 91 2 23
35 91 3 22
35 92 0 14
35 92 1 4
35 92 2 2
35 92 3 25
35 93 0 63
35 93 1 16
35 93 2 41
35 93 3 20
35 94 0 19
35 94 1 10
35 94 2 36
35 94 3 42
35 95 0 22
35 95 1 33
35 95 2 30
35 95 3 17
35 96 0 44
35 96 1 35
35 96 2 4
35 96 3 31
35 97 0 24
35 97 1 50
35 97 2 19
35 97 3 61
35 98 0 39
35 98 1 8
35 98 2 25
35 98 3 56
35 99 0 16
35 99 1 45
35 99 2 50
35 99 3 44
36 0 0 5
36 0 1 23
36 0 2 22
36 0 3 22
36 1 0 56
36 1 1 0
36 1 2 34
36 1 3 62
36 2 0 56
36 2 1 38
36 2 2 63
36 2 3 25
36 3 0 39
36 3 1 34
36 3 2 3
36 3 3 2
36 4 0 57
36 4 1 11
36 4 2 22
36 4 3 39
36 5 0 36
36 5 1 32
36 5 2 62
36 5 3 50
36 6 0 60
36 6 1 42
36 6 2 62
36 6 3 38
36 7 0 34
36 7 1 52
36 7 2 55
36 7 3 4
36 8 0 58
36 8 1 44
36 8 2 57
36 8 3 45
36 9 0 59
36 9 1 17
36 9 2 12
36 9 3 12
36 10 0 16
36 10 1 13
36 10 2 28
36 10 3 12
36 11 0 10
36 11 1 33
36 11 2 50
36 11 3 8
36 12 0 32
36 12 1 42
36 12 2 45
36 12 3 6
36 13 0 46
36 13 1 1
36 13 2 15
36 13 3 20
36 14 0 54
36 14 1 12
36 14 2 50
36 14 3 63
36 15 0 61
36 15 1 19
36 15 2 6
36 15 3 14
36 16 0 49
36 16 1 12
36 16 2 41
36 16 3 23
36 17 0 49
36 17 1 38
36 17 2 37
36 17 3 50
36 18 0 61
36 18 1 23
36 18 2 33
36 18 3 40
36 19 0 52
36 19 1 30
36 19 2 23
36 19 3 54
36 20 0 61
36 20 1 36
36 20 2 6
36 20 3 18
36 21 0 29
36 21 1 45
36 21 2 42
36 21 3 52
36 22 0 1
36 22 1 29
36 22 2 44
36 22 3 63
36 23 0 9
36 23 1 56
36 23 2 0
36 23 3 12
36 24 0 54
36 24 1 50
36 24 2 62
36 24 3 38
36 25 0 39
36 25 1 34
36 25 2 32
36 25 3 32
36 26 0 18
36 26 1 54
36 26 2 22
36 26 3 39
36 27 0 42
36 27 1 34
36 27 2 39
36 27 3 3
36 28 0 20
36 28 1 28
36 28 2 25
36 28 3 58
36 29 0 57
36 29 1 45
36 29 2 22
36 29 3 3
36 30 0 48
36 30 1 56
36 30 2 31
36 30 3 52
36 31 0 59
36 31 1 34
36 31 2 13
36 31 3 1
36 32 0 48
36 32 1 35
36 32 2 9
36 32 3 3
36 33 0 62
36 33 1 20
36 33 2 20
36 33 3 40
36 34 0 23
36 34 1 58
36 34 2 43
36 34 3 22
36 35 0 17
36 35 1 55
36 35 2 37
36 35 3 58
36 36 0 22
36 36 1 1
36 36 2 57
36 36 3 15
36 37 0 54
36 37 1 45
36 37 2 14
36 37 3 48
36 38 0 5
36 38 1 25
36 38 2 22
36 38 3 42
36 39 0 34
36 39 1 39
36 39 2 30
36 39 3 47
36 40 0 10
36 40 1 45
36 40 2 3
36 40 3 5
36 41 0 46
36 41 1 10
36 41 2 49
36 41 3 8
36 42 0 9
36 42 1 59
36 42 2 11
36 42 3 58
36 43 0 22
36 43 1 51
36 43 2 60
36 43 3 7
36 44 0 21
36 44 1 36
36 44 2 55
36 44 3 11
36 45 0 11
36 45 1 23
36 45 2 13
36 45 3 17
36 46 0 8
36 46 1 53
36 46 2 50
36 46 3 9
36 47 0 34
36 47 1 41
36 47 2 40
36 47 3 62
36 48 0 41
36 48 1 43
36 48 2 2
36 48 3 5
36 49 0 39
36 49 1 58
36 49 2 25
36 49 3 41
36 50 0 13
36 50 1 29
36 50 2 48
36 50 3 42
36 51 0 7
36 51 1 56
36 51 2 59
36 51 3 30
36 52 0 21
36 52 1 34
36 52 2 51
36 52 3 28
36 53 0 1
36 53 1 4
36 53 2 51
36 53 3 50
36 54 0 49
36 54 1 8
36 54 2 10
36 54 3 25
36 55 0 14
36 55 1 24
36 55 2 35
36 55 3 17
36 56 0 7
36 56 1 25
36 56 2 46
36 56 3 39
36 57 0 20
36 57 1 19
36 57 2 37
36 57 3 11
36 58 0 53
36 58 1 55
36 58 2 1
36 58 3 62
36 59 0 1
36 59 1 29
36 59 2 42
36 59 3 20
36 60 0 13
36 60 1 3
36 60 2 46
36 60 3 2
36 61 0 30
36 61 1 25
36 61 2 61
36 61 3 59
36 62 0 52
36 62 1 46
36 62 2 34
36 62 3 22
36 63 0 10
36 63 1 61
36 63 2 24
36 63 3 27
36 64 0 9
36 64 1 17
36 64 2 40
36 64 3 27
36 65 0 37
36 65 1 13
36 65 2 5
36 65 3 56
36 66 0 27
36 66 1 23
36 66 2 18
36 66 3 42
36 67 0 36
36 67 1 24
36 67 2 59
36 67 3 57
36 68 0 12
36 68 1 41
36 68 2 61
36 68 3 31
36 69 0 1
36 69 1 8
36 69 2 42
36 69 3 57
36 70 0 8
36 70 1 34
36 70 2 31
36 70 3 18
36 71 0 40
36 71 1 56
36 71 2 15
36 71 3 3
36 72 0 22
36 72 1 20
36 72 2 46
36 72 3 34
36 73 0 1
36 73 1 21
36 73 2 47
36 73 3 30
36 74 0 36
36 74 1 16
36 74 2 20
36 74 3 8
36 75 0 5
36 75 1 2
36 75 2 39
36 75 3 10
36 76 0 36
36 76 1 60
36 76 2 44
36 76 3 36
36 77 0 7
36 77 1 31
36 77 2 57
36 77 3 24
36 78 0 52
36 78 1 45
36 78 2 17
36 78 3 9
36 79 0 1
36 79 1 17
36 79 2 21
36 79 3 41
36 80 0 36
36 80 1 30
36 80 2 46
36 80 3 49
36 81 0 45
36 81 1 57
36 81 2 23
36 81 3 52
36 82 0 26
36 82 1 11
36 82 2 9
36 82 3 5
36 83 0 61
36 83 1 10
36 83 2 53
36 83 3 50
36 84 0 28
36 84 1 58
36 84 2 58
36 84 3 59
36 85 0 31
36 85 1 19
36 85 2 2
36 85 3 53
36 86 0 55
36 86 1 34
36 86 2 4
36 86 3 52
36 87 0 19
36 87 1 35
36 87 2 42
36 87 3 9
36 88 0 4
36 88 1 5
36 88 2 61
36 88 3 61
36 89 0 27
36 89 1 27
36 89 2 26
36 89 3 22
36 90 0 34
36 90 1 22
36 90 2 39
36 90 3 24
36 91 0 40
36 91 1 60
36 91 2 13
36 91 3 4
36 92 0 33
36 92 1 7
36 92 2 14
36 92 3 50
36 93 0 26
36 93 1 35
36 93 2 49
36 93 3 8
36 94 0 30
36 94 1 2
36 94 2 31
36 94 3 14
36 95 0 58
36 95 1 16
36 95 2 12
36 95 3 0
36 96 0 8
36 96 1 13
36 96 2 14
36 96 3 47
36 97 0 56
36 97 1 54
36 97 2 61
36 97 3 57
36 98 0 29
36 98 1 24
36 98 2 41
36 98 3 20
36 99 0 38
36 99 1 63
36 99 2 12
36 99 3 49
37 0 0 59
37 0 1 34
37 0 2 22
37 0 3 16
37 1 0 10
37 1 1 20
37 1 2 47
37 1 3 32
37 2 0 14
37 2 1 34
37 2 2 51
37 2 3 0
37 3 0 1
37 3 1 61
37 3 2 47
37 3 3 36
37 4 0 57
37 4 1 37
37 4 2 33
37 4 3 13
37 5 0 51
37 5 1 48
37 5 2 18
37 5 3 47
37 6 0 46
37 6 1 6
37 6 2 10
37 6 3 38
37 7 0 39
37 7 1 42
37 7 2 23
37 7 3 53
37 8 0 28
37 8 1 13
37 8 2 7
37 8 3 56
37 9 0 45
37 9 1 29
37 9 2 13
37 9 3 6
37 10 0 9
37 10 1 6
37 10 2 33
37 10 3 12
37 11 0 8
37 11 1 18
37 11 2 44
37 11 3 31
37 12 0 9
37 12 1 47
37 12 2 31
37 12 3 11
37 13 0 44
37 13 1 63
37 13 2 34
37 13 3 10
37 14 0 19
37 14 1 38
37 14 2 63
37 14 3 59
37 15 0 59
37 15 1 53
37 15 2 36
37 15 3 41
37 16 0 46
37 16 1 45
37 16 2 40
37 16 3 8
37 17 0 56
37 17 1 0
37 17 2 27
37 17 3 27
37 18 0 63
37 18 1 5
37 18 2 30
37 18 3 22
37 19 0 6
37 19 1 14
37 19 2 27
37 19 3 58
37 20 0 24
37 20 1 56
37 20 2 46
37 20 3 52
37 21 0 54
37 21 1 45
37 21 2 46
37 21 3 9
37 22 0 45
37 22 1 3
37 22 2 47
37 22 3 41
37 23 0 48
37 23 1 41
37 23 2 23
37 23 3 23
37 24 0 38
37 24 1 30
37 24 2 21
37 24 3 31
37 25 0 34
37 25 1 15
37 25 2 40
37 25 3 20
37 26 0 17
37 26 1 26
37 26 2 6
37 26 3 38
37 27 0 46
37 27 1 61
37 27 2 18
37 27 3 34
37 28 0 32
37 28 1 46
37 28 2 39
37 28 3 51
37 29 0 54
37 29 1 7
37 29 2 22
37 29 3 41
37 30 0 34
37 30 1 30
37 30 2 11
37 30 3 36
37 31 0 47
37 31 1 2
37 31 2 37
37 31 3 57
37 32 0 36
37 32 1 60
37 32 2 22
37 32 3 0
37 33 0 43
37 33 1 13
37 33 2 0
37 33 3 11
37 34 0 59
37 34 1 50
37 34 2 17
37 34 3 38
37 35 0 21
37 35 1 11
37 35 2 63
37 35 3 52
37 36 0 23
37 36 1 22
37 36 2 52
37 36 3 29
37 37 0 24
37 37 1 24
37 37 2 28
37 37 3 33
37 38 0 2
37 38 1 30
37 38 2 28
37 38 3 17
37 39 0 22
37 39 1 27
37 39 2 23
37 39 3 58
37 40 0 33
37 40 1 32
37 40 2 16
37 40 3 58
37 41 0 1
37 41 1 35
37 41 2 10
37 41 3 49
37 42 0 24
37 42 1 18
37 42 2 3
37 42 3 50
37 43 0 25
37 43 1 16
37 43 2 54
37 43 3 1
37 44 0 30
37 44 1 10
37 44 2 8
37 44 3 1
37 45 0 11
37 45 1 60
37 45 2 28
37 45 3 63
37 46 0 17
37 46 1 48
37 46 2 5
37 46 3 6
37 47 0 1
37 47 1 57
37 47 2 42
37 47 3 47
37 48 0 59
37 48 1 21
37 48 2 46
37 48 3 32
37 49 0 34
37 49 1 42
37 49 2 30
37 49 3 1
37 50 0 4
37 50 1 32
37 50 2 36
37 50 3 46
37 51 0 36
37 51 1 12
37 51 2 23
37 51 3 28
37 52 0 62
37 52 1 34
37 52 2 40
37 52 3 47
37 53 0 23
37 53 1 61
37 53 2 43
37 53 3 54
37 54 0 47
37 54 1 39
37 54 2 1
37 54 3 37
37 55 0 8
37 55 1 38
37 55 2 44
37 55 3 34
37 56 0 19
37 56 1 3
37 56 2 42
37 56 3 44
37 57 0 30
37 57 1 45
37 57 2 49
37 57 3 32
37 58 0 3
37 58 1 55
37 58 2 29
37 58 3 43
37 59 0 58
37 59 1 23
37 59 2 39
37 59 3 1
37 60 0 56
37 60 1 3
37 60 2 34
37 60 3 22
37 61 0 2
37 61 1 29
37 61 2 59
37 61 3 10
37 62 0 18
37 62 1 12
37 62 2 7
37 62 3 14
37 63 0 36
37 63 1 49
37 63 2 44
37 63 3 49
37 64 0 45
37 64 1 24
37 64 2 57
37 64 3 11
37 65 0 44
37 65 1 7
37 65 2 48
37 65 3 5
37 66 0 13
37 66 1 25
37 66 2 44
37 66 3 2
37 67 0 16
37 67 1 21
37 67 2 46
37 67 3 61
37 68 0 39
37 68 1 32
37 68 2 21
37 68 3 52
37 69 0 6
37 69 1 8
37 69 2 12
37 69 3 17
37 70 0 29
37 70 1 60
37 70 2 41
37 70 3 24
37 71 0 13
37 71 1 41
37 71 2 16
37 71 3 62
37 72 0 30
37 72 1 35
37 72 2 57
37 72 3 19
37 73 0 30
37 73 1 34
37 73 2 17
37 73 3 3
37 74 0 18
37 74 1 7
37 74 2 43
37 74 3 0
37 75 0 20
37 75 1 56
37 75 2 36
37 75 3 42
37 76 0 42
37 76 1 19
37 76 2 40
37 76 3 14
37 77 0 40
37 77 1 43
37 77 2 56
37 77 3 58
37 78 0 1
37 78 1 19
37 78 2 35
37 78 3 20
37 79 0 39
37 79 1 54
37 79 2 16
37 79 3 57
37 80 0 56
37 80 1 58
37 80 2 4
37 80 3 18
37 81 0 7
37 81 1 7
37 81 2 3
37 81 3 28
37 82 0 5
37 82 1 18
37 82 2 62
37 82 3 56
37 83 0 59
37 83 1 2
37 83 2 42
37 83 3 40
37 84 0 8
37 84 1 57
37 84 2 25
37 84 3 62
37 85 0 7
37 85 1 41
37 85 2 8
37 85 3 60
37 86 0 38
37 86 1 4
37 86 2 13
37 86 3 22
37 87 0 0
37 87 1 0
37 87 2 59
37 87 3 62
37 88 0 34
37 88 1 57
37 88 2 41
37 88 3 1
37 89 0 45
37 89 1 1
37 89 2 52
37 89 3 23
37 90 0 9
37 90 1 16
37 90 2 43
37 90 3 54
37 91 0 36
37 91 1 10
37 91 2 57
37 91 3 50
37 92 0 26
37 92 1 35
37 92 2 61
37 92 3 24
37 93 0 1
37 93 1 9
37 93 2 38
37 93 3 63
37 94 0 47
37 94 1 39
37 94 2 20
37 94 3 28
37 95 0 2
37 95 1 23
37 95 2 39
37 95 3 57
37 96 0 59
37 96 1 52
37 96 2 1
37 96 3 51
37 97 0 13
37 97 1 39
37 97 2 60
37 97 3 56
37 98 0 42
37 98 1 19
37 98 2 33
37 98 3 45
37 99 0 32
37 99 1 25
37 99 2 25
37 99 3 38
38 0 0 2
38 0 1 63
38 0 2 6
38 0 3 63
38 1 0 2
38 1 1 32
38 1 2 26
38 1 3 36
38 2 0 27
38 2 1 57
38 2 2 1
38 2 3 63
38 3 0 44
38 3 1 49
38 3 2 8
38 3 3 4
38 4 0 25
38 4 1 20
38 4 2 50
38 4 3 57
38 5 0 27
38 5 1 49
38 5 2 3
38 5 3 47
38 6 0 6
38 6 1 42
38 6 2 24
38 6 3 26
38 7 0 17
38 7 1 25
38 7 2 55
38 7 3 51
38 8 0 21
38 8 1 18
38 8 2 32
38 8 3 43
38 9 0 11
38 9 1 46
38 9 2 60
38 9 3 54
38 10 0 35
38 10 1 20
38 10 2 20
38 10 3 47
38 11 0 29
38 11 1 6
38 11 2 43
38 11 3 8
38 12 0 63
38 12 1 26
38 12 2 21
38 12 3 3
38 13 0 10
38 13 1 60
38 13 2 34
38 13 3 57
38 14 0 61
38 14 1 3
38 14 2 24
38 14 3 53
38 15 0 31
38 15 1 32
38 15 2 36
38 15 3 44
38 16 0 60
38 16 1 56
38 16 2 40
38 16 3 36
38 17 0 23
38 17 1 7
38 17 2 45
38 17 3 0
38 18 0 44
38 18 1 31
38 18 2 50
38 18 3 60
38 19 0 35
38 19 1 36
38 19 2 31
38 19 3 23
38 20 0 5
38 20 1 1
38 20 2 46
38 20 3 58
38 21 0 3
38 21 1 20
38 21 2 38
38 21 3 45
38 22 0 47
38 22 1 44
38 22 2 5
38 22 3 16
38 23 0 30
38 23 1 4
38 23 2 21
38 23 3 24
38 24 0 62
38 24 1 20
38 24 2 62
38 24 3 44
38 25 0 44
38 25 1 52
38 25 2 53
38 25 3 14
38 26 0 26
38 26 1 33
38 26 2 62
38 26 3 2
38 27 0 30
38 27 1 13
38 27 2 13
38 27 3 48
38 28 0 12
38 28 1 50
38 28 2 63
38 28 3 49
38 29 0 10
38 29 1 9
38 29 2 27
38 29 3 35
38 30 0 49
38 30 1 27
38 30 2 10
38 30 3 63
38 31 0 57
38 31 1 41
38 31 2 44
38 31 3 59
38 32 0 30
38 32 1 9
38 32 2 38
38 32 3 28
38 33 0 51
38 33 1 49
38 33 2 30
38 33 3 23
38 34 0 27
38 34 1 40
38 34 2 40
38 34 3 32
38 35 0 34
38 35 1 63
38 35 2 16
38 35 3 11
38 36 0 51
38 36 1 59
38 36 2 38
38 36 3 25
38 37 0 22
38 37 1 29
38 37 2 3
38 37 3 33
38 38 0 17
38 38 1 16
38 38 2 35
38 38 3 61
38 39 0 13
38 39 1 58
38 39 2 33
38 39 3 62
38 40 0 24
38 40 1 63
38 40 2 42
38 40 3 42
38 41 0 36
38 41 1 28
38 41 2 33
38 41 3 54
38 42 0 50
38 42 1 1
38 42 2 44
38 42 3 53
38 43 0 47
38 43 1 31
38 43 2 21
38 43 3 43
38 44 0 42
38 44 1 23
38 44 2 26
38 44 3 23
38 45 0 2
38 45 1 2
38 45 2 5
38 45 3 27
38 46 0 32
38 46 1 26
38 46 2 61
38 46 3 14
38 47 0 25
38 47 1 15
38 47 2 19
38 47 3 37
38 48 0 19
38 48 1 20
38 48 2 42
38 48 3 53
38 49 0 13
38 49 1 7
38 49 2 15
38 49 3 36
38 50 0 61
38 50 1 10
38 50 2 2
38 50 3 33
38 51 0 63
38 51 1 35
38 51 2 59
38 51 3 41
38 52 0 2
38 52 1 27
38 52 2 49
38 52 3 32
38 53 0 12
38 53 1 11
38 53 2 42
38 53 3 29
38 54 0 36
38 54 1 23
38 54 2 21
38 54 3 42
38 55 0 0
38 55 1 27
38 55 2 23
38 55 3 49
38 56 0 46
38 56 1 27
38 56 2 16
38 56 3 15
38 57 0 13
38 57 1 17
38 57 2 48
38 57 3 2
38 58 0 1
38 58 1 34
38 58 2 14
38 58 3 53
38 59 0 48
38 59 1 49
38 59 2 29
38 59 3 28
38 60 0 27
38 60 1 12
38 60 2 36
38 60 3 55
38 61 0 16
38 61 1 3
38 61 2 36
38 61 3 25
38 62 0 51
38 62 1 54
38 62 2 60
38 62 3 25
38 63 0 57
38 63 1 7
38 63 2 23
38 63 3 17
38 64 0 59
38 64 1 38
38 64 2 23
38 64 3 9
38 65 0 50
38 65 1 41
38 65 2 54
38 65 3 28
38 66 0 9
38 66 1 21
38 66 2 39
38 66 3 15
38 67 0 4
38 67 1 52
38 67 2 33
38 67 3 25
38 68 0 35
38 68 1 47
38 68 2 0
38 68 3 28
38 69 0 16
38 69 1 5
38 69 2 2
38 69 3 28
38 70 0 34
38 70 1 32
38 70 2 50
38 70 3 29
38 71 0 37
38 71 1 52
38 71 2 42
38 71 3 58
38 72 0 14
38 72 1 50
38 72 2 44
38 72 3 37
38 73 0 0
38 73 1 34
38 73 2 54
38 73 3 41
38 74 0 0
38 74 1 18
38 74 2 36
38 74 3 51
38 75 0 28
38 75 1 54
38 75 2 50
38 75 3 17
38 76 0 12
38 76 1 57
38 76 2 37
38 76 3 54
38 77 0 59
38 77 1 27
38 77 2 2
38 77 3 58
38 78 0 37
38 78 1 7
38 78 2 33
38 78 3 1
38 79 0 18
38 79 1 22
38 79 2 29
38 79 3 36
38 80 0 53
38 80 1 22
38 80 2 47
38 80 3 60
38 81 0 47
38 81 1 16
38 81 2 43
38 81 3 17
38 82 0 30
38 82 1 40
38 82 2 18
38 82 3 0
38 83 0 53
38 83 1 46
38 83 2 7
38 83 3 24
38 84 0 16
38 84 1 62
38 84 2 60
38 84 3 44
38 85 0 28
38 85 1 3
38 85 2 15
38 85 3 5
38 86 0 50
38 86 1 5
38 86 2 43
38 86 3 60
38 87 0 19
38 87 1 43
38 87 2 56
38 87 3 27
38 88 0 28
38 88 1 12
38 88 2 27
38 88 3 55
38 89 0 42
38 89 1 12
38 89 2 33
38 89 3 45
38 90 0 4
38 90 1 48
38 90 2 12
38 90 3 18
38 91 0 26
38 91 1 32
38 91 2 58
38 91 3 14
38 92 0 16
38 92 1 24
38 92 2 54
38 92 3 61
38 93 0 29
38 93 1 44
38 93 2 58
38 93 3 54
38 94 0 43
38 94 1 34
38 94 2 62
38 94 3 15
38 95 0 23
38 95 1 45
38 95 2 1
38 95 3 32
38 96 0 54
38 96 1 11
38 96 2 51
38 96 3 26
38 97 0 55
38 97 1 40
38 97 2 10
38 97 3 47
38 98 0 3
38 98 1 15
38 98 2 56
38 98 3 56
38 99 0 2
38 99 1 24
38 99 2 6
38 99 3 17
39 0 0 61
39 0 1 12
39 0 2 41
39 0 3 51
39 1 0 56
39 1 1 22
39 1 2 44
39 1 3 30
39 2 0 6
39 2 1 14
39 2 2 47
39 2 3 43
39 3 0 33
39 3 1 49
39 3 2 44
39 3 3 21
39 4 0 18
39 4 1 60
39 4 2 62
39 4 3 1
39 5 0 50
39 5 1 8
39 5 2 55
39 5 3 37
39 6 0 44
39 6 1 44
39 6 2 38
39 6 3 16
39 7 0 51
39 7 1 35
39 7 2 34
39 7 3 20
39 8 0 0
39 8 1 35
39 8 2 22
39 8 3 42
39 9 0 23
39 9 1 62
39 9 2 43
39 9 3 29
39 10 0 45
39 10 1 41
39 10 2 39
39 10 3 36
39 11 0 59
39 11 1 20
39 11 2 27
39 11 3 16
39 12 0 36
39 12 1 63
39 12 2 38
39 12 3 13
39 13 0 58
39 13 1 50
39 13 2 28
39 13 3 9
39 14 0 25
39 14 1 51
39 14 2 36
39 14 3 11
39 15 0 10
39 15 1 61
39 15 2 28
39 15 3 43
39 16 0 23
39 16 1 5
39 16 2 26
39 16 3 44
39 17 0 21
39 17 1 38
39 17 2 28
39 17 3 21
39 18 0 16
39 18 1 16
39 18 2 16
39 18 3 46
39 19 0 21
39 19 1 47
39 19 2 19
39 19 3 20
39 20 0 59
39 20 1 56
39 20 2 25
39 20 3 17
39 21 0 45
39 21 1 4
39 21 2 29
39 21 3 38
39 22 0 43
39 22 1 6
39 22 2 0
39 22 3 17
39 23 0 7
39 23 1 32
39 23 2 58
39 23 3 18
39 24 0 29
39 24 1 13
39 24 2 2
39 24 3 45
39 25 0 16
39 25 1 35
39 25 2 43
39 25 3 53
39 26 0 11
39 26 1 37
39 26 2 58
39 26 3 30
39 27 0 2
39 27 1 16
39 27 2 50
39 27 3 50
39 28 0 20
39 28 1 12
39 28 2 18
39 28 3 15
39 29 0 47
39 29 1 53
39 29 2 2
39 29 3 47
39 30 0 48
39 30 1 39
39 30 2 55
39 30 3 2
39 31 0 44
39 31 1 8
39 31 2 57
39 31 3 31
39 32 0 5
39 32 1 47
39 32 2 47
39 32 3 29
39 33 0 19
39 33 1 1
39 33 2 58
39 33 3 11
39 34 0 53
39 34 1 37
39 34 2 43
39 34 3 44
39 35 0 54
39 35 1 2
39 35 2 63
39 35 3 2
39 36 0 63
39 36 1 16
39 36 2 54
39 36 3 5
39 37 0 29
39 37 1 34
39 37 2 61
39 37 3 7
39 38 0 2
39 38 1 41
39 38 2 3
39 38 3 49
39 39 0 2
39 39 1 62
39 39 2 34
39 39 3 60
39 40 0 8
39 40 1 17
39 40 2 29
39 40 3 1
39 41 0 6
39 41 1 21
39 41 2 47
39 41 3 45
39 42 0 5
39 42 1 3
39 42 2 41
39 42 3 23
39 43 0 50
39 43 1 19
39 43 2 23
39 43 3 14
39 44 0 17
39 44 1 45
39 44 2 30
39 44 3 42
39 45 0 5
39 45 1 34
39 45 2 29
39 45 3 58
39 46 0 27
39 46 1 6
39 46 2 44
39 46 3 9
39 47 0 58
39 47 1 24
39 47 2 50
39 47 3 41
39 48 0 29
39 48 1 37
39 48 2 11
39 48 3 4
39 49 0 49
39 49 1 61
39 49 2 55
39 49 3 19
39 50 0 22
39 50 1 22
39 50 2 44
39 50 3 39
39 51 0 50
39 51 1 60
39 51 2 25
39 51 3 42
39 52 0 32
39 52 1 61
39 52 2 22
39 52 3 12
39 53 0 24
39 53 1 39
39 53 2 61
39 53 3 53
39 54 0 1
39 54 1 32
39 54 2 10
39 54 3 23
39 55 0 60
39 55 1 63
39 55 2 9
39 55 3 9
39 56 0 44
39 56 1 26
39 56 2 27
39 56 3 55
39 57 0 58
39 57 1 57
39 57 2 50
39 57 3 62
39 58 0 46
39 58 1 56
39 58 2 34
39 58 3 3
39 59 0 52
39 59 1 59
39 59 2 19
39 59 3 27
39 60 0 36
39 60 1 41
39 60 2 43
39 60 3 25
39 61 0 54
39 61 1 52
39 61 2 60
39 61 3 36
39 62 0 4
39 62 1 54
39 62 2 5
39 62 3 12
39 63 0 18
39 63 1 11
39 63 2 46
39 63 3 28
39 64 0 14
39 64 1 0
39 64 2 13
39 64 3 44
39 65 0 50
39 65 1 18
39 65 2 4
39 65 3 35
39 66 0 50
39 66 1 4
39 66 2 50
39 66 3 10
39 67 0 16
39 67 1 39
39 67 2 3
39 67 3 19
39 68 0 8
39 68 1 13
39 68 2 49
39 68 3 14
39 69 0 2
39 69 1 13
39 69 2 5
39 69 3 39
39 70 0 62
39 70 1 10
39 70 2 46
39 70 3 23
39 71 0 4
39 71 1 44
39 71 2 13
39 71 3 32
39 72 0 32
39 72 1 38
39 72 2 8
39 72 3 16
39 73 0 47
39 73 1 59
39 73 2 0
39 73 3 26
39 74 0 56
39 74 1 18
39 74 2 28
39 74 3 57
39 75 0 62
39 75 1 41
39 75 2 44
39 75 3 39
39 76 0 18
39 76 1 56
39 76 2 2
39 76 3 3
39 77 0 38
39 77 1 53
39 77 2 52
39 77 3 43
39 78 0 24
39 78 1 23
39 78 2 27
39 78 3 16
39 79 0 26
39 79 1 6
39 79 2 20
39 79 3 60
39 80 0 45
39 80 1 9
39 80 2 18
39 80 3 16
39 81 0 18
39 81 1 44
39 81 2 57
39 81 3 45
39 82 0 31
39 82 1 10
39 82 2 9
39 82 3 52
39 83 0 43
39 83 1 32
39 83 2 36
39 83 3 54
39 84 0 52
39 84 1 5
39 84 2 25
39 84 3 2
39 85 0 24
39 85 1 40
39 85 2 13
39 85 3 9
39 86 0 31
39 86 1 33
39 86 2 45
39 86 3 0
39 87 0 15
39 87 1 49
39 87 2 43
39 87 3 57
39 88 0 52
39 88 1 53
39 88 2 32
39 88 3 61
39 89 0 26
39 89 1 57
39 89 2 25
39 89 3 28
39 90 0 43
39 90 1 25
39 90 2 9
39 90 3 57
39 91 0 28
39 91 1 59
39 91 2 25
39 91 3 62
39 92 0 38
39 92 1 49
39 92 2 48
39 92 3 12
39 93 0 52
39 93 1 60
39 93 2 42
39 93 3 60
39 94 0 54
39 94 1 42
39 94 2 30
39 94 3 54
39 95 0 11
39 95 1 35
39 95 2 52
39 95 3 60
39 96 0 17
39 96 1 6
39 96 2 21
39 96 3 55
39 97 0 33
39 97 1 3
39 97 2 7
39 97 3 21
39 98 0 21
39 98 1 8
39 98 2 31
39 98 3 30
39 99 0 12
39 99 1 14
39 99 2 42
39 99 3 60
40 0 0 63
40 0 1 35
40 0 2 2
40 0 3 57
40 1 0 60
40 1 1 17
40 1 2 25
40 1 3 1
40 2 0 51
40 2 1 49
40 2 2 1
40 2 3 44
40 3 0 26
40 3 1 34
40 3 2 13
40 3 3 52
40 4 0 25
40 4 1 53
40 4 2 9
40 4 3 37
40 5 0 19
40 5 1 61
40 5 2 35
40 5 3 46
40 6 0 5
40 6 1 43
40 6 2 6
40 6 3 23
40 7 0 14
40 7 1 0
40 7 2 37
40 7 3 15
40 8 0 32
40 8 1 48
40 8 2 11
40 8 3 45
40 9 0 19
40 9 1 21
40 9 2 36
40 9 3 40
40 10 0 41
40 10 1 12
40 10 2 37
40 10 3 16
40 11 0 17
40 11 1 60
40 11 2 6
40 11 3 26
40 12 0 28
40 12 1 15
40 12 2 50
40 12 3 31
40 13 0 46
40 13 1 24
40 13 2 57
40 13 3 46
40 14 0 21
40 14 1 61
40 14 2 55
40 14 3 37
40 15 0 1
40 15 1 37
40 15 2 44
40 15 3 23
40 16 0 9
40 16 1 36
40 16 2 51
40 16 3 20
40 17 0 29
40 17 1 0
40 17 2 45
40 17 3 55
40 18 0 49
40 18 1 27
40 18 2 2
40 18 3 31
40 19 0 60
40 19 1 5
40 19 2 13
40 19 3 53
40 20 0 36
40 20 1 10
40 20 2 1
40 20 3 26
40 21 0 38
40 21 1 53
40 21 2 56
40 21 3 29
40 22 0 27
40 22 1 59
40 22 2 49
40 22 3 13
40 23 0 43
40 23 1 45
40 23 2 14
40 23 3 62
40 24 0 18
40 24 1 35
40 24 2 31
40 24 3 44
40 25 0 57
40 25 1 25
40 25 2 24
40 25 3 48
40 26 0 60
40 26 1 58
40 26 2 48
40 26 3 44
40 27 0 49
40 27 1 59
40 27 2 0
40 27 3 37
40 28 0 2
40 28 1 36
40 28 2 25
40 28 3 19
40 29 0 57
40 29 1 45
40 29 2 36
40 29 3 56
40 30 0 6
40 30 1 41
40 30 2 9
40 30 3 14
40 31 0 11
40 31 1 34
40 31 2 40
40 31 3 48
40 32 0 28
40 32 1 60
40 32 2 23
40 32 3 10
40 33 0 2
40 33 1 8
40 33 2 28
40 33 3 26
40 34 0 54
40 34 1 8
40 34 2 16
40 34 3 62
40 35 0 1
40 35 1 27
40 35 2 12
40 35 3 34
40 36 0 62
40 36 1 14
40 36 2 23
40 36 3 28
40 37 0 51
40 37 1 63
40 37 2 6
40 37 3 31
40 38 0 48
40 38 1 0
40 38 2 51
40 38 3 15
40 39 0 33
40 39 1 62
40 39 2 40
40 39 3 63
40 40 0 38
40 40 1 13
40 40 2 44
40 40 3 39
40 41 0 19
40 41 1 4
40 41 2 41
40 41 3 36
40 42 0 49
40 42 1 8
40 42 2 34
40 42 3 52
40 43 0 57
40 43 1 60
40 43 2 13
40 43 3 11
40 44 0 36
40 44 1 29
40 44 2 14
40 44 3 6
40 45 0 9
40 45 1 21
40 45 2 47
40 45 3 4
40 46 0 6
40 46 1 16
40 46 2 55
40 46 3 63
40 47 0 28
40 47 1 2
40 47 2 0
40 47 3 54
40 48 0 28
40 48 1 4
40 48 2 53
40 48 3 33
40 49 0 22
40 49 1 28
40 49 2 14
40 49 3 59
40 50 0 50
40 50 1 12
40 50 2 47
40 50 3 11
40 51 0 29
40 51 1 47
40 51 2 2
40 51 3 46
40 52 0 14
40 52 1 44
40 52 2 31
40 52 3 1
40 53 0 48
40 53 1 16
40 53 2 60
40 53 3 53
40 54 0 12
40 54 1 38
40 54 2 23
40 54 3 38
40 55 0 35
40 55 1 18
40 55 2 41
40 55 3 16
40 56 0 58
40 56 1 60
40 56 2 10
40 56 3 46
40 57 0 59
40 57 1 8
40 57 2 47
40 57 3 60
40 58 0 14
40 58 1 37
40 58 2 51
40 58 3 21
40 59 0 15
40 59 1 25
40 59 2 21
40 59 3 46
40 60 0 23
40 60 1 24
40 60 2 60
40 60 3 37
40 61 0 59
40 61 1 45
40 61 2 56
40 61 3 12
40 62 0 60
40 62 1 60
40 62 2 2
40 62 3 22
40 63 0 26
40 63 1 26
40 63 2 49
40 63 3 44
40 64 0 13
40 64 1 38
40 64 2 62
40 64 3 28
40 65 0 59
40 65 1 41
40 65 2 59
40 65 3 57
40 66 0 1
40 66 1 51
40 66 2 12
40 66 3 52
40 67 0 51
40 67 1 16
40 67 2 4
40 67 3 26
40 68 0 19
40 68 1 35
40 68 2 5
40 68 3 2
40 69 0 27
40 69 1 49
40 69 2 20
40 69 3 20
40 70 0 10
40 70 1 18
40 70 2 19
40 70 3 16
40 71 0 21
40 71 1 18
40 71 2 43
40 71 3 21
40 72 0 48
40 72 1 38
40 72 2 40
40 72 3 37
40 73 0 59
40 73 1 16
40 73 2 62
40 73 3 13
40 74 0 8
40 74 1 52
40 74 2 57
40 74 3 5
40 75 0 38
40 75 1 32
40 75 2 14
40 75 3 33
40 76 0 43
40 76 1 36
40 76 2 33
40 76 3 56
40 77 0 14
40 77 1 39
40 77 2 20
40 77 3 62
40 78 0 16
40 78 1 55
40 78 2 40
40 78 3 13
40 79 0 48
40 79 1 15
40 79 2 16
40 79 3 22
40 80 0 43
40 80 1 25
40 80 2 36
40 80 3 35
40 81 0 12
40 81 1 14
40 81 2 19
40 81 3 14
40 82 0 58
40 82 1 24
40 82 2 25
40 82 3 43
40 83 0 50
40 83 1 44
40 83 2 35
40 83 3 62
40 84 0 57
40 84 1 12
40 84 2 10
40 84 3 25
40 85 0 53
40 85 1 61
40 85 2 44
40 85 3 44
40 86 0 14
40 86 1 37
40 86 2 11
40 86 3 34
40 87 0 12
40 87 1 4
40 87 2 61
40 87 3 57
40 88 0 43
40 88 1 40
40 88 2 15
40 88 3 36
40 89 0 47
40 89 1 34
40 89 2 18
40 89 3 25
40 90 0 53
40 90 1 16
40 90 2 61
40 90 3 48
40 91 0 56
40 91 1 32
40 91 2 14
40 91 3 2
40 92 0 34
40 92 1 25
40 92 2 7
40 92 3 59
40 93 0 62
40 93 1 23
40 93 2 42
40 93 3 26
40 94 0 31
40 94 1 39
40 94 2 26
40 94 3 51
40 95 0 12
40 95 1 42
40 95 2 62
40 95 3 54
40 96 0 2
40 96 1 7
40 96 2 40
40 96 3 59
40 97 0 54
40 97 1 57
40 97 2 9
40 97 3 33
40 98 0 46
40 98 1 39
40 98 2 49
40 98 3 13
40 99 0 29
40 99 1 28
40 99 2 60
40 99 3 12
41 0 0 20
41 0 1 1
41 0 2 9
41 0 3 62
41 1 0 54
41 1 1 16
41 1 2 44
41 1 3 37
41 2 0 58
41 2 1 19
41 2 2 63
41 2 3 23
41 3 0 45
41 3 1 25
41 3 2 42
41 3 3 21
41 4 0 53
41 4 1 40
41 4 2 18
41 4 3 61
41 5 0 45
41 5 1 27
41 5 2 8
41 5 3 62
41 6 0 48
41 6 1 42
41 6 2 53
41 6 3 38
41 7 0 14
41 7 1 15
41 7 2 5
41 7 3 4
41 8 0 46
41 8 1 54
41 8 2 10
41 8 3 36
41 9 0 7
41 9 1 26
41 9 2 50
41 9 3 51
41 10 0 60
41 10 1 19
41 10 2 60
41 10 3 50
41 11 0 21
41 11 1 20
41 11 2 6
41 11 3 58
41 12 0 13
41 12 1 17
41 12 2 26
41 12 3 8
41 13 0 51
41 13 1 44
41 13 2 10
41 13 3 10
41 14 0 1
41 14 1 60
41 14 2 27
41 14 3 41
41 15 0 9
41 15 1 14
41 15 2 34
41 15 3 13
41 16 0 39
41 16 1 59
41 16 2 19
41 16 3 38
41 17 0 58
41 17 1 57
41 17 2 0
41 17 3 7
41 18 0 63
41 18 1 59
41 18 2 20
41 18 3 33
41 19 0 36
41 19 1 42
41 19 2 48
41 19 3 23
41 20 0 56
41 20 1 3
41 20 2 2
41 20 3 61
41 21 0 11
41 21 1 63
41 21 2 18
41 21 3 23
41 22 0 1
41 22 1 60
41 22 2 22
41 22 3 10
41 23 0 30
41 23 1 9
41 23 2 50
41 23 3 4
41 24 0 31
41 24 1 25
41 24 2 2
41 24 3 3
41 25 0 33
41 25 1 25
41 25 2 8
41 25 3 8
41 26 0 51
41 26 1 46
41 26 2 38
41 26 3 53
41 27 0 4
41 27 1 44
41 27 2 48
41 27 3 12
41 28 0 34
41 28 1 49
41 28 2 38
41 28 3 15
41 29 0 42
41 29 1 48
41 29 2 0
41 29 3 36
41 30 0 32
41 30 1 23
41 30 2 2
41 30 3 5
41 31 0 48
41 31 1 52
41 31 2 26
41 31 3 60
41 32 0 59
41 32 1 42
41 32 2 37
41 32 3 61
41 33 0 39
41 33 1 59
41 33 2 62
41 33 3 12
41 34 0 42
41 34 1 46
41 34 2 52
41 34 3 22
41 35 0 55
41 35 1 31
41 35 2 24
41 35 3 10
41 36 0 20
41 36 1 62
41 36 2 45
41 36 3 46
41 37 0 57
41 37 1 17
41 37 2 42
41 37 3 23
41 38 0 54
41 38 1 27
41 38 2 54
41 38 3 47
41 39 0 49
41 39 1 59
41 39 2 50
41 39 3 20
41 40 0 33
41 40 1 30
41 40 2 4
41 40 3 37
41 41 0 27
41 41 1 25
41 41 2 7
41 41 3 32
41 42 0 37
41 42 1 6
41 42 2 40
41 42 3 10
41 43 0 9
41 43 1 25
41 43 2 24
41 43 3 58
41 44 0 4
41 44 1 22
41 44 2 47
41 44 3 15
41 45 0 62
41 45 1 47
41 45 2 60
41 45 3 60
41 46 0 6
41 46 1 29
41 46 2 47
41 46 3 0
41 47 0 28
41 47 1 44
41 47 2 50
41 47 3 26
41 48 0 55
41 48 1 43
41 48 2 2
41 48 3 17
41 49 0 60
41 49 1 0
41 49 2 6
41 49 3 22
41 50 0 63
41 50 1 45
41 50 2 9
41 50 3 25
41 51 0 60
41 51 1 14
41 51 2 36
41 51 3 29
41 52 0 48
41 52 1 48
41 52 2 53
41 52 3 7
41 53 0 29
41 53 1 44
41 53 2 26
41 53 3 42
41 54 0 40
41 54 1 23
41 54 2 6
41 54 3 62
41 55 0 52
41 55 1 57
41 55 2 19
41 55 3 20
41 56 0 20
41 56 1 1
41 56 2 10
41 56 3 19
41 57 0 63
41 57 1 13
41 57 2 32
41 57 3 35
41 58 0 23
41 58 1 58
41 58 2 5
41 58 3 55
41 59 0 47
41 59 1 19
41 59 2 49
41 59 3 27
41 60 0 62
41 60 1 2
41 60 2 1
41 60 3 34
41 61 0 59
41 61 1 4
41 61 2 49
41 61 3 60
41 62 0 31
41 62 1 55
41 62 2 48
41 62 3 13
41 63 0 54
41 63 1 44
41 63 2 0
41 63 3 36
41 64 0 41
41 64 1 51
41 64 2 49
41 64 3 30
41 65 0 19
41 65 1 12
41 65 2 5
41 65 3 40
41 66 0 61
41 66 1 5
41 66 2 44
41 66 3 37
41 67 0 11
41 67 1 13
41 67 2 18
41 67 3 43
41 68 0 19
41 68 1 52
41 68 2 23
41 68 3 7
41 69 0 6
41 69 1 25
41 69 2 26
41 69 3 46
41 70 0 30
41 70 1 10
41 70 2 13
41 70 3 36
41 71 0 21
41 71 1 42
41 71 2 59
41 71 3 22
41 72 0 35
41 72 1 53
41 72 2 13
41 72 3 32
41 73 0 19
41 73 1 40
41 73 2 47
41 73 3 9
41 74 0 11
41 74 1 1
41 74 2 0
41 74 3 3
41 75 0 45
41 75 1 57
41 75 2 26
41 75 3 56
41 76 0 46
41 76 1 51
41 76 2 47
41 76 3 12
41 77 0 33
41 77 1 33
41 77 2 41
41 77 3 50
41 78 0 7
41 78 1 43
41 78 2 53
41 78 3 7
41 79 0 26
41 79 1 57
41 79 2 1
41 79 3 10
41 80 0 51
41 80 1 10
41 80 2 44
41 80 3 57
41 81 0 31
41 81 1 31
41 81 2 27
41 81 3 23
41 82 0 24
41 82 1 35
41 82 2 57
41 82 3 62
41 83 0 55
41 83 1 7
41 83 2 19
41 83 3 48
41 84 0 34
41 84 1 21
41 84 2 19
41 84 3 7
41 85 0 21
41 85 1 27
41 85 2 26
41 85 3 35
41 86 0 17
41 86 1 13
41 86 2 56
41 86 3 25
41 87 0 16
41 87 1 40
41 87 2 34
41 87 3 36
41 88 0 14
41 88 1 46
41 88 2 12
41 88 3 53
41 89 0 27
41 89 1 26
41 89 2 24
41 89 3 27
41 90 0 42
41 90 1 31
41 90 2 8
41 90 3 36
41 91 0 17
41 91 1 6
41 91 2 53
41 91 3 20
41 92 0 38
41 92 1 11
41 92 2 21
41 92 3 24
41 93 0 8
41 93 1 62
41 93 2 19
41 93 3 37
41 94 0 36
41 94 1 27
41 94 2 37
41 94 3 36
41 95 0 5
41 95 1 42
41 95 2 7
41 95 3 27
41 96 0 23
41 96 1 28
41 96 2 4
41 96 3 44
41 97 0 26
41 97 1 3
41 97 2 0
41 97 3 34
41 98 0 42
41 98 1 35
41 98 2 46
41 98 3 48
41 99 0 55
41 99 1 62
41 99 2 56
41 99 3 50
42 0 0 27
42 0 1 32
42 0 2 39
42 0 3 10
42 1 0 43
42 1 1 37
42 1 2 33
42 1 3 53
42 2 0 43
42 2 1 59
42 2 2 62
42 2 3 52
42 3 0 19
42 3 1 12
42 3 2 19
42 3 3 45
42 4 0 55
42 4 1 56
42 4 2 43
42 4 3 43
42 5 0 60
42 5 1 43
42 5 2 9
42 5 3 32
42 6 0 22
42 6 1 40
42 6 2 40
42 6 3 18
42 7 0 19
42 7 1 5
42 7 2 18
42 7 3 52
42 8 0 41
42 8 1 60
42 8 2 59
42 8 3 54
42 9 0 11
42 9 1 21
42 9 2 3
42 9 3 5
42 10 0 14
42 10 1 17
42 10 2 0
42 10 3 53
42 11 0 33
42 11 1 41
42 11 2 41
42 11 3 61
42 12 0 9
42 12 1 21
42 12 2 19
42 12 3 35
42 13 0 33
42 13 1 50
42 13 2 35
42 13 3 14
42 14 0 36
42 14 1 61
42 14 2 37
42 14 3 37
42 15 0 11
42 15 1 0
42 15 2 13
42 15 3 1
42 16 0 28
42 16 1 56
42 16 2 28
42 16 3 41
42 17 0 54
42 17 1 48
42 17 2 41
42 17 3 50
42 18 0 17
42 18 1 26
42 18 2 25
42 18 3 51
42 19 0 26
42 19 1 60
42 19 2 11
42 19 3 11
42 20 0 45
42 20 1 48
42 20 2 43
42 20 3 19
42 21 0 0
42 21 1 20
42 21 2 29
42 21 3 26
42 22 0 59
42 22 1 55
42 22 2 49
42 22 3 1
42 23 0 8
42 23 1 27
42 23 2 39
42 23 3 43
42 24 0 18
42 24 1 7
42 24 2 21
42 24 3 50
42 25 0 63
42 25 1 60
42 25 2 37
42 25 3 5
42 26 0 61
42 26 1 9
42 26 2 17
42 26 3 62
42 27 0 32
42 27 1 12
42 27 2 32
42 27 3 5
42 28 0 20
42 28 1 60
42 28 2 19
42 28 3 57
42 29 0 34
42 29 1 41
42 29 2 44
42 29 3 35
42 30 0 2
42 30 1 58
42 30 2 30
42 30 3 41
42 31 0 35
42 31 1 42
42 31 2 22
42 31 3 53
42 32 0 14
42 32 1 41
42 32 2 36
42 32 3 32
42 33 0 1
42 33 1 24
42 33 2 3
42 33 3 32
42 34 0 44
42 34 1 33
42 34 2 48
42 34 3 23
42 35 0 19
42 35 1 28
42 35 2 14
42 35 3 51
42 36 0 51
42 36 1 26
42 36 2 50
42 36 3 1
42 37 0 9
42 37 1 18
42 37 2 24
42 37 3 14
42 38 0 32
42 38 1 50
42 38 2 29
42 38 3 28
42 39 0 3
42 39 1 17
42 39 2 51
42 39 3 51
42 40 0 6
42 40 1 1
42 40 2 53
42 40 3 11
42 41 0 36
42 41 1 52
42 41 2 50
42 41 3 35
42 42 0 24
42 42 1 49
42 42 2 44
42 42 3 53
42 43 0 32
42 43 1 60
42 43 2 49
42 43 3 4
42 44 0 18
42 44 1 51
42 44 2 7
42 44 3 45
42 45 0 21
42 45 1 13
42 45 2 34
42 45 3 59
42 46 0 57
42 46 1 25
42 46 2 0
42 46 3 56
42 47 0 57
42 47 1 38
42 47 2 40
42 47 3 33
42 48 0 0
42 48 1 10
42 48 2 9
42 48 3 58
42 49 0 3
42 49 1 35
42 49 2 23
42 49 3 0
42 50 0 58
42 50 1 1
42 50 2 54
42 50 3 49
42 51 0 50
42 51 1 10
42 51 2 56
42 51 3 38
42 52 0 25
42 52 1 43
42 52 2 21
42 52 3 17
42 53 0 18
42 53 1 36
42 53 2 38
42 53 3 15
42 54 0 15
42 54 1 60
42 54 2 32
42 54 3 55
42 55 0 21
42 55 1 18
42 55 2 18
42 55 3 33
42 56 0 49
42 56 1 32
42 56 2 18
42 56 3 61
42 57 0 36
42 57 1 25
42 57 2 0
42 57 3 35
42 58 0 39
42 58 1 59
42 58 2 14
42 58 3 10
42 59 0 63
42 59 1 35
42 59 2 1
42 59 3 6
42 60 0 30
42 60 1 39
42 60 2 15
42 60 3 23
42 61 0 47
42 61 1 61
42 61 2 31
42 61 3 26
42 62 0 23
42 62 1 8
42 62 2 3
42 62 3 53
42 63 0 2
42 63 1 52
42 63 2 15
42 63 3 44
42 64 0 60
42 64 1 47
42 64 2 46
42 64 3 16
42 65 0 38
42 65 1 41
42 65 2 27
42 65 3 2
42 66 0 58
42 66 1 12
42 66 2 62
42 66 3 59
42 67 0 1
42 67 1 47
42 67 2 40
42 67 3 14
42 68 0 52
42 68 1 7
42 68 2 15
42 68 3 60
42 69 0 47
42 69 1 7
42 69 2 9
42 69 3 16
42 70 0 4
42 70 1 11
42 70 2 36
42 70 3 0
42 71 0 18
42 71 1 20
42 71 2 62
42 71 3 62
42 72 0 54
42 72 1 21
42 72 2 33
42 72 3 32
42 73 0 55
42 73 1 47
42 73 2 58
42 73 3 35
42 74 0 58
42 74 1 47
42 74 2 47
42 74 3 42
42 75 0 21
42 75 1 38
42 75 2 22
42 75 3 41
42 76 0 16
42 76 1 51
42 76 2 36
42 76 3 45
42 77 0 14
42 77 1 50
42 77 2 51
42 77 3 9
42 78 0 22
42 78 1 43
42 78 2 55
42 78 3 47
42 79 0 30
42 79 1 19
42 79 2 58
42 79 3 55
42 80 0 57
42 80 1 19
42 80 2 27
42 80 3 15
42 81 0 61
42 81 1 55
42 81 2 11
42 81 3 15
42 82 0 35
42 82 1 26
42 82 2 29
42 82 3 23
42 83 0 43
42 83 1 57
42 83 2 58
42 83 3 29
42 84 0 52
42 84 1 44
42 84 2 12
42 84 3 50
42 85 0 22
42 85 1 40
42 85 2 46
42 85 3 60
42 86 0 60
42 86 1 51
42 86 2 32
42 86 3 25
42 87 0 28
42 87 1 60
42 87 2 13
42 87 3 33
42 88 0 43
42 88 1 1
42 88 2 40
42 88 3 16
42 89 0 17
42 89 1 39
42 89 2 0
42 89 3 10
42 90 0 29
42 90 1 37
42 90 2 6
42 90 3 23
42 91 0 19
42 91 1 34
42 91 2 19
42 91 3 0
42 92 0 33
42 92 1 54
42 92 2 37
42 92 3 23
42 93 0 30
42 93 1 8
42 93 2 15
42 93 3 28
42 94 0 37
42 94 1 31
42 94 2 61
42 94 3 40
42 95 0 1
42 95 1 33
42 95 2 37
42 95 3 2
42 96 0 24
42 96 1 55
42 96 2 22
42 96 3 29
42 97 0 14
42 97 1 4
42 97 2 20
42 97 3 49
42 98 0 62
42 98 1 42
42 98 2 53
42 98 3 41
42 99 0 42
42 99 1 27
42 99 2 3
42 99 3 26
43 0 0 55
43 0 1 34
43 0 2 48
43 0 3 3
43 1 0 12
43 1 1 19
43 1 2 22
43 1 3 63
43 2 0 29
43 2 1 42
43 2 2 41
43 2 3 26
43 3 0 61
43 3 1 14
43 3 2 2
43 3 3 47
43 4 0 41
43 4 1 16
43 4 2 55
43 4 3 10
43 5 0 16
43 5 1 9
43 5 2 11
43 5 3 46
43 6 0 45
43 6 1 41
43 6 2 55
43 6 3 4
43 7 0 39
43 7 1 7
43 7 2 61
43 7 3 40
43 8 0 48
43 8 1 36
43 8 2 24
43 8 3 43
43 9 0 53
43 9 1 11
43 9 2 55
43 9 3 46
43 10 0 5
43 10 1 59
43 10 2 11
43 10 3 38
43 11 0 8
43 11 1 12
43 11 2 41
43 11 3 43
43 12 0 43
43 12 1 21
43 12 2 52
43 12 3 3
43 13 0 54
43 13 1 19
43 13 2 39
43 13 3 57
43 14 0 16
43 14 1 26
43 14 2 53
43 14 3 55
43 15 0 15
43 15 1 32
43 15 2 21
43 15 3 33
43 16 0 24
43 16 1 0
43 16 2 59
43 16 3 40
43 17 0 29
43 17 1 6
43 17 2 4
43 17 3 30
43 18 0 41
43 18 1 16
43 18 2 47
43 18 3 25
43 19 0 0
43 19 1 34
43 19 2 11
43 19 3 0
43 20 0 8
43 20 1 18
43 20 2 32
43 20 3 63
43 21 0 13
43 21 1 3
43 21 2 12
43 21 3 20
43 22 0 13
43 22 1 20
43 22 2 62
43 22 3 24
43 23 0 40
43 23 1 43
43 23 2 8
43 23 3 15
43 24 0 26
43 24 1 29
43 24 2 0
43 24 3 41
43 25 0 19
43 25 1 20
43 25 2 38
43 25 3 60
43 26 0 55
43 26 1 62
43 26 2 26
43 26 3 7
43 27 0 13
43 27 1 22
43 27 2 19
43 27 3 13
43 28 0 9
43 28 1 11
43 28 2 42
43 28 3 31
43 29 0 2
43 29 1 36
43 29 2 53
43 29 3 27
43 30 0 20
43 30 1 17
43 30 2 24
43 30 3 17
43 31 0 59
43 31 1 63
43 31 2 21
43 31 3 59
43 32 0 54
43 32 1 4
43 32 2 31
43 32 3 42
43 33 0 27
43 33 1 29
43 33 2 31
43 33 3 44
43 34 0 18
43 34 1 38
43 34 2 15
43 34 3 56
43 35 0 5
43 35 1 4
43 35 2 2
43 35 3 22
43 36 0 38
43 36 1 63
43 36 2 29
43 36 3 11
43 37 0 23
43 37 1 8
43 37 2 30
43 37 3 46
43 38 0 2
43 38 1 49
43 38 2 14
43 38 3 43
43 39 0 52
43 39 1 49
43 39 2 42
43 39 3 44
43 40 0 12
43 40 1 8
43 40 2 24
43 40 3 38
43 41 0 39
43 41 1 49
43 41 2 19
43 41 3 55
43 42 0 28
43 42 1 15
43 42 2 47
43 42 3 8
43 43 0 25
43 43 1 49
43 43 2 49
43 43 3 16
43 44 0 10
43 44 1 2
43 44 2 5
43 44 3 52
43 45 0 50
43 45 1 32
43 45 2 36
43 45 3 20
43 46 0 12
43 46 1 0
43 46 2 43
43 46 3 2
43 47 0 6
43 47 1 50
43 47 2 37
43 47 3 31
43 48 0 13
43 48 1 9
43 48 2 29
43 48 3 22
43 49 0 34
43 49 1 10
43 49 2 14
43 49 3 7
43 50 0 27
43 50 1 17
43 50 2 14
43 50 3 35
43 51 0 31
43 51 1 13
43 51 2 44
43 51 3 21
43 52 0 21
43 52 1 30
43 52 2 8
43 52 3 26
43 53 0 37
43 53 1 8
43 53 2 36
43 53 3 2
43 54 0 38
43 54 1 2
43 54 2 11
43 54 3 22
43 55 0 39
43 55 1 46
43 55 2 30
43 55 3 8
43 56 0 24
43 56 1 50
43 56 2 5
43 56 3 45
43 57 0 24
43 57 1 0
43 57 2 44
43 57 3 1
43 58 0 23
43 58 1 12
43 58 2 37
43 58 3 3
43 59 0 5
43 59 1 34
43 59 2 63
43 59 3 2
43 60 0 29
43 60 1 51
43 60 2 18
43 60 3 31
43 61 0 53
43 61 1 46
43 61 2 18
43 61 3 48
43 62 0 43
43 62 1 32
43 62 2 28
43 62 3 59
43 63 0 55
43 63 1 63
43 63 2 43
43 63 3 22
43 64 0 7
43 64 1 8
43 64 2 60
43 64 3 23
43 65 0 7
43 65 1 14
43 65 2 1
43 65 3 33
43 66 0 37
43 66 1 24
43 66 2 47
43 66 3 30
43 67 0 61
43 67 1 48
43 67 2 4
43 67 3 17
43 68 0 48
43 68 1 34
43 68 2 48
43 68 3 21
43 69 0 2
43 69 1 50
43 69 2 50
43 69 3 40
43 70 0 25
43 70 1 0
43 70 2 46
43 70 3 42
43 71 0 42
43 71 1 10
43 71 2 46
43 71 3 46
43 72 0 54
43 72 1 36
43 72 2 46
43 72 3 25
43 73 0 44
43 73 1 44
43 73 2 49
43 73 3 54
43 74 0 0
43 74 1 49
43 74 2 50
43 74 3 34
43 75 0 33
43 75 1 46
43 75 2 29
43 75 3 26
43 76 0 51
43 76 1 50
43 76 2 13
43 76 3 53
43 77 0 20
43 77 1 8
43 77 2 56
43 77 3 15
43 78 0 12
43 78 1 17
43 78 2 31
43 78 3 10
43 79 0 10
43 79 1 25
43 79 2 13
43 79 3 12
43 80 0 58
43 80 1 38
43 80 2 0
43 80 3 6
43 81 0 52
43 81 1 17
43 81 2 9
43 81 3 42
43 82 0 53
43 82 1 25
43 82 2 47
43 82 3 26
43 83 0 6
43 83 1 51
43 83 2 58
43 83 3 63
43 84 0 6
43 84 1 36
43 84 2 39
43 84 3 5
43 85 0 60
43 85 1 6
43 85 2 17
43 85 3 61
43 86 0 35
43 86 1 43
43 86 2 31
43 86 3 48
43 87 0 5
43 87 1 43
43 87 2 4
43 87 3 11
43 88 0 32
43 88 1 28
43 88 2 9
43 88 3 51
43 89 0 19
43 89 1 55
43 89 2 0
43 89 3 15
43 90 0 18
43 90 1 38
43 90 2 25
43 90 3 10
43 91 0 36
43 91 1 61
43 91 2 8
43 91 3 16
43 92 0 30
43 92 1 46
43 92 2 8
43 92 3 14
43 93 0 15
43 93 1 39
43 93 2 5
43 93 3 42
43 94 0 27
43 94 1 21
43 94 2 55
43 94 3 52
43 95 0 51
43 95 1 56
43 95 2 14
43 95 3 54
43 96 0 11
43 96 1 21
43 96 2 35
43 96 3 47
43 97 0 36
43 97 1 35
43 97 2 24
43 97 3 37
43 98 0 30
43 98 1 30
43 98 2 37
43 98 3 38
43 99 0 21
43 99 1 8
43 99 2 19
43 99 3 26
44 0 0 10
44 0 1 11
44 0 2 60
44 0 3 17
44 1 0 47
44 1 1 8
44 1 2 62
44 1 3 13
44 2 0 25
44 2 1 50
44 2 2 12
44 2 3 35
44 3 0 50
44 3 1 1
44 3 2 1
44 3 3 50
44 4 0 16
44 4 1 58
44 4 2 59
44 4 3 56
44 5 0 63
44 5 1 52
44 5 2 24
44 5 3 63
44 6 0 22
44 6 1 37
44 6 2 0
44 6 3 61
44 7 0 37
44 7 1 60
44 7 2 22
44 7 3 20
44 8 0 33
44 8 1 55
44 8 2 35
44 8 3 50
44 9 0 13
44 9 1 49
44 9 2 46
44 9 3 57
44 10 0 3
44 10 1 24
44 10 2 5
44 10 3 25
44 11 0 48
44 11 1 40
44 11 2 48
44 11 3 47
44 12 0 63
44 12 1 56
44 12 2 37
44 12 3 56
44 13 0 3
44 13 1 46
44 13 2 33
44 13 3 61
44 14 0 32
44 14 1 11
44 14 2 46
44 14 3 60
44 15 0 1
44 15 1 4
44 15 2 42
44 15 3 35
44 16 0 35
44 16 1 5
44 16 2 36
44 16 3 36
44 17 0 54
44 17 1 24
44 17 2 22
44 17 3 5
44 18 0 36
44 18 1 41
44 18 2 17
44 18 3 46
44 19 0 60
44 19 1 11
44 19 2 36
44 19 3 44
44 20 0 1
44 20 1 11
44 20 2 25
44 20 3 8
44 21 0 22
44 21 1 9
44 21 2 57
44 21 3 38
44 22 0 21
44 22 1 49
44 22 2 1
44 22 3 38
44 23 0 43
44 23 1 51
44 23 2 14
44 23 3 37
44 24 0 49
44 24 1 51
44 24 2 11
44 24 3 62
44 25 0 17
44 25 1 25
44 25 2 12
44 25 3 9
44 26 0 16
44 26 1 8
44 26 2 46
44 26 3 38
44 27 0 24
44 27 1 35
44 27 2 38
44 27 3 11
44 28 0 19
44 28 1 56
44 28 2 0
44 28 3 61
44 29 0 61
44 29 1 16
44 29 2 20
44 29 3 13
44 30 0 35
44 30 1 13
44 30 2 50
44 30 3 24
44 31 0 61
44 31 1 54
44 31 2 25
44 31 3 38
44 32 0 1
44 32 1 4
44 32 2 32
44 32 3 30
44 33 0 25
44 33 1 5
44 33 2 53
44 33 3 25
44 34 0 30
44 34 1 25
44 34 2 31
44 34 3 41
44 35 0 48
44 35 1 35
44 35 2 10
44 35 3 55
44 36 0 18
44 36 1 1
44 36 2 2
44 36 3 49
44 37 0 24
44 37 1 1
44 37 2 51
44 37 3 19
44 38 0 62
44 38 1 56
44 38 2 3
44 38 3 44
44 39 0 38
44 39 1 11
44 39 2 21
44 39 3 31
44 40 0 9
44 40 1 46
44 40 2 17
44 40 3 59
44 41 0 51
44 41 1 40
44 41 2 7
44 41 3 1
44 42 0 9
44 42 1 31
44 42 2 50
44 42 3 9
44 43 0 45
44 43 1 3
44 43 2 16
44 43 3 38
44 44 0 53
44 44 1 49
44 44 2 34
44 44 3 2
44 45 0 18
44 45 1 50
44 45 2 5
44 45 3 45
44 46 0 45
44 46 1 48
44 46 2 13
44 46 3 15
44 47 0 12
44 47 1 25
44 47 2 33
44 47 3 7
44 48 0 36
44 48 1 15
44 48 2 35
44 48 3 19
44 49 0 61
44 49 1 20
44 49 2 55
44 49 3 11
44 50 0 5
44 50 1 12
44 50 2 26
44 50 3 57
44 51 0 11
44 51 1 50
44 51 2 44
44 51 3 22
44 52 0 21
44 52 1 60
44 52 2 45
44 52 3 15
44 53 0 58
44 53 1 26
44 53 2 5
44 53 3 52
44 54 0 55
44 54 1 28
44 54 2 45
44 54 3 15
44 55 0 54
44 55 1 23
44 55 2 17
44 55 3 32
44 56 0 17
44 56 1 39
44 56 2 47
44 56 3 25
44 57 0 50
44 57 1 27
44 57 2 62
44 57 3 16
44 58 0 45
44 58 1 34
44 58 2 60
44 58 3 14
44 59 0 12
44 59 1 55
44 59 2 57
44 59 3 47
44 60 0 30
44 60 1 26
44 60 2 42
44 60 3 47
44 61 0 17
44 61 1 0
44 61 2 4
44 61 3 22
44 62 0 43
44 62 1 28
44 62 2 39
44 62 3 30
44 63 0 16
44 63 1 47
44 63 2 46
44 63 3 61
44 64 0 52
44 64 1 24
44 64 2 45
44 64 3 22
44 65 0 55
44 65 1 39
44 65 2 53
44 65 3 18
44 66 0 0
44 66 1 9
44 66 2 34
44 66 3 61
44 67 0 40
44 67 1 51
44 67 2 30
44 67 3 61
44 68 0 60
44 68 1 13
44 68 2 55
44 68 3 1
44 69 0 37
44 69 1 27
44 69 2 19
44 69 3 59
44 70 0 42
44 70 1 8
44 70 2 8
44 70 3 7
44 71 0 19
44 71 1 4
44 71 2 16
44 71 3 48
44 72 0 55
44 72 1 50
44 72 2 31
44 72 3 44
44 73 0 60
44 73 1 3
44 73 2 57
44 73 3 46
44 74 0 24
44 74 1 28
44 74 2 28
44 74 3 10
44 75 0 14
44 75 1 18
44 75 2 0
44 75 3 32
44 76 0 30
44 76 1 21
44 76 2 11
44 76 3 62
44 77 0 43
44 77 1 30
44 77 2 46
44 77 3 23
44 78 0 13
44 78 1 43
44 78 2 49
44 78 3 41
44 79 0 36
44 79 1 0
44 79 2 40
44 79 3 39
44 80 0 26
44 80 1 15
44 80 2 62
44 80 3 24
44 81 0 17
44 81 1 45
44 81 2 30
44 81 3 35
44 82 0 41
44 82 1 23
44 82 2 9
44 82 3 10
44 83 0 60
44 83 1 32
44 83 2 26
44 83 3 20
44 84 0 46
44 84 1 58
44 84 2 49
44 84 3 34
44 85 0 30
44 85 1 55
44 85 2 54
44 85 3 24
44 86 0 61
44 86 1 52
44 86 2 54
44 86 3 3
44 87 0 8
44 87 1 19
44 87 2 48
44 87 3 5
44 88 0 5
44 88 1 2
44 88 2 12
44 88 3 58
44 89 0 46
44 89 1 45
44 89 2 18
44 89 3 40
44 90 0 49
44 90 1 34
44 90 2 54
44 90 3 36
44 91 0 20
44 91 1 40
44 91 2 60
44 91 3 52
44 92 0 31
44 92 1 38
44 92 2 62
44 92 3 47
44 93 0 32
44 93 1 17
44 93 2 57
44 93 3 62
44 94 0 4
44 94 1 2
44 94 2 7
44 94 3 24
44 95 0 10
44 95 1 56
44 95 2 58
44 95 3 11
44 96 0 53
44 96 1 9
44 96 2 50
44 96 3 23
44 97 0 2
44 97 1 27
44 97 2 52
44 97 3 59
44 98 0 7
44 98 1 53
44 98 2 18
44 98 3 29
44 99 0 6
44 99 1 62
44 99 2 50
44 99 3 41
45 0 0 46
45 0 1 55
45 0 2 9
45 0 3 15
45 1 0 2
45 1 1 31
45 1 2 31
45 1 3 1
45 2 0 42
45 2 1 0
45 2 2 50
45 2 3 45
45 3 0 52
45 3 1 7
45 3 2 55
45 3 3 35
45 4 0 55
45 4 1 44
45 4 2 42
45 4 3 2
45 5 0 44
45 5 1 28
45 5 2 54
45 5 3 43
45 6 0 4
45 6 1 56
45 6 2 4
45 6 3 19
45 7 0 13
45 7 1 62
45 7 2 9
45 7 3 54
45 8 0 14
45 8 1 41
45 8 2 5
45 8 3 25
45 9 0 39
45 9 1 45
45 9 2 55
45 9 3 52
45 10 0 33
45 10 1 19
45 10 2 16
45 10 3 63
45 11 0 38
45 11 1 58
45 11 2 27
45 11 3 31
45 12 0 52
45 12 1 46
45 12 2 12
45 12 3 33
45 13 0 13
45 13 1 48
45 13 2 1
45 13 3 52
45 14 0 59
45 14 1 1
45 14 2 40
45 14 3 5
45 15 0 23
45 15 1 21
45 15 2 33
45 15 3 58
45 16 0 29
45 16 1 25
45 16 2 5
45 16 3 56
45 17 0 20
45 17 1 29
45 17 2 5
45 17 3 18
45 18 0 35
45 18 1 57
45 18 2 21
45 18 3 35
45 19 0 56
45 19 1 23
45 19 2 18
45 19 3 2
45 20 0 58
45 20 1 7
45 20 2 13
45 20 3 8
45 21 0 45
45 21 1 23
45 21 2 45
45 21 3 38
45 22 0 0
45 22 1 19
45 22 2 0
45 22 3 4
45 23 0 30
45 23 1 16
45 23 2 5
45 23 3 26
45 24 0 28
45 24 1 63
45 24 2 42
45 24 3 25
45 25 0 30
45 25 1 5
45 25 2 24
45 25 3 37
45 26 0 1
45 26 1 58
45 26 2 32
45 26 3 50
45 27 0 17
45 27 1 53
45 27 2 23
45 27 3 59
45 28 0 33
45 28 1 40
45 28 2 13
45 28 3 63
45 29 0 12
45 29 1 2
45 29 2 28
45 29 3 53
45 30 0 58
45 30 1 54
45 30 2 35
45 30 3 58
45 31 0 31
45 31 1 30
45 31 2 11
45 31 3 50
45 32 0 20
45 32 1 12
45 32 2 23
45 32 3 38
45 33 0 17
45 33 1 22
45 33 2 21
45 33 3 38
45 34 0 45
45 34 1 43
45 34 2 9
45 34 3 22
45 35 0 41
45 35 1 13
45 35 2 4
45 35 3 20
45 36 0 43
45 36 1 42
45 36 2 8
45 36 3 43
45 37 0 12
45 37 1 47
45 37 2 36
45 37 3 8
45 38 0 22
45 38 1 52
45 38 2 27
45 38 3 44
45 39 0 47
45 39 1 1
45 39 2 59
45 39 3 21
45 40 0 50
45 40 1 29
45 40 2 36
45 40 3 23
45 41 0 54
45 41 1 7
45 41 2 57
45 41 3 13
45 42 0 56
45 42 1 1
45 42 2 0
45 42 3 5
45 43 0 35
45 43 1 17
45 43 2 38
45 43 3 52
45 44 0 1
45 44 1 33
45 44 2 47
45 44 3 27
45 45 0 59
45 45 1 42
45 45 2 2
45 45 3 34
45 46 0 24
45 46 1 8
45 46 2 60
45 46 3 14
45 47 0 5
45 47 1 14
45 47 2 52
45 47 3 38
45 48 0 52
45 48 1 29
45 48 2 7
45 48 3 24
45 49 0 12
45 49 1 35
45 49 2 17
45 49 3 62
45 50 0 24
45 50 1 20
45 50 2 63
45 50 3 33
45 51 0 10
45 51 1 30
45 51 2 16
45 51 3 45
45 52 0 36
45 52 1 46
45 52 2 60
45 52 3 46
45 53 0 21
45 53 1 12
45 53 2 33
45 53 3 28
45 54 0 20
45 54 1 51
45 54 2 58
45 54 3 24
45 55 0 43
45 55 1 62
45 55 2 0
45 55 3 23
45 56 0 47
45 56 1 31
45 56 2 50
45 56 3 30
45 57 0 4
45 57 1 27
45 57 2 25
45 57 3 54
45 58 0 9
45 58 1 9
45 58 2 9
45 58 3 36
45 59 0 63
45 59 1 39
45 59 2 52
45 59 3 54
45 60 0 38
45 60 1 38
45 60 2 15
45 60 3 61
45 61 0 50
45 61 1 55
45 61 2 62
45 61 3 22
45 62 0 9
45 62 1 55
45 62 2 30
45 62 3 61
45 63 0 44
45 63 1 16
45 63 2 22
45 63 3 39
45 64 0 25
45 64 1 18
45 64 2 13
45 64 3 41
45 65 0 2
45 65 1 5
45 65 2 2
45 65 3 46
45 66 0 1
45 66 1 26
45 66 2 7
45 66 3 37
45 67 0 2
45 67 1 1
45 67 2 26
45 67 3 44
45 68 0 7
45 68 1 31
45 68 2 51
45 68 3 40
45 69 0 48
45 69 1 20
45 69 2 60
45 69 3 9
45 70 0 38
45 70 1 27
45 70 2 2
45 70 3 60
45 71 0 44
45 71 1 14
45 71 2 3
45 71 3 43
45 72 0 34
45 72 1 3
45 72 2 63
45 72 3 45
45 73 0 29
45 73 1 15
45 73 2 17
45 73 3 28
45 74 0 3
45 74 1 23
45 74 2 13
45 74 3 7
45 75 0 8
45 75 1 22
45 75 2 24
45 75 3 22
45 76 0 44
45 76 1 33
45 76 2 12
45 76 3 62
45 77 0 46
45 77 1 30
45 77 2 3
45 77 3 58
45 78 0 47
45 78 1 29
45 78 2 10
45 78 3 6
45 79 0 18
45 79 1 14
45 79 2 13
45 79 3 26
45 80 0 2
45 80 1 20
45 80 2 55
45 80 3 55
45 81 0 0
45 81 1 43
45 81 2 63
45 81 3 37
45 82 0 24
45 82 1 31
45 82 2 13
45 82 3 25
45 83 0 59
45 83 1 39
45 83 2 27
45 83 3 7
45 84 0 57
45 84 1 10
45 84 2 46
45 84 3 19
45 85 0 17
45 85 1 10
45 85 2 24
45 85 3 43
45 86 0 26
45 86 1 1
45 86 2 16
45 86 3 10
45 87 0 25
45 87 1 57
45 87 2 61
45 87 3 63
45 88 0 7
45 88 1 31
45 88 2 2
45 88 3 31
45 89 0 36
45 89 1 49
45 89 2 21
45 89 3 2
45 90 0 29
45 90 1 27
45 90 2 39
45 90 3 6
45 91 0 39
45 91 1 25
45 91 2 47
45 91 3 62
45 92 0 14
45 92 1 48
45 92 2 8
45 92 3 63
45 93 0 30
45 93 1 47
45 93 2 49
45 93 3 38
45 94 0 24
45 94 1 48
45 94 2 30
45 94 3 42
45 95 0 39
45 95 1 29
45 95 2 7
45 95 3 18
45 96 0 60
45 96 1 33
45 96 2 40
45 96 3 16
45 97 0 45
45 97 1 31
45 97 2 13
45 97 3 9
45 98 0 25
45 98 1 36
45 98 2 17
45 98 3 15
45 99 0 17
45 99 1 18
45 99 2 47
45 99 3 31
46 0 0 30
46 0 1 10
46 0 2 34
46 0 3 61
46 1 0 47
46 1 1 28
46 1 2 19
46 1 3 22
46 2 0 1
46 2 1 1
46 2 2 49
46 2 3 53
46 3 0 61
46 3 1 40
46 3 2 59
46 3 3 26
46 4 0 16
46 4 1 15
46 4 2 15
46 4 3 47
46 5 0 0
46 5 1 60
46 5 2 49
46 5 3 24
46 6 0 44
46 6 1 8
46 6 2 27
46 6 3 6
46 7 0 7
46 7 1 0
46 7 2 50
46 7 3 47
46 8 0 57
46 8 1 62
46 8 2 61
46 8 3 63
46 9 0 1
46 9 1 50
46 9 2 46
46 9 3 10
46 10 0 8
46 10 1 62
46 10 2 56
46 10 3 20
46 11 0 4
46 11 1 21
46 11 2 0
46 11 3 43
46 12 0 24
46 12 1 3
46 12 2 62
46 12 3 52
46 13 0 57
46 13 1 63
46 13 2 0
46 13 3 49
46 14 0 50
46 14 1 50
46 14 2 16
46 14 3 24
46 15 0 59
46 15 1 4
46 15 2 41
46 15 3 50
46 16 0 51
46 16 1 38
46 16 2 49
46 16 3 58
46 17 0 49
46 17 1 7
46 17 2 15
46 17 3 19
46 18 0 21
46 18 1 23
46 18 2 14
46 18 3 43
46 19 0 7
46 19 1 50
46 19 2 42
46 19 3 61
46 20 0 0
46 20 1 18
46 20 2 57
46 20 3 31
46 21 0 35
46 21 1 1
46 21 2 48
46 21 3 16
46 22 0 61
46 22 1 23
46 22 2 12
46 22 3 38
46 23 0 30
46 23 1 30
46 23 2 60
46 23 3 23
46 24 0 25
46 24 1 39
46 24 2 10
46 24 3 53
46 25 0 14
46 25 1 15
46 25 2 0
46 25 3 21
46 26 0 37
46 26 1 45
46 26 2 57
46 26 3 49
46 27 0 20
46 27 1 52
46 27 2 12
46 27 3 13
46 28 0 22
46 28 1 34
46 28 2 13
46 28 3 57
46 29 0 17
46 29 1 25
46 29 2 38
46 29 3 27
46 30 0 25
46 30 1 63
46 30 2 27
46 30 3 7
46 31 0 46
46 31 1 45
46 31 2 14
46 31 3 54
46 32 0 25
46 32 1 9
46 32 2 11
46 32 3 45
46 33 0 13
46 33 1 30
46 33 2 46
46 33 3 54
46 34 0 31
46 34 1 58
46 34 2 19
46 34 3 55
46 35 0 16
46 35 1 4
46 35 2 46
46 35 3 48
46 36 0 59
46 36 1 58
46 36 2 6
46 36 3 39
46 37 0 45
46 37 1 38
46 37 2 1
46 37 3 2
46 38 0 42
46 38 1 54
46 38 2 11
46 38 3 2
46 39 0 25
46 39 1 20
46 39 2 62
46 39 3 59
46 40 0 35
46 40 1 60
46 40 2 14
46 40 3 63
46 41 0 28
46 41 1 30
46 41 2 3
46 41 3 11
46 42 0 12
46 42 1 31
46 42 2 12
46 42 3 6
46 43 0 38
46 43 1 55
46 43 2 4
46 43 3 35
46 44 0 61
46 44 1 25
46 44 2 11
46 44 3 5
46 45 0 59
46 45 1 25
46 45 2 6
46 45 3 55
46 46 0 51
46 46 1 45
46 46 2 5
46 46 3 5
46 47 0 14
46 47 1 10
46 47 2 34
46 47 3 25
46 48 0 48
46 48 1 6
46 48 2 46
46 48 3 59
46 49 0 8
46 49 1 41
46 49 2 32
46 49 3 6
46 50 0 18
46 50 1 50
46 50 2 55
46 50 3 23
46 51 0 6
46 51 1 15
46 51 2 53
46 51 3 36
46 52 0 27
46 52 1 0
46 52 2 50
46 52 3 29
46 53 0 34
46 53 1 54
46 53 2 35
46 53 3 59
46 54 0 35
46 54 1 21
46 54 2 59
46 54 3 41
46 55 0 48
46 55 1 14
46 55 2 42
46 55 3 35
46 56 0 6
46 56 1 16
46 56 2 58
46 56 3 36
46 57 0 49
46 57 1 10
46 57 2 13
46 57 3 60
46 58 0 26
46 58 1 56
46 58 2 51
46 58 3 21
46 59 0 60
46 59 1 49
46 59 2 8
46 59 3 6
46 60 0 8
46 60 1 47
46 60 2 9
46 60 3 18
46 61 0 27
46 61 1 8
46 61 2 21
46 61 3 43
46 62 0 62
46 62 1 30
46 62 2 47
46 62 3 33
46 63 0 29
46 63 1 33
46 63 2 61
46 63 3 3
46 64 0 32
46 64 1 3
46 64 2 56
46 64 3 38
46 65 0 3
46 65 1 39
46 65 2 27
46 65 3 3
46 66 0 62
46 66 1 24
46 66 2 1
46 66 3 39
46 67 0 24
46 67 1 42
46 67 2 10
46 67 3 53
46 68 0 26
46 68 1 26
46 68 2 51
46 68 3 35
46 69 0 0
46 69 1 37
46 69 2 41
46 69 3 19
46 70 0 11
46 70 1 3
46 70 2 54
46 70 3 0
46 71 0 37
46 71 1 53
46 71 2 22
46 71 3 12
46 72 0 45
46 72 1 40
46 72 2 0
46 72 3 36
46 73 0 0
46 73 1 25
46 73 2 19
46 73 3 53
46 74 0 62
46 74 1 44
46 74 2 47
46 74 3 1
46 75 0 4
46 75 1 49
46 75 2 27
46 75 3 32
46 76 0 44
46 76 1 22
46 76 2 43
46 76 3 46
46 77 0 15
46 77 1 43
46 77 2 10
46 77 3 19
46 78 0 49
46 78 1 62
46 78 2 4
46 78 3 41
46 79 0 36
46 79 1 38
46 79 2 50
46 79 3 4
46 80 0 47
46 80 1 17
46 80 2 9
46 80 3 28
46 81 0 1
46 81 1 40
46 81 2 36
46 81 3 32
46 82 0 1
46 82 1 48
46 82 2 2
46 82 3 16
46 83 0 25
46 83 1 44
46 83 2 26
46 83 3 52
46 84 0 59
46 84 1 48
46 84 2 2
46 84 3 49
46 85 0 13
46 85 1 56
46 85 2 62
46 85 3 5
46 86 0 6
46 86 1 44
46 86 2 9
46 86 3 61
46 87 0 34
46 87 1 36
46 87 2 55
46 87 3 13
46 88 0 35
46 88 1 63
46 88 2 1
46 88 3 11
46 89 0 9
46 89 1 21
46 89 2 8
46 89 3 11
46 90 0 54
46 90 1 29
46 90 2 22
46 90 3 26
46 91 0 62
46 91 1 31
46 91 2 30
46 91 3 59
46 92 0 2
46 92 1 30
46 92 2 47
46 92 3 32
46 93 0 55
46 93 1 56
46 93 2 21
46 93 3 52
46 94 0 15
46 94 1 15
46 94 2 62
46 94 3 0
46 95 0 22
46 95 1 40
46 95 2 26
46 95 3 54
46 96 0 16
46 96 1 35
46 96 2 8
46 96 3 13
46 97 0 11
46 97 1 47
46 97 2 12
46 97 3 42
46 98 0 22
46 98 1 36
46 98 2 55
46 98 3 55
46 99 0 0
46 99 1 50
46 99 2 61
46 99 3 42
47 0 0 11
47 0 1 42
47 0 2 40
47 0 3 42
47 1 0 27
47 1 1 33
47 1 2 41
47 1 3 29
47 2 0 49
47 2 1 45
47 2 2 19
47 2 3 39
47 3 0 48
47 3 1 31
47 3 2 45
47 3 3 8
47 4 0 24
47 4 1 44
47 4 2 57
47 4 3 41
47 5 0 42
47 5 1 21
47 5 2 44
47 5 3 22
47 6 0 3
47 6 1 15
47 6 2 39
47 6 3 61
47 7 0 31
47 7 1 55
47 7 2 49
47 7 3 35
47 8 0 51
47 8 1 25
47 8 2 28
47 8 3 47
47 9 0 40
47 9 1 33
47 9 2 27
47 9 3 62
47 10 0 4
47 10 1 3
47 10 2 30
47 10 3 2
47 11 0 21
47 11 1 36
47 11 2 25
47 11 3 13
47 12 0 18
47 12 1 38
47 12 2 60
47 12 3 50
47 13 0 35
47 13 1 8
47 13 2 15
47 13 3 28
47 14 0 15
47 14 1 44
47 14 2 23
47 14 3 53
47 15 0 17
47 15 1 31
47 15 2 45
47 15 3 13
47 16 0 48
47 16 1 37
47 16 2 41
47 16 3 29
47 17 0 59
47 17 1 49
47 17 2 12
47 17 3 35
47 18 0 57
47 18 1 17
47 18 2 34
47 18 3 48
47 19 0 17
47 19 1 33
47 19 2 35
47 19 3 11
47 20 0 11
47 20 1 36
47 20 2 11
47 20 3 60
47 21 0 33
47 21 1 45
47 21 2 25
47 21 3 19
47 22 0 31
47 22 1 45
47 22 2 25
47 22 3 18
47 23 0 9
47 23 1 34
47 23 2 43
47 23 3 33
47 24 0 16
47 24 1 15
47 24 2 24
47 24 3 22
47 25 0 13
47 25 1 60
47 25 2 21
47 25 3 16
47 26 0 38
47 26 1 51
47 26 2 29
47 26 3 42
47 27 0 6
47 27 1 34
47 27 2 4
47 27 3 8
47 28 0 37
47 28 1 13
47 28 2 2
47 28 3 11
47 29 0 49
47 29 1 37
47 29 2 24
47 29 3 62
47 30 0 24
47 30 1 56
47 30 2 22
47 30 3 1
47 31 0 7
47 31 1 17
47 31 2 11
47 31 3 10
47 32 0 24
47 32 1 62
47 32 2 12
47 32 3 15
47 33 0 63
47 33 1 12
47 33 2 53
47 33 3 39
47 34 0 59
47 34 1 35
47 34 2 37
47 34 3 14
47 35 0 36
47 35 1 42
47 35 2 63
47 35 3 6
47 36 0 10
47 36 1 1
47 36 2 50
47 36 3 5
47 37 0 58
47 37 1 23
47 37 2 18
47 37 3 62
47 38 0 46
47 38 1 35
47 38 2 56
47 38 3 48
47 39 0 40
47 39 1 20
47 39 2 63
47 39 3 46
47 40 0 60
47 40 1 61
47 40 2 35
47 40 3 22
47 41 0 60
47 41 1 63
47 41 2 7
47 41 3 40
47 42 0 38
47 42 1 47
47 42 2 62
47 42 3 16
47 43 0 62
47 43 1 41
47 43 2 5
47 43 3 32
47 44 0 8
47 44 1 61
47 44 2 48
47 44 3 57
47 45 0 38
47 45 1 25
47 45 2 27
47 45 3 60
47 46 0 9
47 46 1 56
47 46 2 27
47 46 3 37
47 47 0 42
47 47 1 5
47 47 2 9
47 47 3 10
47 48 0 49
47 48 1 4
47 48 2 39
47 48 3 6
47 49 0 49
47 49 1 62
47 49 2 26
47 49 3 13
47 50 0 28
47 50 1 44
47 50 2 46
47 50 3 40
47 51 0 37
47 51 1 40
47 51 2 13
47 51 3 13
47 52 0 59
47 52 1 37
47 52 2 55
47 52 3 40
47 53 0 29
47 53 1 36
47 53 2 44
47 53 3 11
47 54 0 29
47 54 1 46
47 54 2 5
47 54 3 4
47 55 0 10
47 55 1 37
47 55 2 15
47 55 3 27
47 56 0 8
47 56 1 16
47 56 2 1
47 56 3 51
47 57 0 29
47 57 1 11
47 57 2 33
47 57 3 59
47 58 0 52
47 58 1 56
47 58 2 25
47 58 3 23
47 59 0 20
47 59 1 19
47 59 2 58
47 59 3 8
47 60 0 54
47 60 1 58
47 60 2 54
47 60 3 40
47 61 0 54
47 61 1 2
47 61 2 52
47 61 3 32
47 62 0 61
47 62 1 5
47 62 2 59
47 62 3 36
47 63 0 6
47 63 1 32
47 63 2 2
47 63 3 5
47 64 0 34
47 64 1 52
47 64 2 6
47 64 3 16
47 65 0 25
47 65 1 34
47 65 2 0
47 65 3 40
47 66 0 31
47 66 1 61
47 66 2 19
47 66 3 31
47 67 0 5
47 67 1 58
47 67 2 53
47 67 3 22
47 68 0 29
47 68 1 54
47 68 2 18
47 68 3 15
47 69 0 15
47 69 1 45
47 69 2 13
47 69 3 5
47 70 0 10
47 70 1 63
47 70 2 55
47 70 3 61
47 71 0 17
47 71 1 28
47 71 2 31
47 71 3 33
47 72 0 1
47 72 1 38
47 72 2 2
47 72 3 17
47 73 0 18
47 73 1 43
47 73 2 57
47 73 3 44
47 74 0 27
47 74 1 33
47 74 2 32
47 74 3 9
47 75 0 61
47 75 1 58
47 75 2 15
47 75 3 7
47 76 0 10
47 76 1 40
47 76 2 1
47 76 3 6
47 77 0 41
47 77 1 9
47 77 2 4
47 77 3 1
47 78 0 45
47 78 1 23
47 78 2 18
47 78 3 40
47 79 0 10
47 79 1 33
47 79 2 30
47 79 3 43
47 80 0 39
47 80 1 43
47 80 2 13
47 80 3 8
47 81 0 34
47 81 1 3
47 81 2 29
47 81 3 40
47 82 0 52
47 82 1 41
47 82 2 63
47 82 3 35
47 83 0 28
47 83 1 15
47 83 2 43
47 83 3 51
47 84 0 20
47 84 1 4
47 84 2 0
47 84 3 40
47 85 0 42
47 85 1 7
47 85 2 1
47 85 3 41
47 86 0 25
47 86 1 26
47 86 2 16
47 86 3 45
47 87 0 47
47 87 1 3
47 87 2 5
47 87 3 35
47 88 0 38
47 88 1 9
47 88 2 10
47 88 3 43
47 89 0 29
47 89 1 7
47 89 2 39
47 89 3 4
47 90 0 14
47 90 1 45
47 90 2 14
47 90 3 4
47 91 0 61
47 91 1 14
47 91 2 32
47 91 3 52
47 92 0 63
47 92 1 51
47 92 2 21
47 92 3 54
47 93 0 0
47 93 1 20
47 93 2 12
47 93 3 33
47 94 0 57
47 94 1 49
47 94 2 63
47 94 3 8
47 95 0 48
47 95 1 46
47 95 2 29
47 95 3 6
47 96 0 6
47 96 1 58
47 96 2 18
47 96 3 40
47 97 0 60
47 97 1 31
47 97 2 13
47 97 3 31
47 98 0 14
47 98 1 11
47 98 2 51
47 98 3 22
47 99 0 43
47 99 1 46
47 99 2 35
47 99 3 34
48 0 0 11
48 0 1 33
48 0 2 48
48 0 3 12
48 1 0 14
48 1 1 44
48 1 2 62
48 1 3 25
48 2 0 53
48 2 1 11
48 2 2 36
48 2 3 60
48 3 0 28
48 3 1 32
48 3 2 9
48 3 3 33
48 4 0 37
48 4 1 62
48 4 2 12
48 4 3 23
48 5 0 41
48 5 1 60
48 5 2 15
48 5 3 44
48 6 0 56
48 6 1 40
48 6 2 27
48 6 3 15
48 7 0 18
48 7 1 3
48 7 2 9
48 7 3 28
48 8 0 8
48 8 1 0
48 8 2 44
48 8 3 4
48 9 0 9
48 9 1 38
48 9 2 58
48 9 3 46
48 10 0 2
48 10 1 10
48 10 2 47
48 10 3 46
48 11 0 25
48 11 1 60
48 11 2 56
48 11 3 47
48 12 0 47
48 12 1 50
48 12 2 9
48 12 3 44
48 13 0 60
48 13 1 14
48 13 2 0
48 13 3 23
48 14 0 17
48 14 1 60
48 14 2 28
48 14 3 42
48 15 0 62
48 15 1 50
48 15 2 47
48 15 3 61
48 16 0 44
48 16 1 14
48 16 2 46
48 16 3 20
48 17 0 21
48 17 1 41
48 17 2 20
48 17 3 1
48 18 0 63
48 18 1 36
48 18 2 42
48 18 3 51
48 19 0 40
48 19 1 39
48 19 2 50
48 19 3 18
48 20 0 53
48 20 1 46
48 20 2 11
48 20 3 9
48 21 0 56
48 21 1 57
48 21 2 63
48 21 3 6
48 22 0 57
48 22 1 55
48 22 2 49
48 22 3 31
48 23 0 32
48 23 1 27
48 23 2 1
48 23 3 32
48 24 0 15
48 24 1 12
48 24 2 3
48 24 3 29
48 25 0 3
48 25 1 54
48 25 2 56
48 25 3 51
48 26 0 19
48 26 1 10
48 26 2 32
48 26 3 43
48 27 0 1
48 27 1 54
48 27 2 28
48 27 3 52
48 28 0 4
48 28 1 27
48 28 2 29
48 28 3 3
48 29 0 45
48 29 1 59
48 29 2 34
48 29 3 25
48 30 0 40
48 30 1 23
48 30 2 23
48 30 3 48
48 31 0 37
48 31 1 16
48 31 2 26
48 31 3 53
48 32 0 33
48 32 1 4
48 32 2 54
48 32 3 47
48 33 0 17
48 33 1 61
48 33 2 60
48 33 3 63
48 34 0 24
48 34 1 59
48 34 2 51
48 34 3 55
48 35 0 35
48 35 1 17
48 35 2 14
48 35 3 61
48 36 0 32
48 36 1 59
48 36 2 35
48 36 3 34
48 37 0 4
48 37 1 25
48 37 2 35
48 37 3 6
48 38 0 10
48 38 1 37
48 38 2 15
48 38 3 44
48 39 0 29
48 39 1 25
48 39 2 7
48 39 3 25
48 40 0 34
48 40 1 36
48 40 2 17
48 40 3 1
48 41 0 59
48 41 1 61
48 41 2 57
48 41 3 18
48 42 0 38
48 42 1 9
48 42 2 57
48 42 3 0
48 43 0 30
48 43 1 54
48 43 2 46
48 43 3 55
48 44 0 31
48 44 1 6
48 44 2 0
48 44 3 9
48 45 0 3
48 45 1 28
48 45 2 3
48 45 3 11
48 46 0 26
48 46 1 47
48 46 2 43
48 46 3 3
48 47 0 57
48 47 1 35
48 47 2 22
48 47 3 24
48 48 0 54
48 48 1 29
48 48 2 15
48 48 3 27
48 49 0 4
48 49 1 9
48 49 2 20
48 49 3 14
48 50 0 22
48 50 1 4
48 50 2 39
48 50 3 7
48 51 0 13
48 51 1 62
48 51 2 0
48 51 3 17
48 52 0 32
48 52 1 19
48 52 2 20
48 52 3 8
48 53 0 27
48 53 1 48
48 53 2 37
48 53 3 59
48 54 0 44
48 54 1 50
48 54 2 27
48 54 3 39
48 55 0 37
48 55 1 52
48 55 2 32
48 55 3 25
48 56 0 4
48 56 1 55
48 56 2 27
48 56 3 51
48 57 0 43
48 57 1 0
48 57 2 41
48 57 3 31
48 58 0 15
48 58 1 16
48 58 2 40
48 58 3 5
48 59 0 38
48 59 1 54
48 59 2 5
48 59 3 0
48 60 0 3
48 60 1 46
48 60 2 54
48 60 3 63
48 61 0 1
48 61 1 30
48 61 2 3
48 61 3 23
48 62 0 19
48 62 1 38
48 62 2 58
48 62 3 51
48 63 0 4
48 63 1 15
48 63 2 17
48 63 3 16
48 64 0 22
48 64 1 38
48 64 2 47
48 64 3 60
48 65 0 44
48 65 1 19
48 65 2 11
48 65 3 24
48 66 0 51
48 66 1 63
48 66 2 25
48 66 3 11
48 67 0 0
48 67 1 4
48 67 2 40
48 67 3 37
48 68 0 41
48 68 1 1
48 68 2 27
48 68 3 11
48 69 0 21
48 69 1 39
48 69 2 17
48 69 3 42
48 70 0 18
48 70 1 32
48 70 2 29
48 70 3 24
48 71 0 8
48 71 1 36
48 71 2 63
48 71 3 41
48 72 0 47
48 72 1 51
48 72 2 2
48 72 3 50
48 73 0 15
48 73 1 42
48 73 2 62
48 73 3 57
48 74 0 26
48 74 1 53
48 74 2 39
48 74 3 8
48 75 0 15
48 75 1 61
48 75 2 58
48 75 3 57
48 76 0 24
48 76 1 20
48 76 2 51
48 76 3 1
48 77 0 57
48 77 1 38
48 77 2 40
48 77 3 28
48 78 0 62
48 78 1 47
48 78 2 3
48 78 3 33
48 79 0 55
48 79 1 4
48 79 2 47
48 79 3 15
48 80 0 32
48 80 1 56
48 80 2 31
48 80 3 2
48 81 0 1
48 81 1 47
48 81 2 59
48 81 3 18
48 82 0 59
48 82 1 28
48 82 2 3
48 82 3 33
48 83 0 62
48 83 1 16
48 83 2 61
48 83 3 41
48 84 0 25
48 84 1 44
48 84 2 25
48 84 3 5
48 85 0 55
48 85 1 23
48 85 2 36
48 85 3 47
48 86 0 5
48 86 1 46
48 86 2 23
48 86 3 34
48 87 0 29
48 87 1 49
48 87 2 12
48 87 3 6
48 88 0 26
48 88 1 7
48 88 2 15
48 88 3 42
48 89 0 52
48 89 1 44
48 89 2 20
48 89 3 52
48 90 0 25
48 90 1 11
48 90 2 48
48 90 3 33
48 91 0 23
48 91 1 42
48 91 2 46
48 91 3 14
48 92 0 7
48 92 1 33
48 92 2 3
48 92 3 40
48 93 0 28
48 93 1 13
48 93 2 38
48 93 3 24
48 94 0 24
48 94 1 13
48 94 2 43
48 94 3 57
48 95 0 39
48 95 1 15
48 95 2 53
48 95 3 7
48 96 0 18
48 96 1 2
48 96 2 54
48 96 3 2
48 97 0 34
48 97 1 12
48 97 2 13
48 97 3 38
48 98 0 51
48 98 1 1
48 98 2 10
48 98 3 18
48 99 0 60
48 99 1 3
48 99 2 11
48 99 3 25
49 0 0 20
49 0 1 3
49 0 2 34
49 0 3 38
49 1 0 11
49 1 1 44
49 1 2 3
49 1 3 46
49 2 0 16
49 2 1 14
49 2 2 12
49 2 3 55
49 3 0 32
49 3 1 44
49 3 2 13
49 3 3 3
49 4 0 2
49 4 1 28
49 4 2 20
49 4 3 49
49 5 0 50
49 5 1 19
49 5 2 27
49 5 3 24
49 6 0 43
49 6 1 40
49 6 2 41
49 6 3 3
49 7 0 21
49 7 1 61
49 7 2 21
49 7 3 11
49 8 0 12
49 8 1 1
49 8 2 49
49 8 3 0
49 9 0 38
49 9 1 25
49 9 2 6
49 9 3 56
49 10 0 47
49 10 1 52
49 10 2 59
49 10 3 58
49 11 0 44
49 11 1 34
49 11 2 44
49 11 3 28
49 12 0 11
49 12 1 24
49 12 2 29
49 12 3 2
49 13 0 54
49 13 1 58
49 13 2 26
49 13 3 31
49 14 0 53
49 14 1 29
49 14 2 44
49 14 3 32
49 15 0 17
49 15 1 50
49 15 2 12
49 15 3 14
49 16 0 44
49 16 1 45
49 16 2 61
49 16 3 45
49 17 0 1
49 17 1 54
49 17 2 26
49 17 3 0
49 18 0 37
49 18 1 10
49 18 2 26
49 18 3 30
49 19 0 4
49 19 1 54
49 19 2 32
49 19 3 61
49 20 0 29
49 20 1 38
49 20 2 51
49 20 3 13
49 21 0 58
49 21 1 11
49 21 2 63
49 21 3 40
49 22 0 33
49 22 1 13
49 22 2 36
49 22 3 35
49 23 0 62
49 23 1 53
49 23 2 30
49 23 3 24
49 24 0 24
49 24 1 24
49 24 2 0
49 24 3 2
49 25 0 48
49 25 1 16
49 25 2 26
49 25 3 44
49 26 0 38
49 26 1 23
49 26 2 48
49 26 3 10
49 27 0 30
49 27 1 6
49 27 2 34
49 27 3 6
49 28 0 60
49 28 1 42
49 28 2 15
49 28 3 39
49 29 0 22
49 29 1 33
49 29 2 10
49 29 3 32
49 30 0 6
49 30 1 9
49 30 2 37
49 30 3 32
49 31 0 18
49 31 1 3
49 31 2 27
49 31 3 59
49 32 0 45
49 32 1 3
49 32 2 60
49 32 3 27
49 33 0 36
49 33 1 0
49 33 2 19
49 33 3 50
49 34 0 21
49 34 1 10
49 34 2 5
49 34 3 59
49 35 0 52
49 35 1 2
49 35 2 59
49 35 3 52
49 36 0 23
49 36 1 42
49 36 2 16
49 36 3 15
49 37 0 45
49 37 1 12
49 37 2 22
49 37 3 22
49 38 0 9
49 38 1 53
49 38 2 43
49 38 3 55
49 39 0 33
49 39 1 11
49 39 2 17
49 39 3 22
49 40 0 60
49 40 1 15
49 40 2 44
49 40 3 7
49 41 0 61
49 41 1 41
49 41 2 27
49 41 3 22
49 42 0 22
49 42 1 14
49 42 2 38
49 42 3 55
49 43 0 15
49 43 1 47
49 43 2 36
49 43 3 49
49 44 0 49
49 44 1 2
49 44 2 1
49 44 3 58
49 45 0 9
49 45 1 36
49 45 2 48
49 45 3 32
49 46 0 0
49 46 1 0
49 46 2 42
49 46 3 57
49 47 0 21
49 47 1 34
49 47 2 59
49 47 3 52
49 48 0 34
49 48 1 41
49 48 2 61
49 48 3 50
49 49 0 26
49 49 1 44
49 49 2 21
49 49 3 58
49 50 0 5
49 50 1 14
49 50 2 22
49 50 3 12
49 51 0 38
49 51 1 45
49 51 2 56
49 51 3 32
49 52 0 39
49 52 1 38
49 52 2 0
49 52 3 45
49 53 0 1
49 53 1 35
49 53 2 63
49 53 3 50
49 54 0 32
49 54 1 20
49 54 2 53
49 54 3 54
49 55 0 23
49 55 1 6
49 55 2 37
49 55 3 40
49 56 0 59
49 56 1 56
49 56 2 14
49 56 3 16
49 57 0 63
49 57 1 20
49 57 2 29
49 57 3 19
49 58 0 25
49 58 1 36
49 58 2 18
49 58 3 26
49 59 0 22
49 59 1 6
49 59 2 50
49 59 3 57
49 60 0 31
49 60 1 13
49 60 2 41
49 60 3 34
49 61 0 35
49 61 1 38
49 61 2 45
49 61 3 2
49 62 0 6
49 62 1 6
49 62 2 9
49 62 3 62
49 63 0 46
49 63 1 42
49 63 2 44
49 63 3 2
49 64 0 13
49 64 1 50
49 64 2 29
49 64 3 32
49 65 0 48
49 65 1 4
49 65 2 51
49 65 3 43
49 66 0 25
49 66 1 31
49 66 2 4
49 66 3 13
49 67 0 15
49 67 1 56
49 67 2 7
49 67 3 18
49 68 0 8
49 68 1 18
49 68 2 0
49 68 3 17
49 69 0 46
49 69 1 49
49 69 2 24
49 69 3 45
49 70 0 39
49 70 1 57
49 70 2 51
49 70 3 14
49 71 0 37
49 71 1 50
49 71 2 19
49 71 3 36
49 72 0 25
49 72 1 19
49 72 2 12
49 72 3 2
49 73 0 47
49 73 1 52
49 73 2 41
49 73 3 15
49 74 0 1
49 74 1 40
49 74 2 12
49 74 3 35
49 75 0 62
49 75 1 0
49 75 2 36
49 75 3 63
49 76 0 21
49 76 1 52
49 76 2 52
49 76 3 31
49 77 0 19
49 77 1 43
49 77 2 39
49 77 3 30
49 78 0 12
49 78 1 47
49 78 2 13
49 78 3 8
49 79 0 4
49 79 1 28
49 79 2 7
49 79 3 21
49 80 0 15
49 80 1 29
49 80 2 49
49 80 3 28
49 81 0 35
49 81 1 9
49 81 2 7
49 81 3 62
49 82 0 39
49 82 1 0
49 82 2 36
49 82 3 0
49 83 0 4
49 83 1 23
49 83 2 42
49 83 3 39
49 84 0 50
49 84 1 11
49 84 2 12
49 84 3 34
49 85 0 55
49 85 1 46
49 85 2 42
49 85 3 6
49 86 0 56
49 86 1 63
49 86 2 37
49 86 3 21
49 87 0 42
49 87 1 41
49 87 2 59
49 87 3 7
49 88 0 32
49 88 1 45
49 88 2 22
49 88 3 53
49 89 0 4
49 89 1 6
49 89 2 50
49 89 3 8
49 90 0 26
49 90 1 17
49 90 2 44
49 90 3 0
49 91 0 22
49 91 1 63
49 91 2 23
49 91 3 38
49 92 0 63
49 92 1 38
49 92 2 48
49 92 3 61
49 93 0 39
49 93 1 53
49 93 2 32
49 93 3 52
49 94 0 41
49 94 1 21
49 94 2 35
49 94 3 21
49 95 0 25
49 95 1 18
49 95 2 31
49 95 3 22
49 96 0 40
49 96 1 23
49 96 2 31
49 96 3 8
49 97 0 24
49 97 1 22
49 97 2 61
49 97 3 28
49 98 0 1
49 98 1 19
49 98 2 46
49 98 3 10
49 99 0 10
49 99 1 23
49 99 2 22
49 99 3 30
50 0 0 2
50 0 1 46
50 0 2 13
50 0 3 45
50 1 0 36
50 1 1 12
50 1 2 30
50 1 3 2
50 2 0 44
50 2 1 19
50 2 2 24
50 2 3 10
50 3 0 23
50 3 1 25
50 3 2 14
50 3 3 62
50 4 0 17
50 4 1 11
50 4 2 35
50 4 3 20
50 5 0 29
50 5 1 46
50 5 2 5
50 5 3 32
50 6 0 1
50 6 1 2
50 6 2 5
50 6 3 10
50 7 0 22
50 7 1 59
50 7 2 57
50 7 3 6
50 8 0 63
50 8 1 40
50 8 2 35
50 8 3 50
50 9 0 31
50 9 1 16
50 9 2 33
50 9 3 46
50 10 0 43
50 10 1 10
50 10 2 60
50 10 3 18
50 11 0 52
50 11 1 19
50 11 2 4
50 11 3 63
50 12 0 37
50 12 1 13
50 12 2 0
50 12 3 8
50 13 0 10
50 13 1 59
50 13 2 11
50 13 3 10
50 14 0 53
50 14 1 56
50 14 2 13
50 14 3 41
50 15 0 34
50 15 1 36
50 15 2 19
50 15 3 48
50 16 0 56
50 16 1 46
50 16 2 57
50 16 3 7
50 17 0 42
50 17 1 63
50 17 2 34
50 17 3 60
50 18 0 22
50 18 1 57
50 18 2 60
50 18 3 39
50 19 0 45
50 19 1 33
50 19 2 20
50 19 3 34
50 20 0 61
50 20 1 0
50 20 2 13
50 20 3 31
50 21 0 21
50 21 1 39
50 21 2 23
50 21 3 42
50 22 0 6
50 22 1 21
50 22 2 44
50 22 3 30
50 23 0 45
50 23 1 40
50 23 2 21
50 23 3 27
50 24 0 61
50 24 1 61
50 24 2 2
50 24 3 45
50 25 0 31
50 25 1 0
50 25 2 40
50 25 3 1
50 26 0 20
50 26 1 44
50 26 2 52
50 26 3 26
50 27 0 51
50 27 1 53
50 27 2 28
50 27 3 11
50 28 0 42
50 28 1 0
50 28 2 57
50 28 3 24
50 29 0 48
50 29 1 47
50 29 2 30
50 29 3 62
50 30 0 50
50 30 1 56
50 30 2 6
50 30 3 30
50 31 0 60
50 31 1 52
50 31 2 29
50 31 3 4
50 32 0 18
50 32 1 36
50 32 2 41
50 32 3 59
50 33 0 5
50 33 1 25
50 33 2 17
50 33 3 61
50 34 0 10
50 34 1 14
50 34 2 19
50 34 3 6
50 35 0 41
50 35 1 33
50 35 2 35
50 35 3 58
50 36 0 27
50 36 1 19
50 36 2 24
50 36 3 51
50 37 0 33
50 37 1 10
50 37 2 44
50 37 3 47
50 38 0 15
50 38 1 35
50 38 2 36
50 38 3 11
50 39 0 0
50 39 1 45
50 39 2 39
50 39 3 45
50 40 0 24
50 40 1 32
50 40 2 62
50 40 3 14
50 41 0 41
50 41 1 8
50 41 2 4
50 41 3 61
50 42 0 8
50 42 1 41
50 42 2 32
50 42 3 51
50 43 0 34
50 43 1 44
50 43 2 57
50 43 3 53
50 44 0 46
50 44 1 10
50 44 2 10
50 44 3 31
50 45 0 42
50 45 1 42
50 45 2 50
50 45 3 6
50 46 0 11
50 46 1 9
50 46 2 34
50 46 3 40
50 47 0 7
50 47 1 55
50 47 2 19
50 47 3 42
50 48 0 48
50 48 1 2
50 48 2 55
50 48 3 62
50 49 0 61
50 49 1 8
50 49 2 25
50 49 3 14
50 50 0 28
50 50 1 62
50 50 2 48
50 50 3 49
50 51 0 27
50 51 1 59
50 51 2 58
50 51 3 51
50 52 0 52
50 52 1 41
50 52 2 6
50 52 3 18
50 53 0 49
50 53 1 20
50 53 2 11
50 53 3 60
50 54 0 31
50 54 1 55
50 54 2 18
50 54 3 23
50 55 0 21
50 55 1 23
50 55 2 28
50 55 3 19
50 56 0 52
50 56 1 20
50 56 2 28
50 56 3 55
50 57 0 27
50 57 1 0
50 57 2 0
50 57 3 27
50 58 0 41
50 58 1 60
50 58 2 8
50 58 3 34
50 59 0 18
50 59 1 28
50 59 2 28
50 59 3 19
50 60 0 1
50 60 1 4
50 60 2 33
50 60 3 14
50 61 0 20
50 61 1 5
50 61 2 3
50 61 3 8
50 62 0 24
50 62 1 10
50 62 2 14
50 62 3 19
50 63 0 18
50 63 1 0
50 63 2 7
50 63 3 60
50 64 0 42
50 64 1 7
50 64 2 18
50 64 3 24
50 65 0 57
50 65 1 56
50 65 2 49
50 65 3 6
50 66 0 31
50 66 1 30
50 66 2 40
50 66 3 54
50 67 0 20
50 67 1 35
50 67 2 16
50 67 3 13
50 68 0 20
50 68 1 47
50 68 2 28
50 68 3 43
50 69 0 44
50 69 1 23
50 69 2 61
50 69 3 2
50 70 0 57
50 70 1 0
50 70 2 24
50 70 3 52
50 71 0 43
50 71 1 20
50 71 2 56
50 71 3 8
50 72 0 42
50 72 1 33
50 72 2 13
50 72 3 58
50 73 0 48
50 73 1 0
50 73 2 5
50 73 3 3
50 74 0 26
50 74 1 26
50 74 2 46
50 74 3 43
50 75 0 0
50 75 1 30
50 75 2 50
50 75 3 57
50 76 0 18
50 76 1 2
50 76 2 9
50 76 3 21
50 77 0 28
50 77 1 22
50 77 2 5
50 77 3 21
50 78 0 18
50 78 1 31
50 78 2 5
50 78 3 50
50 79 0 26
50 79 1 20
50 79 2 58
50 79 3 47
50 80 0 8
50 80 1 9
50 80 2 0
50 80 3 35
50 81 0 22
50 81 1 24
50 81 2 32
50 81 3 34
50 82 0 0
50 82 1 6
50 82 2 50
50 82 3 61
50 83 0 53
50 83 1 57
50 83 2 29
50 83 3 52
50 84 0 56
50 84 1 57
50 84 2 9
50 84 3 9
50 85 0 25
50 85 1 32
50 85 2 61
50 85 3 20
50 86 0 53
50 86 1 56
50 86 2 61
50 86 3 12
50 87 0 15
50 87 1 14
50 87 2 47
50 87 3 43
50 88 0 26
50 88 1 5
50 88 2 33
50 88 3 46
50 89 0 30
50 89 1 17
50 89 2 37
50 89 3 42
50 90 0 37
50 90 1 55
50 90 2 20
50 90 3 39
50 91 0 54
50 91 1 13
50 91 2 18
50 91 3 3
50 92 0 23
50 92 1 2
50 92 2 47
50 92 3 5
50 93 0 44
50 93 1 37
50 93 2 63
50 93 3 22
50 94 0 22
50 94 1 15
50 94 2 34
50 94 3 14
50 95 0 7
50 95 1 60
50 95 2 43
50 95 3 7
50 96 0 39
50 96 1 19
50 96 2 11
50 96 3 30
50 97 0 50
50 97 1 0
50 97 2 22
50 97 3 58
50 98 0 25
50 98 1 6
50 98 2 27
50 98 3 43
50 99 0 63
50 99 1 40
50 99 2 3
50 99 3 51
51 0 0 49
51 0 1 41
51 0 2 57
51 0 3 49
51 1 0 14
51 1 1 26
51 1 2 32
51 1 3 31
51 2 0 40
51 2 1 44
51 2 2 6
51 2 3 36
51 3 0 2
51 3 1 32
51 3 2 27
51 3 3 13
51 4 0 63
51 4 1 16
51 4 2 3
51 4 3 22
51 5 0 48
51 5 1 0
51 5 2 31
51 5 3 26
51 6 0 55
51 6 1 0
51 6 2 1
51 6 3 36
51 7 0 11
51 7 1 45
51 7 2 17
51 7 3 35
51 8 0 2
51 8 1 44
51 8 2 33
51 8 3 0
51 9 0 17
51 9 1 3
51 9 2 2
51 9 3 44
51 10 0 27
51 10 1 51
51 10 2 16
51 10 3 45
51 11 0 39
51 11 1 42
51 11 2 52
51 11 3 45
51 12 0 47
51 12 1 47
51 12 2 28
51 12 3 46
51 13 0 53
51 13 1 47
51 13 2 38
51 13 3 4
51 14 0 27
51 14 1 4
51 14 2 6
51 14 3 23
51 15 0 29
51 15 1 33
51 15 2 57
51 15 3 48
51 16 0 27
51 16 1 21
51 16 2 45
51 16 3 17
51 17 0 56
51 17 1 50
51 17 2 43
51 17 3 15
51 18 0 39
51 18 1 52
51 18 2 4
51 18 3 11
51 19 0 32
51 19 1 23
51 19 2 45
51 19 3 25
51 20 0 63
51 20 1 19
51 20 2 23
51 20 3 0
51 21 0 15
51 21 1 15
51 21 2 48
51 21 3 21
51 22 0 13
51 22 1 20
51 22 2 36
51 22 3 50
51 23 0 62
51 23 1 3
51 23 2 53
51 23 3 24
51 24 0 51
51 24 1 2
51 24 2 40
51 24 3 59
51 25 0 2
51 25 1 50
51 25 2 7
51 25 3 62
51 26 0 47
51 26 1 58
51 26 2 57
51 26 3 20
51 27 0 26
51 27 1 44
51 27 2 11
51 27 3 19
51 28 0 6
51 28 1 56
51 28 2 15
51 28 3 26
51 29 0 28
51 29 1 24
51 29 2 49
51 29 3 58
51 30 0 36
51 30 1 53
51 30 2 7
51 30 3 61
51 31 0 7
51 31 1 4
51 31 2 1
51 31 3 15
51 32 0 53
51 32 1 19
51 32 2 50
51 32 3 27
51 33 0 6
51 33 1 30
51 33 2 14
51 33 3 18
51 34 0 33
51 34 1 50
51 34 2 37
51 34 3 14
51 35 0 45
51 35 1 44
51 35 2 15
51 35 3 54
51 36 0 53
51 36 1 38
51 36 2 18
51 36 3 22
51 37 0 28
51 37 1 12
51 37 2 19
51 37 3 8
51 38 0 9
51 38 1 47
51 38 2 8
51 38 3 30
51 39 0 27
51 39 1 2
51 39 2 53
51 39 3 62
51 40 0 40
51 40 1 42
51 40 2 14
51 40 3 54
51 41 0 50
51 41 1 28
51 41 2 45
51 41 3 61
51 42 0 38
51 42 1 12
51 42 2 21
51 42 3 11
51 43 0 21
51 43 1 56
51 43 2 12
51 43 3 57
51 44 0 18
51 44 1 31
51 44 2 33
51 44 3 8
51 45 0 11
51 45 1 19
51 45 2 3
51 45 3 48
51 46 0 34
51 46 1 54
51 46 2 55
51 46 3 22
51 47 0 52
51 47 1 3
51 47 2 27
51 47 3 42
51 48 0 29
51 48 1 47
51 48 2 54
51 48 3 27
51 49 0 17
51 49 1 37
51 49 2 55
51 49 3 63
51 50 0 52
51 50 1 15
51 50 2 13
51 50 3 36
51 51 0 25
51 51 1 39
51 51 2 59
51 51 3 35
51 52 0 22
51 52 1 55
51 52 2 28
51 52 3 38
51 53 0 8
51 53 1 32
51 53 2 27
51 53 3 7
51 54 0 13
51 54 1 45
51 54 2 11
51 54 3 8
51 55 0 3
51 55 1 1
51 55 2 27
51 55 3 31
51 56 0 39
51 56 1 36
51 56 2 34
51 56 3 63
51 57 0 15
51 57 1 45
51 57 2 5
51 57 3 54
51 58 0 23
51 58 1 22
51 58 2 8
51 58 3 32
51 59 0 25
51 59 1 62
51 59 2 11
51 59 3 26
51 60 0 57
51 60 1 51
51 60 2 48
51 60 3 33
51 61 0 55
51 61 1 14
51 61 2 51
51 61 3 37
51 62 0 22
51 62 1 13
51 62 2 33
51 62 3 0
51 63 0 45
51 63 1 15
51 63 2 24
51 63 3 12
51 64 0 29
51 64 1 23
51 64 2 12
51 64 3 56
51 65 0 48
51 65 1 24
51 65 2 3
51 65 3 54
51 66 0 44
51 66 1 35
51 66 2 38
51 66 3 0
51 67 0 30
51 67 1 12
51 67 2 41
51 67 3 59
51 68 0 33
51 68 1 38
51 68 2 42
51 68 3 59
51 69 0 2
51 69 1 19
51 69 2 17
51 69 3 45
51 70 0 28
51 70 1 49
51 70 2 30
51 70 3 62
51 71 0 49
51 71 1 1
51 71 2 63
51 71 3 60
51 72 0 2
51 72 1 25
51 72 2 62
51 72 3 53
51 73 0 29
51 73 1 34
51 73 2 1
51 73 3 36
51 74 0 42
51 74 1 23
51 74 2 19
51 74 3 53
51 75 0 28
51 75 1 16
51 75 2 23
51 75 3 31
51 76 0 16
51 76 1 35
51 76 2 55
51 76 3 47
51 77 0 14
51 77 1 30
51 77 2 34
51 77 3 43
51 78 0 48
51 78 1 31
51 78 2 20
51 78 3 42
51 79 0 8
51 79 1 43
51 79 2 57
51 79 3 45
51 80 0 27
51 80 1 52
51 80 2 34
51 80 3 34
51 81 0 54
51 81 1 12
51 81 2 49
51 81 3 43
51 82 0 33
51 82 1 4
51 82 2 49
51 82 3 14
51 83 0 57
51 83 1 50
51 83 2 23
51 83 3 27
51 84 0 1
51 84 1 31
51 84 2 3
51 84 3 63
51 85 0 40
51 85 1 15
51 85 2 51
51 85 3 1
51 86 0 35
51 86 1 7
51 86 2 3
51 86 3 15
51 87 0 18
51 87 1 46
51 87 2 57
51 87 3 49
51 88 0 47
51 88 1 36
51 88 2 23
51 88 3 16
51 89 0 60
51 89 1 33
51 89 2 36
51 89 3 0
51 90 0 29
51 90 1 43
51 90 2 31
51 90 3 39
51 91 0 51
51 91 1 1
51 91 2 57
51 91 3 52
51 92 0 26
51 92 1 48
51 92 2 4
51 92 3 19
51 93 0 6
51 93 1 40
51 93 2 54
51 93 3 38
51 94 0 45
51 94 1 9
51 94 2 59
51 94 3 12
51 95 0 33
51 95 1 43
51 95 2 54
51 95 3 59
51 96 0 38
51 96 1 36
51 96 2 26
51 96 3 36
51 97 0 43
51 97 1 41
51 97 2 37
51 97 3 28
51 98 0 12
51 98 1 3
51 98 2 26
51 98 3 25
51 99 0 38
51 99 1 57
51 99 2 44
51 99 3 51
52 0 0 36
52 0 1 59
52 0 2 60
52 0 3 9
52 1 0 40
52 1 1 32
52 1 2 62
52 1 3 37
52 2 0 1
52 2 1 13
52 2 2 8
52 2 3 12
52 3 0 6
52 3 1 50
52 3 2 31
52 3 3 42
52 4 0 63
52 4 1 41
52 4 2 30
52 4 3 17
52 5 0 48
52 5 1 32
52 5 2 48
52 5 3 1
52 6 0 10
52 6 1 8
52 6 2 43
52 6 3 33
52 7 0 20
52 7 1 19
52 7 2 38
52 7 3 61
52 8 0 63
52 8 1 30
52 8 2 42
52 8 3 5
52 9 0 60
52 9 1 1
52 9 2 21
52 9 3 46
52 10 0 62
52 10 1 10
52 10 2 42
52 10 3 12
52 11 0 3
52 11 1 27
52 11 2 36
52 11 3 16
52 12 0 62
52 12 1 39
52 12 2 28
52 12 3 31
52 13 0 29
52 13 1 7
52 13 2 38
52 13 3 50
52 14 0 26
52 14 1 27
52 14 2 58
52 14 3 39
52 15 0 19
52 15 1 0
52 15 2 52
52 15 3 40
52 16 0 40
52 16 1 18
52 16 2 11
52 16 3 31
52 17 0 48
52 17 1 19
52 17 2 33
52 17 3 63
52 18 0 14
52 18 1 14
52 18 2 15
52 18 3 58
52 19 0 33
52 19 1 58
52 19 2 60
52 19 3 26
52 20 0 3
52 20 1 19
52 20 2 34
52 20 3 24
52 21 0 0
52 21 1 63
52 21 2 19
52 21 3 39
52 22 0 60
52 22 1 34
52 22 2 44
52 22 3 2
52 23 0 44
52 23 1 54
52 23 2 58
52 23 3 5
52 24 0 14
52 24 1 3
52 24 2 58
52 24 3 17
52 25 0 34
52 25 1 30
52 25 2 44
52 25 3 57
52 26 0 20
52 26 1 50
52 26 2 18
52 26 3 12
52 27 0 6
52 27 1 23
52 27 2 35
52 27 3 49
52 28 0 54
52 28 1 33
52 28 2 26
52 28 3 11
52 29 0 58
52 29 1 25
52 29 2 48
52 29 3 40
52 30 0 59
52 30 1 62
52 30 2 45
52 30 3 42
52 31 0 8
52 31 1 1
52 31 2 34
52 31 3 45
52 32 0 47
52 32 1 16
52 32 2 32
52 32 3 55
52 33 0 6
52 33 1 24
52 33 2 60
52 33 3 12
52 34 0 20
52 34 1 29
52 34 2 44
52 34 3 16
52 35 0 50
52 35 1 15
52 35 2 23
52 35 3 36
52 36 0 0
52 36 1 49
52 36 2 42
52 36 3 53
52 37 0 17
52 37 1 25
52 37 2 57
52 37 3 4
52 38 0 31
52 38 1 30
52 38 2 28
52 38 3 27
52 39 0 47
52 39 1 12
52 39 2 57
52 39 3 57
52 40 0 11
52 40 1 62
52 40 2 16
52 40 3 3
52 41 0 25
52 41 1 50
52 41 2 54
52 41 3 41
52 42 0 51
52 42 1 16
52 42 2 56
52 42 3 40
52 43 0 8
52 43 1 8
52 43 2 17
52 43 3 4
52 44 0 18
52 44 1 63
52 44 2 15
52 44 3 40
52 45 0 62
52 45 1 16
52 45 2 44
52 45 3 28
52 46 0 18
52 46 1 60
52 46 2 42
52 46 3 28
52 47 0 51
52 47 1 57
52 47 2 50
52 47 3 55
52 48 0 20
52 48 1 22
52 48 2 14
52 48 3 44
52 49 0 51
52 49 1 42
52 49 2 38
52 49 3 49
52 50 0 11
52 50 1 23
52 50 2 45
52 50 3 3
52 51 0 58
52 51 1 10
52 51 2 50
52 51 3 39
52 52 0 54
52 52 1 49
52 52 2 33
52 52 3 48
52 53 0 22
52 53 1 37
52 53 2 58
52 53 3 5
52 54 0 22
52 54 1 1
52 54 2 34
52 54 3 50
52 55 0 2
52 55 1 35
52 55 2 26
52 55 3 50
52 56 0 14
52 56 1 10
52 56 2 6
52 56 3 26
52 57 0 31
52 57 1 58
52 57 2 29
52 57 3 10
52 58 0 44
52 58 1 3
52 58 2 22
52 58 3 41
52 59 0 16
52 59 1 38
52 59 2 29
52 59 3 60
52 60 0 18
52 60 1 58
52 60 2 40
52 60 3 47
52 61 0 10
52 61 1 1
52 61 2 46
52 61 3 30
52 62 0 19
52 62 1 57
52 62 2 20
52 62 3 27
52 63 0 46
52 63 1 61
52 63 2 57
52 63 3 41
52 64 0 7
52 64 1 7
52 64 2 44
52 64 3 32
52 65 0 8
52 65 1 44
52 65 2 60
52 65 3 4
52 66 0 52
52 66 1 22
52 66 2 25
52 66 3 45
52 67 0 15
52 67 1 10
52 67 2 61
52 67 3 22
52 68 0 10
52 68 1 44
52 68 2 13
52 68 3 49
52 69 0 4
52 69 1 33
52 69 2 25
52 69 3 61
52 70 0 33
52 70 1 59
52 70 2 15
52 70 3 30
52 71 0 52
52 71 1 10
52 71 2 59
52 71 3 49
52 72 0 43
52 72 1 15
52 72 2 52
52 72 3 53
52 73 0 18
52 73 1 37
52 73 2 3
52 73 3 25
52 74 0 9
52 74 1 35
52 74 2 35
52 74 3 34
52 75 0 43
52 75 1 59
52 75 2 12
52 75 3 13
52 76 0 13
52 76 1 59
52 76 2 5
52 76 3 2
52 77 0 10
52 77 1 49
52 77 2 37
52 77 3 58
52 78 0 13
52 78 1 25
52 78 2 35
52 78 3 4
52 79 0 58
52 79 1 51
52 79 2 9
52 79 3 53
52 80 0 28
52 80 1 21
52 80 2 60
52 80 3 33
52 81 0 14
52 81 1 51
52 81 2 45
52 81 3 12
52 82 0 43
52 82 1 40
52 82 2 17
52 82 3 27
52 83 0 53
52 83 1 11
52 83 2 46
52 83 3 53
52 84 0 59
52 84 1 20
52 84 2 17
52 84 3 59
52 85 0 29
52 85 1 36
52 85 2 32
52 85 3 32
52 86 0 39
52 86 1 27
52 86 2 25
52 86 3 25
52 87 0 42
52 87 1 52
52 87 2 35
52 87 3 43
52 88 0 26
52 88 1 49
52 88 2 25
52 88 3 26
52 89 0 3
52 89 1 16
52 89 2 47
52 89 3 5
52 90 0 14
52 90 1 49
52 90 2 55
52 90 3 26
52 91 0 26
52 91 1 32
52 91 2 49
52 91 3 30
52 92 0 11
52 92 1 27
52 92 2 16
52 92 3 43
52 93 0 9
52 93 1 38
52 93 2 8
52 93 3 62
52 94 0 40
52 94 1 8
52 94 2 61
52 94 3 36
52 95 0 38
52 95 1 4
52 95 2 12
52 95 3 51
52 96 0 29
52 96 1 39
52 96 2 63
52 96 3 27
52 97 0 24
52 97 1 51
52 97 2 4
52 97 3 29
52 98 0 54
52 98 1 14
52 98 2 19
52 98 3 30
52 99 0 4
52 99 1 4
52 99 2 16
52 99 3 57
53 0 0 14
53 0 1 46
53 0 2 27
53 0 3 48
53 1 0 21
53 1 1 55
53 1 2 23
53 1 3 50
53 2 0 53
53 2 1 27
53 2 2 42
53 2 3 7
53 3 0 31
53 3 1 23
53 3 2 61
53 3 3 59
53 4 0 50
53 4 1 60
53 4 2 62
53 4 3 49
53 5 0 38
53 5 1 13
53 5 2 52
53 5 3 12
53 6 0 11
53 6 1 56
53 6 2 7
53 6 3 9
53 7 0 32
53 7 1 37
53 7 2 2
53 7 3 24
53 8 0 14
53 8 1 19
53 8 2 11
53 8 3 43
53 9 0 30
53 9 1 61
53 9 2 0
53 9 3 49
53 10 0 58
53 10 1 31
53 10 2 44
53 10 3 28
53 11 0 38
53 11 1 58
53 11 2 33
53 11 3 36
53 12 0 63
53 12 1 31
53 12 2 11
53 12 3 43
53 13 0 44
53 13 1 15
53 13 2 46
53 13 3 4
53 14 0 20
53 14 1 54
53 14 2 39
53 14 3 38
53 15 0 39
53 15 1 10
53 15 2 61
53 15 3 19
53 16 0 50
53 16 1 63
53 16 2 15
53 16 3 40
53 17 0 2
53 17 1 40
53 17 2 28
53 17 3 4
53 18 0 43
53 18 1 62
53 18 2 5
53 18 3 57
53 19 0 53
53 19 1 35
53 19 2 57
53 19 3 19
53 20 0 46
53 20 1 44
53 20 2 37
53 20 3 53
53 21 0 56
53 21 1 50
53 21 2 37
53 21 3 62
53 22 0 35
53 22 1 40
53 22 2 12
53 22 3 20
53 23 0 57
53 23 1 31
53 23 2 32
53 23 3 52
53 24 0 20
53 24 1 16
53 24 2 0
53 24 3 14
53 25 0 32
53 25 1 46
53 25 2 21
53 25 3 28
53 26 0 14
53 26 1 52
53 26 2 33
53 26 3 9
53 27 0 39
53 27 1 21
53 27 2 55
53 27 3 17
53 28 0 55
53 28 1 44
53 28 2 8
53 28 3 48
53 29 0 46
53 29 1 29
53 29 2 10
53 29 3 30
53 30 0 38
53 30 1 8
53 30 2 21
53 30 3 44
53 31 0 35
53 31 1 63
53 31 2 13
53 31 3 49
53 32 0 27
53 32 1 14
53 32 2 60
53 32 3 39
53 33 0 34
53 33 1 18
53 33 2 56
53 33 3 1
53 34 0 7
53 34 1 11
53 34 2 41
53 34 3 6
53 35 0 51
53 35 1 12
53 35 2 43
53 35 3 50
53 36 0 56
53 36 1 18
53 36 2 4
53 36 3 48
53 37 0 28
53 37 1 60
53 37 2 12
53 37 3 36
53 38 0 7
53 38 1 31
53 38 2 0
53 38 3 48
53 39 0 38
53 39 1 6
53 39 2 31
53 39 3 27
53 40 0 43
53 40 1 31
53 40 2 29
53 40 3 53
53 41 0 33
53 41 1 52
53 41 2 56
53 41 3 54
53 42 0 61
53 42 1 44
53 42 2 35
53 42 3 33
53 43 0 13
53 43 1 52
53 43 2 44
53 43 3 55
53 44 0 44
53 44 1 30
53 44 2 18
53 44 3 63
53 45 0 46
53 45 1 55
53 45 2 37
53 45 3 32
53 46 0 2
53 46 1 4
53 46 2 45
53 46 3 14
53 47 0 5
53 47 1 49
53 47 2 39
53 47 3 7
53 48 0 31
53 48 1 30
53 48 2 0
53 48 3 38
53 49 0 25
53 49 1 56
53 49 2 7
53 49 3 54
53 50 0 0
53 50 1 48
53 50 2 50
53 50 3 26
53 51 0 17
53 51 1 9
53 51 2 21
53 51 3 42
53 52 0 46
53 52 1 11
53 52 2 0
53 52 3 35
53 53 0 37
53 53 1 62
53 53 2 48
53 53 3 35
53 54 0 37
53 54 1 41
53 54 2 28
53 54 3 43
53 55 0 12
53 55 1 53
53 55 2 55
53 55 3 27
53 56 0 29
53 56 1 31
53 56 2 52
53 56 3 11
53 57 0 21
53 57 1 39
53 57 2 44
53 57 3 18
53 58 0 7
53 58 1 32
53 58 2 40
53 58 3 49
53 59 0 0
53 59 1 1
53 59 2 24
53 59 3 36
53 60 0 0
53 60 1 11
53 60 2 26
53 60 3 17
53 61 0 45
53 61 1 2
53 61 2 56
53 61 3 10
53 62 0 28
53 62 1 63
53 62 2 42
53 62 3 63
53 63 0 1
53 63 1 46
53 63 2 4
53 63 3 39
53 64 0 20
53 64 1 49
53 64 2 7
53 64 3 57
53 65 0 30
53 65 1 33
53 65 2 36
53 65 3 2
53 66 0 19
53 66 1 45
53 66 2 61
53 66 3 63
53 67 0 34
53 67 1 16
53 67 2 30
53 67 3 29
53 68 0 25
53 68 1 23
53 68 2 55
53 68 3 24
53 69 0 1
53 69 1 46
53 69 2 42
53 69 3 24
53 70 0 40
53 70 1 60
53 70 2 59
53 70 3 50
53 71 0 37
53 71 1 1
53 71 2 32
53 71 3 52
53 72 0 54
53 72 1 49
53 72 2 63
53 72 3 33
53 73 0 7
53 73 1 31
53 73 2 20
53 73 3 53
53 74 0 49
53 74 1 27
53 74 2 24
53 74 3 10
53 75 0 2
53 75 1 20
53 75 2 15
53 75 3 16
53 76 0 63
53 76 1 43
53 76 2 35
53 76 3 11
53 77 0 53
53 77 1 41
53 77 2 32
53 77 3 29
53 78 0 35
53 78 1 53
53 78 2 46
53 78 3 31
53 79 0 42
53 79 1 59
53 79 2 20
53 79 3 57
53 80 0 38
53 80 1 11
53 80 2 61
53 80 3 43
53 81 0 24
53 81 1 13
53 81 2 58
53 81 3 52
53 82 0 2
53 82 1 40
53 82 2 7
53 82 3 18
53 83 0 36
53 83 1 15
53 83 2 32
53 83 3 27
53 84 0 37
53 84 1 51
53 84 2 9
53 84 3 50
53 85 0 14
53 85 1 2
53 85 2 28
53 85 3 19
53 86 0 11
53 86 1 27
53 86 2 55
53 86 3 37
53 87 0 46
53 87 1 9
53 87 2 4
53 87 3 21
53 88 0 49
53 88 1 56
53 88 2 6
53 88 3 30
53 89 0 25
53 89 1 47
53 89 2 13
53 89 3 31
53 90 0 54
53 90 1 29
53 90 2 50
53 90 3 39
53 91 0 38
53 91 1 16
53 91 2 63
53 91 3 15
53 92 0 59
53 92 1 63
53 92 2 32
53 92 3 55
53 93 0 45
53 93 1 47
53 93 2 4
53 93 3 8
53 94 0 4
53 94 1 1
53 94 2 53
53 94 3 11
53 95 0 0
53 95 1 60
53 95 2 17
53 95 3 52
53 96 0 61
53 96 1 33
53 96 2 59
53 96 3 62
53 97 0 9
53 97 1 9
53 97 2 23
53 97 3 35
53 98 0 50
53 98 1 11
53 98 2 12
53 98 3 19
53 99 0 17
53 99 1 60
53 99 2 25
53 99 3 55
54 0 0 3
54 0 1 6
54 0 2 51
54 0 3 15
54 1 0 5
54 1 1 38
54 1 2 9
54 1 3 3
54 2 0 25
54 2 1 35
54 2 2 33
54 2 3 37
54 3 0 1
54 3 1 18
54 3 2 21
54 3 3 18
54 4 0 35
54 4 1 14
54 4 2 40
54 4 3 59
54 5 0 42
54 5 1 24
54 5 2 27
54 5 3 37
54 6 0 46
54 6 1 19
54 6 2 2
54 6 3 44
54 7 0 42
54 7 1 6
54 7 2 40
54 7 3 4
54 8 0 41
54 8 1 47
54 8 2 0
54 8 3 46
54 9 0 7
54 9 1 16
54 9 2 45
54 9 3 22
54 10 0 62
54 10 1 61
54 10 2 63
54 10 3 6
54 11 0 11
54 11 1 11
54 11 2 37
54 11 3 27
54 12 0 47
54 12 1 18
54 12 2 12
54 12 3 41
54 13 0 39
54 13 1 44
54 13 2 19
54 13 3 33
54 14 0 59
54 14 1 39
54 14 2 59
54 14 3 27
54 15 0 2
54 15 1 48
54 15 2 29
54 15 3 2
54 16 0 8
54 16 1 20
54 16 2 12
54 16 3 43
54 17 0 39
54 17 1 21
54 17 2 5
54 17 3 5
54 18 0 60
54 18 1 22
54 18 2 6
54 18 3 45
54 19 0 55
54 19 1 7
54 19 2 60
54 19 3 46
54 20 0 16
54 20 1 49
54 20 2 26
54 20 3 40
54 21 0 8
54 21 1 15
54 21 2 49
54 21 3 51
54 22 0 0
54 22 1 13
54 22 2 38
54 22 3 57
54 23 0 43
54 23 1 45
54 23 2 24
54 23 3 3
54 24 0 49
54 24 1 51
54 24 2 28
54 24 3 32
54 25 0 15
54 25 1 28
54 25 2 15
54 25 3 26
54 26 0 8
54 26 1 38
54 26 2 15
54 26 3 46
54 27 0 33
54 27 1 57
54 27 2 14
54 27 3 17
54 28 0 15
54 28 1 40
54 28 2 6
54 28 3 43
54 29 0 52
54 29 1 43
54 29 2 8
54 29 3 31
54 30 0 34
54 30 1 25
54 30 2 29
54 30 3 48
54 31 0 53
54 31 1 19
54 31 2 21
54 31 3 13
54 32 0 25
54 32 1 34
54 32 2 45
54 32 3 17
54 33 0 13
54 33 1 2
54 33 2 6
54 33 3 3
54 34 0 13
54 34 1 44
54 34 2 49
54 34 3 62
54 35 0 34
54 35 1 29
54 35 2 57
54 35 3 9
54 36 0 40
54 36 1 52
54 36 2 32
54 36 3 16
54 37 0 39
54 37 1 63
54 37 2 15
54 37 3 36
54 38 0 3
54 38 1 14
54 38 2 49
54 38 3 31
54 39 0 12
54 39 1 21
54 39 2 7
54 39 3 49
54 40 0 60
54 40 1 6
54 40 2 15
54 40 3 54
54 41 0 56
54 41 1 49
54 41 2 45
54 41 3 55
54 42 0 23
54 42 1 57
54 42 2 56
54 42 3 14
54 43 0 4
54 43 1 33
54 43 2 48
54 43 3 54
54 44 0 9
54 44 1 24
54 44 2 49
54 44 3 3
54 45 0 46
54 45 1 18
54 45 2 1
54 45 3 15
54 46 0 47
54 46 1 55
54 46 2 5
54 46 3 29
54 47 0 12
54 47 1 43
54 47 2 49
54 47 3 61
54 48 0 22
54 48 1 19
54 48 2 19
54 48 3 48
54 49 0 28
54 49 1 1
54 49 2 60
54 49 3 6
54 50 0 59
54 50 1 10
54 50 2 34
54 50 3 19
54 51 0 43
54 51 1 25
54 51 2 23
54 51 3 30
54 52 0 62
54 52 1 15
54 52 2 14
54 52 3 4
54 53 0 47
54 53 1 43
54 53 2 38
54 53 3 1
54 54 0 50
54 54 1 51
54 54 2 60
54 54 3 59
54 55 0 16
54 55 1 45
54 55 2 25
54 55 3 38
54 56 0 21
54 56 1 42
54 56 2 60
54 56 3 41
54 57 0 58
54 57 1 59
54 57 2 7
54 57 3 61
54 58 0 52
54 58 1 27
54 58 2 38
54 58 3 39
54 59 0 50
54 59 1 51
54 59 2 6
54 59 3 0
54 60 0 15
54 60 1 33
54 60 2 54
54 60 3 41
54 61 0 8
54 61 1 45
54 61 2 29
54 61 3 23
54 62 0 49
54 62 1 18
54 62 2 39
54 62 3 11
54 63 0 24
54 63 1 35
54 63 2 39
54 63 3 58
54 64 0 18
54 64 1 57
54 64 2 52
54 64 3 23
54 65 0 8
54 65 1 16
54 65 2 42
54 65 3 50
54 66 0 39
54 66 1 46
54 66 2 6
54 66 3 32
54 67 0 55
54 67 1 24
54 67 2 57
54 67 3 7
54 68 0 62
54 68 1 50
54 68 2 40
54 68 3 39
54 69 0 59
54 69 1 24
54 69 2 10
54 69 3 58
54 70 0 6
54 70 1 42
54 70 2 17
54 70 3 59
54 71 0 62
54 71 1 30
54 71 2 34
54 71 3 29
54 72 0 27
54 72 1 59
54 72 2 18
54 72 3 61
54 73 0 41
54 73 1 61
54 73 2 39
54 73 3 52
54 74 0 31
54 74 1 29
54 74 2 16
54 74 3 13
54 75 0 2
54 75 1 24
54 75 2 63
54 75 3 60
54 76 0 44
54 76 1 23
54 76 2 33
54 76 3 48
54 77 0 0
54 77 1 59
54 77 2 55
54 77 3 62
54 78 0 6
54 78 1 60
54 78 2 39
54 78 3 35
54 79 0 11
54 79 1 31
54 79 2 23
54 79 3 63
54 80 0 21
54 80 1 13
54 80 2 60
54 80 3 12
54 81 0 57
54 81 1 61
54 81 2 19
54 81 3 44
54 82 0 50
54 82 1 34
54 82 2 44
54 82 3 8
54 83 0 33
54 83 1 32
54 83 2 36
54 83 3 60
54 84 0 52
54 84 1 38
54 84 2 25
54 84 3 25
54 85 0 1
54 85 1 35
54 85 2 16
54 85 3 56
54 86 0 49
54 86 1 58
54 86 2 63
54 86 3 25
54 87 0 27
54 87 1 38
54 87 2 27
54 87 3 17
54 88 0 45
54 88 1 28
54 88 2 60
54 88 3 14
54 89 0 28
54 89 1 34
54 89 2 58
54 89 3 37
54 90 0 4
54 90 1 21
54 90 2 56
54 90 3 17
54 91 0 21
54 91 1 9
54 91 2 46
54 91 3 8
54 92 0 23
54 92 1 45
54 92 2 57
54 92 3 14
54 93 0 21
54 93 1 7
54 93 2 28
54 93 3 63
54 94 0 19
54 94 1 16
54 94 2 25
54 94 3 57
54 95 0 35
54 95 1 38
54 95 2 49
54 95 3 45
54 96 0 38
54 96 1 35
54 96 2 34
54 96 3 11
54 97 0 26
54 97 1 54
54 97 2 2
54 97 3 52
54 98 0 36
54 98 1 22
54 98 2 7
54 98 3 48
54 99 0 0
54 99 1 34
54 99 2 10
54 99 3 58
55 0 0 11
55 0 1 51
55 0 2 36
55 0 3 2
55 1 0 46
55 1 1 56
55 1 2 14
55 1 3 61
55 2 0 51
55 2 1 47
55 2 2 21
55 2 3 7
55 3 0 27
55 3 1 51
55 3 2 37
55 3 3 41
55 4 0 49
55 4 1 21
55 4 2 2
55 4 3 56
55 5 0 39
55 5 1 36
55 5 2 36
55 5 3 54
55 6 0 49
55 6 1 42
55 6 2 50
55 6 3 18
55 7 0 45
55 7 1 62
55 7 2 15
55 7 3 36
55 8 0 43
55 8 1 33
55 8 2 62
55 8 3 25
55 9 0 13
55 9 1 8
55 9 2 54
55 9 3 43
55 10 0 36
55 10 1 27
55 10 2 26
55 10 3 59
55 11 0 43
55 11 1 61
55 11 2 51
55 11 3 49
55 12 0 35
55 12 1 15
55 12 2 41
55 12 3 45
55 13 0 33
55 13 1 1
55 13 2 61
55 13 3 52
55 14 0 22
55 14 1 31
55 14 2 7
55 14 3 59
55 15 0 14
55 15 1 24
55 15 2 27
55 15 3 16
55 16 0 40
55 16 1 63
55 16 2 54
55 16 3 33
55 17 0 8
55 17 1 55
55 17 2 16
55 17 3 58
55 18 0 25
55 18 1 33
55 18 2 27
55 18 3 29
55 19 0 10
55 19 1 35
55 19 2 25
55 19 3 54
55 20 0 30
55 20 1 61
55 20 2 18
55 20 3 21
55 21 0 2
55 21 1 47
55 21 2 4
55 21 3 18
55 22 0 58
55 22 1 39
55 22 2 35
55 22 3 51
55 23 0 49
55 23 1 56
55 23 2 42
55 23 3 28
55 24 0 8
55 24 1 23
55 24 2 45
55 24 3 16
55 25 0 42
55 25 1 8
55 25 2 3
55 25 3 23
55 26 0 14
55 26 1 55
55 26 2 24
55 26 3 26
55 27 0 25
55 27 1 20
55 27 2 58
55 27 3 47
55 28 0 10
55 28 1 13
55 28 2 5
55 28 3 16
55 29 0 42
55 29 1 59
55 29 2 30
55 29 3 5
55 30 0 3
55 30 1 26
55 30 2 16
55 30 3 36
55 31 0 7
55 31 1 14
55 31 2 35
55 31 3 17
55 32 0 23
55 32 1 14
55 32 2 3
55 32 3 22
55 33 0 21
55 33 1 57
55 33 2 57
55 33 3 27
55 34 0 18
55 34 1 26
55 34 2 38
55 34 3 24
55 35 0 48
55 35 1 61
55 35 2 25
55 35 3 7
55 36 0 7
55 36 1 55
55 36 2 26
55 36 3 20
55 37 0 39
55 37 1 61
55 37 2 27
55 37 3 20
55 38 0 55
55 38 1 5
55 38 2 54
55 38 3 33
55 39 0 1
55 39 1 14
55 39 2 43
55 39 3 48
55 40 0 12
55 40 1 42
55 40 2 63
55 40 3 43
55 41 0 44
55 41 1 12
55 41 2 40
55 41 3 45
55 42 0 7
55 42 1 19
55 42 2 56
55 42 3 63
55 43 0 11
55 43 1 46
55 43 2 32
55 43 3 37
55 44 0 32
55 44 1 55
55 44 2 28
55 44 3 37
55 45 0 42
55 45 1 35
55 45 2 56
55 45 3 15
55 46 0 60
55 46 1 43
55 46 2 61
55 46 3 23
55 47 0 30
55 47 1 2
55 47 2 59
55 47 3 52
55 48 0 18
55 48 1 3
55 48 2 44
55 48 3 43
55 49 0 33
55 49 1 10
55 49 2 58
55 49 3 27
55 50 0 46
55 50 1 54
55 50 2 35
55 50 3 6
55 51 0 56
55 51 1 42
55 51 2 57
55 51 3 39
55 52 0 58
55 52 1 55
55 52 2 13
55 52 3 11
55 53 0 10
55 53 1 51
55 53 2 15
55 53 3 28
55 54 0 50
55 54 1 27
55 54 2 3
55 54 3 23
55 55 0 6
55 55 1 24
55 55 2 47
55 55 3 33
55 56 0 43
55 56 1 6
55 56 2 48
55 56 3 27
55 57 0 18
55 57 1 41
55 57 2 8
55 57 3 31
55 58 0 27
55 58 1 10
55 58 2 60
55 58 3 23
55 59 0 2
55 59 1 28
55 59 2 61
55 59 3 42
55 60 0 40
55 60 1 57
55 60 2 5
55 60 3 35
55 61 0 20
55 61 1 43
55 61 2 54
55 61 3 4
55 62 0 10
55 62 1 61
55 62 2 31
55 62 3 20
55 63 0 9
55 63 1 22
55 63 2 0
55 63 3 14
55 64 0 11
55 64 1 5
55 64 2 62
55 64 3 50
55 65 0 60
55 65 1 15
55 65 2 18
55 65 3 18
55 66 0 35
55 66 1 11
55 66 2 15
55 66 3 62
55 67 0 22
55 67 1 49
55 67 2 14
55 67 3 59
55 68 0 44
55 68 1 55
55 68 2 33
55 68 3 58
55 69 0 23
55 69 1 30
55 69 2 3
55 69 3 10
55 70 0 49
55 70 1 20
55 70 2 6
55 70 3 18
55 71 0 22
55 71 1 45
55 71 2 5
55 71 3 1
55 72 0 46
55 72 1 9
55 72 2 26
55 72 3 43
55 73 0 32
55 73 1 7
55 73 2 46
55 73 3 3
55 74 0 14
55 74 1 6
55 74 2 32
55 74 3 44
55 75 0 41
55 75 1 8
55 75 2 21
55 75 3 9
55 76 0 21
55 76 1 14
55 76 2 47
55 76 3 48
55 77 0 52
55 77 1 12
55 77 2 0
55 77 3 2
55 78 0 53
55 78 1 57
55 78 2 13
55 78 3 56
55 79 0 33
55 79 1 11
55 79 2 20
55 79 3 16
55 80 0 48
55 80 1 12
55 80 2 11
55 80 3 46
55 81 0 19
55 81 1 16
55 81 2 51
55 81 3 59
55 82 0 35
55 82 1 52
55 82 2 53
55 82 3 37
55 83 0 53
55 83 1 0
55 83 2 2
55 83 3 56
55 84 0 8
55 84 1 46
55 84 2 26
55 84 3 50
55 85 0 42
55 85 1 4
55 85 2 21
55 85 3 45
55 86 0 58
55 86 1 51
55 86 2 57
55 86 3 61
55 87 0 57
55 87 1 37
55 87 2 21
55 87 3 32
55 88 0 50
55 88 1 27
55 88 2 53
55 88 3 44
55 89 0 13
55 89 1 58
55 89 2 54
55 89 3 38
55 90 0 12
55 90 1 14
55 90 2 53
55 90 3 1
55 91 0 30
55 91 1 39
55 91 2 14
55 91 3 55
55 92 0 33
55 92 1 4
55 92 2 20
55 92 3 25
55 93 0 14
55 93 1 60
55 93 2 23
55 93 3 32
55 94 0 34
55 94 1 14
55 94 2 36
55 94 3 22
55 95 0 0
55 95 1 26
55 95 2 37
55 95 3 7
55 96 0 49
55 96 1 42
55 96 2 19
55 96 3 37
55 97 0 19
55 97 1 41
55 97 2 9
55 97 3 39
55 98 0 3
55 98 1 1
55 98 2 16
55 98 3 11
55 99 0 31
55 99 1 10
55 99 2 15
55 99 3 6
56 0 0 56
56 0 1 47
56 0 2 13
56 0 3 7
56 1 0 54
56 1 1 42
56 1 2 56
56 1 3 11
56 2 0 22
56 2 1 7
56 2 2 27
56 2 3 10
56 3 0 0
56 3 1 32
56 3 2 62
56 3 3 41
56 4 0 48
56 4 1 51
56 4 2 62
56 4 3 8
56 5 0 16
56 5 1 39
56 5 2 52
56 5 3 49
56 6 0 46
56 6 1 19
56 6 2 23
56 6 3 5
56 7 0 20
56 7 1 9
56 7 2 60
56 7 3 5
56 8 0 23
56 8 1 56
56 8 2 61
56 8 3 24
56 9 0 29
56 9 1 33
56 9 2 52
56 9 3 49
56 10 0 33
56 10 1 23
56 10 2 23
56 10 3 41
56 11 0 53
56 11 1 4
56 11 2 49
56 11 3 30
56 12 0 9
56 12 1 6
56 12 2 21
56 12 3 15
56 13 0 6
56 13 1 18
56 13 2 53
56 13 3 45
56 14 0 13
56 14 1 43
56 14 2 28
56 14 3 47
56 15 0 15
56 15 1 3
56 15 2 20
56 15 3 63
56 16 0 35
56 16 1 3
56 16 2 62
56 16 3 52
56 17 0 34
56 17 1 47
56 17 2 11
56 17 3 37
56 18 0 58
56 18 1 28
56 18 2 2
56 18 3 48
56 19 0 46
56 19 1 47
56 19 2 41
56 19 3 8
56 20 0 7
56 20 1 50
56 20 2 54
56 20 3 5
56 21 0 37
56 21 1 32
56 21 2 22
56 21 3 41
56 22 0 58
56 22 1 52
56 22 2 9
56 22 3 29
56 23 0 59
56 23 1 15
56 23 2 54
56 23 3 31
56 24 0 33
56 24 1 16
56 24 2 58
56 24 3 33
56 25 0 36
56 25 1 29
56 25 2 5
56 25 3 49
56 26 0 21
56 26 1 15
56 26 2 50
56 26 3 12
56 27 0 43
56 27 1 30
56 27 2 51
56 27 3 3
56 28 0 49
56 28 1 14
56 28 2 55
56 28 3 22
56 29 0 0
56 29 1 31
56 29 2 3
56 29 3 17
56 30 0 45
56 30 1 35
56 30 2 45
56 30 3 56
56 31 0 29
56 31 1 34
56 31 2 3
56 31 3 18
56 32 0 46
56 32 1 3
56 32 2 22
56 32 3 8
56 33 0 54
56 33 1 35
56 33 2 41
56 33 3 43
56 34 0 14
56 34 1 3
56 34 2 25
56 34 3 11
56 35 0 20
56 35 1 20
56 35 2 50
56 35 3 20
56 36 0 9
56 36 1 61
56 36 2 3
56 36 3 13
56 37 0 22
56 37 1 4
56 37 2 57
56 37 3 22
56 38 0 50
56 38 1 8
56 38 2 33
56 38 3 8
56 39 0 14
56 39 1 26
56 39 2 55
56 39 3 19
56 40 0 48
56 40 1 5
56 40 2 16
56 40 3 38
56 41 0 29
56 41 1 32
56 41 2 43
56 41 3 4
56 42 0 44
56 42 1 55
56 42 2 49
56 42 3 18
56 43 0 22
56 43 1 61
56 43 2 50
56 43 3 59
56 44 0 58
56 44 1 27
56 44 2 8
56 44 3 14
56 45 0 18
56 45 1 53
56 45 2 17
56 45 3 23
56 46 0 54
56 46 1 10
56 46 2 42
56 46 3 35
56 47 0 63
56 47 1 31
56 47 2 33
56 47 3 54
56 48 0 63
56 48 1 46
56 48 2 44
56 48 3 56
56 49 0 62
56 49 1 47
56 49 2 18
56 49 3 41
56 50 0 15
56 50 1 32
56 50 2 28
56 50 3 63
56 51 0 35
56 51 1 61
56 51 2 51
56 51 3 54
56 52 0 10
56 52 1 49
56 52 2 16
56 52 3 36
56 53 0 31
56 53 1 16
56 53 2 63
56 53 3 56
56 54 0 36
56 54 1 0
56 54 2 11
56 54 3 14
56 55 0 62
56 55 1 25
56 55 2 2
56 55 3 37
56 56 0 60
56 56 1 35
56 56 2 28
56 56 3 11
56 57 0 56
56 57 1 6
56 57 2 59
56 57 3 14
56 58 0 8
56 58 1 22
56 58 2 0
56 58 3 0
56 59 0 11
56 59 1 44
56 59 2 52
56 59 3 15
56 60 0 41
56 60 1 22
56 60 2 27
56 60 3 21
56 61 0 57
56 61 1 32
56 61 2 32
56 61 3 55
56 62 0 42
56 62 1 9
56 62 2 12
56 62 3 21
56 63 0 6
56 63 1 44
56 63 2 31
56 63 3 2
56 64 0 25
56 64 1 53
56 64 2 58
56 64 3 61
56 65 0 59
56 65 1 38
56 65 2 59
56 65 3 61
56 66 0 40
56 66 1 26
56 66 2 61
56 66 3 26
56 67 0 10
56 67 1 6
56 67 2 36
56 67 3 2
56 68 0 7
56 68 1 15
56 68 2 33
56 68 3 30
56 69 0 32
56 69 1 32
56 69 2 63
56 69 3 13
56 70 0 30
56 70 1 39
56 70 2 17
56 70 3 11
56 71 0 2
56 71 1 20
56 71 2 16
56 71 3 12
56 72 0 17
56 72 1 44
56 72 2 52
56 72 3 33
56 73 0 4
56 73 1 47
56 73 2 9
56 73 3 3
56 74 0 36
56 74 1 27
56 74 2 19
56 74 3 61
56 75 0 5
56 75 1 3
56 75 2 37
56 75 3 26
56 76 0 51
56 76 1 2
56 76 2 26
56 76 3 9
56 77 0 2
56 77 1 29
56 77 2 47
56 77 3 10
56 78 0 53
56 78 1 33
56 78 2 30
56 78 3 59
56 79 0 21
56 79 1 12
56 79 2 50
56 79 3 6
56 80 0 55
56 80 1 52
56 80 2 62
56 80 3 29
56 81 0 39
56 81 1 56
56 81 2 8
56 81 3 19
56 82 0 30
56 82 1 40
56 82 2 43
56 82 3 59
56 83 0 31
56 83 1 10
56 83 2 12
56 83 3 51
56 84 0 29
56 84 1 40
56 84 2 36
56 84 3 52
56 85 0 13
56 85 1 10
56 85 2 46
56 85 3 27
56 86 0 52
56 86 1 8
56 86 2 17
56 86 3 61
56 87 0 53
56 87 1 4
56 87 2 52
56 87 3 4
56 88 0 7
56 88 1 57
56 88 2 8
56 88 3 19
56 89 0 8
56 89 1 38
56 89 2 3
56 89 3 18
56 90 0 20
56 90 1 41
56 90 2 31
56 90 3 12
56 91 0 29
56 91 1 29
56 91 2 22
56 91 3 34
56 92 0 20
56 92 1 21
56 92 2 50
56 92 3 16
56 93 0 21
56 93 1 8
56 93 2 44
56 93 3 45
56 94 0 43
56 94 1 10
56 94 2 28
56 94 3 18
56 95 0 48
56 95 1 21
56 95 2 26
56 95 3 29
56 96 0 48
56 96 1 44
56 96 2 52
56 96 3 27
56 97 0 52
56 97 1 55
56 97 2 33
56 97 3 43
56 98 0 58
56 98 1 53
56 98 2 17
56 98 3 45
56 99 0 28
56 99 1 9
56 99 2 23
56 99 3 62
57 0 0 61
57 0 1 50
57 0 2 63
57 0 3 36
57 1 0 48
57 1 1 10
57 1 2 19
57 1 3 11
57 2 0 60
57 2 1 39
57 2 2 59
57 2 3 26
57 3 0 25
57 3 1 43
57 3 2 36
57 3 3 23
57 4 0 20
57 4 1 32
57 4 2 4
57 4 3 12
57 5 0 2
57 5 1 9
57 5 2 12
57 5 3 4
57 6 0 3
57 6 1 52
57 6 2 11
57 6 3 35
57 7 0 6
57 7 1 60
57 7 2 15
57 7 3 47
57 8 0 41
57 8 1 49
57 8 2 40
57 8 3 32
57 9 0 49
57 9 1 52
57 9 2 24
57 9 3 60
57 10 0 63
57 10 1 46
57 10 2 59
57 10 3 6
57 11 0 34
57 11 1 41
57 11 2 59
57 11 3 7
57 12 0 51
57 12 1 4
57 12 2 22
57 12 3 44
57 13 0 18
57 13 1 53
57 13 2 59
57 13 3 10
57 14 0 16
57 14 1 4
57 14 2 45
57 14 3 56
57 15 0 38
57 15 1 8
57 15 2 11
57 15 3 2
57 16 0 31
57 16 1 46
57 16 2 9
57 16 3 54
57 17 0 16
57 17 1 32
57 17 2 42
57 17 3 34
57 18 0 30
57 18 1 21
57 18 2 27
57 18 3 15
57 19 0 18
57 19 1 48
57 19 2 56
57 19 3 54
57 20 0 21
57 20 1 20
57 20 2 3
57 20 3 17
57 21 0 37
57 21 1 17
57 21 2 46
57 21 3 3
57 22 0 26
57 22 1 17
57 22 2 31
57 22 3 1
57 23 0 26
57 23 1 50
57 23 2 54
57 23 3 16
57 24 0 27
57 24 1 44
57 24 2 29
57 24 3 34
57 25 0 21
57 25 1 53
57 25 2 40
57 25 3 61
57 26 0 49
57 26 1 23
57 26 2 20
57 26 3 5
57 27 0 39
57 27 1 47
57 27 2 22
57 27 3 1
57 28 0 52
57 28 1 14
57 28 2 37
57 28 3 3
57 29 0 4
57 29 1 57
57 29 2 43
57 29 3 0
57 30 0 6
57 30 1 31
57 30 2 43
57 30 3 27
57 31 0 55
57 31 1 41
57 31 2 39
57 31 3 18
57 32 0 43
57 32 1 55
57 32 2 3
57 32 3 46
57 33 0 56
57 33 1 27
57 33 2 49
57 33 3 22
57 34 0 12
57 34 1 52
57 34 2 19
57 34 3 48
57 35 0 20
57 35 1 25
57 35 2 43
57 35 3 21
57 36 0 51
57 36 1 2
57 36 2 0
57 36 3 5
57 37 0 16
57 37 1 3
57 37 2 24
57 37 3 1
57 38 0 48
57 38 1 9
57 38 2 62
57 38 3 54
57 39 0 44
57 39 1 51
57 39 2 49
57 39 3 54
57 40 0 35
57 40 1 39
57 40 2 30
57 40 3 39
57 41 0 24
57 41 1 7
57 41 2 59
57 41 3 44
57 42 0 45
57 42 1 17
57 42 2 49
57 42 3 33
57 43 0 4
57 43 1 61
57 43 2 63
57 43 3 55
57 44 0 30
57 44 1 14
57 44 2 0
57 44 3 47
57 45 0 57
57 45 1 6
57 45 2 43
57 45 3 1
57 46 0 49
57 46 1 1
57 46 2 62
57 46 3 10
57 47 0 25
57 47 1 44
57 47 2 54
57 47 3 23
57 48 0 62
57 48 1 1
57 48 2 30
57 48 3 63
57 49 0 17
57 49 1 34
57 49 2 28
57 49 3 25
57 50 0 49
57 50 1 33
57 50 2 45
57 50 3 33
57 51 0 63
57 51 1 30
57 51 2 50
57 51 3 39
57 52 0 51
57 52 1 56
57 52 2 14
57 52 3 19
57 53 0 19
57 53 1 31
57 53 2 31
57 53 3 0
57 54 0 57
57 54 1 55
57 54 2 38
57 54 3 19
57 55 0 52
57 55 1 17
57 55 2 19
57 55 3 63
57 56 0 59
57 56 1 37
57 56 2 10
57 56 3 7
57 57 0 61
57 57 1 16
57 57 2 43
57 57 3 22
57 58 0 31
57 58 1 63
57 58 2 37
57 58 3 27
57 59 0 26
57 59 1 14
57 59 2 35
57 59 3 36
57 60 0 6
57 60 1 25
57 60 2 41
57 60 3 3
57 61 0 62
57 61 1 55
57 61 2 40
57 61 3 1
57 62 0 33
57 62 1 57
57 62 2 1
57 62 3 50
57 63 0 53
57 63 1 4
57 63 2 14
57 63 3 46
57 64 0 58
57 64 1 49
57 64 2 33
57 64 3 38
57 65 0 33
57 65 1 36
57 65 2 49
57 65 3 3
57 66 0 13
57 66 1 3
57 66 2 50
57 66 3 46
57 67 0 3
57 67 1 6
57 67 2 16
57 67 3 15
57 68 0 33
57 68 1 31
57 68 2 22
57 68 3 10
57 69 0 41
57 69 1 50
57 69 2 40
57 69 3 51
57 70 0 58
57 70 1 53
57 70 2 41
57 70 3 3
57 71 0 21
57 71 1 27
57 71 2 45
57 71 3 54
57 72 0 40
57 72 1 23
57 72 2 50
57 72 3 44
57 73 0 51
57 73 1 37
57 73 2 41
57 73 3 22
57 74 0 25
57 74 1 17
57 74 2 16
57 74 3 41
57 75 0 24
57 75 1 8
57 75 2 2
57 75 3 55
57 76 0 27
57 76 1 36
57 76 2 57
57 76 3 7
57 77 0 59
57 77 1 45
57 77 2 40
57 77 3 27
57 78 0 45
57 78 1 13
57 78 2 19
57 78 3 61
57 79 0 17
57 79 1 46
57 79 2 59
57 79 3 37
57 80 0 19
57 80 1 54
57 80 2 52
57 80 3 34
57 81 0 7
57 81 1 28
57 81 2 27
57 81 3 12
57 82 0 25
57 82 1 9
57 82 2 44
57 82 3 27
57 83 0 46
57 83 1 29
57 83 2 45
57 83 3 46
57 84 0 10
57 84 1 28
57 84 2 47
57 84 3 37
57 85 0 14
57 85 1 53
57 85 2 12
57 85 3 63
57 86 0 45
57 86 1 20
57 86 2 12
57 86 3 57
57 87 0 33
57 87 1 51
57 87 2 53
57 87 3 4
57 88 0 43
57 88 1 21
57 88 2 58
57 88 3 14
57 89 0 2
57 89 1 42
57 89 2 35
57 89 3 35
57 90 0 16
57 90 1 31
57 90 2 61
57 90 3 48
57 91 0 63
57 91 1 21
57 91 2 55
57 91 3 24
57 92 0 59
57 92 1 55
57 92 2 10
57 92 3 62
57 93 0 38
57 93 1 49
57 93 2 37
57 93 3 13
57 94 0 63
57 94 1 7
57 94 2 51
57 94 3 13
57 95 0 50
57 95 1 27
57 95 2 15
57 95 3 15
57 96 0 20
57 96 1 57
57 96 2 49
57 96 3 42
57 97 0 40
57 97 1 26
57 97 2 57
57 97 3 17
57 98 0 60
57 98 1 24
57 98 2 21
57 98 3 30
57 99 0 47
57 99 1 45
57 99 2 49
57 99 3 5
58 0 0 10
58 0 1 54
58 0 2 62
58 0 3 8
58 1 0 57
58 1 1 16
58 1 2 62
58 1 3 63
58 2 0 40
58 2 1 12
58 2 2 50
58 2 3 6
58 3 0 21
58 3 1 40
58 3 2 4
58 3 3 25
58 4 0 51
58 4 1 5
58 4 2 23
58 4 3 0
58 5 0 42
58 5 1 5
58 5 2 17
58 5 3 33
58 6 0 13
58 6 1 14
58 6 2 53
58 6 3 49
58 7 0 5
58 7 1 54
58 7 2 29
58 7 3 9
58 8 0 58
58 8 1 21
58 8 2 20
58 8 3 9
58 9 0 56
58 9 1 18
58 9 2 37
58 9 3 15
58 10 0 57
58 10 1 50
58 10 2 32
58 10 3 22
58 11 0 41
58 11 1 31
58 11 2 60
58 11 3 43
58 12 0 1
58 12 1 52
58 12 2 12
58 12 3 19
58 13 0 27
58 13 1 13
58 13 2 60
58 13 3 62
58 14 0 9
58 14 1 20
58 14 2 23
58 14 3 42
58 15 0 38
58 15 1 43
58 15 2 1
58 15 3 32
58 16 0 13
58 16 1 14
58 16 2 49
58 16 3 9
58 17 0 2
58 17 1 31
58 17 2 47
58 17 3 32
58 18 0 10
58 18 1 49
58 18 2 24
58 18 3 45
58 19 0 12
58 19 1 58
58 19 2 18
58 19 3 62
58 20 0 24
58 20 1 46
58 20 2 32
58 20 3 4
58 21 0 6
58 21 1 25
58 21 2 12
58 21 3 38
58 22 0 8
58 22 1 37
58 22 2 13
58 22 3 11
58 23 0 23
58 23 1 37
58 23 2 25
58 23 3 22
58 24 0 21
58 24 1 21
58 24 2 25
58 24 3 53
58 25 0 36
58 25 1 27
58 25 2 47
58 25 3 33
58 26 0 60
58 26 1 36
58 26 2 13
58 26 3 36
58 27 0 49
58 27 1 13
58 27 2 12
58 27 3 38
58 28 0 56
58 28 1 21
58 28 2 32
58 28 3 41
58 29 0 42
58 29 1 9
58 29 2 25
58 29 3 63
58 30 0 56
58 30 1 49
58 30 2 1
58 30 3 26
58 31 0 3
58 31 1 19
58 31 2 55
58 31 3 24
58 32 0 10
58 32 1 46
58 32 2 48
58 32 3 41
58 33 0 51
58 33 1 44
58 33 2 40
58 33 3 56
58 34 0 20
58 34 1 29
58 34 2 36
58 34 3 42
58 35 0 30
58 35 1 28
58 35 2 10
58 35 3 40
58 36 0 7
58 36 1 30
58 36 2 26
58 36 3 49
58 37 0 30
58 37 1 0
58 37 2 32
58 37 3 13
58 38 0 24
58 38 1 18
58 38 2 10
58 38 3 60
58 39 0 16
58 39 1 32
58 39 2 53
58 39 3 23
58 40 0 59
58 40 1 25
58 40 2 60
58 40 3 28
58 41 0 0
58 41 1 55
58 41 2 55
58 41 3 61
58 42 0 7
58 42 1 54
58 42 2 21
58 42 3 53
58 43 0 61
58 43 1 12
58 43 2 23
58 43 3 17
58 44 0 19
58 44 1 38
58 44 2 26
58 44 3 41
58 45 0 43
58 45 1 12
58 45 2 2
58 45 3 47
58 46 0 11
58 46 1 12
58 46 2 38
58 46 3 16
58 47 0 12
58 47 1 19
58 47 2 33
58 47 3 54
58 48 0 63
58 48 1 46
58 48 2 57
58 48 3 33
58 49 0 26
58 49 1 52
58 49 2 19
58 49 3 52
58 50 0 63
58 50 1 24
58 50 2 40
58 50 3 50
58 51 0 50
58 51 1 13
58 51 2 61
58 51 3 32
58 52 0 2
58 52 1 7
58 52 2 46
58 52 3 27
58 53 0 6
58 53 1 33
58 53 2 38
58 53 3 5
58 54 0 22
58 54 1 29
58 54 2 49
58 54 3 41
58 55 0 5
58 55 1 39
58 55 2 57
58 55 3 3
58 56 0 63
58 56 1 6
58 56 2 39
58 56 3 22
58 57 0 46
58 57 1 53
58 57 2 54
58 57 3 55
58 58 0 52
58 58 1 19
58 58 2 29
58 58 3 46
58 59 0 10
58 59 1 36
58 59 2 33
58 59 3 62
58 60 0 3
58 60 1 6
58 60 2 1
58 60 3 35
58 61 0 35
58 61 1 37
58 61 2 15
58 61 3 19
58 62 0 26
58 62 1 3
58 62 2 48
58 62 3 3
58 63 0 42
58 63 1 29
58 63 2 63
58 63 3 44
58 64 0 30
58 64 1 44
58 64 2 7
58 64 3 11
58 65 0 31
58 65 1 54
58 65 2 52
58 65 3 24
58 66 0 18
58 66 1 61
58 66 2 36
58 66 3 7
58 67 0 14
58 67 1 53
58 67 2 57
58 67 3 58
58 68 0 0
58 68 1 52
58 68 2 7
58 68 3 51
58 69 0 56
58 69 1 23
58 69 2 12
58 69 3 45
58 70 0 4
58 70 1 37
58 70 2 21
58 70 3 27
58 71 0 52
58 71 1 63
58 71 2 25
58 71 3 18
58 72 0 53
58 72 1 26
58 72 2 12
58 72 3 57
58 73 0 63
58 73 1 18
58 73 2 10
58 73 3 9
58 74 0 38
58 74 1 19
58 74 2 39
58 74 3 48
58 75 0 0
58 75 1 55
58 75 2 1
58 75 3 7
58 76 0 46
58 76 1 39
58 76 2 62
58 76 3 36
58 77 0 26
58 77 1 42
58 77 2 48
58 77 3 42
58 78 0 23
58 78 1 61
58 78 2 19
58 78 3 22
58 79 0 17
58 79 1 19
58 79 2 13
58 79 3 37
58 80 0 46
58 80 1 27
58 80 2 59
58 80 3 30
58 81 0 29
58 81 1 4
58 81 2 57
58 81 3 9
58 82 0 10
58 82 1 59
58 82 2 33
58 82 3 4
58 83 0 28
58 83 1 37
58 83 2 0
58 83 3 48
58 84 0 42
58 84 1 0
58 84 2 39
58 84 3 14
58 85 0 47
58 85 1 24
58 85 2 12
58 85 3 32
58 86 0 28
58 86 1 21
58 86 2 56
58 86 3 41
58 87 0 31
58 87 1 14
58 87 2 36
58 87 3 1
58 88 0 56
58 88 1 0
58 88 2 44
58 88 3 22
58 89 0 46
58 89 1 23
58 89 2 1
58 89 3 60
58 90 0 49
58 90 1 2
58 90 2 2
58 90 3 33
58 91 0 61
58 91 1 36
58 91 2 0
58 91 3 44
58 92 0 27
58 92 1 40
58 92 2 22
58 92 3 0
58 93 0 1
58 93 1 40
58 93 2 40
58 93 3 20
58 94 0 5
58 94 1 49
58 94 2 9
58 94 3 12
58 95 0 28
58 95 1 45
58 95 2 63
58 95 3 40
58 96 0 61
58 96 1 41
58 96 2 54
58 96 3 11
58 97 0 3
58 97 1 42
58 97 2 62
58 97 3 47
58 98 0 21
58 98 1 31
58 98 2 7
58 98 3 21
58 99 0 43
58 99 1 10
58 99 2 30
58 99 3 18
59 0 0 31
59 0 1 48
59 0 2 56
59 0 3 26
59 1 0 52
59 1 1 44
59 1 2 58
59 1 3 47
59 2 0 35
59 2 1 43
59 2 2 20
59 2 3 43
59 3 0 45
59 3 1 39
59 3 2 6
59 3 3 33
59 4 0 45
59 4 1 12
59 4 2 50
59 4 3 53
59 5 0 34
59 5 1 61
59 5 2 54
59 5 3 29
59 6 0 56
59 6 1 59
59 6 2 6
59 6 3 63
59 7 0 0
59 7 1 31
59 7 2 60
59 7 3 46
59 8 0 17
59 8 1 41
59 8 2 13
59 8 3 15
59 9 0 58
59 9 1 3
59 9 2 61
59 9 3 29
59 10 0 4
59 10 1 50
59 10 2 3
59 10 3 20
59 11 0 15
59 11 1 50
59 11 2 25
59 11 3 41
59 12 0 4
59 12 1 44
59 12 2 45
59 12 3 18
59 13 0 56
59 13 1 30
59 13 2 42
59 13 3 11
59 14 0 59
59 14 1 15
59 14 2 40
59 14 3 5
59 15 0 2
59 15 1 8
59 15 2 60
59 15 3 13
59 16 0 56
59 16 1 37
59 16 2 5
59 16 3 28
59 17 0 30
59 17 1 17
59 17 2 38
59 17 3 55
59 18 0 56
59 18 1 33
59 18 2 57
59 18 3 59
59 19 0 5
59 19 1 40
59 19 2 49
59 19 3 1
59 20 0 38
59 20 1 58
59 20 2 17
59 20 3 54
59 21 0 59
59 21 1 40
59 21 2 40
59 21 3 34
59 22 0 26
59 22 1 28
59 22 2 33
59 22 3 30
59 23 0 52
59 23 1 49
59 23 2 22
59 23 3 32
59 24 0 13
59 24 1 11
59 24 2 23
59 24 3 3
59 25 0 54
59 25 1 8
59 25 2 20
59 25 3 16
59 26 0 13
59 26 1 23
59 26 2 46
59 26 3 57
59 27 0 12
59 27 1 15
59 27 2 30
59 27 3 20
59 28 0 51
59 28 1 14
59 28 2 25
59 28 3 34
59 29 0 24
59 29 1 39
59 29 2 51
59 29 3 34
59 30 0 29
59 30 1 60
59 30 2 62
59 30 3 63
59 31 0 1
59 31 1 53
59 31 2 57
59 31 3 51
59 32 0 47
59 32 1 23
59 32 2 46
59 32 3 37
59 33 0 53
59 33 1 22
59 33 2 47
59 33 3 50
59 34 0 53
59 34 1 10
59 34 2 55
59 34 3 13
59 35 0 59
59 35 1 2
59 35 2 14
59 35 3 38
59 36 0 34
59 36 1 44
59 36 2 25
59 36 3 0
59 37 0 39
59 37 1 32
59 37 2 32
59 37 3 24
59 38 0 56
59 38 1 50
59 38 2 11
59 38 3 2
59 39 0 11
59 39 1 3
59 39 2 45
59 39 3 39
59 40 0 29
59 40 1 37
59 40 2 51
59 40 3 53
59 41 0 27
59 41 1 37
59 41 2 36
59 41 3 60
59 42 0 48
59 42 1 20
59 42 2 56
59 42 3 25
59 43 0 48
59 43 1 62
59 43 2 51
59 43 3 6
59 44 0 13
59 44 1 50
59 44 2 7
59 44 3 0
59 45 0 16
59 45 1 31
59 45 2 8
59 45 3 9
59 46 0 21
59 46 1 38
59 46 2 34
59 46 3 51
59 47 0 62
59 47 1 2
59 47 2 44
59 47 3 10
59 48 0 23
59 48 1 21
59 48 2 44
59 48 3 16
59 49 0 57
59 49 1 24
59 49 2 52
59 49 3 60
59 50 0 32
59 50 1 6
59 50 2 44
59 50 3 27
59 51 0 21
59 51 1 29
59 51 2 19
59 51 3 17
59 52 0 63
59 52 1 17
59 52 2 29
59 52 3 45
59 53 0 14
59 53 1 39
59 53 2 57
59 53 3 52
59 54 0 1
59 54 1 25
59 54 2 0
59 54 3 38
59 55 0 20
59 55 1 57
59 55 2 11
59 55 3 54
59 56 0 21
59 56 1 58
59 56 2 12
59 56 3 17
59 57 0 22
59 57 1 63
59 57 2 46
59 57 3 52
59 58 0 35
59 58 1 50
59 58 2 40
59 58 3 42
59 59 0 53
59 59 1 62
59 59 2 36
59 59 3 28
59 60 0 41
59 60 1 47
59 60 2 63
59 60 3 44
59 61 0 61
59 61 1 46
59 61 2 60
59 61 3 48
59 62 0 56
59 62 1 12
59 62 2 63
59 62 3 22
59 63 0 51
59 63 1 25
59 63 2 29
59 63 3 47
59 64 0 34
59 64 1 45
59 64 2 5
59 64 3 53
59 65 0 26
59 65 1 50
59 65 2 18
59 65 3 38
59 66 0 37
59 66 1 8
59 66 2 30
59 66 3 40
59 67 0 53
59 67 1 56
59 67 2 24
59 67 3 41
59 68 0 11
59 68 1 57
59 68 2 55
59 68 3 63
59 69 0 31
59 69 1 22
59 69 2 48
59 69 3 46
59 70 0 13
59 70 1 34
59 70 2 41
59 70 3 29
59 71 0 23
59 71 1 15
59 71 2 26
59 71 3 15
59 72 0 19
59 72 1 11
59 72 2 24
59 72 3 40
59 73 0 24
59 73 1 9
59 73 2 51
59 73 3 27
59 74 0 37
59 74 1 33
59 74 2 32
59 74 3 28
59 75 0 48
59 75 1 54
59 75 2 57
59 75 3 28
59 76 0 21
59 76 1 5
59 76 2 28
59 76 3 63
59 77 0 16
59 77 1 54
59 77 2 48
59 77 3 42
59 78 0 36
59 78 1 48
59 78 2 6
59 78 3 8
59 79 0 12
59 79 1 49
59 79 2 27
59 79 3 13
59 80 0 2
59 80 1 31
59 80 2 25
59 80 3 11
59 81 0 1
59 81 1 48
59 81 2 49
59 81 3 15
59 82 0 31
59 82 1 16
59 82 2 26
59 82 3 6
59 83 0 60
59 83 1 46
59 83 2 57
59 83 3 18
59 84 0 55
59 84 1 33
59 84 2 12
59 84 3 21
59 85 0 51
59 85 1 49
59 85 2 46
59 85 3 14
59 86 0 41
59 86 1 60
59 86 2 3
59 86 3 20
59 87 0 5
59 87 1 6
59 87 2 63
59 87 3 15
59 88 0 11
59 88 1 4
59 88 2 62
59 88 3 29
59 89 0 50
59 89 1 16
59 89 2 41
59 89 3 56
59 90 0 42
59 90 1 33
59 90 2 13
59 90 3 14
59 91 0 38
59 91 1 28
59 91 2 2
59 91 3 12
59 92 0 27
59 92 1 11
59 92 2 35
59 92 3 19
59 93 0 18
59 93 1 6
59 93 2 32
59 93 3 12
59 94 0 40
59 94 1 60
59 94 2 58
59 94 3 42
59 95 0 51
59 95 1 58
59 95 2 43
59 95 3 16
59 96 0 32
59 96 1 54
59 96 2 42
59 96 3 23
59 97 0 10
59 97 1 9
59 97 2 24
59 97 3 51
59 98 0 35
59 98 1 3
59 98 2 58
59 98 3 25
59 99 0 24
59 99 1 52
59 99 2 24
59 99 3 39
60 0 0 58
60 0 1 33
60 0 2 39
60 0 3 22
60 1 0 57
60 1 1 4
60 1 2 17
60 1 3 63
60 2 0 30
60 2 1 11
60 2 2 26
60 2 3 16
60 3 0 33
60 3 1 15
60 3 2 25
60 3 3 58
60 4 0 5
60 4 1 48
60 4 2 5
60 4 3 29
60 5 0 42
60 5 1 61
60 5 2 16
60 5 3 3
60 6 0 48
60 6 1 57
60 6 2 36
60 6 3 3
60 7 0 32
60 7 1 25
60 7 2 28
60 7 3 3
60 8 0 20
60 8 1 63
60 8 2 2
60 8 3 58
60 9 0 33
60 9 1 37
60 9 2 59
60 9 3 13
60 10 0 63
60 10 1 17
60 10 2 22
60 10 3 28
60 11 0 38
60 11 1 20
60 11 2 50
60 11 3 1
60 12 0 42
60 12 1 42
60 12 2 34
60 12 3 39
60 13 0 47
60 13 1 57
60 13 2 13
60 13 3 30
60 14 0 35
60 14 1 22
60 14 2 62
60 14 3 32
60 15 0 37
60 15 1 12
60 15 2 26
60 15 3 40
60 16 0 27
60 16 1 49
60 16 2 8
60 16 3 9
60 17 0 21
60 17 1 20
60 17 2 52
60 17 3 55
60 18 0 30
60 18 1 32
60 18 2 18
60 18 3 34
60 19 0 45
60 19 1 46
60 19 2 62
60 19 3 36
60 20 0 21
60 20 1 4
60 20 2 44
60 20 3 51
60 21 0 35
60 21 1 59
60 21 2 20
60 21 3 3
60 22 0 40
60 22 1 7
60 22 2 5
60 22 3 44
60 23 0 27
60 23 1 38
60 23 2 47
60 23 3 24
60 24 0 39
60 24 1 34
60 24 2 37
60 24 3 45
60 25 0 24
60 25 1 32
60 25 2 37
60 25 3 8
60 26 0 13
60 26 1 5
60 26 2 12
60 26 3 28
60 27 0 60
60 27 1 59
60 27 2 48
60 27 3 35
60 28 0 12
60 28 1 22
60 28 2 49
60 28 3 58
60 29 0 61
60 29 1 24
60 29 2 31
60 29 3 32
60 30 0 3
60 30 1 7
60 30 2 2
60 30 3 47
60 31 0 14
60 31 1 44
60 31 2 24
60 31 3 50
60 32 0 7
60 32 1 20
60 32 2 13
60 32 3 27
60 33 0 35
60 33 1 10
60 33 2 42
60 33 3 61
60 34 0 2
60 34 1 5
60 34 2 60
60 34 3 41
60 35 0 58
60 35 1 45
60 35 2 45
60 35 3 10
60 36 0 32
60 36 1 23
60 36 2 53
60 36 3 2
60 37 0 1
60 37 1 35
60 37 2 62
60 37 3 63
60 38 0 37
60 38 1 27
60 38 2 17
60 38 3 63
60 39 0 11
60 39 1 8
60 39 2 32
60 39 3 25
60 40 0 31
60 40 1 57
60 40 2 17
60 40 3 56
60 41 0 13
60 41 1 20
60 41 2 0
60 41 3 43
60 42 0 54
60 42 1 56
60 42 2 10
60 42 3 49
60 43 0 9
60 43 1 40
60 43 2 44
60 43 3 9
60 44 0 7
60 44 1 4
60 44 2 45
60 44 3 39
60 45 0 7
60 45 1 32
60 45 2 50
60 45 3 15
60 46 0 38
60 46 1 18
60 46 2 16
60 46 3 25
60 47 0 22
60 47 1 31
60 47 2 13
60 47 3 24
60 48 0 39
60 48 1 24
60 48 2 42
60 48 3 7
60 49 0 8
60 49 1 55
60 49 2 29
60 49 3 38
60 50 0 47
60 50 1 9
60 50 2 62
60 50 3 27
60 51 0 56
60 51 1 26
60 51 2 25
60 51 3 38
60 52 0 12
60 52 1 38
60 52 2 62
60 52 3 41
60 53 0 4
60 53 1 44
60 53 2 2
60 53 3 6
60 54 0 18
60 54 1 19
60 54 2 0
60 54 3 1
60 55 0 50
60 55 1 29
60 55 2 12
60 55 3 27
60 56 0 44
60 56 1 46
60 56 2 18
60 56 3 10
60 57 0 61
60 57 1 40
60 57 2 62
60 57 3 19
60 58 0 7
60 58 1 24
60 58 2 20
60 58 3 46
60 59 0 45
60 59 1 4
60 59 2 37
60 59 3 21
60 60 0 39
60 60 1 25
60 60 2 34
60 60 3 45
60 61 0 18
60 61 1 12
60 61 2 45
60 61 3 60
60 62 0 28
60 62 1 63
60 62 2 11
60 62 3 52
60 63 0 63
60 63 1 19
60 63 2 9
60 63 3 42
60 64 0 55
60 64 1 5
60 64 2 41
60 64 3 55
60 65 0 2
60 65 1 33
60 65 2 4
60 65 3 11
60 66 0 31
60 66 1 20
60 66 2 5
60 66 3 51
60 67 0 12
60 67 1 55
60 67 2 11
60 67 3 33
60 68 0 46
60 68 1 30
60 68 2 26
60 68 3 48
60 69 0 0
60 69 1 52
60 69 2 44
60 69 3 48
60 70 0 26
60 70 1 24
60 70 2 36
60 70 3 41
60 71 0 59
60 71 1 54
60 71 2 3
60 71 3 9
60 72 0 60
60 72 1 24
60 72 2 37
60 72 3 3
60 73 0 6
60 73 1 26
60 73 2 45
60 73 3 49
60 74 0 57
60 74 1 12
60 74 2 12
60 74 3 34
60 75 0 35
60 75 1 2
60 75 2 28
60 75 3 57
60 76 0 10
60 76 1 52
60 76 2 28
60 76 3 33
60 77 0 41
60 77 1 45
60 77 2 40
60 77 3 6
60 78 0 18
60 78 1 54
60 78 2 2
60 78 3 45
60 79 0 33
60 79 1 7
60 79 2 7
60 79 3 62
60 80 0 1
60 80 1 1
60 80 2 1
60 80 3 40
60 81 0 59
60 81 1 10
60 81 2 50
60 81 3 46
60 82 0 14
60 82 1 4
60 82 2 31
60 82 3 5
60 83 0 7
60 83 1 29
60 83 2 52
60 83 3 63
60 84 0 40
60 84 1 17
60 84 2 21
60 84 3 39
60 85 0 11
60 85 1 33
60 85 2 49
60 85 3 53
60 86 0 3
60 86 1 18
60 86 2 16
60 86 3 35
60 87 0 11
60 87 1 60
60 87 2 58
60 87 3 21
60 88 0 26
60 88 1 28
60 88 2 2
60 88 3 56
60 89 0 49
60 89 1 21
60 89 2 35
60 89 3 24
60 90 0 14
60 90 1 19
60 90 2 6
60 90 3 51
60 91 0 41
60 91 1 59
60 91 2 0
60 91 3 40
60 92 0 35
60 92 1 39
60 92 2 63
60 92 3 24
60 93 0 9
60 93 1 0
60 93 2 31
60 93 3 11
60 94 0 9
60 94 1 9
60 94 2 17
60 94 3 7
60 95 0 31
60 95 1 41
60 95 2 18
60 95 3 8
60 96 0 36
60 96 1 5
60 96 2 47
60 96 3 24
60 97 0 26
60 97 1 15
60 97 2 18
60 97 3 9
60 98 0 35
60 98 1 9
60 98 2 43
60 98 3 16
60 99 0 36
60 99 1 34
60 99 2 40
60 99 3 48
61 0 0 35
61 0 1 54
61 0 2 16
61 0 3 48
61 1 0 21
61 1 1 40
61 1 2 31
61 1 3 58
61 2 0 17
61 2 1 33
61 2 2 10
61 2 3 40
61 3 0 2
61 3 1 26
61 3 2 0
61 3 3 20
61 4 0 30
61 4 1 21
61 4 2 24
61 4 3 9
61 5 0 45
61 5 1 50
61 5 2 29
61 5 3 3
61 6 0 3
61 6 1 43
61 6 2 59
61 6 3 55
61 7 0 25
61 7 1 31
61 7 2 10
61 7 3 4
61 8 0 49
61 8 1 27
61 8 2 31
61 8 3 21
61 9 0 20
61 9 1 63
61 9 2 52
61 9 3 44
61 10 0 24
61 10 1 46
61 10 2 21
61 10 3 33
61 11 0 9
61 11 1 45
61 11 2 3
61 11 3 46
61 12 0 38
61 12 1 4
61 12 2 32
61 12 3 14
61 13 0 30
61 13 1 0
61 13 2 46
61 13 3 32
61 14 0 23
61 14 1 56
61 14 2 41
61 14 3 39
61 15 0 9
61 15 1 32
61 15 2 44
61 15 3 59
61 16 0 38
61 16 1 11
61 16 2 43
61 16 3 4
61 17 0 20
61 17 1 58
61 17 2 51
61 17 3 57
61 18 0 22
61 18 1 43
61 18 2 44
61 18 3 15
61 19 0 60
61 19 1 62
61 19 2 7
61 19 3 48
61 20 0 28
61 20 1 43
61 20 2 35
61 20 3 14
61 21 0 6
61 21 1 32
61 21 2 53
61 21 3 52
61 22 0 17
61 22 1 55
61 22 2 22
61 22 3 35
61 23 0 20
61 23 1 33
61 23 2 33
61 23 3 44
61 24 0 30
61 24 1 33
61 24 2 41
61 24 3 26
61 25 0 33
61 25 1 5
61 25 2 55
61 25 3 8
61 26 0 55
61 26 1 48
61 26 2 60
61 26 3 1
61 27 0 13
61 27 1 3
61 27 2 26
61 27 3 57
61 28 0 49
61 28 1 45
61 28 2 54
61 28 3 0
61 29 0 50
61 29 1 19
61 29 2 44
61 29 3 48
61 30 0 43
61 30 1 26
61 30 2 39
61 30 3 30
61 31 0 40
61 31 1 29
61 31 2 25
61 31 3 12
61 32 0 24
61 32 1 46
61 32 2 55
61 32 3 6
61 33 0 11
61 33 1 32
61 33 2 44
61 33 3 10
61 34 0 20
61 34 1 2
61 34 2 3
61 34 3 9
61 35 0 46
61 35 1 55
61 35 2 31
61 35 3 11
61 36 0 58
61 36 1 17
61 36 2 9
61 36 3 8
61 37 0 22
61 37 1 47
61 37 2 25
61 37 3 28
61 38 0 21
61 38 1 60
61 38 2 43
61 38 3 42
61 39 0 28
61 39 1 34
61 39 2 56
61 39 3 42
61 40 0 52
61 40 1 2
61 40 2 55
61 40 3 60
61 41 0 42
61 41 1 61
61 41 2 36
61 41 3 17
61 42 0 38
61 42 1 40
61 42 2 9
61 42 3 12
61 43 0 18
61 43 1 35
61 43 2 9
61 43 3 49
61 44 0 7
61 44 1 60
61 44 2 43
61 44 3 21
61 45 0 23
61 45 1 44
61 45 2 5
61 45 3 45
61 46 0 35
61 46 1 14
61 46 2 57
61 46 3 40
61 47 0 10
61 47 1 41
61 47 2 26
61 47 3 48
61 48 0 31
61 48 1 63
61 48 2 59
61 48 3 2
61 49 0 26
61 49 1 12
61 49 2 28
61 49 3 9
61 50 0 34
61 50 1 9
61 50 2 39
61 50 3 29
61 51 0 63
61 51 1 56
61 51 2 38
61 51 3 28
61 52 0 45
61 52 1 42
61 52 2 8
61 52 3 24
61 53 0 63
61 53 1 20
61 53 2 0
61 53 3 53
61 54 0 59
61 54 1 41
61 54 2 40
61 54 3 22
61 55 0 23
61 55 1 58
61 55 2 54
61 55 3 31
61 56 0 20
61 56 1 12
61 56 2 0
61 56 3 30
61 57 0 35
61 57 1 43
61 57 2 51
61 57 3 23
61 58 0 10
61 58 1 54
61 58 2 48
61 58 3 34
61 59 0 2
61 59 1 29
61 59 2 39
61 59 3 54
61 60 0 32
61 60 1 29
61 60 2 24
61 60 3 26
61 61 0 1
61 61 1 6
61 61 2 48
61 61 3 23
61 62 0 54
61 62 1 25
61 62 2 63
61 62 3 11
61 63 0 12
61 63 1 37
61 63 2 51
61 63 3 9
61 64 0 32
61 64 1 14
61 64 2 47
61 64 3 35
61 65 0 41
61 65 1 17
61 65 2 18
61 65 3 40
61 66 0 22
61 66 1 44
61 66 2 9
61 66 3 19
61 67 0 6
61 67 1 5
61 67 2 16
61 67 3 31
61 68 0 9
61 68 1 5
61 68 2 56
61 68 3 32
61 69 0 45
61 69 1 46
61 69 2 6
61 69 3 39
61 70 0 55
61 70 1 28
61 70 2 55
61 70 3 60
61 71 0 34
61 71 1 6
61 71 2 39
61 71 3 56
61 72 0 37
61 72 1 51
61 72 2 34
61 72 3 26
61 73 0 60
61 73 1 9
61 73 2 28
61 73 3 9
61 74 0 41
61 74 1 58
61 74 2 63
61 74 3 14
61 75 0 46
61 75 1 55
61 75 2 53
61 75 3 32
61 76 0 11
61 76 1 29
61 76 2 49
61 76 3 39
61 77 0 24
61 77 1 13
61 77 2 41
61 77 3 27
61 78 0 30
61 78 1 60
61 78 2 0
61 78 3 15
61 79 0 58
61 79 1 58
61 79 2 19
61 79 3 63
61 80 0 13
61 80 1 3
61 80 2 19
61 80 3 34
61 81 0 0
61 81 1 10
61 81 2 50
61 81 3 39
61 82 0 38
61 82 1 63
61 82 2 14
61 82 3 57
61 83 0 22
61 83 1 59
61 83 2 50
61 83 3 13
61 84 0 13
61 84 1 34
61 84 2 32
61 84 3 15
61 85 0 16
61 85 1 57
61 85 2 48
61 85 3 12
61 86 0 46
61 86 1 9
61 86 2 28
61 86 3 0
61 87 0 41
61 87 1 11
61 87 2 15
61 87 3 12
61 88 0 11
61 88 1 4
61 88 2 35
61 88 3 55
61 89 0 19
61 89 1 49
61 89 2 34
61 89 3 16
61 90 0 3
61 90 1 50
61 90 2 1
61 90 3 27
61 91 0 2
61 91 1 49
61 91 2 63
61 91 3 20
61 92 0 20
61 92 1 36
61 92 2 32
61 92 3 24
61 93 0 23
61 93 1 12
61 93 2 16
61 93 3 37
61 94 0 47
61 94 1 48
61 94 2 33
61 94 3 48
61 95 0 37
61 95 1 22
61 95 2 22
61 95 3 33
61 96 0 19
61 96 1 48
61 96 2 11
61 96 3 3
61 97 0 31
61 97 1 4
61 97 2 12
61 97 3 24
61 98 0 0
61 98 1 14
61 98 2 34
61 98 3 23
61 99 0 57
61 99 1 6
61 99 2 46
61 99 3 37
62 0 0 41
62 0 1 42
62 0 2 3
62 0 3 50
62 1 0 21
62 1 1 41
62 1 2 18
62 1 3 25
62 2 0 44
62 2 1 59
62 2 2 56
62 2 3 46
62 3 0 34
62 3 1 33
62 3 2 61
62 3 3 13
62 4 0 61
62 4 1 41
62 4 2 39
62 4 3 37
62 5 0 51
62 5 1 43
62 5 2 6
62 5 3 49
62 6 0 46
62 6 1 58
62 6 2 59
62 6 3 60
62 7 0 2
62 7 1 40
62 7 2 59
62 7 3 61
62 8 0 35
62 8 1 58
62 8 2 56
62 8 3 0
62 9 0 56
62 9 1 40
62 9 2 36
62 9 3 11
62 10 0 58
62 10 1 18
62 10 2 26
62 10 3 19
62 11 0 62
62 11 1 30
62 11 2 7
62 11 3 0
62 12 0 62
62 12 1 15
62 12 2 49
62 12 3 1
62 13 0 57
62 13 1 41
62 13 2 14
62 13 3 56
62 14 0 19
62 14 1 63
62 14 2 38
62 14 3 28
62 15 0 3
62 15 1 16
62 15 2 3
62 15 3 54
62 16 0 6
62 16 1 7
62 16 2 7
62 16 3 62
62 17 0 62
62 17 1 45
62 17 2 4
62 17 3 32
62 18 0 60
62 18 1 6
62 18 2 50
62 18 3 1
62 19 0 51
62 19 1 34
62 19 2 56
62 19 3 26
62 20 0 50
62 20 1 53
62 20 2 20
62 20 3 41
62 21 0 29
62 21 1 27
62 21 2 51
62 21 3 14
62 22 0 7
62 22 1 30
62 22 2 52
62 22 3 10
62 23 0 21
62 23 1 42
62 23 2 30
62 23 3 38
62 24 0 33
62 24 1 51
62 24 2 56
62 24 3 28
62 25 0 27
62 25 1 17
62 25 2 28
62 25 3 53
62 26 0 32
62 26 1 44
62 26 2 26
62 26 3 45
62 27 0 45
62 27 1 33
62 27 2 59
62 27 3 56
62 28 0 10
62 28 1 14
62 28 2 61
62 28 3 25
62 29 0 19
62 29 1 50
62 29 2 38
62 29 3 8
62 30 0 5
62 30 1 51
62 30 2 48
62 30 3 22
62 31 0 55
62 31 1 8
62 31 2 55
62 31 3 5
62 32 0 40
62 32 1 53
62 32 2 39
62 32 3 49
62 33 0 22
62 33 1 18
62 33 2 17
62 33 3 7
62 34 0 17
62 34 1 15
62 34 2 48
62 34 3 13
62 35 0 10
62 35 1 46
62 35 2 34
62 35 3 13
62 36 0 45
62 36 1 13
62 36 2 50
62 36 3 2
62 37 0 37
62 37 1 38
62 37 2 23
62 37 3 44
62 38 0 24
62 38 1 41
62 38 2 14
62 38 3 36
62 39 0 48
62 39 1 61
62 39 2 23
62 39 3 30
62 40 0 30
62 40 1 55
62 40 2 61
62 40 3 41
62 41 0 52
62 41 1 5
62 41 2 48
62 41 3 51
62 42 0 45
62 42 1 37
62 42 2 57
62 42 3 41
62 43 0 54
62 43 1 11
62 43 2 42
62 43 3 27
62 44 0 55
62 44 1 56
62 44 2 54
62 44 3 13
62 45 0 31
62 45 1 0
62 45 2 62
62 45 3 16
62 46 0 39
62 46 1 31
62 46 2 57
62 46 3 52
62 47 0 49
62 47 1 41
62 47 2 7
62 47 3 58
62 48 0 4
62 48 1 29
62 48 2 24
62 48 3 25
62 49 0 62
62 49 1 14
62 49 2 37
62 49 3 13
62 50 0 58
62 50 1 47
62 50 2 26
62 50 3 5
62 51 0 9
62 51 1 15
62 51 2 26
62 51 3 56
62 52 0 7
62 52 1 36
62 52 2 22
62 52 3 2
62 53 0 39
62 53 1 45
62 53 2 61
62 53 3 32
62 54 0 20
62 54 1 54
62 54 2 15
62 54 3 43
62 55 0 60
62 55 1 0
62 55 2 59
62 55 3 13
62 56 0 30
62 56 1 16
62 56 2 9
62 56 3 44
62 57 0 30
62 57 1 32
62 57 2 30
62 57 3 47
62 58 0 61
62 58 1 32
62 58 2 9
62 58 3 20
62 59 0 31
62 59 1 6
62 59 2 14
62 59 3 12
62 60 0 62
62 60 1 25
62 60 2 56
62 60 3 35
62 61 0 32
62 61 1 60
62 61 2 44
62 61 3 15
62 62 0 18
62 62 1 42
62 62 2 0
62 62 3 9
62 63 0 4
62 63 1 45
62 63 2 28
62 63 3 0
62 64 0 47
62 64 1 41
62 64 2 45
62 64 3 10
62 65 0 55
62 65 1 11
62 65 2 36
62 65 3 35
62 66 0 13
62 66 1 24
62 66 2 3
62 66 3 30
62 67 0 43
62 67 1 19
62 67 2 34
62 67 3 61
62 68 0 15
62 68 1 18
62 68 2 7
62 68 3 34
62 69 0 13
62 69 1 54
62 69 2 18
62 69 3 42
62 70 0 12
62 70 1 20
62 70 2 10
62 70 3 35
62 71 0 1
62 71 1 5
62 71 2 32
62 71 3 34
62 72 0 21
62 72 1 27
62 72 2 26
62 72 3 48
62 73 0 28
62 73 1 54
62 73 2 13
62 73 3 12
62 74 0 25
62 74 1 5
62 74 2 42
62 74 3 24
62 75 0 23
62 75 1 34
62 75 2 5
62 75 3 24
62 76 0 62
62 76 1 40
62 76 2 36
62 76 3 32
62 77 0 29
62 77 1 59
62 77 2 59
62 77 3 26
62 78 0 59
62 78 1 5
62 78 2 20
62 78 3 19
62 79 0 44
62 79 1 38
62 79 2 30
62 79 3 16
62 80 0 32
62 80 1 17
62 80 2 31
62 80 3 21
62 81 0 56
62 81 1 47
62 81 2 11
62 81 3 60
62 82 0 42
62 82 1 22
62 82 2 33
62 82 3 12
62 83 0 2
62 83 1 26
62 83 2 50
62 83 3 22
62 84 0 24
62 84 1 63
62 84 2 63
62 84 3 29
62 85 0 2
62 85 1 43
62 85 2 45
62 85 3 58
62 86 0 60
62 86 1 40
62 86 2 6
62 86 3 15
62 87 0 45
62 87 1 38
62 87 2 27
62 87 3 25
62 88 0 45
62 88 1 27
62 88 2 9
62 88 3 62
62 89 0 22
62 89 1 17
62 89 2 4
62 89 3 30
62 90 0 63
62 90 1 10
62 90 2 15
62 90 3 11
62 91 0 6
62 91 1 38
62 91 2 19
62 91 3 48
62 92 0 25
62 92 1 40
62 92 2 5
62 92 3 21
62 93 0 26
62 93 1 3
62 93 2 26
62 93 3 30
62 94 0 25
62 94 1 32
62 94 2 51
62 94 3 49
62 95 0 0
62 95 1 40
62 95 2 57
62 95 3 55
62 96 0 20
62 96 1 50
62 96 2 51
62 96 3 23
62 97 0 55
62 97 1 40
62 97 2 48
62 97 3 47
62 98 0 50
62 98 1 61
62 98 2 54
62 98 3 27
62 99 0 35
62 99 1 41
62 99 2 54
62 99 3 25
63 0 0 20
63 0 1 47
63 0 2 61
63 0 3 58
63 1 0 9
63 1 1 58
63 1 2 50
63 1 3 10
63 2 0 0
63 2 1 13
63 2 2 59
63 2 3 48
63 3 0 36
63 3 1 40
63 3 2 26
63 3 3 57
63 4 0 9
63 4 1 20
63 4 2 12
63 4 3 54
63 5 0 34
63 5 1 43
63 5 2 58
63 5 3 12
63 6 0 61
63 6 1 8
63 6 2 48
63 6 3 44
63 7 0 52
63 7 1 10
63 7 2 61
63 7 3 50
63 8 0 7
63 8 1 35
63 8 2 52
63 8 3 30
63 9 0 24
63 9 1 17
63 9 2 33
63 9 3 62
63 10 0 38
63 10 1 46
63 10 2 49
63 10 3 49
63 11 0 25
63 11 1 49
63 11 2 20
63 11 3 37
63 12 0 19
63 12 1 60
63 12 2 46
63 12 3 37
63 13 0 28
63 13 1 33
63 13 2 49
63 13 3 17
63 14 0 53
63 14 1 18
63 14 2 9
63 14 3 47
63 15 0 45
63 15 1 21
63 15 2 41
63 15 3 46
63 16 0 50
63 16 1 60
63 16 2 54
63 16 3 28
63 17 0 14
63 17 1 6
63 17 2 36
63 17 3 42
63 18 0 44
63 18 1 0
63 18 2 44
63 18 3 50
63 19 0 46
63 19 1 33
63 19 2 0
63 19 3 31
63 20 0 41
63 20 1 36
63 20 2 36
63 20 3 33
63 21 0 35
63 21 1 20
63 21 2 38
63 21 3 18
63 22 0 31
63 22 1 26
63 22 2 45
63 22 3 57
63 23 0 40
63 23 1 8
63 23 2 42
63 23 3 20
63 24 0 3
63 24 1 12
63 24 2 63
63 24 3 27
63 25 0 12
63 25 1 8
63 25 2 41
63 25 3 48
63 26 0 22
63 26 1 6
63 26 2 22
63 26 3 42
63 27 0 7
63 27 1 17
63 27 2 0
63 27 3 30
63 28 0 10
63 28 1 12
63 28 2 7
63 28 3 46
63 29 0 31
63 29 1 60
63 29 2 25
63 29 3 14
63 30 0 13
63 30 1 61
63 30 2 37
63 30 3 20
63 31 0 41
63 31 1 35
63 31 2 7
63 31 3 44
63 32 0 7
63 32 1 12
63 32 2 45
63 32 3 28
63 33 0 14
63 33 1 4
63 33 2 37
63 33 3 44
63 34 0 12
63 34 1 26
63 34 2 22
63 34 3 57
63 35 0 50
63 35 1 17
63 35 2 32
63 35 3 59
63 36 0 22
63 36 1 9
63 36 2 19
63 36 3 38
63 37 0 63
63 37 1 19
63 37 2 3
63 37 3 11
63 38 0 26
63 38 1 6
63 38 2 2
63 38 3 41
63 39 0 52
63 39 1 14
63 39 2 33
63 39 3 36
63 40 0 42
63 40 1 62
63 40 2 56
63 40 3 20
63 41 0 62
63 41 1 2
63 41 2 61
63 41 3 9
63 42 0 7
63 42 1 7
63 42 2 7
63 42 3 29
63 43 0 40
63 43 1 47
63 43 2 1
63 43 3 18
63 44 0 8
63 44 1 9
63 44 2 47
63 44 3 41
63 45 0 13
63 45 1 19
63 45 2 59
63 45 3 36
63 46 0 15
63 46 1 59
63 46 2 12
63 46 3 18
63 47 0 44
63 47 1 32
63 47 2 4
63 47 3 51
63 48 0 14
63 48 1 44
63 48 2 21
63 48 3 48
63 49 0 57
63 49 1 49
63 49 2 58
63 49 3 34
63 50 0 4
63 50 1 34
63 50 2 29
63 50 3 46
63 51 0 15
63 51 1 44
63 51 2 28
63 51 3 42
63 52 0 26
63 52 1 24
63 52 2 13
63 52 3 53
63 53 0 4
63 53 1 15
63 53 2 27
63 53 3 9
63 54 0 58
63 54 1 22
63 54 2 15
63 54 3 16
63 55 0 12
63 55 1 42
63 55 2 30
63 55 3 14
63 56 0 55
63 56 1 42
63 56 2 25
63 56 3 32
63 57 0 41
63 57 1 9
63 57 2 51
63 57 3 16
63 58 0 1
63 58 1 33
63 58 2 56
63 58 3 46
63 59 0 19
63 59 1 25
63 59 2 38
63 59 3 14
63 60 0 52
63 60 1 18
63 60 2 13
63 60 3 6
63 61 0 44
63 61 1 1
63 61 2 51
63 61 3 62
63 62 0 7
63 62 1 6
63 62 2 59
63 62 3 7
63 63 0 26
63 63 1 55
63 63 2 8
63 63 3 42
63 64 0 24
63 64 1 27
63 64 2 59
63 64 3 41
63 65 0 20
63 65 1 59
63 65 2 37
63 65 3 6
63 66 0 25
63 66 1 15
63 66 2 41
63 66 3 55
63 67 0 2
63 67 1 49
63 67 2 58
63 67 3 63
63 68 0 42
63 68 1 20
63 68 2 9
63 68 3 60
63 69 0 26
63 69 1 21
63 69 2 46
63 69 3 45
63 70 0 51
63 70 1 56
63 70 2 56
63 70 3 10
63 71 0 10
63 71 1 13
63 71 2 40
63 71 3 37
63 72 0 54
63 72 1 54
63 72 2 52
63 72 3 5
63 73 0 44
63 73 1 54
63 73 2 62
63 73 3 21
63 74 0 49
63 74 1 25
63 74 2 10
63 74 3 21
63 75 0 16
63 75 1 58
63 75 2 11
63 75 3 8
63 76 0 37
63 76 1 36
63 76 2 35
63 76 3 9
63 77 0 31
63 77 1 59
63 77 2 5
63 77 3 51
63 78 0 8
63 78 1 14
63 78 2 57
63 78 3 19
63 79 0 33
63 79 1 24
63 79 2 39
63 79 3 25
63 80 0 28
63 80 1 52
63 80 2 35
63 80 3 36
63 81 0 51
63 81 1 27
63 81 2 52
63 81 3 46
63 82 0 56
63 82 1 29
63 82 2 35
63 82 3 8
63 83 0 7
63 83 1 6
63 83 2 40
63 83 3 20
63 84 0 18
63 84 1 38
63 84 2 25
63 84 3 8
63 85 0 35
63 85 1 35
63 85 2 8
63 85 3 17
63 86 0 15
63 86 1 44
63 86 2 15
63 86 3 1
63 87 0 17
63 87 1 30
63 87 2 49
63 87 3 3
63 88 0 56
63 88 1 21
63 88 2 21
63 88 3 0
63 89 0 17
63 89 1 30
63 89 2 40
63 89 3 49
63 90 0 33
63 90 1 6
63 90 2 25
63 90 3 47
63 91 0 40
63 91 1 37
63 91 2 32
63 91 3 32
63 92 0 63
63 92 1 38
63 92 2 38
63 92 3 21
63 93 0 31
63 93 1 45
63 93 2 54
63 93 3 49
63 94 0 42
63 94 1 49
63 94 2 2
63 94 3 17
63 95 0 15
63 95 1 41
63 95 2 48
63 95 3 9
63 96 0 12
63 96 1 31
63 96 2 61
63 96 3 0
63 97 0 56
63 97 1 12
63 97 2 17
63 97 3 40
63 98 0 46
63 98 1 55
63 98 2 0
63 98 3 3
63 99 0 30
63 99 1 35
63 99 2 16
63 99 3 40
64 0 0 16
64 0 1 59
64 0 2 11
64 0 3 41
64 1 0 33
64 1 1 6
64 1 2 38
64 1 3 9
64 2 0 34
64 2 1 40
64 2 2 4
64 2 3 13
64 3 0 18
64 3 1 59
64 3 2 14
64 3 3 58
64 4 0 34
64 4 1 60
64 4 2 53
64 4 3 18
64 5 0 35
64 5 1 45
64 5 2 5
64 5 3 42
64 6 0 29
64 6 1 2
64 6 2 55
64 6 3 16
64 7 0 55
64 7 1 13
64 7 2 34
64 7 3 23
64 8 0 57
64 8 1 60
64 8 2 49
64 8 3 54
64 9 0 49
64 9 1 18
64 9 2 58
64 9 3 33
64 10 0 21
64 10 1 12
64 10 2 45
64 10 3 17
64 11 0 41
64 11 1 4
64 11 2 40
64 11 3 41
64 12 0 33
64 12 1 42
64 12 2 63
64 12 3 53
64 13 0 28
64 13 1 55
64 13 2 61
64 13 3 10
64 14 0 22
64 14 1 47
64 14 2 32
64 14 3 8
64 15 0 30
64 15 1 23
64 15 2 47
64 15 3 32
64 16 0 8
64 16 1 3
64 16 2 18
64 16 3 10
64 17 0 56
64 17 1 17
64 17 2 40
64 17 3 8
64 18 0 28
64 18 1 59
64 18 2 41
64 18 3 18
64 19 0 47
64 19 1 32
64 19 2 15
64 19 3 63
64 20 0 60
64 20 1 36
64 20 2 2
64 20 3 26
64 21 0 32
64 21 1 59
64 21 2 46
64 21 3 14
64 22 0 32
64 22 1 11
64 22 2 30
64 22 3 34
64 23 0 32
64 23 1 27
64 23 2 27
64 23 3 51
64 24 0 32
64 24 1 2
64 24 2 47
64 24 3 39
64 25 0 44
64 25 1 45
64 25 2 11
64 25 3 62
64 26 0 63
64 26 1 9
64 26 2 14
64 26 3 15
64 27 0 61
64 27 1 59
64 27 2 16
64 27 3 40
64 28 0 15
64 28 1 2
64 28 2 14
64 28 3 4
64 29 0 54
64 29 1 50
64 29 2 11
64 29 3 36
64 30 0 13
64 30 1 36
64 30 2 57
64 30 3 56
64 31 0 53
64 31 1 15
64 31 2 12
64 31 3 10
64 32 0 8
64 32 1 39
64 32 2 42
64 32 3 56
64 33 0 5
64 33 1 16
64 33 2 46
64 33 3 43
64 34 0 27
64 34 1 9
64 34 2 30
64 34 3 11
64 35 0 34
64 35 1 57
64 35 2 12
64 35 3 7
64 36 0 47
64 36 1 1
64 36 2 62
64 36 3 49
64 37 0 25
64 37 1 23
64 37 2 24
64 37 3 25
64 38 0 53
64 38 1 51
64 38 2 13
64 38 3 11
64 39 0 34
64 39 1 41
64 39 2 46
64 39 3 20
64 40 0 30
64 40 1 6
64 40 2 29
64 40 3 43
64 41 0 19
64 41 1 20
64 41 2 29
64 41 3 55
64 42 0 38
64 42 1 58
64 42 2 3
64 42 3 54
64 43 0 2
64 43 1 20
64 43 2 27
64 43 3 15
64 44 0 63
64 44 1 57
64 44 2 36
64 44 3 28
64 45 0 48
64 45 1 45
64 45 2 30
64 45 3 52
64 46 0 12
64 46 1 17
64 46 2 1
64 46 3 7
64 47 0 12
64 47 1 39
64 47 2 54
64 47 3 37
64 48 0 28
64 48 1 17
64 48 2 6
64 48 3 37
64 49 0 9
64 49 1 50
64 49 2 26
64 49 3 22
64 50 0 1
64 50 1 15
64 50 2 0
64 50 3 46
64 51 0 31
64 51 1 50
64 51 2 36
64 51 3 61
64 52 0 50
64 52 1 9
64 52 2 7
64 52 3 56
64 53 0 17
64 53 1 48
64 53 2 40
64 53 3 44
64 54 0 17
64 54 1 20
64 54 2 35
64 54 3 1
64 55 0 19
64 55 1 32
64 55 2 13
64 55 3 18
64 56 0 62
64 56 1 18
64 56 2 57
64 56 3 59
64 57 0 43
64 57 1 9
64 57 2 13
64 57 3 59
64 58 0 0
64 58 1 32
64 58 2 38
64 58 3 53
64 59 0 57
64 59 1 18
64 59 2 32
64 59 3 40
64 60 0 61
64 60 1 35
64 60 2 7
64 60 3 59
64 61 0 32
64 61 1 11
64 61 2 12
64 61 3 13
64 62 0 46
64 62 1 60
64 62 2 28
64 62 3 6
64 63 0 56
64 63 1 40
64 63 2 36
64 63 3 3
64 64 0 62
64 64 1 4
64 64 2 39
64 64 3 38
64 65 0 32
64 65 1 35
64 65 2 25
64 65 3 36
64 66 0 23
64 66 1 30
64 66 2 43
64 66 3 47
64 67 0 9
64 67 1 63
64 67 2 6
64 67 3 17
64 68 0 22
64 68 1 20
64 68 2 22
64 68 3 20
64 69 0 27
64 69 1 48
64 69 2 52
64 69 3 22
64 70 0 16
64 70 1 43
64 70 2 3
64 70 3 28
64 71 0 14
64 71 1 38
64 71 2 5
64 71 3 53
64 72 0 17
64 72 1 32
64 72 2 36
64 72 3 30
64 73 0 28
64 73 1 17
64 73 2 49
64 73 3 33
64 74 0 13
64 74 1 16
64 74 2 28
64 74 3 53
64 75 0 61
64 75 1 24
64 75 2 25
64 75 3 8
64 76 0 34
64 76 1 15
64 76 2 52
64 76 3 34
64 77 0 14
64 77 1 58
64 77 2 52
64 77 3 19
64 78 0 7
64 78 1 16
64 78 2 24
64 78 3 26
64 79 0 52
64 79 1 61
64 79 2 47
64 79 3 54
64 80 0 8
64 80 1 9
64 80 2 58
64 80 3 39
64 81 0 15
64 81 1 50
64 81 2 11
64 81 3 49
64 82 0 56
64 82 1 31
64 82 2 42
64 82 3 46
64 83 0 56
64 83 1 37
64 83 2 18
64 83 3 12
64 84 0 22
64 84 1 3
64 84 2 44
64 84 3 23
64 85 0 45
64 85 1 3
64 85 2 20
64 85 3 25
64 86 0 5
64 86 1 53
64 86 2 38
64 86 3 54
64 87 0 51
64 87 1 2
64 87 2 55
64 87 3 4
64 88 0 55
64 88 1 42
64 88 2 52
64 88 3 31
64 89 0 10
64 89 1 9
64 89 2 7
64 89 3 51
64 90 0 34
64 90 1 13
64 90 2 7
64 90 3 5
64 91 0 16
64 91 1 47
64 91 2 57
64 91 3 38
64 92 0 63
64 92 1 25
64 92 2 21
64 92 3 44
64 93 0 8
64 93 1 58
64 93 2 49
64 93 3 2
64 94 0 11
64 94 1 40
64 94 2 47
64 94 3 13
64 95 0 47
64 95 1 30
64 95 2 43
64 95 3 27
64 96 0 29
64 96 1 24
64 96 2 10
64 96 3 12
64 97 0 10
64 97 1 51
64 97 2 27
64 97 3 24
64 98 0 54
64 98 1 56
64 98 2 14
64 98 3 22
64 99 0 26
64 99 1 53
64 99 2 42
64 99 3 34
65 0 0 15
65 0 1 24
65 0 2 1
65 0 3 45
65 1 0 58
65 1 1 50
65 1 2 19
65 1 3 30
65 2 0 61
65 2 1 27
65 2 2 53
65 2 3 36
65 3 0 31
65 3 1 37
65 3 2 14
65 3 3 27
65 4 0 19
65 4 1 48
65 4 2 39
65 4 3 25
65 5 0 52
65 5 1 28
65 5 2 61
65 5 3 38
65 6 0 56
65 6 1 63
65 6 2 20
65 6 3 16
65 7 0 53
65 7 1 14
65 7 2 48
65 7 3 11
65 8 0 55
65 8 1 44
65 8 2 33
65 8 3 28
65 9 0 40
65 9 1 24
65 9 2 25
65 9 3 13
65 10 0 10
65 10 1 57
65 10 2 47
65 10 3 28
65 11 0 53
65 11 1 38
65 11 2 38
65 11 3 7
65 12 0 34
65 12 1 6
65 12 2 43
65 12 3 4
65 13 0 32
65 13 1 23
65 13 2 8
65 13 3 30
65 14 0 12
65 14 1 15
65 14 2 56
65 14 3 22
65 15 0 25
65 15 1 0
65 15 2 19
65 15 3 22
65 16 0 46
65 16 1 7
65 16 2 59
65 16 3 8
65 17 0 41
65 17 1 0
65 17 2 52
65 17 3 44
65 18 0 53
65 18 1 59
65 18 2 53
65 18 3 39
65 19 0 53
65 19 1 6
65 19 2 41
65 19 3 63
65 20 0 24
65 20 1 62
65 20 2 32
65 20 3 29
65 21 0 19
65 21 1 6
65 21 2 56
65 21 3 46
65 22 0 25
65 22 1 61
65 22 2 11
65 22 3 49
65 23 0 28
65 23 1 39
65 23 2 2
65 23 3 39
65 24 0 43
65 24 1 62
65 24 2 22
65 24 3 4
65 25 0 3
65 25 1 9
65 25 2 19
65 25 3 53
65 26 0 12
65 26 1 9
65 26 2 2
65 26 3 24
65 27 0 38
65 27 1 18
65 27 2 31
65 27 3 15
65 28 0 51
65 28 1 1
65 28 2 12
65 28 3 36
65 29 0 53
65 29 1 25
65 29 2 4
65 29 3 35
65 30 0 17
65 30 1 19
65 30 2 59
65 30 3 60
65 31 0 16
65 31 1 37
65 31 2 34
65 31 3 61
65 32 0 60
65 32 1 22
65 32 2 1
65 32 3 0
65 33 0 0
65 33 1 50
65 33 2 47
65 33 3 52
65 34 0 8
65 34 1 3
65 34 2 10
65 34 3 40
65 35 0 0
65 35 1 42
65 35 2 56
65 35 3 9
65 36 0 47
65 36 1 35
65 36 2 60
65 36 3 15
65 37 0 14
65 37 1 1
65 37 2 45
65 37 3 55
65 38 0 1
65 38 1 31
65 38 2 46
65 38 3 50
65 39 0 59
65 39 1 46
65 39 2 58
65 39 3 63
65 40 0 59
65 40 1 28
65 40 2 26
65 40 3 27
65 41 0 60
65 41 1 18
65 41 2 48
65 41 3 40
65 42 0 3
65 42 1 31
65 42 2 12
65 42 3 46
65 43 0 28
65 43 1 22
65 43 2 4
65 43 3 8
65 44 0 48
65 44 1 55
65 44 2 18
65 44 3 52
65 45 0 35
65 45 1 22
65 45 2 28
65 45 3 44
65 46 0 58
65 46 1 31
65 46 2 22
65 46 3 48
65 47 0 33
65 47 1 24
65 47 2 29
65 47 3 34
65 48 0 8
65 48 1 3
65 48 2 42
65 48 3 11
65 49 0 34
65 49 1 50
65 49 2 13
65 49 3 24
65 50 0 62
65 50 1 2
65 50 2 48
65 50 3 10
65 51 0 57
65 51 1 26
65 51 2 0
65 51 3 45
65 52 0 9
65 52 1 23
65 52 2 32
65 52 3 47
65 53 0 26
65 53 1 54
65 53 2 30
65 53 3 21
65 54 0 21
65 54 1 51
65 54 2 42
65 54 3 8
65 55 0 48
65 55 1 26
65 55 2 22
65 55 3 6
65 56 0 63
65 56 1 3
65 56 2 63
65 56 3 4
65 57 0 32
65 57 1 6
65 57 2 31
65 57 3 53
65 58 0 37
65 58 1 34
65 58 2 7
65 58 3 60
65 59 0 24
65 59 1 34
65 59 2 57
65 59 3 40
65 60 0 47
65 60 1 11
65 60 2 29
65 60 3 34
65 61 0 11
65 61 1 24
65 61 2 53
65 61 3 59
65 62 0 52
65 62 1 59
65 62 2 63
65 62 3 12
65 63 0 54
65 63 1 39
65 63 2 54
65 63 3 40
65 64 0 7
65 64 1 36
65 64 2 48
65 64 3 7
65 65 0 32
65 65 1 41
65 65 2 29
65 65 3 51
65 66 0 8
65 66 1 22
65 66 2 60
65 66 3 32
65 67 0 11
65 67 1 7
65 67 2 37
65 67 3 59
65 68 0 3
65 68 1 7
65 68 2 24
65 68 3 13
65 69 0 7
65 69 1 19
65 69 2 41
65 69 3 52
65 70 0 19
65 70 1 44
65 70 2 52
65 70 3 0
65 71 0 54
65 71 1 11
65 71 2 43
65 71 3 48
65 72 0 54
65 72 1 25
65 72 2 42
65 72 3 1
65 73 0 28
65 73 1 61
65 73 2 10
65 73 3 9
65 74 0 44
65 74 1 32
65 74 2 29
65 74 3 15
65 75 0 10
65 75 1 47
65 75 2 22
65 75 3 49
65 76 0 28
65 76 1 25
65 76 2 14
65 76 3 42
65 77 0 18
65 77 1 58
65 77 2 26
65 77 3 52
65 78 0 30
65 78 1 26
65 78 2 29
65 78 3 28
65 79 0 30
65 79 1 56
65 79 2 44
65 79 3 2
65 80 0 3
65 80 1 1
65 80 2 44
65 80 3 13
65 81 0 24
65 81 1 52
65 81 2 8
65 81 3 9
65 82 0 5
65 82 1 18
65 82 2 5
65 82 3 40
65 83 0 47
65 83 1 11
65 83 2 33
65 83 3 19
65 84 0 5
65 84 1 29
65 84 2 44
65 84 3 14
65 85 0 50
65 85 1 63
65 85 2 3
65 85 3 10
65 86 0 18
65 86 1 54
65 86 2 9
65 86 3 30
65 87 0 34
65 87 1 8
65 87 2 2
65 87 3 7
65 88 0 3
65 88 1 32
65 88 2 59
65 88 3 22
65 89 0 16
65 89 1 15
65 89 2 62
65 89 3 61
65 90 0 41
65 90 1 29
65 90 2 10
65 90 3 59
65 91 0 0
65 91 1 10
65 91 2 43
65 91 3 11
65 92 0 6
65 92 1 38
65 92 2 1
65 92 3 17
65 93 0 41
65 93 1 11
65 93 2 48
65 93 3 6
65 94 0 39
65 94 1 4
65 94 2 46
65 94 3 48
65 95 0 50
65 95 1 18
65 95 2 15
65 95 3 62
65 96 0 46
65 96 1 11
65 96 2 1
65 96 3 22
65 97 0 42
65 97 1 23
65 97 2 51
65 97 3 32
65 98 0 63
65 98 1 55
65 98 2 30
65 98 3 53
65 99 0 28
65 99 1 0
65 99 2 19
65 99 3 26
66 0 0 62
66 0 1 52
66 0 2 9
66 0 3 0
66 1 0 33
66 1 1 34
66 1 2 47
66 1 3 16
66 2 0 51
66 2 1 26
66 2 2 21
66 2 3 26
66 3 0 60
66 3 1 25
66 3 2 35
66 3 3 57
66 4 0 1
66 4 1 34
66 4 2 45
66 4 3 57
66 5 0 3
66 5 1 46
66 5 2 51
66 5 3 22
66 6 0 47
66 6 1 31
66 6 2 42
66 6 3 24
66 7 0 11
66 7 1 53
66 7 2 13
66 7 3 12
66 8 0 56
66 8 1 59
66 8 2 38
66 8 3 37
66 9 0 23
66 9 1 39
66 9 2 38
66 9 3 33
66 10 0 41
66 10 1 35
66 10 2 56
66 10 3 42
66 11 0 24
66 11 1 41
66 11 2 14
66 11 3 13
66 12 0 52
66 12 1 37
66 12 2 3
66 12 3 22
66 13 0 62
66 13 1 40
66 13 2 55
66 13 3 35
66 14 0 2
66 14 1 11
66 14 2 5
66 14 3 47
66 15 0 48
66 15 1 29
66 15 2 46
66 15 3 35
66 16 0 47
66 16 1 43
66 16 2 29
66 16 3 41
66 17 0 20
66 17 1 47
66 17 2 58
66 17 3 13
66 18 0 42
66 18 1 7
66 18 2 24
66 18 3 42
66 19 0 17
66 19 1 15
66 19 2 24
66 19 3 7
66 20 0 40
66 20 1 8
66 20 2 21
66 20 3 20
66 21 0 61
66 21 1 63
66 21 2 5
66 21 3 10
66 22 0 46
66 22 1 19
66 22 2 41
66 22 3 58
66 23 0 10
66 23 1 61
66 23 2 3
66 23 3 14
66 24 0 32
66 24 1 56
66 24 2 35
66 24 3 8
66 25 0 15
66 25 1 48
66 25 2 35
66 25 3 0
66 26 0 32
66 26 1 26
66 26 2 0
66 26 3 15
66 27 0 59
66 27 1 45
66 27 2 4
66 27 3 1
66 28 0 22
66 28 1 29
66 28 2 29
66 28 3 44
66 29 0 11
66 29 1 2
66 29 2 43
66 29 3 57
66 30 0 10
66 30 1 23
66 30 2 40
66 30 3 10
66 31 0 55
66 31 1 14
66 31 2 34
66 31 3 21
66 32 0 42
66 32 1 12
66 32 2 6
66 32 3 32
66 33 0 55
66 33 1 40
66 33 2 48
66 33 3 27
66 34 0 8
66 34 1 27
66 34 2 63
66 34 3 50
66 35 0 45
66 35 1 19
66 35 2 38
66 35 3 39
66 36 0 41
66 36 1 57
66 36 2 43
66 36 3 14
66 37 0 14
66 37 1 39
66 37 2 55
66 37 3 60
66 38 0 39
66 38 1 33
66 38 2 52
66 38 3 62
66 39 0 1
66 39 1 19
66 39 2 21
66 39 3 36
66 40 0 18
66 40 1 19
66 40 2 1
66 40 3 0
66 41 0 28
66 41 1 63
66 41 2 18
66 41 3 15
66 42 0 16
66 42 1 62
66 42 2 42
66 42 3 41
66 43 0 12
66 43 1 57
66 43 2 12
66 43 3 61
66 44 0 60
66 44 1 36
66 44 2 55
66 44 3 63
66 45 0 37
66 45 1 49
66 45 2 37
66 45 3 33
66 46 0 21
66 46 1 41
66 46 2 17
66 46 3 12
66 47 0 17
66 47 1 0
66 47 2 59
66 47 3 16
66 48 0 51
66 48 1 27
66 48 2 21
66 48 3 14
66 49 0 52
66 49 1 32
66 49 2 28
66 49 3 42
66 50 0 51
66 50 1 41
66 50 2 29
66 50 3 57
66 51 0 57
66 51 1 61
66 51 2 5
66 51 3 57
66 52 0 12
66 52 1 39
66 52 2 42
66 52 3 13
66 53 0 0
66 53 1 60
66 53 2 57
66 53 3 11
66 54 0 38
66 54 1 9
66 54 2 36
66 54 3 20
66 55 0 48
66 55 1 36
66 55 2 31
66 55 3 43
66 56 0 30
66 56 1 0
66 56 2 38
66 56 3 49
66 57 0 31
66 57 1 11
66 57 2 0
66 57 3 18
66 58 0 49
66 58 1 20
66 58 2 61
66 58 3 21
66 59 0 27
66 59 1 48
66 59 2 39
66 59 3 2
66 60 0 4
66 60 1 12
66 60 2 55
66 60 3 1
66 61 0 4
66 61 1 49
66 61 2 39
66 61 3 62
66 62 0 14
66 62 1 42
66 62 2 8
66 62 3 37
66 63 0 6
66 63 1 58
66 63 2 26
66 63 3 16
66 64 0 63
66 64 1 4
66 64 2 51
66 64 3 32
66 65 0 44
66 65 1 16
66 65 2 56
66 65 3 28
66 66 0 26
66 66 1 29
66 66 2 18
66 66 3 20
66 67 0 8
66 67 1 31
66 67 2 30
66 67 3 24
66 68 0 63
66 68 1 7
66 68 2 58
66 68 3 55
66 69 0 1
66 69 1 44
66 69 2 13
66 69 3 2
66 70 0 55
66 70 1 7
66 70 2 19
66 70 3 6
66 71 0 9
66 71 1 3
66 71 2 53
66 71 3 3
66 72 0 48
66 72 1 10
66 72 2 58
66 72 3 54
66 73 0 40
66 73 1 53
66 73 2 19
66 73 3 50
66 74 0 14
66 74 1 39
66 74 2 58
66 74 3 46
66 75 0 17
66 75 1 47
66 75 2 56
66 75 3 56
66 76 0 47
66 76 1 46
66 76 2 50
66 76 3 47
66 77 0 8
66 77 1 51
66 77 2 11
66 77 3 35
66 78 0 21
66 78 1 13
66 78 2 18
66 78 3 5
66 79 0 28
66 79 1 26
66 79 2 25
66 79 3 5
66 80 0 38
66 80 1 10
66 80 2 54
66 80 3 1
66 81 0 3
66 81 1 19
66 81 2 26
66 81 3 62
66 82 0 33
66 82 1 24
66 82 2 53
66 82 3 15
66 83 0 57
66 83 1 25
66 83 2 20
66 83 3 19
66 84 0 0
66 84 1 43
66 84 2 36
66 84 3 40
66 85 0 41
66 85 1 1
66 85 2 56
66 85 3 32
66 86 0 44
66 86 1 2
66 86 2 48
66 86 3 43
66 87 0 23
66 87 1 59
66 87 2 41
66 87 3 58
66 88 0 52
66 88 1 13
66 88 2 63
66 88 3 47
66 89 0 12
66 89 1 50
66 89 2 27
66 89 3 55
66 90 0 11
66 90 1 16
66 90 2 22
66 90 3 28
66 91 0 40
66 91 1 14
66 91 2 45
66 91 3 1
66 92 0 21
66 92 1 42
66 92 2 16
66 92 3 27
66 93 0 38
66 93 1 15
66 93 2 61
66 93 3 54
66 94 0 62
66 94 1 31
66 94 2 21
66 94 3 63
66 95 0 46
66 95 1 50
66 95 2 11
66 95 3 55
66 96 0 33
66 96 1 49
66 96 2 52
66 96 3 6
66 97 0 6
66 97 1 4
66 97 2 41
66 97 3 58
66 98 0 1
66 98 1 8
66 98 2 31
66 98 3 25
66 99 0 6
66 99 1 39
66 99 2 57
66 99 3 13
67 0 0 0
67 0 1 14
67 0 2 11
67 0 3 29
67 1 0 6
67 1 1 23
67 1 2 7
67 1 3 43
67 2 0 30
67 2 1 4
67 2 2 2
67 2 3 31
67 3 0 37
67 3 1 11
67 3 2 20
67 3 3 38
67 4 0 30
67 4 1 7
67 4 2 25
67 4 3 12
67 5 0 59
67 5 1 51
67 5 2 19
67 5 3 15
67 6 0 8
67 6 1 47
67 6 2 58
67 6 3 17
67 7 0 40
67 7 1 15
67 7 2 58
67 7 3 19
67 8 0 6
67 8 1 56
67 8 2 60
67 8 3 25
67 9 0 58
67 9 1 15
67 9 2 17
67 9 3 34
67 10 0 38
67 10 1 24
67 10 2 51
67 10 3 50
67 11 0 7
67 11 1 63
67 11 2 10
67 11 3 33
67 12 0 27
67 12 1 28
67 12 2 8
67 12 3 21
67 13 0 1
67 13 1 62
67 13 2 9
67 13 3 30
67 14 0 13
67 14 1 11
67 14 2 24
67 14 3 62
67 15 0 30
67 15 1 61
67 15 2 52
67 15 3 27
67 16 0 57
67 16 1 22
67 16 2 32
67 16 3 43
67 17 0 37
67 17 1 53
67 17 2 10
67 17 3 31
67 18 0 42
67 18 1 21
67 18 2 55
67 18 3 19
67 19 0 19
67 19 1 20
67 19 2 43
67 19 3 7
67 20 0 9
67 20 1 49
67 20 2 13
67 20 3 6
67 21 0 16
67 21 1 25
67 21 2 2
67 21 3 53
67 22 0 7
67 22 1 25
67 22 2 12
67 22 3 18
67 23 0 2
67 23 1 60
67 23 2 59
67 23 3 8
67 24 0 12
67 24 1 56
67 24 2 26
67 24 3 3
67 25 0 8
67 25 1 26
67 25 2 35
67 25 3 40
67 26 0 9
67 26 1 23
67 26 2 16
67 26 3 34
67 27 0 20
67 27 1 13
67 27 2 52
67 27 3 36
67 28 0 30
67 28 1 8
67 28 2 4
67 28 3 50
67 29 0 61
67 29 1 37
67 29 2 2
67 29 3 30
67 30 0 17
67 30 1 3
67 30 2 9
67 30 3 31
67 31 0 27
67 31 1 36
67 31 2 44
67 31 3 17
67 32 0 18
67 32 1 43
67 32 2 12
67 32 3 4
67 33 0 54
67 33 1 13
67 33 2 7
67 33 3 47
67 34 0 34
67 34 1 9
67 34 2 54
67 34 3 15
67 35 0 43
67 35 1 41
67 35 2 53
67 35 3 46
67 36 0 44
67 36 1 3
67 36 2 60
67 36 3 8
67 37 0 16
67 37 1 28
67 37 2 18
67 37 3 37
67 38 0 3
67 38 1 29
67 38 2 22
67 38 3 41
67 39 0 33
67 39 1 48
67 39 2 10
67 39 3 60
67 40 0 25
67 40 1 22
67 40 2 35
67 40 3 10
67 41 0 52
67 41 1 16
67 41 2 59
67 41 3 9
67 42 0 55
67 42 1 25
67 42 2 38
67 42 3 55
67 43 0 8
67 43 1 22
67 43 2 60
67 43 3 9
67 44 0 6
67 44 1 33
67 44 2 1
67 44 3 63
67 45 0 57
67 45 1 12
67 45 2 11
67 45 3 49
67 46 0 33
67 46 1 52
67 46 2 61
67 46 3 25
67 47 0 16
67 47 1 39
67 47 2 40
67 47 3 27
67 48 0 19
67 48 1 16
67 48 2 33
67 48 3 27
67 49 0 29
67 49 1 6
67 49 2 56
67 49 3 45
67 50 0 58
67 50 1 53
67 50 2 39
67 50 3 19
67 51 0 41
67 51 1 36
67 51 2 59
67 51 3 14
67 52 0 1
67 52 1 8
67 52 2 11
67 52 3 42
67 53 0 9
67 53 1 8
67 53 2 25
67 53 3 50
67 54 0 27
67 54 1 17
67 54 2 18
67 54 3 52
67 55 0 27
67 55 1 23
67 55 2 49
67 55 3 23
67 56 0 22
67 56 1 48
67 56 2 20
67 56 3 32
67 57 0 42
67 57 1 12
67 57 2 8
67 57 3 54
67 58 0 19
67 58 1 21
67 58 2 37
67 58 3 6
67 59 0 2
67 59 1 26
67 59 2 61
67 59 3 36
67 60 0 37
67 60 1 39
67 60 2 55
67 60 3 53
67 61 0 1
67 61 1 34
67 61 2 34
67 61 3 14
67 62 0 62
67 62 1 16
67 62 2 53
67 62 3 6
67 63 0 38
67 63 1 47
67 63 2 32
67 63 3 6
67 64 0 7
67 64 1 38
67 64 2 55
67 64 3 38
67 65 0 6
67 65 1 50
67 65 2 29
67 65 3 4
67 66 0 23
67 66 1 12
67 66 2 63
67 66 3 58
67 67 0 6
67 67 1 36
67 67 2 0
67 67 3 29
67 68 0 9
67 68 1 47
67 68 2 4
67 68 3 57
67 69 0 14
67 69 1 16
67 69 2 56
67 69 3 57
67 70 0 6
67 70 1 6
67 70 2 54
67 70 3 62
67 71 0 31
67 71 1 10
67 71 2 9
67 71 3 17
67 72 0 43
67 72 1 6
67 72 2 41
67 72 3 51
67 73 0 9
67 73 1 62
67 73 2 63
67 73 3 19
67 74 0 7
67 74 1 20
67 74 2 16
67 74 3 17
67 75 0 59
67 75 1 9
67 75 2 20
67 75 3 50
67 76 0 3
67 76 1 3
67 76 2 19
67 76 3 61
67 77 0 53
67 77 1 59
67 77 2 55
67 77 3 7
67 78 0 25
67 78 1 33
67 78 2 10
67 78 3 63
67 79 0 38
67 79 1 54
67 79 2 16
67 79 3 45
67 80 0 6
67 80 1 1
67 80 2 40
67 80 3 4
67 81 0 17
67 81 1 50
67 81 2 31
67 81 3 24
67 82 0 18
67 82 1 42
67 82 2 61
67 82 3 47
67 83 0 22
67 83 1 27
67 83 2 6
67 83 3 9
67 84 0 17
67 84 1 24
67 84 2 63
67 84 3 55
67 85 0 7
67 85 1 21
67 85 2 3
67 85 3 4
67 86 0 23
67 86 1 61
67 86 2 11
67 86 3 43
67 87 0 25
67 87 1 34
67 87 2 55
67 87 3 53
67 88 0 53
67 88 1 26
67 88 2 3
67 88 3 63
67 89 0 63
67 89 1 54
67 89 2 30
67 89 3 17
67 90 0 11
67 90 1 23
67 90 2 21
67 90 3 17
67 91 0 60
67 91 1 42
67 91 2 14
67 91 3 40
67 92 0 45
67 92 1 33
67 92 2 60
67 92 3 61
67 93 0 27
67 93 1 30
67 93 2 13
67 93 3 50
67 94 0 59
67 94 1 42
67 94 2 12
67 94 3 33
67 95 0 50
67 95 1 2
67 95 2 37
67 95 3 42
67 96 0 34
67 96 1 41
67 96 2 57
67 96 3 7
67 97 0 36
67 97 1 50
67 97 2 52
67 97 3 29
67 98 0 63
67 98 1 20
67 98 2 28
67 98 3 52
67 99 0 28
67 99 1 21
67 99 2 35
67 99 3 39
68 0 0 62
68 0 1 39
68 0 2 11
68 0 3 3
68 1 0 61
68 1 1 27
68 1 2 12
68 1 3 14
68 2 0 6
68 2 1 12
68 2 2 49
68 2 3 41
68 3 0 38
68 3 1 0
68 3 2 43
68 3 3 62
68 4 0 59
68 4 1 25
68 4 2 38
68 4 3 19
68 5 0 56
68 5 1 58
68 5 2 14
68 5 3 31
68 6 0 15
68 6 1 39
68 6 2 18
68 6 3 44
68 7 0 62
68 7 1 55
68 7 2 11
68 7 3 8
68 8 0 52
68 8 1 5
68 8 2 25
68 8 3 63
68 9 0 28
68 9 1 0
68 9 2 62
68 9 3 45
68 10 0 21
68 10 1 39
68 10 2 39
68 10 3 35
68 11 0 61
68 11 1 50
68 11 2 16
68 11 3 63
68 12 0 61
68 12 1 3
68 12 2 19
68 12 3 39
68 13 0 56
68 13 1 45
68 13 2 36
68 13 3 19
68 14 0 6
68 14 1 57
68 14 2 34
68 14 3 29
68 15 0 62
68 15 1 10
68 15 2 16
68 15 3 54
68 16 0 18
68 16 1 60
68 16 2 54
68 16 3 6
68 17 0 29
68 17 1 48
68 17 2 31
68 17 3 13
68 18 0 2
68 18 1 0
68 18 2 11
68 18 3 16
68 19 0 19
68 19 1 54
68 19 2 32
68 19 3 9
68 20 0 5
68 20 1 8
68 20 2 20
68 20 3 47
68 21 0 3
68 21 1 26
68 21 2 28
68 21 3 9
68 22 0 3
68 22 1 14
68 22 2 9
68 22 3 50
68 23 0 58
68 23 1 39
68 23 2 48
68 23 3 48
68 24 0 56
68 24 1 6
68 24 2 63
68 24 3 29
68 25 0 34
68 25 1 51
68 25 2 31
68 25 3 17
68 26 0 1
68 26 1 10
68 26 2 5
68 26 3 24
68 27 0 49
68 27 1 21
68 27 2 38
68 27 3 11
68 28 0 37
68 28 1 61
68 28 2 20
68 28 3 30
68 29 0 61
68 29 1 38
68 29 2 25
68 29 3 7
68 30 0 59
68 30 1 39
68 30 2 3
68 30 3 35
68 31 0 61
68 31 1 59
68 31 2 12
68 31 3 26
68 32 0 63
68 32 1 50
68 32 2 35
68 32 3 19
68 33 0 48
68 33 1 37
68 33 2 33
68 33 3 59
68 34 0 24
68 34 1 40
68 34 2 2
68 34 3 45
68 35 0 35
68 35 1 56
68 35 2 21
68 35 3 59
68 36 0 36
68 36 1 13
68 36 2 10
68 36 3 12
68 37 0 19
68 37 1 35
68 37 2 55
68 37 3 63
68 38 0 43
68 38 1 31
68 38 2 39
68 38 3 21
68 39 0 15
68 39 1 34
68 39 2 52
68 39 3 4
68 40 0 7
68 40 1 11
68 40 2 13
68 40 3 9
68 41 0 8
68 41 1 1
68 41 2 22
68 41 3 46
68 42 0 10
68 42 1 20
68 42 2 62
68 42 3 10
68 43 0 63
68 43 1 32
68 43 2 46
68 43 3 20
68 44 0 20
68 44 1 25
68 44 2 8
68 44 3 20
68 45 0 57
68 45 1 0
68 45 2 36
68 45 3 44
68 46 0 9
68 46 1 7
68 46 2 35
68 46 3 14
68 47 0 62
68 47 1 12
68 47 2 8
68 47 3 21
68 48 0 21
68 48 1 10
68 48 2 42
68 48 3 22
68 49 0 33
68 49 1 15
68 49 2 6
68 49 3 3
68 50 0 3
68 50 1 55
68 50 2 16
68 50 3 19
68 51 0 37
68 51 1 6
68 51 2 38
68 51 3 33
68 52 0 50
68 52 1 7
68 52 2 1
68 52 3 49
68 53 0 23
68 53 1 3
68 53 2 35
68 53 3 29
68 54 0 60
68 54 1 60
68 54 2 34
68 54 3 10
68 55 0 47
68 55 1 12
68 55 2 53
68 55 3 38
68 56 0 22
68 56 1 62
68 56 2 32
68 56 3 24
68 57 0 12
68 57 1 41
68 57 2 17
68 57 3 9
68 58 0 7
68 58 1 41
68 58 2 58
68 58 3 16
68 59 0 13
68 59 1 39
68 59 2 9
68 59 3 5
68 60 0 40
68 60 1 33
68 60 2 1
68 60 3 15
68 61 0 12
68 61 1 43
68 61 2 42
68 61 3 47
68 62 0 6
68 62 1 54
68 62 2 13
68 62 3 63
68 63 0 55
68 63 1 29
68 63 2 50
68 63 3 42
68 64 0 49
68 64 1 1
68 64 2 5
68 64 3 57
68 65 0 50
68 65 1 39
68 65 2 19
68 65 3 26
68 66 0 25
68 66 1 27
68 66 2 40
68 66 3 48
68 67 0 24
68 67 1 53
68 67 2 5
68 67 3 51
68 68 0 43
68 68 1 32
68 68 2 24
68 68 3 23
68 69 0 23
68 69 1 60
68 69 2 1
68 69 3 40
68 70 0 63
68 70 1 34
68 70 2 40
68 70 3 38
68 71 0 32
68 71 1 40
68 71 2 57
68 71 3 45
68 72 0 54
68 72 1 35
68 72 2 49
68 72 3 56
68 73 0 13
68 73 1 55
68 73 2 43
68 73 3 28
68 74 0 49
68 74 1 10
68 74 2 44
68 74 3 36
68 75 0 56
68 75 1 39
68 75 2 33
68 75 3 33
68 76 0 35
68 76 1 56
68 76 2 50
68 76 3 5
68 77 0 34
68 77 1 18
68 77 2 10
68 77 3 55
68 78 0 54
68 78 1 60
68 78 2 25
68 78 3 27
68 79 0 49
68 79 1 12
68 79 2 3
68 79 3 26
68 80 0 40
68 80 1 29
68 80 2 13
68 80 3 33
68 81 0 60
68 81 1 17
68 81 2 25
68 81 3 20
68 82 0 18
68 82 1 41
68 82 2 23
68 82 3 39
68 83 0 1
68 83 1 42
68 83 2 6
68 83 3 24
68 84 0 55
68 84 1 21
68 84 2 44
68 84 3 22
68 85 0 57
68 85 1 60
68 85 2 58
68 85 3 25
68 86 0 20
68 86 1 38
68 86 2 52
68 86 3 33
68 87 0 47
68 87 1 56
68 87 2 48
68 87 3 23
68 88 0 15
68 88 1 27
68 88 2 36
68 88 3 53
68 89 0 19
68 89 1 10
68 89 2 20
68 89 3 38
68 90 0 14
68 90 1 25
68 90 2 16
68 90 3 63
68 91 0 32
68 91 1 46
68 91 2 33
68 91 3 0
68 92 0 16
68 92 1 53
68 92 2 32
68 92 3 45
68 93 0 48
68 93 1 35
68 93 2 36
68 93 3 15
68 94 0 15
68 94 1 9
68 94 2 19
68 94 3 40
68 95 0 59
68 95 1 28
68 95 2 38
68 95 3 55
68 96 0 43
68 96 1 16
68 96 2 17
68 96 3 40
68 97 0 18
68 97 1 15
68 97 2 37
68 97 3 40
68 98 0 16
68 98 1 3
68 98 2 49
68 98 3 25
68 99 0 40
68 99 1 11
68 99 2 20
68 99 3 38
69 0 0 7
69 0 1 20
69 0 2 46
69 0 3 49
69 1 0 22
69 1 1 7
69 1 2 1
69 1 3 35
69 2 0 44
69 2 1 37
69 2 2 25
69 2 3 1
69 3 0 14
69 3 1 2
69 3 2 29
69 3 3 19
69 4 0 4
69 4 1 38
69 4 2 23
69 4 3 61
69 5 0 26
69 5 1 5
69 5 2 45
69 5 3 45
69 6 0 59
69 6 1 44
69 6 2 23
69 6 3 42
69 7 0 51
69 7 1 33
69 7 2 50
69 7 3 61
69 8 0 48
69 8 1 32
69 8 2 31
69 8 3 53
69 9 0 55
69 9 1 16
69 9 2 0
69 9 3 51
69 10 0 15
69 10 1 63
69 10 2 2
69 10 3 58
69 11 0 43
69 11 1 19
69 11 2 2
69 11 3 54
69 12 0 7
69 12 1 6
69 12 2 50
69 12 3 43
69 13 0 8
69 13 1 21
69 13 2 42
69 13 3 42
69 14 0 23
69 14 1 26
69 14 2 5
69 14 3 0
69 15 0 61
69 15 1 14
69 15 2 59
69 15 3 2
69 16 0 63
69 16 1 27
69 16 2 51
69 16 3 53
69 17 0 22
69 17 1 47
69 17 2 21
69 17 3 50
69 18 0 61
69 18 1 51
69 18 2 46
69 18 3 23
69 19 0 6
69 19 1 32
69 19 2 8
69 19 3 32
69 20 0 55
69 20 1 7
69 20 2 57
69 20 3 38
69 21 0 3
69 21 1 46
69 21 2 0
69 21 3 39
69 22 0 32
69 22 1 47
69 22 2 24
69 22 3 7
69 23 0 24
69 23 1 48
69 23 2 61
69 23 3 13
69 24 0 22
69 24 1 56
69 24 2 20
69 24 3 15
69 25 0 53
69 25 1 31
69 25 2 37
69 25 3 31
69 26 0 38
69 26 1 17
69 26 2 46
69 26 3 23
69 27 0 33
69 27 1 11
69 27 2 0
69 27 3 36
69 28 0 8
69 28 1 58
69 28 2 61
69 28 3 20
69 29 0 18
69 29 1 32
69 29 2 13
69 29 3 55
69 30 0 6
69 30 1 28
69 30 2 12
69 30 3 53
69 31 0 9
69 31 1 28
69 31 2 53
69 31 3 28
69 32 0 11
69 32 1 10
69 32 2 38
69 32 3 7
69 33 0 22
69 33 1 39
69 33 2 24
69 33 3 52
69 34 0 44
69 34 1 8
69 34 2 52
69 34 3 58
69 35 0 12
69 35 1 22
69 35 2 25
69 35 3 27
69 36 0 29
69 36 1 57
69 36 2 41
69 36 3 57
69 37 0 22
69 37 1 33
69 37 2 6
69 37 3 17
69 38 0 37
69 38 1 11
69 38 2 61
69 38 3 17
69 39 0 10
69 39 1 49
69 39 2 5
69 39 3 20
69 40 0 12
69 40 1 44
69 40 2 53
69 40 3 12
69 41 0 26
69 41 1 30
69 41 2 44
69 41 3 22
69 42 0 33
69 42 1 32
69 42 2 0
69 42 3 36
69 43 0 36
69 43 1 63
69 43 2 32
69 43 3 57
69 44 0 22
69 44 1 44
69 44 2 57
69 44 3 9
69 45 0 36
69 45 1 58
69 45 2 35
69 45 3 57
69 46 0 26
69 46 1 56
69 46 2 40
69 46 3 30
69 47 0 13
69 47 1 10
69 47 2 18
69 47 3 48
69 48 0 29
69 48 1 24
69 48 2 29
69 48 3 22
69 49 0 51
69 49 1 25
69 49 2 30
69 49 3 35
69 50 0 41
69 50 1 21
69 50 2 4
69 50 3 44
69 51 0 35
69 51 1 41
69 51 2 34
69 51 3 32
69 52 0 60
69 52 1 3
69 52 2 5
69 52 3 59
69 53 0 56
69 53 1 26
69 53 2 34
69 53 3 28
69 54 0 63
69 54 1 29
69 54 2 48
69 54 3 23
69 55 0 24
69 55 1 43
69 55 2 25
69 55 3 0
69 56 0 11
69 56 1 55
69 56 2 23
69 56 3 6
69 57 0 60
69 57 1 63
69 57 2 31
69 57 3 40
69 58 0 48
69 58 1 4
69 58 2 18
69 58 3 35
69 59 0 35
69 59 1 21
69 59 2 0
69 59 3 60
69 60 0 39
69 60 1 48
69 60 2 27
69 60 3 32
69 61 0 28
69 61 1 27
69 61 2 42
69 61 3 63
69 62 0 49
69 62 1 42
69 62 2 0
69 62 3 32
69 63 0 61
69 63 1 25
69 63 2 35
69 63 3 20
69 64 0 12
69 64 1 45
69 64 2 20
69 64 3 37
69 65 0 37
69 65 1 54
69 65 2 60
69 65 3 35
69 66 0 3
69 66 1 37
69 66 2 56
69 66 3 30
69 67 0 36
69 67 1 48
69 67 2 28
69 67 3 26
69 68 0 30
69 68 1 54
69 68 2 31
69 68 3 20
69 69 0 38
69 69 1 44
69 69 2 58
69 69 3 57
69 70 0 50
69 70 1 49
69 70 2 28
69 70 3 21
69 71 0 36
69 71 1 45
69 71 2 33
69 71 3 13
69 72 0 0
69 72 1 3
69 72 2 27
69 72 3 50
69 73 0 50
69 73 1 51
69 73 2 45
69 73 3 1
69 74 0 56
69 74 1 60
69 74 2 54
69 74 3 28
69 75 0 13
69 75 1 57
69 75 2 11
69 75 3 50
69 76 0 61
69 76 1 57
69 76 2 33
69 76 3 53
69 77 0 53
69 77 1 62
69 77 2 23
69 77 3 40
69 78 0 52
69 78 1 14
69 78 2 14
69 78 3 24
69 79 0 23
69 79 1 48
69 79 2 59
69 79 3 10
69 80 0 20
69 80 1 59
69 80 2 38
69 80 3 13
69 81 0 38
69 81 1 56
69 81 2 23
69 81 3 30
69 82 0 39
69 82 1 53
69 82 2 36
69 82 3 61
69 83 0 48
69 83 1 27
69 83 2 31
69 83 3 44
69 84 0 4
69 84 1 14
69 84 2 15
69 84 3 51
69 85 0 52
69 85 1 52
69 85 2 6
69 85 3 18
69 86 0 19
69 86 1 1
69 86 2 16
69 86 3 27
69 87 0 56
69 87 1 10
69 87 2 55
69 87 3 52
69 88 0 10
69 88 1 16
69 88 2 29
69 88 3 60
69 89 0 50
69 89 1 62
69 89 2 20
69 89 3 58
69 90 0 61
69 90 1 38
69 90 2 9
69 90 3 17
69 91 0 8
69 91 1 51
69 91 2 20
69 91 3 44
69 92 0 17
69 92 1 62
69 92 2 49
69 92 3 24
69 93 0 30
69 93 1 3
69 93 2 8
69 93 3 63
69 94 0 52
69 94 1 53
69 94 2 41
69 94 3 14
69 95 0 6
69 95 1 46
69 95 2 21
69 95 3 0
69 96 0 1
69 96 1 35
69 96 2 53
69 96 3 23
69 97 0 63
69 97 1 24
69 97 2 46
69 97 3 15
69 98 0 38
69 98 1 17
69 98 2 49
69 98 3 29
69 99 0 2
69 99 1 15
69 99 2 22
69 99 3 29
70 0 0 17
70 0 1 36
70 0 2 61
70 0 3 45
70 1 0 19
70 1 1 43
70 1 2 61
70 1 3 15
70 2 0 14
70 2 1 2
70 2 2 53
70 2 3 53
70 3 0 26
70 3 1 55
70 3 2 41
70 3 3 62
70 4 0 59
70 4 1 61
70 4 2 25
70 4 3 40
70 5 0 10
70 5 1 57
70 5 2 20
70 5 3 28
70 6 0 38
70 6 1 50
70 6 2 46
70 6 3 61
70 7 0 45
70 7 1 50
70 7 2 36
70 7 3 26
70 8 0 58
70 8 1 24
70 8 2 39
70 8 3 18
70 9 0 30
70 9 1 23
70 9 2 16
70 9 3 52
70 10 0 49
70 10 1 44
70 10 2 5
70 10 3 15
70 11 0 13
70 11 1 45
70 11 2 57
70 11 3 24
70 12 0 21
70 12 1 35
70 12 2 63
70 12 3 23
70 13 0 17
70 13 1 33
70 13 2 58
70 13 3 46
70 14 0 33
70 14 1 46
70 14 2 0
70 14 3 48
70 15 0 6
70 15 1 25
70 15 2 22
70 15 3 44
70 16 0 15
70 16 1 15
70 16 2 56
70 16 3 30
70 17 0 47
70 17 1 37
70 17 2 39
70 17 3 43
70 18 0 42
70 18 1 58
70 18 2 50
70 18 3 19
70 19 0 10
70 19 1 54
70 19 2 23
70 19 3 19
70 20 0 7
70 20 1 35
70 20 2 32
70 20 3 52
70 21 0 47
70 21 1 46
70 21 2 34
70 21 3 55
70 22 0 62
70 22 1 52
70 22 2 22
70 22 3 17
70 23 0 0
70 23 1 63
70 23 2 46
70 23 3 59
70 24 0 50
70 24 1 27
70 24 2 9
70 24 3 3
70 25 0 50
70 25 1 19
70 25 2 24
70 25 3 53
70 26 0 30
70 26 1 60
70 26 2 34
70 26 3 53
70 27 0 8
70 27 1 25
70 27 2 11
70 27 3 3
70 28 0 63
70 28 1 33
70 28 2 22
70 28 3 24
70 29 0 15
70 29 1 7
70 29 2 58
70 29 3 6
70 30 0 24
70 30 1 9
70 30 2 59
70 30 3 13
70 31 0 25
70 31 1 48
70 31 2 36
70 31 3 24
70 32 0 36
70 32 1 27
70 32 2 18
70 32 3 38
70 33 0 23
70 33 1 61
70 33 2 29
70 33 3 48
70 34 0 15
70 34 1 41
70 34 2 35
70 34 3 47
70 35 0 29
70 35 1 46
70 35 2 3
70 35 3 44
70 36 0 48
70 36 1 31
70 36 2 2
70 36 3 36
70 37 0 50
70 37 1 29
70 37 2 6
70 37 3 25
70 38 0 63
70 38 1 17
70 38 2 33
70 38 3 22
70 39 0 45
70 39 1 27
70 39 2 24
70 39 3 37
70 40 0 36
70 40 1 31
70 40 2 16
70 40 3 6
70 41 0 44
70 41 1 21
70 41 2 39
70 41 3 24
70 42 0 54
70 42 1 45
70 42 2 25
70 42 3 21
70 43 0 47
70 43 1 0
70 43 2 3
70 43 3 5
70 44 0 22
70 44 1 31
70 44 2 18
70 44 3 12
70 45 0 20
70 45 1 31
70 45 2 19
70 45 3 36
70 46 0 24
70 46 1 59
70 46 2 63
70 46 3 41
70 47 0 35
70 47 1 1
70 47 2 39
70 47 3 24
70 48 0 18
70 48 1 50
70 48 2 2
70 48 3 16
70 49 0 49
70 49 1 59
70 49 2 32
70 49 3 33
70 50 0 61
70 50 1 5
70 50 2 30
70 50 3 15
70 51 0 30
70 51 1 58
70 51 2 38
70 51 3 63
70 52 0 32
70 52 1 55
70 52 2 10
70 52 3 20
70 53 0 17
70 53 1 49
70 53 2 32
70 53 3 14
70 54 0 11
70 54 1 24
70 54 2 9
70 54 3 44
70 55 0 54
70 55 1 62
70 55 2 15
70 55 3 28
70 56 0 32
70 56 1 31
70 56 2 29
70 56 3 14
70 57 0 7
70 57 1 25
70 57 2 5
70 57 3 4
70 58 0 33
70 58 1 54
70 58 2 34
70 58 3 1
70 59 0 53
70 59 1 43
70 59 2 19
70 59 3 17
70 60 0 57
70 60 1 30
70 60 2 9
70 60 3 18
70 61 0 16
70 61 1 25
70 61 2 22
70 61 3 34
70 62 0 20
70 62 1 41
70 62 2 31
70 62 3 60
70 63 0 52
70 63 1 21
70 63 2 2
70 63 3 37
70 64 0 21
70 64 1 57
70 64 2 25
70 64 3 18
70 65 0 21
70 65 1 55
70 65 2 7
70 65 3 61
70 66 0 14
70 66 1 54
70 66 2 34
70 66 3 36
70 67 0 13
70 67 1 46
70 67 2 41
70 67 3 30
70 68 0 29
70 68 1 38
70 68 2 30
70 68 3 62
70 69 0 2
70 69 1 16
70 69 2 54
70 69 3 50
70 70 0 22
70 70 1 32
70 70 2 1
70 70 3 11
70 71 0 60
70 71 1 41
70 71 2 2
70 71 3 50
70 72 0 25
70 72 1 36
70 72 2 54
70 72 3 53
70 73 0 8
70 73 1 23
70 73 2 17
70 73 3 58
70 74 0 49
70 74 1 41
70 74 2 3
70 74 3 51
70 75 0 35
70 75 1 17
70 75 2 28
70 75 3 28
70 76 0 18
70 76 1 58
70 76 2 58
70 76 3 3
70 77 0 59
70 77 1 25
70 77 2 51
70 77 3 49
70 78 0 38
70 78 1 47
70 78 2 43
70 78 3 54
70 79 0 27
70 79 1 47
70 79 2 62
70 79 3 60
70 80 0 9
70 80 1 31
70 80 2 32
70 80 3 39
70 81 0 41
70 81 1 54
70 81 2 34
70 81 3 44
70 82 0 57
70 82 1 6
70 82 2 41
70 82 3 23
70 83 0 57
70 83 1 35
70 83 2 38
70 83 3 48
70 84 0 15
70 84 1 34
70 84 2 49
70 84 3 49
70 85 0 14
70 85 1 53
70 85 2 10
70 85 3 16
70 86 0 54
70 86 1 39
70 86 2 34
70 86 3 35
70 87 0 62
70 87 1 14
70 87 2 19
70 87 3 31
70 88 0 54
70 88 1 35
70 88 2 46
70 88 3 52
70 89 0 57
70 89 1 29
70 89 2 29
70 89 3 5
70 90 0 5
70 90 1 31
70 90 2 47
70 90 3 53
70 91 0 26
70 91 1 36
70 91 2 52
70 91 3 20
70 92 0 10
70 92 1 58
70 92 2 34
70 92 3 9
70 93 0 16
70 93 1 20
70 93 2 12
70 93 3 27
70 94 0 52
70 94 1 47
70 94 2 58
70 94 3 53
70 95 0 19
70 95 1 3
70 95 2 9
70 95 3 50
70 96 0 21
70 96 1 46
70 96 2 29
70 96 3 57
70 97 0 32
70 97 1 57
70 97 2 16
70 97 3 49
70 98 0 33
70 98 1 12
70 98 2 14
70 98 3 20
70 99 0 9
70 99 1 59
70 99 2 13
70 99 3 38
71 0 0 36
71 0 1 34
71 0 2 40
71 0 3 58
71 1 0 61
71 1 1 55
71 1 2 29
71 1 3 46
71 2 0 11
71 2 1 56
71 2 2 12
71 2 3 7
71 3 0 53
71 3 1 48
71 3 2 8
71 3 3 61
71 4 0 7
71 4 1 3
71 4 2 61
71 4 3 14
71 5 0 15
71 5 1 50
71 5 2 38
71 5 3 33
71 6 0 63
71 6 1 5
71 6 2 59
71 6 3 17
71 7 0 39
71 7 1 20
71 7 2 18
71 7 3 20
71 8 0 35
71 8 1 56
71 8 2 7
71 8 3 42
71 9 0 55
71 9 1 47
71 9 2 62
71 9 3 0
71 10 0 23
71 10 1 27
71 10 2 34
71 10 3 20
71 11 0 16
71 11 1 54
71 11 2 14
71 11 3 61
71 12 0 2
71 12 1 27
71 12 2 39
71 12 3 62
71 13 0 48
71 13 1 0
71 13 2 47
71 13 3 20
71 14 0 55
71 14 1 49
71 14 2 12
71 14 3 23
71 15 0 52
71 15 1 58
71 15 2 38
71 15 3 13
71 16 0 24
71 16 1 50
71 16 2 38
71 16 3 12
71 17 0 18
71 17 1 12
71 17 2 30
71 17 3 28
71 18 0 34
71 18 1 60
71 18 2 41
71 18 3 37
71 19 0 23
71 19 1 40
71 19 2 61
71 19 3 0
71 20 0 22
71 20 1 3
71 20 2 13
71 20 3 4
71 21 0 37
71 21 1 52
71 21 2 60
71 21 3 15
71 22 0 44
71 22 1 21
71 22 2 20
71 22 3 39
71 23 0 43
71 23 1 37
71 23 2 6
71 23 3 26
71 24 0 18
71 24 1 0
71 24 2 2
71 24 3 28
71 25 0 6
71 25 1 47
71 25 2 3
71 25 3 15
71 26 0 63
71 26 1 45
71 26 2 35
71 26 3 0
71 27 0 2
71 27 1 58
71 27 2 51
71 27 3 60
71 28 0 51
71 28 1 0
71 28 2 51
71 28 3 29
71 29 0 44
71 29 1 26
71 29 2 46
71 29 3 53
71 30 0 62
71 30 1 34
71 30 2 17
71 30 3 39
71 31 0 31
71 31 1 12
71 31 2 46
71 31 3 4
71 32 0 25
71 32 1 44
71 32 2 58
71 32 3 39
71 33 0 62
71 33 1 53
71 33 2 15
71 33 3 54
71 34 0 21
71 34 1 40
71 34 2 12
71 34 3 34
71 35 0 43
71 35 1 58
71 35 2 60
71 35 3 51
71 36 0 35
71 36 1 56
71 36 2 6
71 36 3 63
71 37 0 13
71 37 1 25
71 37 2 58
71 37 3 45
71 38 0 54
71 38 1 44
71 38 2 38
71 38 3 11
71 39 0 63
71 39 1 40
71 39 2 42
71 39 3 27
71 40 0 60
71 40 1 28
71 40 2 12
71 40 3 11
71 41 0 44
71 41 1 47
71 41 2 13
71 41 3 44
71 42 0 63
71 42 1 34
71 42 2 62
71 42 3 10
71 43 0 25
71 43 1 35
71 43 2 22
71 43 3 6
71 44 0 29
71 44 1 21
71 44 2 13
71 44 3 23
71 45 0 26
71 45 1 56
71 45 2 31
71 45 3 26
71 46 0 24
71 46 1 38
71 46 2 17
71 46 3 55
71 47 0 26
71 47 1 27
71 47 2 4
71 47 3 56
71 48 0 30
71 48 1 8
71 48 2 10
71 48 3 23
71 49 0 49
71 49 1 6
71 49 2 7
71 49 3 35
71 50 0 31
71 50 1 61
71 50 2 48
71 50 3 42
71 51 0 21
71 51 1 40
71 51 2 37
71 51 3 17
71 52 0 23
71 52 1 59
71 52 2 34
71 52 3 30
71 53 0 50
71 53 1 17
71 53 2 14
71 53 3 63
71 54 0 51
71 54 1 27
71 54 2 60
71 54 3 23
71 55 0 43
71 55 1 2
71 55 2 44
71 55 3 11
71 56 0 15
71 56 1 51
71 56 2 13
71 56 3 30
71 57 0 58
71 57 1 61
71 57 2 28
71 57 3 5
71 58 0 18
71 58 1 39
71 58 2 21
71 58 3 46
71 59 0 63
71 59 1 39
71 59 2 39
71 59 3 33
71 60 0 11
71 60 1 37
71 60 2 59
71 60 3 44
71 61 0 48
71 61 1 55
71 61 2 24
71 61 3 21
71 62 0 62
71 62 1 29
71 62 2 46
71 62 3 40
71 63 0 7
71 63 1 20
71 63 2 20
71 63 3 11
71 64 0 49
71 64 1 61
71 64 2 61
71 64 3 12
71 65 0 28
71 65 1 14
71 65 2 4
71 65 3 39
71 66 0 55
71 66 1 4
71 66 2 41
71 66 3 2
71 67 0 53
71 67 1 4
71 67 2 27
71 67 3 7
71 68 0 26
71 68 1 27
71 68 2 34
71 68 3 53
71 69 0 63
71 69 1 21
71 69 2 59
71 69 3 27
71 70 0 7
71 70 1 38
71 70 2 46
71 70 3 19
71 71 0 37
71 71 1 27
71 71 2 9
71 71 3 24
71 72 0 27
71 72 1 21
71 72 2 58
71 72 3 24
71 73 0 40
71 73 1 0
71 73 2 20
71 73 3 56
71 74 0 57
71 74 1 62
71 74 2 3
71 74 3 55
71 75 0 17
71 75 1 0
71 75 2 5
71 75 3 48
71 76 0 37
71 76 1 36
71 76 2 56
71 76 3 6
71 77 0 5
71 77 1 59
71 77 2 38
71 77 3 49
71 78 0 33
71 78 1 9
71 78 2 33
71 78 3 61
71 79 0 7
71 79 1 8
71 79 2 22
71 79 3 29
71 80 0 40
71 80 1 10
71 80 2 59
71 80 3 9
71 81 0 12
71 81 1 61
71 81 2 24
71 81 3 36
71 82 0 27
71 82 1 16
71 82 2 32
71 82 3 49
71 83 0 0
71 83 1 56
71 83 2 11
71 83 3 58
71 84 0 61
71 84 1 59
71 84 2 41
71 84 3 57
71 85 0 55
71 85 1 40
71 85 2 57
71 85 3 21
71 86 0 53
71 86 1 59
71 86 2 40
71 86 3 7
71 87 0 13
71 87 1 10
71 87 2 34
71 87 3 27
71 88 0 52
71 88 1 18
71 88 2 10
71 88 3 39
71 89 0 8
71 89 1 57
71 89 2 5
71 89 3 31
71 90 0 60
71 90 1 35
71 90 2 51
71 90 3 27
71 91 0 48
71 91 1 45
71 91 2 32
71 91 3 6
71 92 0 62
71 92 1 3
71 92 2 22
71 92 3 41
71 93 0 49
71 93 1 34
71 93 2 25
71 93 3 26
71 94 0 62
71 94 1 21
71 94 2 54
71 94 3 3
71 95 0 42
71 95 1 43
71 95 2 43
71 95 3 26
71 96 0 44
71 96 1 28
71 96 2 37
71 96 3 57
71 97 0 43
71 97 1 47
71 97 2 62
71 97 3 14
71 98 0 37
71 98 1 42
71 98 2 44
71 98 3 8
71 99 0 48
71 99 1 12
71 99 2 26
71 99 3 45
72 0 0 16
72 0 1 8
72 0 2 43
72 0 3 17
72 1 0 52
72 1 1 57
72 1 2 22
72 1 3 47
72 2 0 14
72 2 1 59
72 2 2 15
72 2 3 56
72 3 0 50
72 3 1 20
72 3 2 52
72 3 3 40
72 4 0 42
72 4 1 24
72 4 2 14
72 4 3 44
72 5 0 3
72 5 1 22
72 5 2 9
72 5 3 0
72 6 0 0
72 6 1 6
72 6 2 60
72 6 3 49
72 7 0 63
72 7 1 5
72 7 2 63
72 7 3 38
72 8 0 50
72 8 1 54
72 8 2 16
72 8 3 47
72 9 0 41
72 9 1 26
72 9 2 31
72 9 3 13
72 10 0 11
72 10 1 59
72 10 2 46
72 10 3 36
72 11 0 44
72 11 1 25
72 11 2 15
72 11 3 60
72 12 0 63
72 12 1 13
72 12 2 51
72 12 3 28
72 13 0 45
72 13 1 6
72 13 2 30
72 13 3 7
72 14 0 52
72 14 1 25
72 14 2 16
72 14 3 44
72 15 0 61
72 15 1 21
72 15 2 45
72 15 3 44
72 16 0 31
72 16 1 51
72 16 2 8
72 16 3 56
72 17 0 25
72 17 1 2
72 17 2 63
72 17 3 49
72 18 0 52
72 18 1 9
72 18 2 48
72 18 3 44
72 19 0 57
72 19 1 23
72 19 2 59
72 19 3 45
72 20 0 16
72 20 1 13
72 20 2 57
72 20 3 41
72 21 0 7
72 21 1 8
72 21 2 52
72 21 3 10
72 22 0 14
72 22 1 39
72 22 2 55
72 22 3 21
72 23 0 42
72 23 1 45
72 23 2 38
72 23 3 43
72 24 0 14
72 24 1 39
72 24 2 0
72 24 3 46
72 25 0 50
72 25 1 50
72 25 2 1
72 25 3 58
72 26 0 27
72 26 1 5
72 26 2 34
72 26 3 36
72 27 0 25
72 27 1 47
72 27 2 34
72 27 3 13
72 28 0 39
72 28 1 16
72 28 2 7
72 28 3 17
72 29 0 57
72 29 1 36
72 29 2 20
72 29 3 23
72 30 0 55
72 30 1 42
72 30 2 49
72 30 3 39
72 31 0 63
72 31 1 42
72 31 2 25
72 31 3 16
72 32 0 2
72 32 1 49
72 32 2 59
72 32 3 42
72 33 0 31
72 33 1 8
72 33 2 41
72 33 3 12
72 34 0 39
72 34 1 19
72 34 2 55
72 34 3 59
72 35 0 14
72 35 1 20
72 35 2 59
72 35 3 1
72 36 0 33
72 36 1 9
72 36 2 27
72 36 3 2
72 37 0 8
72 37 1 25
72 37 2 3
72 37 3 51
72 38 0 36
72 38 1 28
72 38 2 30
72 38 3 53
72 39 0 54
72 39 1 3
72 39 2 43
72 39 3 30
72 40 0 50
72 40 1 50
72 40 2 45
72 40 3 43
72 41 0 13
72 41 1 54
72 41 2 44
72 41 3 17
72 42 0 14
72 42 1 32
72 42 2 21
72 42 3 43
72 43 0 26
72 43 1 10
72 43 2 25
72 43 3 52
72 44 0 53
72 44 1 19
72 44 2 50
72 44 3 5
72 45 0 62
72 45 1 49
72 45 2 2
72 45 3 45
72 46 0 31
72 46 1 56
72 46 2 15
72 46 3 57
72 47 0 55
72 47 1 17
72 47 2 27
72 47 3 41
72 48 0 15
72 48 1 63
72 48 2 12
72 48 3 15
72 49 0 32
72 49 1 30
72 49 2 3
72 49 3 58
72 50 0 15
72 50 1 6
72 50 2 33
72 50 3 59
72 51 0 0
72 51 1 31
72 51 2 58
72 51 3 57
72 52 0 10
72 52 1 39
72 52 2 53
72 52 3 42
72 53 0 42
72 53 1 49
72 53 2 29
72 53 3 4
72 54 0 40
72 54 1 40
72 54 2 54
72 54 3 59
72 55 0 21
72 55 1 61
72 55 2 0
72 55 3 61
72 56 0 8
72 56 1 41
72 56 2 43
72 56 3 40
72 57 0 63
72 57 1 35
72 57 2 8
72 57 3 38
72 58 0 18
72 58 1 39
72 58 2 24
72 58 3 2
72 59 0 40
72 59 1 5
72 59 2 20
72 59 3 39
72 60 0 56
72 60 1 20
72 60 2 19
72 60 3 19
72 61 0 36
72 61 1 12
72 61 2 33
72 61 3 51
72 62 0 5
72 62 1 61
72 62 2 34
72 62 3 40
72 63 0 39
72 63 1 60
72 63 2 42
72 63 3 56
72 64 0 18
72 64 1 13
72 64 2 41
72 64 3 9
72 65 0 7
72 65 1 13
72 65 2 17
72 65 3 6
72 66 0 46
72 66 1 37
72 66 2 12
72 66 3 18
72 67 0 59
72 67 1 58
72 67 2 7
72 67 3 39
72 68 0 20
72 68 1 23
72 68 2 38
72 68 3 63
72 69 0 37
72 69 1 61
72 69 2 52
72 69 3 49
72 70 0 50
72 70 1 50
72 70 2 16
72 70 3 62
72 71 0 58
72 71 1 38
72 71 2 45
72 71 3 56
72 72 0 9
72 72 1 4
72 72 2 63
72 72 3 35
72 73 0 46
72 73 1 32
72 73 2 33
72 73 3 2
72 74 0 18
72 74 1 5
72 74 2 27
72 74 3 1
72 75 0 51
72 75 1 18
72 75 2 47
72 75 3 3
72 76 0 2
72 76 1 27
72 76 2 50
72 76 3 52
72 77 0 34
72 77 1 39
72 77 2 44
72 77 3 43
72 78 0 47
72 78 1 2
72 78 2 27
72 78 3 53
72 79 0 28
72 79 1 9
72 79 2 42
72 79 3 19
72 80 0 32
72 80 1 33
72 80 2 44
72 80 3 59
72 81 0 44
72 81 1 63
72 81 2 1
72 81 3 50
72 82 0 26
72 82 1 46
72 82 2 5
72 82 3 33
72 83 0 1
72 83 1 42
72 83 2 13
72 83 3 9
72 84 0 5
72 84 1 17
72 84 2 61
72 84 3 63
72 85 0 5
72 85 1 62
72 85 2 37
72 85 3 20
72 86 0 60
72 86 1 15
72 86 2 11
72 86 3 14
72 87 0 9
72 87 1 31
72 87 2 8
72 87 3 14
72 88 0 23
72 88 1 41
72 88 2 54
72 88 3 4
72 89 0 40
72 89 1 6
72 89 2 63
72 89 3 17
72 90 0 54
72 90 1 49
72 90 2 20
72 90 3 20
72 91 0 20
72 91 1 30
72 91 2 28
72 91 3 42
72 92 0 29
72 92 1 50
72 92 2 29
72 92 3 19
72 93 0 20
72 93 1 46
72 93 2 8
72 93 3 18
72 94 0 19
72 94 1 41
72 94 2 8
72 94 3 28
72 95 0 43
72 95 1 59
72 95 2 28
72 95 3 62
72 96 0 38
72 96 1 49
72 96 2 15
72 96 3 58
72 97 0 16
72 97 1 8
72 97 2 5
72 97 3 41
72 98 0 40
72 98 1 12
72 98 2 56
72 98 3 17
72 99 0 39
72 99 1 33
72 99 2 37
72 99 3 47
73 0 0 59
73 0 1 46
73 0 2 58
73 0 3 55
73 1 0 22
73 1 1 35
73 1 2 12
73 1 3 59
73 2 0 61
73 2 1 56
73 2 2 47
73 2 3 54
73 3 0 50
73 3 1 14
73 3 2 16
73 3 3 34
73 4 0 26
73 4 1 47
73 4 2 47
73 4 3 62
73 5 0 50
73 5 1 0
73 5 2 21
73 5 3 20
73 6 0 40
73 6 1 21
73 6 2 62
73 6 3 18
73 7 0 28
73 7 1 52
73 7 2 23
73 7 3 2
73 8 0 21
73 8 1 23
73 8 2 39
73 8 3 45
73 9 0 35
73 9 1 26
73 9 2 32
73 9 3 9
73 10 0 11
73 10 1 39
73 10 2 55
73 10 3 33
73 11 0 3
73 11 1 62
73 11 2 20
73 11 3 47
73 12 0 57
73 12 1 63
73 12 2 7
73 12 3 11
73 13 0 41
73 13 1 48
73 13 2 53
73 13 3 35
73 14 0 10
73 14 1 45
73 14 2 42
73 14 3 29
73 15 0 40
73 15 1 13
73 15 2 51
73 15 3 2
73 16 0 53
73 16 1 53
73 16 2 43
73 16 3 52
73 17 0 58
73 17 1 10
73 17 2 34
73 17 3 41
73 18 0 60
73 18 1 47
73 18 2 38
73 18 3 35
73 19 0 9
73 19 1 20
73 19 2 27
73 19 3 56
73 20 0 55
73 20 1 41
73 20 2 6
73 20 3 46
73 21 0 29
73 21 1 41
73 21 2 27
73 21 3 46
73 22 0 13
73 22 1 9
73 22 2 14
73 22 3 59
73 23 0 4
73 23 1 18
73 23 2 21
73 23 3 53
73 24 0 22
73 24 1 57
73 24 2 63
73 24 3 41
73 25 0 21
73 25 1 38
73 25 2 42
73 25 3 6
73 26 0 53
73 26 1 27
73 26 2 54
73 26 3 39
73 27 0 55
73 27 1 5
73 27 2 2
73 27 3 7
73 28 0 55
73 28 1 63
73 28 2 63
73 28 3 21
73 29 0 16
73 29 1 22
73 29 2 52
73 29 3 16
73 30 0 35
73 30 1 41
73 30 2 23
73 30 3 30
73 31 0 42
73 31 1 50
73 31 2 12
73 31 3 32
73 32 0 9
73 32 1 0
73 32 2 41
73 32 3 30
73 33 0 16
73 33 1 3
73 33 2 60
73 33 3 52
73 34 0 59
73 34 1 7
73 34 2 0
73 34 3 13
73 35 0 6
73 35 1 29
73 35 2 41
73 35 3 12
73 36 0 25
73 36 1 34
73 36 2 20
73 36 3 29
73 37 0 37
73 37 1 60
73 37 2 19
73 37 3 5
73 38 0 55
73 38 1 36
73 38 2 30
73 38 3 46
73 39 0 62
73 39 1 8
73 39 2 55
73 39 3 40
73 40 0 37
73 40 1 55
73 40 2 19
73 40 3 50
73 41 0 36
73 41 1 59
73 41 2 29
73 41 3 46
73 42 0 31
73 42 1 25
73 42 2 24
73 42 3 58
73 43 0 53
73 43 1 14
73 43 2 55
73 43 3 37
73 44 0 6
73 44 1 49
73 44 2 10
73 44 3 55
73 45 0 29
73 45 1 58
73 45 2 30
73 45 3 5
73 46 0 49
73 46 1 46
73 46 2 19
73 46 3 13
73 47 0 55
73 47 1 49
73 47 2 19
73 47 3 44
73 48 0 15
73 48 1 11
73 48 2 42
73 48 3 53
73 49 0 58
73 49 1 29
73 49 2 9
73 49 3 34
73 50 0 43
73 50 1 62
73 50 2 7
73 50 3 42
73 51 0 32
73 51 1 37
73 51 2 5
73 51 3 1
73 52 0 38
73 52 1 12
73 52 2 39
73 52 3 1
73 53 0 51
73 53 1 21
73 53 2 28
73 53 3 22
73 54 0 26
73 54 1 33
73 54 2 41
73 54 3 44
73 55 0 63
73 55 1 11
73 55 2 55
73 55 3 38
73 56 0 19
73 56 1 58
73 56 2 45
73 56 3 11
73 57 0 11
73 57 1 42
73 57 2 46
73 57 3 2
73 58 0 40
73 58 1 33
73 58 2 62
73 58 3 47
73 59 0 58
73 59 1 2
73 59 2 48
73 59 3 21
73 60 0 35
73 60 1 56
73 60 2 55
73 60 3 14
73 61 0 15
73 61 1 46
73 61 2 56
73 61 3 39
73 62 0 3
73 62 1 10
73 62 2 47
73 62 3 47
73 63 0 57
73 63 1 34
73 63 2 27
73 63 3 7
73 64 0 50
73 64 1 60
73 64 2 2
73 64 3 31
73 65 0 22
73 65 1 47
73 65 2 48
73 65 3 13
73 66 0 60
73 66 1 8
73 66 2 49
73 66 3 47
73 67 0 10
73 67 1 43
73 67 2 17
73 67 3 17
73 68 0 5
73 68 1 47
73 68 2 51
73 68 3 32
73 69 0 49
73 69 1 22
73 69 2 36
73 69 3 50
73 70 0 27
73 70 1 39
73 70 2 9
73 70 3 32
73 71 0 54
73 71 1 49
73 71 2 19
73 71 3 34
73 72 0 39
73 72 1 60
73 72 2 53
73 72 3 52
73 73 0 48
73 73 1 22
73 73 2 24
73 73 3 29
73 74 0 27
73 74 1 61
73 74 2 56
73 74 3 57
73 75 0 38
73 75 1 12
73 75 2 9
73 75 3 17
73 76 0 41
73 76 1 23
73 76 2 41
73 76 3 56
73 77 0 21
73 77 1 59
73 77 2 32
73 77 3 51
73 78 0 3
73 78 1 17
73 78 2 59
73 78 3 56
73 79 0 36
73 79 1 2
73 79 2 3
73 79 3 27
73 80 0 57
73 80 1 24
73 80 2 56
73 80 3 34
73 81 0 8
73 81 1 35
73 81 2 23
73 81 3 14
73 82 0 43
73 82 1 13
73 82 2 57
73 82 3 51
73 83 0 50
73 83 1 4
73 83 2 61
73 83 3 31
73 84 0 46
73 84 1 12
73 84 2 49
73 84 3 20
73 85 0 45
73 85 1 17
73 85 2 59
73 85 3 45
73 86 0 28
73 86 1 29
73 86 2 0
73 86 3 19
73 87 0 50
73 87 1 53
73 87 2 63
73 87 3 5
73 88 0 16
73 88 1 49
73 88 2 23
73 88 3 15
73 89 0 18
73 89 1 58
73 89 2 54
73 89 3 0
73 90 0 53
73 90 1 35
73 90 2 54
73 90 3 39
73 91 0 44
73 91 1 36
73 91 2 47
73 91 3 52
73 92 0 32
73 92 1 7
73 92 2 5
73 92 3 26
73 93 0 30
73 93 1 55
73 93 2 2
73 93 3 56
73 94 0 3
73 94 1 31
73 94 2 27
73 94 3 35
73 95 0 2
73 95 1 48
73 95 2 8
73 95 3 49
73 96 0 36
73 96 1 56
73 96 2 62
73 96 3 54
73 97 0 28
73 97 1 26
73 97 2 42
73 97 3 41
73 98 0 50
73 98 1 30
73 98 2 29
73 98 3 7
73 99 0 10
73 99 1 52
73 99 2 63
73 99 3 38
74 0 0 22
74 0 1 3
74 0 2 2
74 0 3 43
74 1 0 41
74 1 1 18
74 1 2 12
74 1 3 4
74 2 0 43
74 2 1 38
74 2 2 21
74 2 3 46
74 3 0 54
74 3 1 33
74 3 2 16
74 3 3 0
74 4 0 50
74 4 1 36
74 4 2 22
74 4 3 0
74 5 0 52
74 5 1 59
74 5 2 30
74 5 3 17
74 6 0 39
74 6 1 55
74 6 2 37
74 6 3 0
74 7 0 12
74 7 1 6
74 7 2 26
74 7 3 28
74 8 0 34
74 8 1 48
74 8 2 7
74 8 3 60
74 9 0 16
74 9 1 33
74 9 2 13
74 9 3 22
74 10 0 53
74 10 1 2
74 10 2 30
74 10 3 37
74 11 0 36
74 11 1 24
74 11 2 24
74 11 3 58
74 12 0 15
74 12 1 30
74 12 2 23
74 12 3 48
74 13 0 51
74 13 1 54
74 13 2 5
74 13 3 6
74 14 0 24
74 14 1 28
74 14 2 4
74 14 3 57
74 15 0 57
74 15 1 27
74 15 2 49
74 15 3 36
74 16 0 42
74 16 1 55
74 16 2 5
74 16 3 14
74 17 0 27
74 17 1 57
74 17 2 37
74 17 3 25
74 18 0 1
74 18 1 37
74 18 2 17
74 18 3 20
74 19 0 63
74 19 1 33
74 19 2 8
74 19 3 3
74 20 0 24
74 20 1 4
74 20 2 27
74 20 3 26
74 21 0 56
74 21 1 21
74 21 2 17
74 21 3 39
74 22 0 40
74 22 1 2
74 22 2 5
74 22 3 10
74 23 0 49
74 23 1 13
74 23 2 63
74 23 3 28
74 24 0 59
74 24 1 15
74 24 2 27
74 24 3 8
74 25 0 54
74 25 1 38
74 25 2 4
74 25 3 47
74 26 0 56
74 26 1 43
74 26 2 51
74 26 3 17
74 27 0 27
74 27 1 54
74 27 2 38
74 27 3 39
74 28 0 49
74 28 1 39
74 28 2 8
74 28 3 13
74 29 0 49
74 29 1 15
74 29 2 42
74 29 3 30
74 30 0 39
74 30 1 15
74 30 2 19
74 30 3 44
74 31 0 10
74 31 1 19
74 31 2 63
74 31 3 9
74 32 0 36
74 32 1 9
74 32 2 45
74 32 3 8
74 33 0 36
74 33 1 28
74 33 2 44
74 33 3 0
74 34 0 33
74 34 1 34
74 34 2 15
74 34 3 19
74 35 0 45
74 35 1 35
74 35 2 37
74 35 3 59
74 36 0 25
74 36 1 55
74 36 2 62
74 36 3 36
74 37 0 13
74 37 1 26
74 37 2 2
74 37 3 44
74 38 0 17
74 38 1 59
74 38 2 41
74 38 3 31
74 39 0 11
74 39 1 6
74 39 2 43
74 39 3 49
74 40 0 17
74 40 1 0
74 40 2 20
74 40 3 48
74 41 0 37
74 41 1 5
74 41 2 7
74 41 3 6
74 42 0 48
74 42 1 50
74 42 2 26
74 42 3 44
74 43 0 1
74 43 1 35
74 43 2 17
74 43 3 52
74 44 0 31
74 44 1 54
74 44 2 36
74 44 3 29
74 45 0 60
74 45 1 63
74 45 2 29
74 45 3 22
74 46 0 41
74 46 1 10
74 46 2 24
74 46 3 54
74 47 0 57
74 47 1 26
74 47 2 24
74 47 3 55
74 48 0 12
74 48 1 3
74 48 2 4
74 48 3 7
74 49 0 56
74 49 1 2
74 49 2 21
74 49 3 38
74 50 0 38
74 50 1 53
74 50 2 62
74 50 3 25
74 51 0 14
74 51 1 5
74 51 2 57
74 51 3 23
74 52 0 57
74 52 1 22
74 52 2 48
74 52 3 41
74 53 0 45
74 53 1 41
74 53 2 19
74 53 3 6
74 54 0 0
74 54 1 26
74 54 2 57
74 54 3 41
74 55 0 43
74 55 1 16
74 55 2 31
74 55 3 26
74 56 0 8
74 56 1 39
74 56 2 23
74 56 3 25
74 57 0 38
74 57 1 1
74 57 2 59
74 57 3 14
74 58 0 43
74 58 1 49
74 58 2 9
74 58 3 15
74 59 0 26
74 59 1 52
74 59 2 40
74 59 3 29
74 60 0 54
74 60 1 30
74 60 2 56
74 60 3 49
74 61 0 11
74 61 1 24
74 61 2 1
74 61 3 15
74 62 0 1
74 62 1 6
74 62 2 0
74 62 3 43
74 63 0 26
74 63 1 30
74 63 2 48
74 63 3 51
74 64 0 34
74 64 1 29
74 64 2 41
74 64 3 26
74 65 0 28
74 65 1 19
74 65 2 12
74 65 3 12
74 66 0 41
74 66 1 53
74 66 2 27
74 66 3 6
74 67 0 39
74 67 1 57
74 67 2 33
74 67 3 1
74 68 0 5
74 68 1 33
74 68 2 55
74 68 3 3
74 69 0 48
74 69 1 49
74 69 2 3
74 69 3 13
74 70 0 0
74 70 1 36
74 70 2 11
74 70 3 58
74 71 0 5
74 71 1 41
74 71 2 50
74 71 3 11
74 72 0 16
74 72 1 50
74 72 2 5
74 72 3 28
74 73 0 16
74 73 1 0
74 73 2 28
74 73 3 31
74 74 0 22
74 74 1 51
74 74 2 6
74 74 3 27
74 75 0 11
74 75 1 48
74 75 2 35
74 75 3 45
74 76 0 6
74 76 1 29
74 76 2 3
74 76 3 20
74 77 0 60
74 77 1 46
74 77 2 5
74 77 3 23
74 78 0 55
74 78 1 10
74 78 2 48
74 78 3 20
74 79 0 30
74 79 1 56
74 79 2 43
74 79 3 18
74 80 0 0
74 80 1 15
74 80 2 26
74 80 3 8
74 81 0 56
74 81 1 3
74 81 2 34
74 81 3 62
74 82 0 21
74 82 1 34
74 82 2 4
74 82 3 46
74 83 0 62
74 83 1 49
74 83 2 9
74 83 3 22
74 84 0 46
74 84 1 51
74 84 2 25
74 84 3 61
74 85 0 13
74 85 1 47
74 85 2 31
74 85 3 45
74 86 0 38
74 86 1 27
74 86 2 52
74 86 3 53
74 87 0 52
74 87 1 5
74 87 2 27
74 87 3 47
74 88 0 55
74 88 1 23
74 88 2 47
74 88 3 36
74 89 0 14
74 89 1 57
74 89 2 28
74 89 3 38
74 90 0 18
74 90 1 1
74 90 2 28
74 90 3 46
74 91 0 20
74 91 1 59
74 91 2 48
74 91 3 41
74 92 0 51
74 92 1 55
74 92 2 46
74 92 3 52
74 93 0 45
74 93 1 55
74 93 2 6
74 93 3 22
74 94 0 56
74 94 1 30
74 94 2 0
74 94 3 54
74 95 0 41
74 95 1 58
74 95 2 1
74 95 3 9
74 96 0 32
74 96 1 11
74 96 2 33
74 96 3 22
74 97 0 13
74 97 1 49
74 97 2 2
74 97 3 55
74 98 0 9
74 98 1 37
74 98 2 63
74 98 3 7
74 99 0 59
74 99 1 19
74 99 2 47
74 99 3 54
75 0 0 14
75 0 1 22
75 0 2 55
75 0 3 6
75 1 0 6
75 1 1 19
75 1 2 38
75 1 3 51
75 2 0 36
75 2 1 31
75 2 2 55
75 2 3 10
75 3 0 57
75 3 1 20
75 3 2 17
75 3 3 61
75 4 0 41
75 4 1 27
75 4 2 21
75 4 3 28
75 5 0 50
75 5 1 9
75 5 2 11
75 5 3 19
75 6 0 30
75 6 1 52
75 6 2 13
75 6 3 50
75 7 0 58
75 7 1 27
75 7 2 61
75 7 3 57
75 8 0 51
75 8 1 24
75 8 2 19
75 8 3 55
75 9 0 28
75 9 1 2
75 9 2 45
75 9 3 22
75 10 0 59
75 10 1 54
75 10 2 6
75 10 3 57
75 11 0 60
75 11 1 48
75 11 2 17
75 11 3 42
75 12 0 55
75 12 1 52
75 12 2 27
75 12 3 45
75 13 0 24
75 13 1 16
75 13 2 43
75 13 3 29
75 14 0 14
75 14 1 42
75 14 2 20
75 14 3 37
75 15 0 23
75 15 1 56
75 15 2 54
75 15 3 30
75 16 0 45
75 16 1 11
75 16 2 63
75 16 3 13
75 17 0 55
75 17 1 54
75 17 2 11
75 17 3 0
75 18 0 47
75 18 1 55
75 18 2 45
75 18 3 3
75 19 0 41
75 19 1 25
75 19 2 58
75 19 3 51
75 20 0 51
75 20 1 26
75 20 2 20
75 20 3 52
75 21 0 7
75 21 1 6
75 21 2 3
75 21 3 32
75 22 0 4
75 22 1 37
75 22 2 10
75 22 3 57
75 23 0 27
75 23 1 5
75 23 2 44
75 23 3 21
75 24 0 16
75 24 1 42
75 24 2 61
75 24 3 62
75 25 0 27
75 25 1 54
75 25 2 13
75 25 3 54
75 26 0 60
75 26 1 33
75 26 2 33
75 26 3 36
75 27 0 4
75 27 1 54
75 27 2 47
75 27 3 55
75 28 0 7
75 28 1 51
75 28 2 23
75 28 3 52
75 29 0 63
75 29 1 56
75 29 2 58
75 29 3 7
75 30 0 21
75 30 1 18
75 30 2 32
75 30 3 62
75 31 0 43
75 31 1 34
75 31 2 51
75 31 3 11
75 32 0 42
75 32 1 32
75 32 2 13
75 32 3 41
75 33 0 53
75 33 1 53
75 33 2 53
75 33 3 51
75 34 0 30
75 34 1 3
75 34 2 61
75 34 3 29
75 35 0 40
75 35 1 1
75 35 2 56
75 35 3 56
75 36 0 59
75 36 1 11
75 36 2 53
75 36 3 39
75 37 0 9
75 37 1 36
75 37 2 30
75 37 3 40
75 38 0 5
75 38 1 36
75 38 2 43
75 38 3 45
75 39 0 49
75 39 1 40
75 39 2 44
75 39 3 5
75 40 0 51
75 40 1 23
75 40 2 35
75 40 3 34
75 41 0 62
75 41 1 20
75 41 2 24
75 41 3 48
75 42 0 40
75 42 1 20
75 42 2 22
75 42 3 53
75 43 0 53
75 43 1 9
75 43 2 25
75 43 3 49
75 44 0 7
75 44 1 11
75 44 2 10
75 44 3 33
75 45 0 28
75 45 1 20
75 45 2 8
75 45 3 40
75 46 0 51
75 46 1 13
75 46 2 42
75 46 3 50
75 47 0 35
75 47 1 36
75 47 2 10
75 47 3 61
75 48 0 61
75 48 1 45
75 48 2 57
75 48 3 38
75 49 0 42
75 49 1 53
75 49 2 2
75 49 3 14
75 50 0 13
75 50 1 40
75 50 2 15
75 50 3 24
75 51 0 31
75 51 1 47
75 51 2 33
75 51 3 1
75 52 0 43
75 52 1 27
75 52 2 7
75 52 3 41
75 53 0 17
75 53 1 29
75 53 2 61
75 53 3 15
75 54 0 56
75 54 1 29
75 54 2 59
75 54 3 54
75 55 0 53
75 55 1 13
75 55 2 50
75 55 3 23
75 56 0 58
75 56 1 63
75 56 2 39
75 56 3 58
75 57 0 34
75 57 1 2
75 57 2 55
75 57 3 33
75 58 0 2
75 58 1 4
75 58 2 46
75 58 3 59
75 59 0 44
75 59 1 28
75 59 2 19
75 59 3 26
75 60 0 20
75 60 1 17
75 60 2 8
75 60 3 36
75 61 0 13
75 61 1 9
75 61 2 17
75 61 3 51
75 62 0 36
75 62 1 31
75 62 2 37
75 62 3 36
75 63 0 31
75 63 1 53
75 63 2 46
75 63 3 11
75 64 0 52
75 64 1 11
75 64 2 4
75 64 3 26
75 65 0 25
75 65 1 50
75 65 2 44
75 65 3 3
75 66 0 31
75 66 1 50
75 66 2 46
75 66 3 32
75 67 0 39
75 67 1 35
75 67 2 14
75 67 3 36
75 68 0 43
75 68 1 3
75 68 2 44
75 68 3 15
75 69 0 0
75 69 1 48
75 69 2 24
75 69 3 26
75 70 0 39
75 70 1 35
75 70 2 39
75 70 3 60
75 71 0 41
75 71 1 2
75 71 2 14
75 71 3 28
75 72 0 30
75 72 1 23
75 72 2 11
75 72 3 6
75 73 0 9
75 73 1 60
75 73 2 25
75 73 3 61
75 74 0 21
75 74 1 19
75 74 2 31
75 74 3 60
75 75 0 36
75 75 1 2
75 75 2 17
75 75 3 62
75 76 0 9
75 76 1 53
75 76 2 59
75 76 3 13
75 77 0 35
75 77 1 38
75 77 2 50
75 77 3 51
75 78 0 3
75 78 1 20
75 78 2 60
75 78 3 22
75 79 0 15
75 79 1 40
75 79 2 12
75 79 3 9
75 80 0 51
75 80 1 7
75 80 2 57
75 80 3 15
75 81 0 6
75 81 1 47
75 81 2 11
75 81 3 23
75 82 0 22
75 82 1 32
75 82 2 30
75 82 3 12
75 83 0 15
75 83 1 12
75 83 2 3
75 83 3 41
75 84 0 30
75 84 1 6
75 84 2 21
75 84 3 42
75 85 0 18
75 85 1 25
75 85 2 47
75 85 3 42
75 86 0 44
75 86 1 24
75 86 2 30
75 86 3 54
75 87 0 55
75 87 1 3
75 87 2 53
75 87 3 57
75 88 0 60
75 88 1 17
75 88 2 32
75 88 3 2
75 89 0 7
75 89 1 35
75 89 2 13
75 89 3 14
75 90 0 18
75 90 1 29
75 90 2 9
75 90 3 51
75 91 0 42
75 91 1 50
75 91 2 59
75 91 3 38
75 92 0 23
75 92 1 62
75 92 2 36
75 92 3 29
75 93 0 26
75 93 1 2
75 93 2 61
75 93 3 52
75 94 0 44
75 94 1 14
75 94 2 59
75 94 3 11
75 95 0 15
75 95 1 4
75 95 2 18
75 95 3 20
75 96 0 50
75 96 1 20
75 96 2 61
75 96 3 19
75 97 0 33
75 97 1 37
75 97 2 53
75 97 3 48
75 98 0 55
75 98 1 60
75 98 2 7
75 98 3 6
75 99 0 28
75 99 1 9
75 99 2 31
75 99 3 37
76 0 0 17
76 0 1 6
76 0 2 61
76 0 3 23
76 1 0 53
76 1 1 39
76 1 2 42
76 1 3 49
76 2 0 16
76 2 1 13
76 2 2 63
76 2 3 42
76 3 0 18
76 3 1 41
76 3 2 25
76 3 3 55
76 4 0 32
76 4 1 20
76 4 2 44
76 4 3 48
76 5 0 23
76 5 1 48
76 5 2 14
76 5 3 15
76 6 0 52
76 6 1 39
76 6 2 2
76 6 3 43
76 7 0 19
76 7 1 17
76 7 2 27
76 7 3 28
76 8 0 57
76 8 1 27
76 8 2 18
76 8 3 49
76 9 0 34
76 9 1 0
76 9 2 40
76 9 3 32
76 10 0 36
76 10 1 11
76 10 2 30
76 10 3 41
76 11 0 43
76 11 1 43
76 11 2 63
76 11 3 32
76 12 0 27
76 12 1 34
76 12 2 21
76 12 3 20
76 13 0 44
76 13 1 20
76 13 2 47
76 13 3 47
76 14 0 61
76 14 1 8
76 14 2 23
76 14 3 49
76 15 0 27
76 15 1 41
76 15 2 47
76 15 3 56
76 16 0 14
76 16 1 16
76 16 2 30
76 16 3 32
76 17 0 57
76 17 1 2
76 17 2 15
76 17 3 58
76 18 0 39
76 18 1 43
76 18 2 15
76 18 3 39
76 19 0 23
76 19 1 46
76 19 2 5
76 19 3 18
76 20 0 41
76 20 1 38
76 20 2 53
76 20 3 51
76 21 0 0
76 21 1 5
76 21 2 22
76 21 3 61
76 22 0 30
76 22 1 57
76 22 2 3
76 22 3 61
76 23 0 3
76 23 1 51
76 23 2 56
76 23 3 18
76 24 0 19
76 24 1 37
76 24 2 46
76 24 3 7
76 25 0 15
76 25 1 48
76 25 2 51
76 25 3 9
76 26 0 56
76 26 1 55
76 26 2 55
76 26 3 15
76 27 0 42
76 27 1 10
76 27 2 12
76 27 3 4
76 28 0 31
76 28 1 45
76 28 2 12
76 28 3 11
76 29 0 17
76 29 1 12
76 29 2 53
76 29 3 10
76 30 0 17
76 30 1 19
76 30 2 12
76 30 3 60
76 31 0 13
76 31 1 31
76 31 2 36
76 31 3 16
76 32 0 30
76 32 1 10
76 32 2 30
76 32 3 1
76 33 0 28
76 33 1 23
76 33 2 22
76 33 3 7
76 34 0 63
76 34 1 1
76 34 2 9
76 34 3 6
76 35 0 62
76 35 1 20
76 35 2 27
76 35 3 48
76 36 0 3
76 36 1 4
76 36 2 11
76 36 3 43
76 37 0 62
76 37 1 39
76 37 2 55
76 37 3 56
76 38 0 17
76 38 1 11
76 38 2 10
76 38 3 50
76 39 0 42
76 39 1 55
76 39 2 32
76 39 3 62
76 40 0 57
76 40 1 51
76 40 2 51
76 40 3 7
76 41 0 47
76 41 1 60
76 41 2 18
76 41 3 52
76 42 0 22
76 42 1 13
76 42 2 46
76 42 3 10
76 43 0 30
76 43 1 59
76 43 2 10
76 43 3 9
76 44 0 60
76 44 1 49
76 44 2 29
76 44 3 25
76 45 0 61
76 45 1 46
76 45 2 58
76 45 3 5
76 46 0 33
76 46 1 46
76 46 2 2
76 46 3 32
76 47 0 3
76 47 1 57
76 47 2 43
76 47 3 12
76 48 0 33
76 48 1 6
76 48 2 51
76 48 3 12
76 49 0 38
76 49 1 5
76 49 2 10
76 49 3 62
76 50 0 24
76 50 1 7
76 50 2 44
76 50 3 12
76 51 0 37
76 51 1 51
76 51 2 43
76 51 3 15
76 52 0 15
76 52 1 14
76 52 2 40
76 52 3 43
76 53 0 33
76 53 1 25
76 53 2 3
76 53 3 53
76 54 0 42
76 54 1 40
76 54 2 6
76 54 3 18
76 55 0 19
76 55 1 38
76 55 2 50
76 55 3 55
76 56 0 33
76 56 1 23
76 56 2 26
76 56 3 47
76 57 0 20
76 57 1 26
76 57 2 50
76 57 3 34
76 58 0 29
76 58 1 46
76 58 2 18
76 58 3 3
76 59 0 50
76 59 1 29
76 59 2 20
76 59 3 6
76 60 0 59
76 60 1 46
76 60 2 17
76 60 3 38
76 61 0 29
76 61 1 20
76 61 2 19
76 61 3 4
76 62 0 62
76 62 1 59
76 62 2 55
76 62 3 20
76 63 0 63
76 63 1 17
76 63 2 52
76 63 3 6
76 64 0 19
76 64 1 36
76 64 2 61
76 64 3 17
76 65 0 27
76 65 1 53
76 65 2 30
76 65 3 43
76 66 0 26
76 66 1 0
76 66 2 18
76 66 3 36
76 67 0 1
76 67 1 14
76 67 2 60
76 67 3 0
76 68 0 15
76 68 1 39
76 68 2 36
76 68 3 13
76 69 0 3
76 69 1 57
76 69 2 35
76 69 3 36
76 70 0 3
76 70 1 13
76 70 2 4
76 70 3 62
76 71 0 49
76 71 1 34
76 71 2 43
76 71 3 10
76 72 0 63
76 72 1 33
76 72 2 33
76 72 3 61
76 73 0 6
76 73 1 27
76 73 2 5
76 73 3 27
76 74 0 17
76 74 1 29
76 74 2 44
76 74 3 17
76 75 0 3
76 75 1 10
76 75 2 45
76 75 3 37
76 76 0 62
76 76 1 57
76 76 2 10
76 76 3 47
76 77 0 5
76 77 1 6
76 77 2 50
76 77 3 25
76 78 0 63
76 78 1 0
76 78 2 32
76 78 3 19
76 79 0 63
76 79 1 42
76 79 2 49
76 79 3 18
76 80 0 57
76 80 1 53
76 80 2 50
76 80 3 30
76 81 0 59
76 81 1 42
76 81 2 4
76 81 3 56
76 82 0 1
76 82 1 43
76 82 2 15
76 82 3 57
76 83 0 46
76 83 1 51
76 83 2 44
76 83 3 36
76 84 0 55
76 84 1 19
76 84 2 33
76 84 3 19
76 85 0 7
76 85 1 56
76 85 2 31
76 85 3 3
76 86 0 52
76 86 1 60
76 86 2 42
76 86 3 20
76 87 0 55
76 87 1 47
76 87 2 18
76 87 3 21
76 88 0 63
76 88 1 61
76 88 2 43
76 88 3 2
76 89 0 14
76 89 1 22
76 89 2 34
76 89 3 55
76 90 0 54
76 90 1 17
76 90 2 6
76 90 3 17
76 91 0 15
76 91 1 57
76 91 2 0
76 91 3 53
76 92 0 42
76 92 1 6
76 92 2 43
76 92 3 37
76 93 0 0
76 93 1 14
76 93 2 22
76 93 3 13
76 94 0 37
76 94 1 39
76 94 2 10
76 94 3 7
76 95 0 41
76 95 1 30
76 95 2 16
76 95 3 16
76 96 0 2
76 96 1 54
76 96 2 53
76 96 3 35
76 97 0 22
76 97 1 13
76 97 2 19
76 97 3 59
76 98 0 5
76 98 1 52
76 98 2 19
76 98 3 16
76 99 0 51
76 99 1 61
76 99 2 63
76 99 3 17
77 0 0 37
77 0 1 18
77 0 2 12
77 0 3 24
77 1 0 3
77 1 1 10
77 1 2 38
77 1 3 43
77 2 0 17
77 2 1 35
77 2 2 48
77 2 3 57
77 3 0 36
77 3 1 15
77 3 2 45
77 3 3 10
77 4 0 8
77 4 1 22
77 4 2 21
77 4 3 9
77 5 0 3
77 5 1 60
77 5 2 43
77 5 3 45
77 6 0 4
77 6 1 50
77 6 2 23
77 6 3 47
77 7 0 31
77 7 1 15
77 7 2 16
77 7 3 9
77 8 0 53
77 8 1 27
77 8 2 49
77 8 3 53
77 9 0 10
77 9 1 21
77 9 2 7
77 9 3 0
77 10 0 63
77 10 1 42
77 10 2 28
77 10 3 12
77 11 0 37
77 11 1 34
77 11 2 14
77 11 3 0
77 12 0 30
77 12 1 32
77 12 2 51
77 12 3 25
77 13 0 6
77 13 1 56
77 13 2 26
77 13 3 46
77 14 0 2
77 14 1 2
77 14 2 1
77 14 3 50
77 15 0 15
77 15 1 50
77 15 2 60
77 15 3 42
77 16 0 63
77 16 1 59
77 16 2 46
77 16 3 51
77 17 0 38
77 17 1 14
77 17 2 6
77 17 3 24
77 18 0 30
77 18 1 22
77 18 2 6
77 18 3 32
77 19 0 31
77 19 1 61
77 19 2 61
77 19 3 39
77 20 0 54
77 20 1 20
77 20 2 62
77 20 3 60
77 21 0 8
77 21 1 44
77 21 2 29
77 21 3 17
77 22 0 26
77 22 1 58
77 22 2 59
77 22 3 22
77 23 0 29
77 23 1 33
77 23 2 46
77 23 3 30
77 24 0 25
77 24 1 59
77 24 2 23
77 24 3 17
77 25 0 20
77 25 1 21
77 25 2 35
77 25 3 42
77 26 0 8
77 26 1 56
77 26 2 16
77 26 3 7
77 27 0 42
77 27 1 13
77 27 2 48
77 27 3 60
77 28 0 44
77 28 1 49
77 28 2 31
77 28 3 22
77 29 0 39
77 29 1 22
77 29 2 56
77 29 3 30
77 30 0 31
77 30 1 43
77 30 2 12
77 30 3 35
77 31 0 48
77 31 1 49
77 31 2 14
77 31 3 3
77 32 0 12
77 32 1 52
77 32 2 16
77 32 3 3
77 33 0 38
77 33 1 56
77 33 2 14
77 33 3 2
77 34 0 8
77 34 1 8
77 34 2 13
77 34 3 11
77 35 0 40
77 35 1 14
77 35 2 35
77 35 3 25
77 36 0 41
77 36 1 41
77 36 2 37
77 36 3 57
77 37 0 12
77 37 1 33
77 37 2 25
77 37 3 34
77 38 0 8
77 38 1 20
77 38 2 60
77 38 3 51
77 39 0 27
77 39 1 7
77 39 2 41
77 39 3 19
77 40 0 21
77 40 1 6
77 40 2 18
77 40 3 13
77 41 0 2
77 41 1 37
77 41 2 62
77 41 3 8
77 42 0 3
77 42 1 6
77 42 2 34
77 42 3 52
77 43 0 19
77 43 1 7
77 43 2 6
77 43 3 38
77 44 0 22
77 44 1 22
77 44 2 15
77 44 3 57
77 45 0 23
77 45 1 45
77 45 2 47
77 45 3 3
77 46 0 15
77 46 1 57
77 46 2 56
77 46 3 26
77 47 0 9
77 47 1 19
77 47 2 60
77 47 3 43
77 48 0 4
77 48 1 45
77 48 2 9
77 48 3 19
77 49 0 30
77 49 1 22
77 49 2 44
77 49 3 10
77 50 0 56
77 50 1 37
77 50 2 19
77 50 3 61
77 51 0 30
77 51 1 26
77 51 2 1
77 51 3 63
77 52 0 54
77 52 1 11
77 52 2 60
77 52 3 50
77 53 0 26
77 53 1 59
77 53 2 35
77 53 3 44
77 54 0 11
77 54 1 6
77 54 2 33
77 54 3 20
77 55 0 62
77 55 1 5
77 55 2 48
77 55 3 38
77 56 0 56
77 56 1 63
77 56 2 55
77 56 3 23
77 57 0 44
77 57 1 10
77 57 2 31
77 57 3 17
77 58 0 16
77 58 1 36
77 58 2 8
77 58 3 36
77 59 0 25
77 59 1 14
77 59 2 35
77 59 3 48
77 60 0 39
77 60 1 5
77 60 2 35
77 60 3 39
77 61 0 43
77 61 1 27
77 61 2 6
77 61 3 8
77 62 0 21
77 62 1 40
77 62 2 47
77 62 3 43
77 63 0 19
77 63 1 28
77 63 2 2
77 63 3 51
77 64 0 22
77 64 1 32
77 64 2 28
77 64 3 18
77 65 0 10
77 65 1 61
77 65 2 7
77 65 3 60
77 66 0 7
77 66 1 6
77 66 2 57
77 66 3 60
77 67 0 57
77 67 1 49
77 67 2 31
77 67 3 6
77 68 0 37
77 68 1 33
77 68 2 47
77 68 3 2
77 69 0 4
77 69 1 37
77 69 2 54
77 69 3 59
77 70 0 36
77 70 1 23
77 70 2 30
77 70 3 32
77 71 0 39
77 71 1 14
77 71 2 24
77 71 3 34
77 72 0 54
77 72 1 51
77 72 2 48
77 72 3 13
77 73 0 26
77 73 1 35
77 73 2 61
77 73 3 22
77 74 0 58
77 74 1 47
77 74 2 40
77 74 3 44
77 75 0 50
77 75 1 44
77 75 2 43
77 75 3 24
77 76 0 27
77 76 1 38
77 76 2 53
77 76 3 41
77 77 0 63
77 77 1 43
77 77 2 26
77 77 3 36
77 78 0 39
77 78 1 55
77 78 2 16
77 78 3 15
77 79 0 12
77 79 1 3
77 79 2 43
77 79 3 61
77 80 0 39
77 80 1 3
77 80 2 23
77 80 3 57
77 81 0 3
77 81 1 39
77 81 2 28
77 81 3 58
77 82 0 32
77 82 1 36
77 82 2 46
77 82 3 52
77 83 0 32
77 83 1 46
77 83 2 51
77 83 3 33
77 84 0 45
77 84 1 23
77 84 2 22
77 84 3 0
77 85 0 42
77 85 1 16
77 85 2 52
77 85 3 60
77 86 0 56
77 86 1 17
77 86 2 41
77 86 3 48
77 87 0 32
77 87 1 32
77 87 2 28
77 87 3 19
77 88 0 36
77 88 1 63
77 88 2 14
77 88 3 3
77 89 0 3
77 89 1 37
77 89 2 17
77 89 3 29
77 90 0 60
77 90 1 4
77 90 2 11
77 90 3 13
77 91 0 29
77 91 1 44
77 91 2 11
77 91 3 6
77 92 0 5
77 92 1 51
77 92 2 1
77 92 3 40
77 93 0 37
77 93 1 6
77 93 2 35
77 93 3 18
77 94 0 32
77 94 1 8
77 94 2 42
77 94 3 51
77 95 0 0
77 95 1 34
77 95 2 41
77 95 3 0
77 96 0 46
77 96 1 34
77 96 2 19
77 96 3 30
77 97 0 43
77 97 1 41
77 97 2 49
77 97 3 2
77 98 0 50
77 98 1 2
77 98 2 41
77 98 3 22
77 99 0 4
77 99 1 44
77 99 2 35
77 99 3 42
78 0 0 24
78 0 1 17
78 0 2 39
78 0 3 13
78 1 0 51
78 1 1 43
78 1 2 63
78 1 3 1
78 2 0 37
78 2 1 35
78 2 2 54
78 2 3 27
78 3 0 59
78 3 1 15
78 3 2 54
78 3 3 33
78 4 0 60
78 4 1 13
78 4 2 16
78 4 3 36
78 5 0 35
78 5 1 9
78 5 2 41
78 5 3 25
78 6 0 9
78 6 1 32
78 6 2 44
78 6 3 2
78 7 0 58
78 7 1 39
78 7 2 16
78 7 3 48
78 8 0 53
78 8 1 61
78 8 2 50
78 8 3 13
78 9 0 10
78 9 1 13
78 9 2 56
78 9 3 19
78 10 0 21
78 10 1 57
78 10 2 13
78 10 3 26
78 11 0 18
78 11 1 19
78 11 2 38
78 11 3 47
78 12 0 16
78 12 1 2
78 12 2 40
78 12 3 35
78 13 0 42
78 13 1 28
78 13 2 49
78 13 3 39
78 14 0 48
78 14 1 46
78 14 2 31
78 14 3 20
78 15 0 37
78 15 1 40
78 15 2 36
78 15 3 33
78 16 0 21
78 16 1 8
78 16 2 27
78 16 3 56
78 17 0 45
78 17 1 48
78 17 2 47
78 17 3 58
78 18 0 14
78 18 1 46
78 18 2 4
78 18 3 15
78 19 0 1
78 19 1 27
78 19 2 9
78 19 3 24
78 20 0 8
78 20 1 2
78 20 2 30
78 20 3 26
78 21 0 26
78 21 1 22
78 21 2 26
78 21 3 0
78 22 0 30
78 22 1 54
78 22 2 8
78 22 3 9
78 23 0 49
78 23 1 32
78 23 2 16
78 23 3 50
78 24 0 20
78 24 1 38
78 24 2 35
78 24 3 10
78 25 0 48
78 25 1 39
78 25 2 13
78 25 3 48
78 26 0 39
78 26 1 54
78 26 2 52
78 26 3 20
78 27 0 59
78 27 1 2
78 27 2 21
78 27 3 38
78 28 0 34
78 28 1 14
78 28 2 12
78 28 3 49
78 29 0 56
78 29 1 43
78 29 2 33
78 29 3 49
78 30 0 15
78 30 1 61
78 30 2 7
78 30 3 37
78 31 0 21
78 31 1 57
78 31 2 15
78 31 3 41
78 32 0 10
78 32 1 11
78 32 2 26
78 32 3 51
78 33 0 17
78 33 1 44
78 33 2 36
78 33 3 62
78 34 0 19
78 34 1 15
78 34 2 57
78 34 3 21
78 35 0 13
78 35 1 52
78 35 2 52
78 35 3 4
78 36 0 54
78 36 1 40
78 36 2 17
78 36 3 34
78 37 0 15
78 37 1 10
78 37 2 8
78 37 3 10
78 38 0 37
78 38 1 51
78 38 2 31
78 38 3 0
78 39 0 27
78 39 1 47
78 39 2 53
78 39 3 46
78 40 0 23
78 40 1 41
78 40 2 4
78 40 3 26
78 41 0 34
78 41 1 1
78 41 2 0
78 41 3 51
78 42 0 14
78 42 1 8
78 42 2 37
78 42 3 17
78 43 0 62
78 43 1 60
78 43 2 52
78 43 3 19
78 44 0 56
78 44 1 16
78 44 2 15
78 44 3 62
78 45 0 43
78 45 1 5
78 45 2 56
78 45 3 10
78 46 0 43
78 46 1 28
78 46 2 1
78 46 3 50
78 47 0 43
78 47 1 56
78 47 2 39
78 47 3 48
78 48 0 57
78 48 1 62
78 48 2 35
78 48 3 1
78 49 0 22
78 49 1 39
78 49 2 7
78 49 3 7
78 50 0 25
78 50 1 58
78 50 2 20
78 50 3 59
78 51 0 51
78 51 1 19
78 51 2 14
78 51 3 52
78 52 0 48
78 52 1 40
78 52 2 62
78 52 3 6
78 53 0 24
78 53 1 38
78 53 2 4
78 53 3 62
78 54 0 36
78 54 1 19
78 54 2 15
78 54 3 0
78 55 0 37
78 55 1 62
78 55 2 2
78 55 3 26
78 56 0 42
78 56 1 27
78 56 2 41
78 56 3 45
78 57 0 61
78 57 1 38
78 57 2 45
78 57 3 19
78 58 0 9
78 58 1 6
78 58 2 6
78 58 3 52
78 59 0 2
78 59 1 30
78 59 2 39
78 59 3 43
78 60 0 4
78 60 1 55
78 60 2 27
78 60 3 1
78 61 0 8
78 61 1 55
78 61 2 60
78 61 3 48
78 62 0 21
78 62 1 60
78 62 2 17
78 62 3 14
78 63 0 48
78 63 1 20
78 63 2 33
78 63 3 42
78 64 0 10
78 64 1 59
78 64 2 10
78 64 3 63
78 65 0 17
78 65 1 26
78 65 2 16
78 65 3 34
78 66 0 0
78 66 1 10
78 66 2 33
78 66 3 44
78 67 0 61
78 67 1 53
78 67 2 58
78 67 3 51
78 68 0 49
78 68 1 22
78 68 2 57
78 68 3 61
78 69 0 32
78 69 1 7
78 69 2 2
78 69 3 31
78 70 0 40
78 70 1 35
78 70 2 57
78 70 3 34
78 71 0 42
78 71 1 48
78 71 2 57
78 71 3 39
78 72 0 35
78 72 1 4
78 72 2 41
78 72 3 11
78 73 0 23
78 73 1 34
78 73 2 5
78 73 3 44
78 74 0 17
78 74 1 32
78 74 2 22
78 74 3 22
78 75 0 25
78 75 1 3
78 75 2 12
78 75 3 50
78 76 0 7
78 76 1 31
78 76 2 8
78 76 3 34
78 77 0 41
78 77 1 30
78 77 2 49
78 77 3 16
78 78 0 35
78 78 1 17
78 78 2 32
78 78 3 4
78 79 0 17
78 79 1 45
78 79 2 49
78 79 3 17
78 80 0 16
78 80 1 19
78 80 2 17
78 80 3 63
78 81 0 41
78 81 1 24
78 81 2 29
78 81 3 32
78 82 0 35
78 82 1 24
78 82 2 62
78 82 3 18
78 83 0 27
78 83 1 0
78 83 2 31
78 83 3 54
78 84 0 63
78 84 1 30
78 84 2 8
78 84 3 46
78 85 0 40
78 85 1 61
78 85 2 32
78 85 3 0
78 86 0 57
78 86 1 43
78 86 2 51
78 86 3 7
78 87 0 29
78 87 1 29
78 87 2 17
78 87 3 54
78 88 0 12
78 88 1 4
78 88 2 14
78 88 3 63
78 89 0 7
78 89 1 37
78 89 2 11
78 89 3 25
78 90 0 35
78 90 1 1
78 90 2 15
78 90 3 37
78 91 0 0
78 91 1 31
78 91 2 38
78 91 3 13
78 92 0 10
78 92 1 31
78 92 2 45
78 92 3 0
78 93 0 21
78 93 1 63
78 93 2 21
78 93 3 21
78 94 0 47
78 94 1 30
78 94 2 25
78 94 3 50
78 95 0 1
78 95 1 45
78 95 2 24
78 95 3 56
78 96 0 46
78 96 1 60
78 96 2 8
78 96 3 12
78 97 0 57
78 97 1 24
78 97 2 52
78 97 3 43
78 98 0 31
78 98 1 2
78 98 2 4
78 98 3 45
78 99 0 6
78 99 1 0
78 99 2 14
78 99 3 58
79 0 0 40
79 0 1 45
79 0 2 41
79 0 3 36
79 1 0 16
79 1 1 27
79 1 2 34
79 1 3 63
79 2 0 57
79 2 1 47
79 2 2 52
79 2 3 51
79 3 0 42
79 3 1 52
79 3 2 4
79 3 3 1
79 4 0 28
79 4 1 3
79 4 2 21
79 4 3 12
79 5 0 61
79 5 1 41
79 5 2 2
79 5 3 39
79 6 0 46
79 6 1 20
79 6 2 56
79 6 3 62
79 7 0 62
79 7 1 5
79 7 2 28
79 7 3 49
79 8 0 28
79 8 1 30
79 8 2 21
79 8 3 26
79 9 0 44
79 9 1 1
79 9 2 51
79 9 3 46
79 10 0 8
79 10 1 49
79 10 2 33
79 10 3 20
79 11 0 29
79 11 1 33
79 11 2 13
79 11 3 38
79 12 0 40
79 12 1 23
79 12 2 29
79 12 3 39
79 13 0 32
79 13 1 27
79 13 2 61
79 13 3 56
79 14 0 24
79 14 1 45
79 14 2 51
79 14 3 7
79 15 0 37
79 15 1 51
79 15 2 3
79 15 3 21
79 16 0 51
79 16 1 59
79 16 2 63
79 16 3 38
79 17 0 2
79 17 1 1
79 17 2 51
79 17 3 46
79 18 0 12
79 18 1 8
79 18 2 9
79 18 3 56
79 19 0 48
79 19 1 60
79 19 2 7
79 19 3 44
79 20 0 59
79 20 1 34
79 20 2 49
79 20 3 38
79 21 0 0
79 21 1 27
79 21 2 16
79 21 3 5
79 22 0 38
79 22 1 59
79 22 2 3
79 22 3 21
79 23 0 42
79 23 1 20
79 23 2 7
79 23 3 12
79 24 0 1
79 24 1 63
79 24 2 31
79 24 3 60
79 25 0 43
79 25 1 22
79 25 2 60
79 25 3 16
79 26 0 11
79 26 1 51
79 26 2 35
79 26 3 27
79 27 0 37
79 27 1 61
79 27 2 17
79 27 3 57
79 28 0 58
79 28 1 48
79 28 2 10
79 28 3 5
79 29 0 7
79 29 1 44
79 29 2 25
79 29 3 63
79 30 0 0
79 30 1 23
79 30 2 16
79 30 3 56
79 31 0 7
79 31 1 26
79 31 2 55
79 31 3 62
79 32 0 58
79 32 1 41
79 32 2 10
79 32 3 6
79 33 0 26
79 33 1 30
79 33 2 32
79 33 3 3
79 34 0 43
79 34 1 25
79 34 2 6
79 34 3 58
79 35 0 22
79 35 1 14
79 35 2 31
79 35 3 60
79 36 0 52
79 36 1 6
79 36 2 43
79 36 3 42
79 37 0 56
79 37 1 61
79 37 2 47
79 37 3 41
79 38 0 22
79 38 1 57
79 38 2 60
79 38 3 63
79 39 0 61
79 39 1 41
79 39 2 61
79 39 3 50
79 40 0 15
79 40 1 2
79 40 2 62
79 40 3 27
79 41 0 55
79 41 1 18
79 41 2 23
79 41 3 52
79 42 0 33
79 42 1 43
79 42 2 20
79 42 3 39
79 43 0 31
79 43 1 59
79 43 2 31
79 43 3 5
79 44 0 47
79 44 1 61
79 44 2 56
79 44 3 6
79 45 0 63
79 45 1 22
79 45 2 53
79 45 3 40
79 46 0 62
79 46 1 21
79 46 2 38
79 46 3 43
79 47 0 9
79 47 1 49
79 47 2 9
79 47 3 53
79 48 0 8
79 48 1 11
79 48 2 31
79 48 3 11
79 49 0 4
79 49 1 3
79 49 2 18
79 49 3 31
79 50 0 2
79 50 1 8
79 50 2 39
79 50 3 20
79 51 0 48
79 51 1 53
79 51 2 1
79 51 3 60
79 52 0 43
79 52 1 52
79 52 2 30
79 52 3 0
79 53 0 56
79 53 1 36
79 53 2 2
79 53 3 10
79 54 0 13
79 54 1 24
79 54 2 28
79 54 3 27
79 55 0 55
79 55 1 60
79 55 2 43
79 55 3 40
79 56 0 55
79 56 1 17
79 56 2 35
79 56 3 41
79 57 0 18
79 57 1 60
79 57 2 15
79 57 3 3
79 58 0 20
79 58 1 52
79 58 2 23
79 58 3 13
79 59 0 55
79 59 1 9
79 59 2 10
79 59 3 57
79 60 0 20
79 60 1 0
79 60 2 27
79 60 3 47
79 61 0 48
79 61 1 5
79 61 2 18
79 61 3 39
79 62 0 42
79 62 1 39
79 62 2 21
79 62 3 55
79 63 0 4
79 63 1 52
79 63 2 60
79 63 3 43
79 64 0 27
79 64 1 24
79 64 2 27
79 64 3 10
79 65 0 14
79 65 1 40
79 65 2 35
79 65 3 31
79 66 0 30
79 66 1 4
79 66 2 55
79 66 3 61
79 67 0 15
79 67 1 20
79 67 2 40
79 67 3 0
79 68 0 6
79 68 1 57
79 68 2 11
79 68 3 36
79 69 0 56
79 69 1 46
79 69 2 17
79 69 3 9
79 70 0 45
79 70 1 25
79 70 2 61
79 70 3 41
79 71 0 0
79 71 1 16
79 71 2 47
79 71 3 44
79 72 0 47
79 72 1 14
79 72 2 15
79 72 3 13
79 73 0 44
79 73 1 0
79 73 2 52
79 73 3 18
79 74 0 31
79 74 1 15
79 74 2 27
79 74 3 48
79 75 0 12
79 75 1 36
79 75 2 3
79 75 3 11
79 76 0 43
79 76 1 36
79 76 2 39
79 76 3 14
79 77 0 13
79 77 1 27
79 77 2 8
79 77 3 56
79 78 0 17
79 78 1 46
79 78 2 10
79 78 3 41
79 79 0 13
79 79 1 18
79 79 2 26
79 79 3 7
79 80 0 7
79 80 1 48
79 80 2 22
79 80 3 36
79 81 0 41
79 81 1 39
79 81 2 40
79 81 3 62
79 82 0 40
79 82 1 22
79 82 2 18
79 82 3 51
79 83 0 26
79 83 1 35
79 83 2 52
79 83 3 15
79 84 0 14
79 84 1 3
79 84 2 4
79 84 3 39
79 85 0 32
79 85 1 19
79 85 2 13
79 85 3 44
79 86 0 5
79 86 1 44
79 86 2 57
79 86 3 29
79 87 0 31
79 87 1 34
79 87 2 6
79 87 3 40
79 88 0 23
79 88 1 29
79 88 2 1
79 88 3 56
79 89 0 21
79 89 1 4
79 89 2 50
79 89 3 62
79 90 0 33
79 90 1 2
79 90 2 63
79 90 3 13
79 91 0 15
79 91 1 45
79 91 2 21
79 91 3 5
79 92 0 43
79 92 1 16
79 92 2 55
79 92 3 9
79 93 0 57
79 93 1 46
79 93 2 15
79 93 3 37
79 94 0 60
79 94 1 4
79 94 2 52
79 94 3 29
79 95 0 60
79 95 1 13
79 95 2 46
79 95 3 61
79 96 0 22
79 96 1 6
79 96 2 25
79 96 3 38
79 97 0 40
79 97 1 30
79 97 2 59
79 97 3 36
79 98 0 41
79 98 1 61
79 98 2 60
79 98 3 21
79 99 0 18
79 99 1 47
79 99 2 33
79 99 3 28
80 0 0 44
80 0 1 42
80 0 2 58
80 0 3 23
80 1 0 48
80 1 1 14
80 1 2 59
80 1 3 5
80 2 0 48
80 2 1 6
80 2 2 56
80 2 3 61
80 3 0 52
80 3 1 50
80 3 2 30
80 3 3 15
80 4 0 63
80 4 1 33
80 4 2 52
80 4 3 45
80 5 0 44
80 5 1 22
80 5 2 27
80 5 3 28
80 6 0 38
80 6 1 45
80 6 2 12
80 6 3 14
80 7 0 3
80 7 1 33
80 7 2 42
80 7 3 13
80 8 0 45
80 8 1 0
80 8 2 55
80 8 3 44
80 9 0 43
80 9 1 45
80 9 2 22
80 9 3 63
80 10 0 47
80 10 1 11
80 10 2 59
80 10 3 47
80 11 0 19
80 11 1 60
80 11 2 15
80 11 3 41
80 12 0 42
80 12 1 61
80 12 2 36
80 12 3 63
80 13 0 18
80 13 1 51
80 13 2 15
80 13 3 63
80 14 0 48
80 14 1 40
80 14 2 4
80 14 3 31
80 15 0 9
80 15 1 58
80 15 2 24
80 15 3 53
80 16 0 57
80 16 1 7
80 16 2 48
80 16 3 19
80 17 0 6
80 17 1 16
80 17 2 35
80 17 3 54
80 18 0 44
80 18 1 14
80 18 2 18
80 18 3 19
80 19 0 47
80 19 1 33
80 19 2 1
80 19 3 4
80 20 0 4
80 20 1 61
80 20 2 32
80 20 3 31
80 21 0 48
80 21 1 12
80 21 2 2
80 21 3 17
80 22 0 13
80 22 1 51
80 22 2 52
80 22 3 40
80 23 0 58
80 23 1 29
80 23 2 15
80 23 3 21
80 24 0 9
80 24 1 57
80 24 2 38
80 24 3 49
80 25 0 18
80 25 1 45
80 25 2 21
80 25 3 28
80 26 0 41
80 26 1 62
80 26 2 35
80 26 3 45
80 27 0 38
80 27 1 27
80 27 2 59
80 27 3 61
80 28 0 19
80 28 1 57
80 28 2 28
80 28 3 47
80 29 0 33
80 29 1 49
80 29 2 55
80 29 3 27
80 30 0 44
80 30 1 32
80 30 2 51
80 30 3 12
80 31 0 46
80 31 1 38
80 31 2 28
80 31 3 23
80 32 0 44
80 32 1 22
80 32 2 2
80 32 3 60
80 33 0 28
80 33 1 10
80 33 2 14
80 33 3 53
80 34 0 21
80 34 1 18
80 34 2 31
80 34 3 1
80 35 0 35
80 35 1 2
80 35 2 53
80 35 3 27
80 36 0 13
80 36 1 29
80 36 2 11
80 36 3 20
80 37 0 8
80 37 1 42
80 37 2 62
80 37 3 31
80 38 0 6
80 38 1 4
80 38 2 53
80 38 3 22
80 39 0 18
80 39 1 6
80 39 2 42
80 39 3 4
80 40 0 57
80 40 1 13
80 40 2 4
80 40 3 44
80 41 0 22
80 41 1 44
80 41 2 2
80 41 3 55
80 42 0 19
80 42 1 48
80 42 2 59
80 42 3 34
80 43 0 21
80 43 1 20
80 43 2 43
80 43 3 0
80 44 0 9
80 44 1 41
80 44 2 1
80 44 3 18
80 45 0 41
80 45 1 16
80 45 2 59
80 45 3 62
80 46 0 2
80 46 1 11
80 46 2 58
80 46 3 2
80 47 0 31
80 47 1 60
80 47 2 37
80 47 3 19
80 48 0 0
80 48 1 25
80 48 2 34
80 48 3 5
80 49 0 33
80 49 1 25
80 49 2 20
80 49 3 62
80 50 0 57
80 50 1 44
80 50 2 37
80 50 3 30
80 51 0 4
80 51 1 19
80 51 2 0
80 51 3 23
80 52 0 30
80 52 1 39
80 52 2 22
80 52 3 16
80 53 0 45
80 53 1 9
80 53 2 8
80 53 3 44
80 54 0 37
80 54 1 55
80 54 2 47
80 54 3 57
80 55 0 42
80 55 1 53
80 55 2 10
80 55 3 33
80 56 0 60
80 56 1 50
80 56 2 25
80 56 3 59
80 57 0 20
80 57 1 1
80 57 2 50
80 57 3 26
80 58 0 2
80 58 1 13
80 58 2 4
80 58 3 63
80 59 0 54
80 59 1 59
80 59 2 11
80 59 3 51
80 60 0 36
80 60 1 18
80 60 2 42
80 60 3 60
80 61 0 29
80 61 1 1
80 61 2 53
80 61 3 12
80 62 0 11
80 62 1 39
80 62 2 51
80 62 3 50
80 63 0 55
80 63 1 56
80 63 2 8
80 63 3 19
80 64 0 46
80 64 1 25
80 64 2 45
80 64 3 29
80 65 0 28
80 65 1 1
80 65 2 38
80 65 3 55
80 66 0 52
80 66 1 21
80 66 2 43
80 66 3 12
80 67 0 40
80 67 1 26
80 67 2 59
80 67 3 45
80 68 0 4
80 68 1 55
80 68 2 46
80 68 3 13
80 69 0 18
80 69 1 11
80 69 2 19
80 69 3 60
80 70 0 57
80 70 1 35
80 70 2 23
80 70 3 23
80 71 0 61
80 71 1 12
80 71 2 48
80 71 3 63
80 72 0 54
80 72 1 46
80 72 2 57
80 72 3 13
80 73 0 62
80 73 1 5
80 73 2 0
80 73 3 12
80 74 0 38
80 74 1 15
80 74 2 40
80 74 3 7
80 75 0 44
80 75 1 14
80 75 2 33
80 75 3 7
80 76 0 62
80 76 1 24
80 76 2 38
80 76 3 31
80 77 0 38
80 77 1 29
80 77 2 4
80 77 3 53
80 78 0 41
80 78 1 16
80 78 2 5
80 78 3 56
80 79 0 21
80 79 1 58
80 79 2 49
80 79 3 61
80 80 0 42
80 80 1 11
80 80 2 2
80 80 3 15
80 81 0 28
80 81 1 39
80 81 2 57
80 81 3 9
80 82 0 40
80 82 1 5
80 82 2 30
80 82 3 4
80 83 0 23
80 83 1 38
80 83 2 47
80 83 3 51
80 84 0 33
80 84 1 16
80 84 2 58
80 84 3 59
80 85 0 61
80 85 1 50
80 85 2 49
80 85 3 4
80 86 0 36
80 86 1 26
80 86 2 16
80 86 3 4
80 87 0 13
80 87 1 58
80 87 2 58
80 87 3 47
80 88 0 6
80 88 1 43
80 88 2 8
80 88 3 43
80 89 0 2
80 89 1 18
80 89 2 7
80 89 3 59
80 90 0 36
80 90 1 59
80 90 2 1
80 90 3 47
80 91 0 30
80 91 1 30
80 91 2 55
80 91 3 3
80 92 0 60
80 92 1 1
80 92 2 23
80 92 3 8
80 93 0 33
80 93 1 38
80 93 2 41
80 93 3 51
80 94 0 48
80 94 1 60
80 94 2 28
80 94 3 11
80 95 0 9
80 95 1 17
80 95 2 38
80 95 3 3
80 96 0 61
80 96 1 63
80 96 2 10
80 96 3 49
80 97 0 38
80 97 1 30
80 97 2 47
80 97 3 36
80 98 0 20
80 98 1 35
80 98 2 8
80 98 3 16
80 99 0 62
80 99 1 11
80 99 2 38
80 99 3 19
81 0 0 29
81 0 1 15
81 0 2 36
81 0 3 35
81 1 0 39
81 1 1 19
81 1 2 37
81 1 3 46
81 2 0 46
81 2 1 36
81 2 2 19
81 2 3 34
81 3 0 34
81 3 1 60
81 3 2 24
81 3 3 20
81 4 0 47
81 4 1 40
81 4 2 27
81 4 3 0
81 5 0 45
81 5 1 47
81 5 2 59
81 5 3 32
81 6 0 32
81 6 1 13
81 6 2 29
81 6 3 0
81 7 0 32
81 7 1 45
81 7 2 50
81 7 3 42
81 8 0 51
81 8 1 42
81 8 2 49
81 8 3 27
81 9 0 38
81 9 1 40
81 9 2 36
81 9 3 36
81 10 0 50
81 10 1 15
81 10 2 20
81 10 3 33
81 11 0 41
81 11 1 32
81 11 2 12
81 11 3 52
81 12 0 34
81 12 1 27
81 12 2 56
81 12 3 27
81 13 0 10
81 13 1 63
81 13 2 24
81 13 3 57
81 14 0 33
81 14 1 15
81 14 2 24
81 14 3 58
81 15 0 60
81 15 1 8
81 15 2 63
81 15 3 54
81 16 0 41
81 16 1 11
81 16 2 37
81 16 3 27
81 17 0 7
81 17 1 62
81 17 2 38
81 17 3 6
81 18 0 21
81 18 1 53
81 18 2 28
81 18 3 31
81 19 0 9
81 19 1 7
81 19 2 62
81 19 3 60
81 20 0 6
81 20 1 35
81 20 2 43
81 20 3 56
81 21 0 35
81 21 1 55
81 21 2 7
81 21 3 0
81 22 0 29
81 22 1 16
81 22 2 48
81 22 3 21
81 23 0 26
81 23 1 34
81 23 2 61
81 23 3 4
81 24 0 35
81 24 1 24
81 24 2 2
81 24 3 52
81 25 0 58
81 25 1 11
81 25 2 48
81 25 3 44
81 26 0 45
81 26 1 29
81 26 2 20
81 26 3 4
81 27 0 2
81 27 1 11
81 27 2 33
81 27 3 9
81 28 0 43
81 28 1 39
81 28 2 22
81 28 3 5
81 29 0 33
81 29 1 52
81 29 2 25
81 29 3 51
81 30 0 18
81 30 1 5
81 30 2 41
81 30 3 56
81 31 0 56
81 31 1 61
81 31 2 6
81 31 3 2
81 32 0 36
81 32 1 60
81 32 2 63
81 32 3 17
81 33 0 24
81 33 1 42
81 33 2 58
81 33 3 11
81 34 0 62
81 34 1 52
81 34 2 4
81 34 3 53
81 35 0 41
81 35 1 62
81 35 2 13
81 35 3 63
81 36 0 3
81 36 1 4
81 36 2 28
81 36 3 42
81 37 0 10
81 37 1 17
81 37 2 24
81 37 3 8
81 38 0 11
81 38 1 9
81 38 2 61
81 38 3 59
81 39 0 40
81 39 1 43
81 39 2 8
81 39 3 3
81 40 0 24
81 40 1 62
81 40 2 30
81 40 3 51
81 41 0 23
81 41 1 19
81 41 2 51
81 41 3 30
81 42 0 46
81 42 1 46
81 42 2 46
81 42 3 43
81 43 0 51
81 43 1 29
81 43 2 19
81 43 3 32
81 44 0 20
81 44 1 2
81 44 2 23
81 44 3 32
81 45 0 33
81 45 1 21
81 45 2 46
81 45 3 18
81 46 0 41
81 46 1 17
81 46 2 63
81 46 3 41
81 47 0 35
81 47 1 27
81 47 2 48
81 47 3 27
81 48 0 51
81 48 1 10
81 48 2 52
81 48 3 61
81 49 0 15
81 49 1 14
81 49 2 61
81 49 3 25
81 50 0 44
81 50 1 12
81 50 2 27
81 50 3 45
81 51 0 57
81 51 1 27
81 51 2 4
81 51 3 26
81 52 0 41
81 52 1 56
81 52 2 53
81 52 3 48
81 53 0 10
81 53 1 33
81 53 2 36
81 53 3 29
81 54 0 59
81 54 1 61
81 54 2 13
81 54 3 61
81 55 0 54
81 55 1 45
81 55 2 24
81 55 3 48
81 56 0 37
81 56 1 57
81 56 2 45
81 56 3 61
81 57 0 26
81 57 1 5
81 57 2 31
81 57 3 63
81 58 0 41
81 58 1 44
81 58 2 40
81 58 3 37
81 59 0 3
81 59 1 26
81 59 2 5
81 59 3 21
81 60 0 46
81 60 1 51
81 60 2 14
81 60 3 41
81 61 0 14
81 61 1 12
81 61 2 61
81 61 3 39
81 62 0 12
81 62 1 9
81 62 2 3
81 62 3 31
81 63 0 6
81 63 1 37
81 63 2 27
81 63 3 40
81 64 0 13
81 64 1 9
81 64 2 6
81 64 3 6
81 65 0 4
81 65 1 16
81 65 2 51
81 65 3 38
81 66 0 16
81 66 1 59
81 66 2 48
81 66 3 49
81 67 0 57
81 67 1 47
81 67 2 61
81 67 3 21
81 68 0 54
81 68 1 7
81 68 2 19
81 68 3 57
81 69 0 8
81 69 1 32
81 69 2 21
81 69 3 6
81 70 0 15
81 70 1 34
81 70 2 40
81 70 3 43
81 71 0 8
81 71 1 20
81 71 2 6
81 71 3 0
81 72 0 24
81 72 1 39
81 72 2 23
81 72 3 2
81 73 0 14
81 73 1 27
81 73 2 22
81 73 3 52
81 74 0 38
81 74 1 63
81 74 2 11
81 74 3 23
81 75 0 5
81 75 1 1
81 75 2 59
81 75 3 31
81 76 0 42
81 76 1 17
81 76 2 3
81 76 3 57
81 77 0 42
81 77 1 45
81 77 2 34
81 77 3 25
81 78 0 27
81 78 1 48
81 78 2 14
81 78 3 21
81 79 0 19
81 79 1 33
81 79 2 61
81 79 3 59
81 80 0 34
81 80 1 12
81 80 2 60
81 80 3 20
81 81 0 22
81 81 1 56
81 81 2 16
81 81 3 29
81 82 0 58
81 82 1 20
81 82 2 39
81 82 3 2
81 83 0 63
81 83 1 26
81 83 2 42
81 83 3 32
81 84 0 27
81 84 1 26
81 84 2 1
81 84 3 17
81 85 0 24
81 85 1 23
81 85 2 17
81 85 3 41
81 86 0 53
81 86 1 57
81 86 2 62
81 86 3 41
81 87 0 26
81 87 1 41
81 87 2 8
81 87 3 52
81 88 0 34
81 88 1 10
81 88 2 27
81 88 3 19
81 89 0 22
81 89 1 3
81 89 2 1
81 89 3 22
81 90 0 19
81 90 1 63
81 90 2 16
81 90 3 21
81 91 0 58
81 91 1 55
81 91 2 3
81 91 3 5
81 92 0 6
81 92 1 29
81 92 2 36
81 92 3 22
81 93 0 0
81 93 1 12
81 93 2 39
81 93 3 23
81 94 0 7
81 94 1 41
81 94 2 39
81 94 3 31
81 95 0 60
81 95 1 54
81 95 2 2
81 95 3 57
81 96 0 3
81 96 1 30
81 96 2 57
81 96 3 62
81 97 0 1
81 97 1 4
81 97 2 15
81 97 3 17
81 98 0 17
81 98 1 26
81 98 2 20
81 98 3 37
81 99 0 54
81 99 1 34
81 99 2 21
81 99 3 36
82 0 0 39
82 0 1 57
82 0 2 60
82 0 3 17
82 1 0 58
82 1 1 52
82 1 2 8
82 1 3 35
82 2 0 9
82 2 1 31
82 2 2 2
82 2 3 19
82 3 0 37
82 3 1 19
82 3 2 0
82 3 3 24
82 4 0 34
82 4 1 48
82 4 2 8
82 4 3 30
82 5 0 12
82 5 1 9
82 5 2 7
82 5 3 48
82 6 0 58
82 6 1 42
82 6 2 24
82 6 3 60
82 7 0 31
82 7 1 33
82 7 2 40
82 7 3 41
82 8 0 31
82 8 1 30
82 8 2 20
82 8 3 43
82 9 0 43
82 9 1 27
82 9 2 45
82 9 3 8
82 10 0 26
82 10 1 63
82 10 2 46
82 10 3 46
82 11 0 55
82 11 1 38
82 11 2 42
82 11 3 30
82 12 0 52
82 12 1 45
82 12 2 33
82 12 3 8
82 13 0 51
82 13 1 20
82 13 2 22
82 13 3 7
82 14 0 13
82 14 1 8
82 14 2 6
82 14 3 1
82 15 0 18
82 15 1 48
82 15 2 55
82 15 3 14
82 16 0 27
82 16 1 53
82 16 2 45
82 16 3 57
82 17 0 26
82 17 1 10
82 17 2 9
82 17 3 45
82 18 0 1
82 18 1 29
82 18 2 22
82 18 3 58
82 19 0 63
82 19 1 31
82 19 2 37
82 19 3 24
82 20 0 49
82 20 1 18
82 20 2 47
82 20 3 57
82 21 0 10
82 21 1 14
82 21 2 24
82 21 3 52
82 22 0 41
82 22 1 12
82 22 2 23
82 22 3 41
82 23 0 61
82 23 1 28
82 23 2 4
82 23 3 6
82 24 0 1
82 24 1 8
82 24 2 26
82 24 3 18
82 25 0 19
82 25 1 49
82 25 2 30
82 25 3 46
82 26 0 34
82 26 1 13
82 26 2 60
82 26 3 30
82 27 0 53
82 27 1 6
82 27 2 54
82 27 3 45
82 28 0 15
82 28 1 50
82 28 2 47
82 28 3 57
82 29 0 13
82 29 1 56
82 29 2 48
82 29 3 21
82 30 0 22
82 30 1 16
82 30 2 30
82 30 3 57
82 31 0 53
82 31 1 9
82 31 2 8
82 31 3 3
82 32 0 39
82 32 1 20
82 32 2 48
82 32 3 48
82 33 0 12
82 33 1 44
82 33 2 48
82 33 3 63
82 34 0 46
82 34 1 23
82 34 2 63
82 34 3 17
82 35 0 51
82 35 1 24
82 35 2 59
82 35 3 50
82 36 0 38
82 36 1 13
82 36 2 12
82 36 3 60
82 37 0 51
82 37 1 32
82 37 2 56
82 37 3 50
82 38 0 24
82 38 1 52
82 38 2 50
82 38 3 30
82 39 0 1
82 39 1 47
82 39 2 21
82 39 3 23
82 40 0 45
82 40 1 51
82 40 2 5
82 40 3 52
82 41 0 18
82 41 1 36
82 41 2 55
82 41 3 13
82 42 0 14
82 42 1 62
82 42 2 23
82 42 3 60
82 43 0 22
82 43 1 39
82 43 2 32
82 43 3 62
82 44 0 35
82 44 1 32
82 44 2 29
82 44 3 24
82 45 0 28
82 45 1 29
82 45 2 48
82 45 3 2
82 46 0 32
82 46 1 35
82 46 2 48
82 46 3 42
82 47 0 27
82 47 1 7
82 47 2 23
82 47 3 16
82 48 0 13
82 48 1 46
82 48 2 30
82 48 3 50
82 49 0 8
82 49 1 63
82 49 2 30
82 49 3 16
82 50 0 23
82 50 1 53
82 50 2 45
82 50 3 11
82 51 0 63
82 51 1 8
82 51 2 17
82 51 3 46
82 52 0 33
82 52 1 28
82 52 2 59
82 52 3 50
82 53 0 61
82 53 1 18
82 53 2 54
82 53 3 13
82 54 0 51
82 54 1 35
82 54 2 38
82 54 3 7
82 55 0 56
82 55 1 17
82 55 2 38
82 55 3 10
82 56 0 59
82 56 1 20
82 56 2 48
82 56 3 48
82 57 0 35
82 57 1 7
82 57 2 17
82 57 3 39
82 58 0 34
82 58 1 37
82 58 2 15
82 58 3 34
82 59 0 5
82 59 1 30
82 59 2 5
82 59 3 42
82 60 0 36
82 60 1 54
82 60 2 29
82 60 3 10
82 61 0 15
82 61 1 52
82 61 2 61
82 61 3 3
82 62 0 43
82 62 1 30
82 62 2 16
82 62 3 32
82 63 0 59
82 63 1 12
82 63 2 53
82 63 3 5
82 64 0 46
82 64 1 4
82 64 2 3
82 64 3 2
82 65 0 51
82 65 1 36
82 65 2 44
82 65 3 9
82 66 0 58
82 66 1 51
82 66 2 31
82 66 3 57
82 67 0 9
82 67 1 18
82 67 2 3
82 67 3 10
82 68 0 53
82 68 1 26
82 68 2 41
82 68 3 56
82 69 0 48
82 69 1 25
82 69 2 22
82 69 3 6
82 70 0 53
82 70 1 63
82 70 2 32
82 70 3 31
82 71 0 54
82 71 1 21
82 71 2 26
82 71 3 57
82 72 0 24
82 72 1 59
82 72 2 10
82 72 3 31
82 73 0 31
82 73 1 19
82 73 2 61
82 73 3 30
82 74 0 56
82 74 1 14
82 74 2 22
82 74 3 30
82 75 0 36
82 75 1 14
82 75 2 20
82 75 3 39
82 76 0 17
82 76 1 48
82 76 2 30
82 76 3 62
82 77 0 15
82 77 1 53
82 77 2 31
82 77 3 5
82 78 0 45
82 78 1 13
82 78 2 8
82 78 3 34
82 79 0 50
82 79 1 16
82 79 2 39
82 79 3 0
82 80 0 11
82 80 1 48
82 80 2 0
82 80 3 22
82 81 0 32
82 81 1 4
82 81 2 62
82 81 3 32
82 82 0 21
82 82 1 62
82 82 2 35
82 82 3 43
82 83 0 5
82 83 1 10
82 83 2 2
82 83 3 32
82 84 0 53
82 84 1 57
82 84 2 36
82 84 3 3
82 85 0 40
82 85 1 40
82 85 2 38
82 85 3 46
82 86 0 35
82 86 1 45
82 86 2 31
82 86 3 9
82 87 0 5
82 87 1 58
82 87 2 28
82 87 3 20
82 88 0 18
82 88 1 3
82 88 2 60
82 88 3 5
82 89 0 14
82 89 1 29
82 89 2 22
82 89 3 2
82 90 0 21
82 90 1 49
82 90 2 16
82 90 3 55
82 91 0 23
82 91 1 0
82 91 2 6
82 91 3 51
82 92 0 25
82 92 1 62
82 92 2 50
82 92 3 1
82 93 0 19
82 93 1 46
82 93 2 4
82 93 3 63
82 94 0 10
82 94 1 51
82 94 2 53
82 94 3 32
82 95 0 51
82 95 1 56
82 95 2 46
82 95 3 45
82 96 0 24
82 96 1 18
82 96 2 55
82 96 3 14
82 97 0 26
82 97 1 32
82 97 2 25
82 97 3 23
82 98 0 38
82 98 1 21
82 98 2 63
82 98 3 11
82 99 0 24
82 99 1 54
82 99 2 30
82 99 3 45
83 0 0 41
83 0 1 21
83 0 2 47
83 0 3 15
83 1 0 47
83 1 1 8
83 1 2 44
83 1 3 7
83 2 0 55
83 2 1 40
83 2 2 2
83 2 3 6
83 3 0 11
83 3 1 61
83 3 2 37
83 3 3 17
83 4 0 17
83 4 1 1
83 4 2 13
83 4 3 54
83 5 0 38
83 5 1 23
83 5 2 1
83 5 3 21
83 6 0 24
83 6 1 7
83 6 2 38
83 6 3 42
83 7 0 63
83 7 1 22
83 7 2 17
83 7 3 52
83 8 0 22
83 8 1 40
83 8 2 47
83 8 3 56
83 9 0 20
83 9 1 39
83 9 2 8
83 9 3 49
83 10 0 2
83 10 1 44
83 10 2 13
83 10 3 29
83 11 0 4
83 11 1 44
83 11 2 30
83 11 3 42
83 12 0 22
83 12 1 0
83 12 2 37
83 12 3 44
83 13 0 42
83 13 1 16
83 13 2 45
83 13 3 34
83 14 0 13
83 14 1 7
83 14 2 20
83 14 3 1
83 15 0 45
83 15 1 0
83 15 2 3
83 15 3 10
83 16 0 20
83 16 1 1
83 16 2 40
83 16 3 8
83 17 0 51
83 17 1 35
83 17 2 5
83 17 3 25
83 18 0 8
83 18 1 62
83 18 2 37
83 18 3 51
83 19 0 23
83 19 1 9
83 19 2 15
83 19 3 26
83 20 0 49
83 20 1 27
83 20 2 59
83 20 3 23
83 21 0 14
83 21 1 31
83 21 2 7
83 21 3 42
83 22 0 6
83 22 1 41
83 22 2 24
83 22 3 22
83 23 0 39
83 23 1 45
83 23 2 59
83 23 3 18
83 24 0 51
83 24 1 53
83 24 2 63
83 24 3 61
83 25 0 50
83 25 1 18
83 25 2 44
83 25 3 50
83 26 0 18
83 26 1 52
83 26 2 44
83 26 3 31
83 27 0 55
83 27 1 5
83 27 2 43
83 27 3 50
83 28 0 2
83 28 1 26
83 28 2 33
83 28 3 13
83 29 0 56
83 29 1 40
83 29 2 17
83 29 3 27
83 30 0 7
83 30 1 5
83 30 2 47
83 30 3 62
83 31 0 17
83 31 1 15
83 31 2 43
83 31 3 32
83 32 0 8
83 32 1 42
83 32 2 13
83 32 3 7
83 33 0 29
83 33 1 47
83 33 2 33
83 33 3 41
83 34 0 15
83 34 1 31
83 34 2 45
83 34 3 33
83 35 0 15
83 35 1 61
83 35 2 4
83 35 3 58
83 36 0 46
83 36 1 7
83 36 2 16
83 36 3 23
83 37 0 61
83 37 1 33
83 37 2 16
83 37 3 58
83 38 0 7
83 38 1 52
83 38 2 53
83 38 3 24
83 39 0 2
83 39 1 56
83 39 2 61
83 39 3 24
83 40 0 11
83 40 1 17
83 40 2 8
83 40 3 39
83 41 0 33
83 41 1 22
83 41 2 41
83 41 3 39
83 42 0 0
83 42 1 26
83 42 2 55
83 42 3 50
83 43 0 54
83 43 1 61
83 43 2 3
83 43 3 17
83 44 0 29
83 44 1 32
83 44 2 50
83 44 3 46
83 45 0 45
83 45 1 10
83 45 2 43
83 45 3 50
83 46 0 48
83 46 1 37
83 46 2 5
83 46 3 9
83 47 0 47
83 47 1 55
83 47 2 52
83 47 3 27
83 48 0 37
83 48 1 11
83 48 2 37
83 48 3 12
83 49 0 50
83 49 1 50
83 49 2 3
83 49 3 59
83 50 0 50
83 50 1 24
83 50 2 28
83 50 3 5
83 51 0 59
83 51 1 6
83 51 2 59
83 51 3 41
83 52 0 58
83 52 1 23
83 52 2 57
83 52 3 27
83 53 0 22
83 53 1 21
83 53 2 60
83 53 3 29
83 54 0 30
83 54 1 41
83 54 2 35
83 54 3 34
83 55 0 24
83 55 1 10
83 55 2 63
83 55 3 31
83 56 0 62
83 56 1 29
83 56 2 38
83 56 3 34
83 57 0 61
83 57 1 7
83 57 2 33
83 57 3 9
83 58 0 55
83 58 1 33
83 58 2 59
83 58 3 17
83 59 0 10
83 59 1 40
83 59 2 9
83 59 3 23
83 60 0 20
83 60 1 14
83 60 2 8
83 60 3 42
83 61 0 48
83 61 1 25
83 61 2 17
83 61 3 10
83 62 0 43
83 62 1 51
83 62 2 35
83 62 3 27
83 63 0 41
83 63 1 58
83 63 2 63
83 63 3 12
83 64 0 30
83 64 1 56
83 64 2 40
83 64 3 52
83 65 0 63
83 65 1 6
83 65 2 39
83 65 3 34
83 66 0 18
83 66 1 41
83 66 2 6
83 66 3 31
83 67 0 26
83 67 1 24
83 67 2 39
83 67 3 60
83 68 0 60
83 68 1 44
83 68 2 21
83 68 3 61
83 69 0 63
83 69 1 54
83 69 2 55
83 69 3 52
83 70 0 48
83 70 1 46
83 70 2 40
83 70 3 41
83 71 0 24
83 71 1 56
83 71 2 40
83 71 3 39
83 72 0 47
83 72 1 4
83 72 2 58
83 72 3 37
83 73 0 60
83 73 1 6
83 73 2 14
83 73 3 60
83 74 0 44
83 74 1 41
83 74 2 25
83 74 3 35
83 75 0 34
83 75 1 12
83 75 2 36
83 75 3 33
83 76 0 20
83 76 1 21
83 76 2 49
83 76 3 43
83 77 0 30
83 77 1 38
83 77 2 15
83 77 3 31
83 78 0 35
83 78 1 16
83 78 2 10
83 78 3 33
83 79 0 60
83 79 1 29
83 79 2 57
83 79 3 54
83 80 0 47
83 80 1 57
83 80 2 26
83 80 3 48
83 81 0 9
83 81 1 20
83 81 2 36
83 81 3 2
83 82 0 48
83 82 1 59
83 82 2 6
83 82 3 63
83 83 0 5
83 83 1 8
83 83 2 48
83 83 3 43
83 84 0 59
83 84 1 27
83 84 2 36
83 84 3 9
83 85 0 44
83 85 1 63
83 85 2 38
83 85 3 59
83 86 0 25
83 86 1 62
83 86 2 34
83 86 3 9
83 87 0 23
83 87 1 31
83 87 2 4
83 87 3 57
83 88 0 15
83 88 1 43
83 88 2 58
83 88 3 27
83 89 0 38
83 89 1 33
83 89 2 48
83 89 3 2
83 90 0 23
83 90 1 39
83 90 2 5
83 90 3 55
83 91 0 40
83 91 1 0
83 91 2 0
83 91 3 10
83 92 0 42
83 92 1 33
83 92 2 30
83 92 3 35
83 93 0 31
83 93 1 21
83 93 2 0
83 93 3 1
83 94 0 44
83 94 1 47
83 94 2 15
83 94 3 15
83 95 0 26
83 95 1 41
83 95 2 37
83 95 3 35
83 96 0 2
83 96 1 27
83 96 2 48
83 96 3 37
83 97 0 51
83 97 1 44
83 97 2 57
83 97 3 36
83 98 0 36
83 98 1 35
83 98 2 16
83 98 3 27
83 99 0 10
83 99 1 27
83 99 2 9
83 99 3 31
84 0 0 61
84 0 1 28
84 0 2 47
84 0 3 28
84 1 0 57
84 1 1 13
84 1 2 53
84 1 3 46
84 2 0 56
84 2 1 8
84 2 2 57
84 2 3 58
84 3 0 18
84 3 1 39
84 3 2 37
84 3 3 3
84 4 0 33
84 4 1 42
84 4 2 13
84 4 3 23
84 5 0 37
84 5 1 59
84 5 2 3
84 5 3 59
84 6 0 52
84 6 1 54
84 6 2 3
84 6 3 36
84 7 0 23
84 7 1 58
84 7 2 47
84 7 3 41
84 8 0 1
84 8 1 56
84 8 2 31
84 8 3 10
84 9 0 55
84 9 1 57
84 9 2 31
84 9 3 42
84 10 0 39
84 10 1 19
84 10 2 47
84 10 3 63
84 11 0 59
84 11 1 43
84 11 2 23
84 11 3 58
84 12 0 59
84 12 1 0
84 12 2 21
84 12 3 35
84 13 0 36
84 13 1 45
84 13 2 32
84 13 3 0
84 14 0 10
84 14 1 48
84 14 2 44
84 14 3 41
84 15 0 28
84 15 1 17
84 15 2 19
84 15 3 44
84 16 0 32
84 16 1 8
84 16 2 25
84 16 3 52
84 17 0 38
84 17 1 55
84 17 2 32
84 17 3 31
84 18 0 60
84 18 1 32
84 18 2 8
84 18 3 25
84 19 0 41
84 19 1 22
84 19 2 26
84 19 3 55
84 20 0 27
84 20 1 19
84 20 2 6
84 20 3 25
84 21 0 49
84 21 1 19
84 21 2 30
84 21 3 42
84 22 0 59
84 22 1 52
84 22 2 18
84 22 3 10
84 23 0 42
84 23 1 16
84 23 2 25
84 23 3 6
84 24 0 49
84 24 1 10
84 24 2 24
84 24 3 26
84 25 0 2
84 25 1 49
84 25 2 39
84 25 3 34
84 26 0 11
84 26 1 3
84 26 2 3
84 26 3 40
84 27 0 47
84 27 1 50
84 27 2 51
84 27 3 25
84 28 0 0
84 28 1 15
84 28 2 50
84 28 3 48
84 29 0 32
84 29 1 1
84 29 2 49
84 29 3 52
84 30 0 14
84 30 1 51
84 30 2 40
84 30 3 56
84 31 0 40
84 31 1 5
84 31 2 41
84 31 3 6
84 32 0 16
84 32 1 55
84 32 2 61
84 32 3 30
84 33 0 18
84 33 1 25
84 33 2 15
84 33 3 36
84 34 0 26
84 34 1 3
84 34 2 39
84 34 3 41
84 35 0 42
84 35 1 60
84 35 2 45
84 35 3 43
84 36 0 13
84 36 1 29
84 36 2 27
84 36 3 61
84 37 0 30
84 37 1 44
84 37 2 34
84 37 3 3
84 38 0 59
84 38 1 42
84 38 2 14
84 38 3 3
84 39 0 59
84 39 1 19
84 39 2 1
84 39 3 39
84 40 0 1
84 40 1 13
84 40 2 57
84 40 3 2
84 41 0 48
84 41 1 39
84 41 2 19
84 41 3 18
84 42 0 30
84 42 1 34
84 42 2 56
84 42 3 16
84 43 0 37
84 43 1 43
84 43 2 0
84 43 3 57
84 44 0 63
84 44 1 5
84 44 2 16
84 44 3 50
84 45 0 51
84 45 1 9
84 45 2 58
84 45 3 21
84 46 0 18
84 46 1 22
84 46 2 42
84 46 3 13
84 47 0 34
84 47 1 4
84 47 2 9
84 47 3 49
84 48 0 24
84 48 1 50
84 48 2 47
84 48 3 63
84 49 0 8
84 49 1 59
84 49 2 57
84 49 3 27
84 50 0 8
84 50 1 8
84 50 2 32
84 50 3 0
84 51 0 6
84 51 1 34
84 51 2 36
84 51 3 55
84 52 0 62
84 52 1 17
84 52 2 21
84 52 3 12
84 53 0 14
84 53 1 28
84 53 2 63
84 53 3 57
84 54 0 58
84 54 1 28
84 54 2 42
84 54 3 46
84 55 0 15
84 55 1 29
84 55 2 35
84 55 3 23
84 56 0 30
84 56 1 28
84 56 2 3
84 56 3 49
84 57 0 57
84 57 1 48
84 57 2 59
84 57 3 27
84 58 0 3
84 58 1 17
84 58 2 54
84 58 3 8
84 59 0 35
84 59 1 0
84 59 2 20
84 59 3 7
84 60 0 7
84 60 1 10
84 60 2 34
84 60 3 44
84 61 0 18
84 61 1 52
84 61 2 25
84 61 3 47
84 62 0 33
84 62 1 46
84 62 2 62
84 62 3 63
84 63 0 37
84 63 1 61
84 63 2 44
84 63 3 17
84 64 0 59
84 64 1 9
84 64 2 29
84 64 3 9
84 65 0 50
84 65 1 57
84 65 2 52
84 65 3 6
84 66 0 17
84 66 1 21
84 66 2 7
84 66 3 33
84 67 0 2
84 67 1 39
84 67 2 36
84 67 3 38
84 68 0 58
84 68 1 50
84 68 2 16
84 68 3 36
84 69 0 51
84 69 1 54
84 69 2 41
84 69 3 5
84 70 0 27
84 70 1 54
84 70 2 4
84 70 3 37
84 71 0 34
84 71 1 14
84 71 2 22
84 71 3 62
84 72 0 38
84 72 1 60
84 72 2 30
84 72 3 54
84 73 0 39
84 73 1 58
84 73 2 20
84 73 3 24
84 74 0 2
84 74 1 14
84 74 2 8
84 74 3 11
84 75 0 19
84 75 1 55
84 75 2 24
84 75 3 52
84 76 0 52
84 76 1 62
84 76 2 32
84 76 3 54
84 77 0 26
84 77 1 40
84 77 2 51
84 77 3 9
84 78 0 3
84 78 1 10
84 78 2 46
84 78 3 30
84 79 0 17
84 79 1 49
84 79 2 0
84 79 3 11
84 80 0 30
84 80 1 58
84 80 2 47
84 80 3 43
84 81 0 45
84 81 1 19
84 81 2 28
84 81 3 56
84 82 0 46
84 82 1 38
84 82 2 5
84 82 3 46
84 83 0 23
84 83 1 24
84 83 2 43
84 83 3 25
84 84 0 36
84 84 1 0
84 84 2 11
84 84 3 34
84 85 0 61
84 85 1 48
84 85 2 26
84 85 3 62
84 86 0 17
84 86 1 57
84 86 2 25
84 86 3 5
84 87 0 0
84 87 1 62
84 87 2 41
84 87 3 9
84 88 0 63
84 88 1 2
84 88 2 21
84 88 3 47
84 89 0 3
84 89 1 57
84 89 2 43
84 89 3 60
84 90 0 53
84 90 1 52
84 90 2 14
84 90 3 13
84 91 0 15
84 91 1 9
84 91 2 42
84 91 3 3
84 92 0 27
84 92 1 37
84 92 2 34
84 92 3 31
84 93 0 14
84 93 1 6
84 93 2 63
84 93 3 29
84 94 0 38
84 94 1 36
84 94 2 23
84 94 3 46
84 95 0 24
84 95 1 26
84 95 2 51
84 95 3 20
84 96 0 44
84 96 1 42
84 96 2 1
84 96 3 43
84 97 0 51
84 97 1 17
84 97 2 58
84 97 3 1
84 98 0 11
84 98 1 60
84 98 2 54
84 98 3 48
84 99 0 38
84 99 1 12
84 99 2 31
84 99 3 36
85 0 0 5
85 0 1 38
85 0 2 5
85 0 3 8
85 1 0 10
85 1 1 12
85 1 2 5
85 1 3 61
85 2 0 51
85 2 1 32
85 2 2 23
85 2 3 12
85 3 0 60
85 3 1 51
85 3 2 48
85 3 3 30
85 4 0 1
85 4 1 40
85 4 2 31
85 4 3 19
85 5 0 20
85 5 1 3
85 5 2 55
85 5 3 10
85 6 0 52
85 6 1 62
85 6 2 2
85 6 3 39
85 7 0 4
85 7 1 53
85 7 2 32
85 7 3 1
85 8 0 49
85 8 1 48
85 8 2 59
85 8 3 31
85 9 0 59
85 9 1 42
85 9 2 33
85 9 3 22
85 10 0 18
85 10 1 39
85 10 2 47
85 10 3 2
85 11 0 26
85 11 1 2
85 11 2 25
85 11 3 51
85 12 0 44
85 12 1 7
85 12 2 45
85 12 3 0
85 13 0 0
85 13 1 58
85 13 2 2
85 13 3 16
85 14 0 8
85 14 1 37
85 14 2 33
85 14 3 53
85 15 0 63
85 15 1 47
85 15 2 29
85 15 3 2
85 16 0 59
85 16 1 35
85 16 2 13
85 16 3 34
85 17 0 25
85 17 1 22
85 17 2 29
85 17 3 48
85 18 0 10
85 18 1 61
85 18 2 3
85 18 3 9
85 19 0 43
85 19 1 9
85 19 2 49
85 19 3 47
85 20 0 27
85 20 1 29
85 20 2 63
85 20 3 50
85 21 0 40
85 21 1 9
85 21 2 37
85 21 3 2
85 22 0 16
85 22 1 44
85 22 2 26
85 22 3 63
85 23 0 60
85 23 1 6
85 23 2 56
85 23 3 55
85 24 0 6
85 24 1 24
85 24 2 60
85 24 3 1
85 25 0 3
85 25 1 32
85 25 2 60
85 25 3 17
85 26 0 49
85 26 1 44
85 26 2 9
85 26 3 18
85 27 0 39
85 27 1 30
85 27 2 15
85 27 3 12
85 28 0 35
85 28 1 52
85 28 2 26
85 28 3 59
85 29 0 42
85 29 1 25
85 29 2 45
85 29 3 28
85 30 0 48
85 30 1 62
85 30 2 50
85 30 3 9
85 31 0 4
85 31 1 51
85 31 2 54
85 31 3 36
85 32 0 15
85 32 1 56
85 32 2 28
85 32 3 18
85 33 0 23
85 33 1 18
85 33 2 18
85 33 3 20
85 34 0 43
85 34 1 1
85 34 2 23
85 34 3 10
85 35 0 41
85 35 1 63
85 35 2 50
85 35 3 15
85 36 0 32
85 36 1 1
85 36 2 26
85 36 3 17
85 37 0 32
85 37 1 26
85 37 2 43
85 37 3 35
85 38 0 60
85 38 1 4
85 38 2 60
85 38 3 50
85 39 0 45
85 39 1 52
85 39 2 3
85 39 3 13
85 40 0 0
85 40 1 51
85 40 2 22
85 40 3 23
85 41 0 39
85 41 1 27
85 41 2 40
85 41 3 59
85 42 0 21
85 42 1 57
85 42 2 34
85 42 3 24
85 43 0 58
85 43 1 31
85 43 2 8
85 43 3 18
85 44 0 54
85 44 1 32
85 44 2 35
85 44 3 43
85 45 0 12
85 45 1 5
85 45 2 28
85 45 3 58
85 46 0 8
85 46 1 46
85 46 2 62
85 46 3 6
85 47 0 8
85 47 1 55
85 47 2 6
85 47 3 47
85 48 0 51
85 48 1 20
85 48 2 18
85 48 3 33
85 49 0 32
85 49 1 55
85 49 2 37
85 49 3 61
85 50 0 15
85 50 1 17
85 50 2 15
85 50 3 41
85 51 0 2
85 51 1 55
85 51 2 49
85 51 3 63
85 52 0 61
85 52 1 4
85 52 2 47
85 52 3 32
85 53 0 47
85 53 1 55
85 53 2 37
85 53 3 0
85 54 0 55
85 54 1 27
85 54 2 29
85 54 3 37
85 55 0 58
85 55 1 33
85 55 2 13
85 55 3 46
85 56 0 40
85 56 1 4
85 56 2 34
85 56 3 50
85 57 0 56
85 57 1 18
85 57 2 33
85 57 3 52
85 58 0 37
85 58 1 26
85 58 2 11
85 58 3 2
85 59 0 44
85 59 1 61
85 59 2 38
85 59 3 49
85 60 0 43
85 60 1 22
85 60 2 33
85 60 3 17
85 61 0 14
85 61 1 37
85 61 2 41
85 61 3 63
85 62 0 15
85 62 1 18
85 62 2 10
85 62 3 60
85 63 0 50
85 63 1 21
85 63 2 62
85 63 3 45
85 64 0 30
85 64 1 24
85 64 2 36
85 64 3 5
85 65 0 11
85 65 1 59
85 65 2 13
85 65 3 10
85 66 0 55
85 66 1 60
85 66 2 52
85 66 3 6
85 67 0 53
85 67 1 17
85 67 2 0
85 67 3 58
85 68 0 17
85 68 1 42
85 68 2 4
85 68 3 12
85 69 0 56
85 69 1 37
85 69 2 63
85 69 3 11
85 70 0 57
85 70 1 55
85 70 2 59
85 70 3 3
85 71 0 6
85 71 1 33
85 71 2 7
85 71 3 4
85 72 0 51
85 72 1 44
85 72 2 54
85 72 3 59
85 73 0 9
85 73 1 53
85 73 2 2
85 73 3 23
85 74 0 19
85 74 1 15
85 74 2 45
85 74 3 7
85 75 0 51
85 75 1 55
85 75 2 42
85 75 3 5
85 76 0 38
85 76 1 40
85 76 2 23
85 76 3 23
85 77 0 30
85 77 1 63
85 77 2 0
85 77 3 32
85 78 0 20
85 78 1 35
85 78 2 0
85 78 3 58
85 79 0 29
85 79 1 62
85 79 2 9
85 79 3 37
85 80 0 43
85 80 1 50
85 80 2 0
85 80 3 40
85 81 0 9
85 81 1 27
85 81 2 3
85 81 3 3
85 82 0 49
85 82 1 45
85 82 2 57
85 82 3 44
85 83 0 38
85 83 1 7
85 83 2 48
85 83 3 14
85 84 0 6
85 84 1 46
85 84 2 37
85 84 3 9
85 85 0 35
85 85 1 44
85 85 2 31
85 85 3 45
85 86 0 32
85 86 1 22
85 86 2 14
85 86 3 16
85 87 0 51
85 87 1 23
85 87 2 45
85 87 3 22
85 88 0 33
85 88 1 38
85 88 2 30
85 88 3 47
85 89 0 59
85 89 1 55
85 89 2 58
85 89 3 1
85 90 0 48
85 90 1 46
85 90 2 26
85 90 3 20
85 91 0 3
85 91 1 53
85 91 2 53
85 91 3 4
85 92 0 37
85 92 1 35
85 92 2 11
85 92 3 35
85 93 0 51
85 93 1 20
85 93 2 46
85 93 3 62
85 94 0 29
85 94 1 6
85 94 2 19
85 94 3 8
85 95 0 22
85 95 1 41
85 95 2 12
85 95 3 32
85 96 0 63
85 96 1 16
85 96 2 56
85 96 3 19
85 97 0 39
85 97 1 10
85 97 2 17
85 97 3 55
85 98 0 37
85 98 1 36
85 98 2 32
85 98 3 15
85 99 0 59
85 99 1 25
85 99 2 0
85 99 3 58
86 0 0 2
86 0 1 56
86 0 2 17
86 0 3 4
86 1 0 14
86 1 1 41
86 1 2 34
86 1 3 9
86 2 0 19
86 2 1 13
86 2 2 41
86 2 3 55
86 3 0 16
86 3 1 57
86 3 2 26
86 3 3 5
86 4 0 20
86 4 1 55
86 4 2 51
86 4 3 46
86 5 0 25
86 5 1 49
86 5 2 45
86 5 3 50
86 6 0 35
86 6 1 32
86 6 2 61
86 6 3 60
86 7 0 34
86 7 1 12
86 7 2 26
86 7 3 32
86 8 0 43
86 8 1 20
86 8 2 2
86 8 3 52
86 9 0 60
86 9 1 5
86 9 2 20
86 9 3 27
86 10 0 48
86 10 1 49
86 10 2 21
86 10 3 19
86 11 0 25
86 11 1 15
86 11 2 27
86 11 3 16
86 12 0 3
86 12 1 45
86 12 2 50
86 12 3 18
86 13 0 25
86 13 1 25
86 13 2 1
86 13 3 34
86 14 0 29
86 14 1 60
86 14 2 23
86 14 3 50
86 15 0 24
86 15 1 11
86 15 2 22
86 15 3 56
86 16 0 16
86 16 1 54
86 16 2 42
86 16 3 47
86 17 0 48
86 17 1 33
86 17 2 38
86 17 3 4
86 18 0 44
86 18 1 45
86 18 2 6
86 18 3 33
86 19 0 32
86 19 1 19
86 19 2 4
86 19 3 0
86 20 0 13
86 20 1 14
86 20 2 13
86 20 3 38
86 21 0 26
86 21 1 7
86 21 2 5
86 21 3 41
86 22 0 59
86 22 1 52
86 22 2 48
86 22 3 20
86 23 0 45
86 23 1 5
86 23 2 10
86 23 3 8
86 24 0 11
86 24 1 22
86 24 2 2
86 24 3 52
86 25 0 45
86 25 1 40
86 25 2 11
86 25 3 55
86 26 0 0
86 26 1 63
86 26 2 46
86 26 3 12
86 27 0 12
86 27 1 44
86 27 2 51
86 27 3 29
86 28 0 3
86 28 1 31
86 28 2 30
86 28 3 20
86 29 0 57
86 29 1 21
86 29 2 15
86 29 3 43
86 30 0 39
86 30 1 39
86 30 2 32
86 30 3 20
86 31 0 16
86 31 1 7
86 31 2 11
86 31 3 37
86 32 0 25
86 32 1 47
86 32 2 51
86 32 3 35
86 33 0 6
86 33 1 0
86 33 2 14
86 33 3 18
86 34 0 4
86 34 1 49
86 34 2 23
86 34 3 47
86 35 0 13
86 35 1 0
86 35 2 8
86 35 3 30
86 36 0 30
86 36 1 27
86 36 2 61
86 36 3 41
86 37 0 46
86 37 1 7
86 37 2 29
86 37 3 39
86 38 0 37
86 38 1 60
86 38 2 30
86 38 3 23
86 39 0 60
86 39 1 21
86 39 2 36
86 39 3 1
86 40 0 10
86 40 1 3
86 40 2 26
86 40 3 59
86 41 0 4
86 41 1 62
86 41 2 55
86 41 3 0
86 42 0 0
86 42 1 57
86 42 2 37
86 42 3 11
86 43 0 61
86 43 1 35
86 43 2 40
86 43 3 43
86 44 0 12
86 44 1 22
86 44 2 8
86 44 3 33
86 45 0 63
86 45 1 40
86 45 2 44
86 45 3 12
86 46 0 34
86 46 1 63
86 46 2 5
86 46 3 13
86 47 0 46
86 47 1 0
86 47 2 13
86 47 3 60
86 48 0 1
86 48 1 27
86 48 2 21
86 48 3 25
86 49 0 16
86 49 1 17
86 49 2 48
86 49 3 1
86 50 0 8
86 50 1 16
86 50 2 52
86 50 3 25
86 51 0 2
86 51 1 33
86 51 2 40
86 51 3 29
86 52 0 5
86 52 1 56
86 52 2 54
86 52 3 58
86 53 0 61
86 53 1 20
86 53 2 26
86 53 3 61
86 54 0 28
86 54 1 55
86 54 2 41
86 54 3 59
86 55 0 0
86 55 1 45
86 55 2 51
86 55 3 12
86 56 0 47
86 56 1 12
86 56 2 57
86 56 3 58
86 57 0 0
86 57 1 32
86 57 2 24
86 57 3 56
86 58 0 20
86 58 1 46
86 58 2 7
86 58 3 13
86 59 0 63
86 59 1 24
86 59 2 49
86 59 3 61
86 60 0 61
86 60 1 1
86 60 2 14
86 60 3 45
86 61 0 59
86 61 1 62
86 61 2 46
86 61 3 6
86 62 0 47
86 62 1 17
86 62 2 51
86 62 3 35
86 63 0 11
86 63 1 54
86 63 2 63
86 63 3 32
86 64 0 52
86 64 1 3
86 64 2 17
86 64 3 8
86 65 0 18
86 65 1 24
86 65 2 27
86 65 3 20
86 66 0 34
86 66 1 14
86 66 2 22
86 66 3 53
86 67 0 35
86 67 1 1
86 67 2 21
86 67 3 53
86 68 0 11
86 68 1 58
86 68 2 18
86 68 3 40
86 69 0 30
86 69 1 40
86 69 2 51
86 69 3 9
86 70 0 22
86 70 1 36
86 70 2 16
86 70 3 24
86 71 0 56
86 71 1 14
86 71 2 12
86 71 3 37
86 72 0 6
86 72 1 0
86 72 2 55
86 72 3 17
86 73 0 7
86 73 1 41
86 73 2 30
86 73 3 29
86 74 0 28
86 74 1 9
86 74 2 54
86 74 3 0
86 75 0 30
86 75 1 17
86 75 2 41
86 75 3 35
86 76 0 24
86 76 1 34
86 76 2 14
86 76 3 8
86 77 0 57
86 77 1 39
86 77 2 41
86 77 3 63
86 78 0 57
86 78 1 37
86 78 2 50
86 78 3 33
86 79 0 15
86 79 1 39
86 79 2 58
86 79 3 56
86 80 0 32
86 80 1 60
86 80 2 12
86 80 3 2
86 81 0 25
86 81 1 13
86 81 2 61
86 81 3 7
86 82 0 34
86 82 1 49
86 82 2 7
86 82 3 2
86 83 0 35
86 83 1 57
86 83 2 1
86 83 3 1
86 84 0 59
86 84 1 38
86 84 2 44
86 84 3 17
86 85 0 19
86 85 1 30
86 85 2 13
86 85 3 28
86 86 0 61
86 86 1 47
86 86 2 55
86 86 3 31
86 87 0 50
86 87 1 26
86 87 2 39
86 87 3 46
86 88 0 52
86 88 1 59
86 88 2 6
86 88 3 50
86 89 0 45
86 89 1 47
86 89 2 0
86 89 3 31
86 90 0 61
86 90 1 57
86 90 2 14
86 90 3 31
86 91 0 55
86 91 1 59
86 91 2 21
86 91 3 51
86 92 0 53
86 92 1 9
86 92 2 2
86 92 3 3
86 93 0 9
86 93 1 47
86 93 2 24
86 93 3 43
86 94 0 5
86 94 1 38
86 94 2 47
86 94 3 62
86 95 0 20
86 95 1 34
86 95 2 30
86 95 3 22
86 96 0 40
86 96 1 36
86 96 2 53
86 96 3 1
86 97 0 14
86 97 1 37
86 97 2 36
86 97 3 57
86 98 0 43
86 98 1 0
86 98 2 31
86 98 3 54
86 99 0 55
86 99 1 51
86 99 2 30
86 99 3 6
87 0 0 13
87 0 1 54
87 0 2 21
87 0 3 48
87 1 0 2
87 1 1 31
87 1 2 60
87 1 3 15
87 2 0 1
87 2 1 18
87 2 2 4
87 2 3 39
87 3 0 12
87 3 1 15
87 3 2 37
87 3 3 20
87 4 0 41
87 4 1 59
87 4 2 59
87 4 3 46
87 5 0 61
87 5 1 47
87 5 2 4
87 5 3 61
87 6 0 36
87 6 1 0
87 6 2 39
87 6 3 15
87 7 0 34
87 7 1 42
87 7 2 1
87 7 3 28
87 8 0 3
87 8 1 7
87 8 2 13
87 8 3 49
87 9 0 26
87 9 1 3
87 9 2 47
87 9 3 34
87 10 0 9
87 10 1 35
87 10 2 15
87 10 3 40
87 11 0 60
87 11 1 20
87 11 2 47
87 11 3 1
87 12 0 26
87 12 1 56
87 12 2 4
87 12 3 59
87 13 0 5
87 13 1 30
87 13 2 11
87 13 3 1
87 14 0 22
87 14 1 37
87 14 2 46
87 14 3 20
87 15 0 31
87 15 1 11
87 15 2 46
87 15 3 10
87 16 0 55
87 16 1 11
87 16 2 42
87 16 3 21
87 17 0 63
87 17 1 17
87 17 2 60
87 17 3 53
87 18 0 29
87 18 1 31
87 18 2 22
87 18 3 27
87 19 0 29
87 19 1 9
87 19 2 20
87 19 3 56
87 20 0 62
87 20 1 3
87 20 2 46
87 20 3 15
87 21 0 41
87 21 1 39
87 21 2 56
87 21 3 44
87 22 0 52
87 22 1 51
87 22 2 41
87 22 3 26
87 23 0 21
87 23 1 22
87 23 2 22
87 23 3 18
87 24 0 19
87 24 1 36
87 24 2 17
87 24 3 22
87 25 0 45
87 25 1 20
87 25 2 6
87 25 3 1
87 26 0 48
87 26 1 60
87 26 2 43
87 26 3 3
87 27 0 36
87 27 1 17
87 27 2 20
87 27 3 58
87 28 0 52
87 28 1 47
87 28 2 32
87 28 3 37
87 29 0 58
87 29 1 42
87 29 2 37
87 29 3 6
87 30 0 63
87 30 1 51
87 30 2 23
87 30 3 16
87 31 0 61
87 31 1 61
87 31 2 26
87 31 3 14
87 32 0 51
87 32 1 40
87 32 2 57
87 32 3 34
87 33 0 35
87 33 1 9
87 33 2 38
87 33 3 23
87 34 0 13
87 34 1 50
87 34 2 22
87 34 3 13
87 35 0 61
87 35 1 61
87 35 2 31
87 35 3 18
87 36 0 10
87 36 1 40
87 36 2 39
87 36 3 39
87 37 0 49
87 37 1 30
87 37 2 43
87 37 3 41
87 38 0 50
87 38 1 47
87 38 2 2
87 38 3 39
87 39 0 62
87 39 1 35
87 39 2 33
87 39 3 38
87 40 0 35
87 40 1 25
87 40 2 63
87 40 3 4
87 41 0 52
87 41 1 10
87 41 2 13
87 41 3 38
87 42 0 40
87 42 1 59
87 42 2 18
87 42 3 1
87 43 0 16
87 43 1 34
87 43 2 22
87 43 3 16
87 44 0 58
87 44 1 35
87 44 2 43
87 44 3 47
87 45 0 26
87 45 1 47
87 45 2 61
87 45 3 46
87 46 0 18
87 46 1 49
87 46 2 15
87 46 3 4
87 47 0 28
87 47 1 32
87 47 2 30
87 47 3 16
87 48 0 17
87 48 1 58
87 48 2 18
87 48 3 50
87 49 0 16
87 49 1 6
87 49 2 4
87 49 3 15
87 50 0 53
87 50 1 29
87 50 2 44
87 50 3 61
87 51 0 3
87 51 1 7
87 51 2 58
87 51 3 36
87 52 0 39
87 52 1 21
87 52 2 52
87 52 3 41
87 53 0 16
87 53 1 41
87 53 2 0
87 53 3 15
87 54 0 13
87 54 1 50
87 54 2 47
87 54 3 5
87 55 0 58
87 55 1 52
87 55 2 27
87 55 3 13
87 56 0 26
87 56 1 37
87 56 2 40
87 56 3 22
87 57 0 6
87 57 1 39
87 57 2 45
87 57 3 17
87 58 0 40
87 58 1 36
87 58 2 32
87 58 3 0
87 59 0 19
87 59 1 23
87 59 2 53
87 59 3 52
87 60 0 55
87 60 1 29
87 60 2 20
87 60 3 31
87 61 0 50
87 61 1 39
87 61 2 38
87 61 3 27
87 62 0 44
87 62 1 55
87 62 2 42
87 62 3 25
87 63 0 53
87 63 1 60
87 63 2 50
87 63 3 56
87 64 0 16
87 64 1 26
87 64 2 15
87 64 3 23
87 65 0 46
87 65 1 43
87 65 2 0
87 65 3 48
87 66 0 12
87 66 1 11
87 66 2 34
87 66 3 15
87 67 0 61
87 67 1 9
87 67 2 9
87 67 3 48
87 68 0 18
87 68 1 45
87 68 2 43
87 68 3 12
87 69 0 37
87 69 1 34
87 69 2 6
87 69 3 48
87 70 0 54
87 70 1 60
87 70 2 5
87 70 3 11
87 71 0 52
87 71 1 19
87 71 2 40
87 71 3 22
87 72 0 13
87 72 1 39
87 72 2 13
87 72 3 8
87 73 0 33
87 73 1 12
87 73 2 12
87 73 3 49
87 74 0 33
87 74 1 34
87 74 2 9
87 74 3 10
87 75 0 25
87 75 1 24
87 75 2 28
87 75 3 8
87 76 0 57
87 76 1 23
87 76 2 52
87 76 3 25
87 77 0 30
87 77 1 7
87 77 2 43
87 77 3 3
87 78 0 47
87 78 1 56
87 78 2 23
87 78 3 56
87 79 0 44
87 79 1 0
87 79 2 12
87 79 3 41
87 80 0 44
87 80 1 5
87 80 2 43
87 80 3 51
87 81 0 5
87 81 1 56
87 81 2 34
87 81 3 39
87 82 0 3
87 82 1 39
87 82 2 29
87 82 3 23
87 83 0 49
87 83 1 15
87 83 2 3
87 83 3 31
87 84 0 47
87 84 1 8
87 84 2 63
87 84 3 43
87 85 0 59
87 85 1 30
87 85 2 7
87 85 3 11
87 86 0 32
87 86 1 37
87 86 2 46
87 86 3 50
87 87 0 48
87 87 1 37
87 87 2 1
87 87 3 33
87 88 0 52
87 88 1 54
87 88 2 53
87 88 3 0
87 89 0 27
87 89 1 39
87 89 2 15
87 89 3 26
87 90 0 6
87 90 1 12
87 90 2 0
87 90 3 62
87 91 0 55
87 91 1 25
87 91 2 0
87 91 3 21
87 92 0 27
87 92 1 10
87 92 2 42
87 92 3 63
87 93 0 54
87 93 1 54
87 93 2 53
87 93 3 4
87 94 0 35
87 94 1 36
87 94 2 6
87 94 3 9
87 95 0 36
87 95 1 45
87 95 2 13
87 95 3 30
87 96 0 4
87 96 1 7
87 96 2 37
87 96 3 35
87 97 0 48
87 97 1 58
87 97 2 12
87 97 3 21
87 98 0 54
87 98 1 3
87 98 2 53
87 98 3 60
87 99 0 6
87 99 1 9
87 99 2 43
87 99 3 30
88 0 0 63
88 0 1 34
88 0 2 41
88 0 3 15
88 1 0 20
88 1 1 11
88 1 2 9
88 1 3 7
88 2 0 57
88 2 1 4
88 2 2 33
88 2 3 32
88 3 0 3
88 3 1 53
88 3 2 32
88 3 3 8
88 4 0 8
88 4 1 44
88 4 2 39
88 4 3 26
88 5 0 25
88 5 1 2
88 5 2 2
88 5 3 34
88 6 0 23
88 6 1 16
88 6 2 24
88 6 3 38
88 7 0 18
88 7 1 22
88 7 2 18
88 7 3 42
88 8 0 3
88 8 1 58
88 8 2 35
88 8 3 15
88 9 0 48
88 9 1 60
88 9 2 3
88 9 3 13
88 10 0 9
88 10 1 4
88 10 2 47
88 10 3 12
88 11 0 24
88 11 1 52
88 11 2 39
88 11 3 43
88 12 0 6
88 12 1 62
88 12 2 5
88 12 3 45
88 13 0 40
88 13 1 26
88 13 2 53
88 13 3 57
88 14 0 4
88 14 1 61
88 14 2 15
88 14 3 50
88 15 0 52
88 15 1 35
88 15 2 55
88 15 3 52
88 16 0 33
88 16 1 11
88 16 2 27
88 16 3 57
88 17 0 12
88 17 1 63
88 17 2 11
88 17 3 42
88 18 0 41
88 18 1 12
88 18 2 30
88 18 3 9
88 19 0 23
88 19 1 61
88 19 2 3
88 19 3 55
88 20 0 43
88 20 1 47
88 20 2 18
88 20 3 60
88 21 0 16
88 21 1 32
88 21 2 2
88 21 3 56
88 22 0 45
88 22 1 10
88 22 2 42
88 22 3 11
88 23 0 28
88 23 1 32
88 23 2 59
88 23 3 21
88 24 0 0
88 24 1 27
88 24 2 59
88 24 3 51
88 25 0 3
88 25 1 3
88 25 2 48
88 25 3 46
88 26 0 35
88 26 1 5
88 26 2 17
88 26 3 54
88 27 0 8
88 27 1 12
88 27 2 28
88 27 3 47
88 28 0 53
88 28 1 37
88 28 2 31
88 28 3 24
88 29 0 2
88 29 1 17
88 29 2 13
88 29 3 3
88 30 0 47
88 30 1 22
88 30 2 32
88 30 3 12
88 31 0 37
88 31 1 8
88 31 2 43
88 31 3 47
88 32 0 19
88 32 1 13
88 32 2 49
88 32 3 14
88 33 0 11
88 33 1 21
88 33 2 61
88 33 3 29
88 34 0 16
88 34 1 32
88 34 2 22
88 34 3 42
88 35 0 28
88 35 1 37
88 35 2 27
88 35 3 30
88 36 0 28
88 36 1 25
88 36 2 61
88 36 3 17
88 37 0 51
88 37 1 45
88 37 2 33
88 37 3 20
88 38 0 30
88 38 1 54
88 38 2 11
88 38 3 37
88 39 0 48
88 39 1 40
88 39 2 9
88 39 3 32
88 40 0 11
88 40 1 59
88 40 2 22
88 40 3 26
88 41 0 54
88 41 1 27
88 41 2 12
88 41 3 57
88 42 0 41
88 42 1 38
88 42 2 4
88 42 3 28
88 43 0 29
88 43 1 16
88 43 2 36
88 43 3 15
88 44 0 30
88 44 1 51
88 44 2 47
88 44 3 17
88 45 0 13
88 45 1 0
88 45 2 22
88 45 3 1
88 46 0 8
88 46 1 62
88 46 2 54
88 46 3 35
88 47 0 49
88 47 1 31
88 47 2 38
88 47 3 58
88 48 0 5
88 48 1 22
88 48 2 7
88 48 3 50
88 49 0 52
88 49 1 46
88 49 2 38
88 49 3 30
88 50 0 1
88 50 1 49
88 50 2 57
88 50 3 61
88 51 0 21
88 51 1 12
88 51 2 41
88 51 3 1
88 52 0 3
88 52 1 52
88 52 2 61
88 52 3 25
88 53 0 32
88 53 1 34
88 53 2 8
88 53 3 14
88 54 0 19
88 54 1 53
88 54 2 28
88 54 3 46
88 55 0 12
88 55 1 61
88 55 2 56
88 55 3 30
88 56 0 14
88 56 1 62
88 56 2 51
88 56 3 32
88 57 0 17
88 57 1 39
88 57 2 23
88 57 3 43
88 58 0 53
88 58 1 31
88 58 2 3
88 58 3 36
88 59 0 54
88 59 1 14
88 59 2 61
88 59 3 23
88 60 0 43
88 60 1 44
88 60 2 11
88 60 3 2
88 61 0 60
88 61 1 44
88 61 2 40
88 61 3 19
88 62 0 6
88 62 1 17
88 62 2 35
88 62 3 44
88 63 0 20
88 63 1 13
88 63 2 15
88 63 3 61
88 64 0 40
88 64 1 63
88 64 2 0
88 64 3 29
88 65 0 29
88 65 1 25
88 65 2 25
88 65 3 5
88 66 0 2
88 66 1 49
88 66 2 28
88 66 3 10
88 67 0 22
88 67 1 59
88 67 2 29
88 67 3 63
88 68 0 10
88 68 1 7
88 68 2 36
88 68 3 43
88 69 0 62
88 69 1 29
88 69 2 12
88 69 3 34
88 70 0 19
88 70 1 11
88 70 2 5
88 70 3 46
88 71 0 41
88 71 1 10
88 71 2 35
88 71 3 56
88 72 0 52
88 72 1 29
88 72 2 3
88 72 3 40
88 73 0 33
88 73 1 58
88 73 2 35
88 73 3 47
88 74 0 33
88 74 1 34
88 74 2 20
88 74 3 25
88 75 0 18
88 75 1 29
88 75 2 60
88 75 3 21
88 76 0 29
88 76 1 60
88 76 2 9
88 76 3 16
88 77 0 31
88 77 1 26
88 77 2 21
88 77 3 49
88 78 0 31
88 78 1 23
88 78 2 30
88 78 3 56
88 79 0 62
88 79 1 15
88 79 2 2
88 79 3 2
88 80 0 28
88 80 1 40
88 80 2 3
88 80 3 32
88 81 0 25
88 81 1 59
88 81 2 38
88 81 3 27
88 82 0 37
88 82 1 8
88 82 2 30
88 82 3 21
88 83 0 11
88 83 1 25
88 83 2 40
88 83 3 37
88 84 0 61
88 84 1 17
88 84 2 44
88 84 3 35
88 85 0 55
88 85 1 58
88 85 2 45
88 85 3 27
88 86 0 34
88 86 1 41
88 86 2 51
88 86 3 14
88 87 0 55
88 87 1 51
88 87 2 5
88 87 3 17
88 88 0 15
88 88 1 37
88 88 2 13
88 88 3 19
88 89 0 12
88 89 1 4
88 89 2 29
88 89 3 20
88 90 0 32
88 90 1 13
88 90 2 18
88 90 3 57
88 91 0 51
88 91 1 17
88 91 2 10
88 91 3 62
88 92 0 43
88 92 1 31
88 92 2 44
88 92 3 14
88 93 0 27
88 93 1 25
88 93 2 46
88 93 3 11
88 94 0 31
88 94 1 53
88 94 2 12
88 94 3 7
88 95 0 52
88 95 1 55
88 95 2 27
88 95 3 2
88 96 0 34
88 96 1 19
88 96 2 37
88 96 3 8
88 97 0 51
88 97 1 43
88 97 2 41
88 97 3 32
88 98 0 14
88 98 1 60
88 98 2 17
88 98 3 23
88 99 0 59
88 99 1 2
88 99 2 8
88 99 3 48
89 0 0 23
89 0 1 37
89 0 2 37
89 0 3 52
89 1 0 39
89 1 1 27
89 1 2 35
89 1 3 47
89 2 0 24
89 2 1 10
89 2 2 31
89 2 3 63
89 3 0 7
89 3 1 11
89 3 2 63
89 3 3 53
89 4 0 7
89 4 1 13
89 4 2 44
89 4 3 50
89 5 0 46
89 5 1 55
89 5 2 32
89 5 3 56
89 6 0 38
89 6 1 30
89 6 2 40
89 6 3 27
89 7 0 38
89 7 1 53
89 7 2 61
89 7 3 37
89 8 0 0
89 8 1 39
89 8 2 16
89 8 3 15
89 9 0 56
89 9 1 28
89 9 2 50
89 9 3 23
89 10 0 38
89 10 1 42
89 10 2 57
89 10 3 12
89 11 0 35
89 11 1 25
89 11 2 29
89 11 3 54
89 12 0 8
89 12 1 34
89 12 2 24
89 12 3 57
89 13 0 13
89 13 1 14
89 13 2 5
89 13 3 28
89 14 0 0
89 14 1 32
89 14 2 14
89 14 3 25
89 15 0 38
89 15 1 43
89 15 2 3
89 15 3 9
89 16 0 20
89 16 1 33
89 16 2 56
89 16 3 8
89 17 0 4
89 17 1 40
89 17 2 62
89 17 3 53
89 18 0 36
89 18 1 1
89 18 2 36
89 18 3 29
89 19 0 28
89 19 1 31
89 19 2 35
89 19 3 46
89 20 0 12
89 20 1 4
89 20 2 3
89 20 3 25
89 21 0 32
89 21 1 50
89 21 2 27
89 21 3 34
89 22 0 62
89 22 1 47
89 22 2 44
89 22 3 23
89 23 0 9
89 23 1 58
89 23 2 35
89 23 3 4
89 24 0 30
89 24 1 5
89 24 2 62
89 24 3 33
89 25 0 50
89 25 1 30
89 25 2 1
89 25 3 40
89 26 0 41
89 26 1 14
89 26 2 45
89 26 3 14
89 27 0 44
89 27 1 47
89 27 2 8
89 27 3 18
89 28 0 10
89 28 1 46
89 28 2 15
89 28 3 41
89 29 0 26
89 29 1 5
89 29 2 56
89 29 3 45
89 30 0 16
89 30 1 56
89 30 2 45
89 30 3 52
89 31 0 11
89 31 1 0
89 31 2 3
89 31 3 34
89 32 0 50
89 32 1 58
89 32 2 61
89 32 3 38
89 33 0 40
89 33 1 18
89 33 2 0
89 33 3 12
89 34 0 3
89 34 1 43
89 34 2 32
89 34 3 49
89 35 0 9
89 35 1 58
89 35 2 46
89 35 3 57
89 36 0 41
89 36 1 21
89 36 2 40
89 36 3 38
89 37 0 11
89 37 1 6
89 37 2 41
89 37 3 6
89 38 0 6
89 38 1 4
89 38 2 39
89 38 3 59
89 39 0 31
89 39 1 9
89 39 2 32
89 39 3 30
89 40 0 37
89 40 1 27
89 40 2 34
89 40 3 20
89 41 0 57
89 41 1 34
89 41 2 19
89 41 3 0
89 42 0 43
89 42 1 24
89 42 2 15
89 42 3 30
89 43 0 31
89 43 1 51
89 43 2 34
89 43 3 44
89 44 0 41
89 44 1 54
89 44 2 0
89 44 3 24
89 45 0 45
89 45 1 9
89 45 2 28
89 45 3 25
89 46 0 51
89 46 1 61
89 46 2 6
89 46 3 13
89 47 0 49
89 47 1 11
89 47 2 31
89 47 3 60
89 48 0 62
89 48 1 60
89 48 2 8
89 48 3 9
89 49 0 11
89 49 1 49
89 49 2 11
89 49 3 27
89 50 0 52
89 50 1 31
89 50 2 60
89 50 3 31
89 51 0 24
89 51 1 61
89 51 2 35
89 51 3 11
89 52 0 40
89 52 1 49
89 52 2 53
89 52 3 0
89 53 0 6
89 53 1 40
89 53 2 47
89 53 3 41
89 54 0 24
89 54 1 48
89 54 2 37
89 54 3 59
89 55 0 23
89 55 1 48
89 55 2 9
89 55 3 46
89 56 0 46
89 56 1 16
89 56 2 3
89 56 3 63
89 57 0 4
89 57 1 29
89 57 2 0
89 57 3 26
89 58 0 52
89 58 1 32
89 58 2 15
89 58 3 25
89 59 0 5
89 59 1 37
89 59 2 0
89 59 3 22
89 60 0 3
89 60 1 15
89 60 2 4
89 60 3 59
89 61 0 49
89 61 1 59
89 61 2 43
89 61 3 31
89 62 0 11
89 62 1 61
89 62 2 58
89 62 3 26
89 63 0 14
89 63 1 24
89 63 2 25
89 63 3 58
89 64 0 4
89 64 1 40
89 64 2 49
89 64 3 48
89 65 0 12
89 65 1 26
89 65 2 21
89 65 3 26
89 66 0 5
89 66 1 5
89 66 2 1
89 66 3 61
89 67 0 26
89 67 1 14
89 67 2 51
89 67 3 31
89 68 0 23
89 68 1 7
89 68 2 24
89 68 3 41
89 69 0 39
89 69 1 25
89 69 2 39
89 69 3 49
89 70 0 59
89 70 1 33
89 70 2 14
89 70 3 8
89 71 0 10
89 71 1 0
89 71 2 35
89 71 3 13
89 72 0 14
89 72 1 46
89 72 2 20
89 72 3 53
89 73 0 8
89 73 1 21
89 73 2 3
89 73 3 34
89 74 0 7
89 74 1 15
89 74 2 47
89 74 3 56
89 75 0 34
89 75 1 61
89 75 2 48
89 75 3 48
89 76 0 63
89 76 1 5
89 76 2 14
89 76 3 27
89 77 0 39
89 77 1 63
89 77 2 6
89 77 3 14
89 78 0 19
89 78 1 42
89 78 2 60
89 78 3 60
89 79 0 47
89 79 1 49
89 79 2 26
89 79 3 38
89 80 0 10
89 80 1 32
89 80 2 18
89 80 3 59
89 81 0 23
89 81 1 25
89 81 2 25
89 81 3 57
89 82 0 59
89 82 1 27
89 82 2 63
89 82 3 48
89 83 0 54
89 83 1 58
89 83 2 21
89 83 3 35
89 84 0 18
89 84 1 19
89 84 2 29
89 84 3 3
89 85 0 13
89 85 1 51
89 85 2 10
89 85 3 39
89 86 0 49
89 86 1 16
89 86 2 29
89 86 3 56
89 87 0 53
89 87 1 58
89 87 2 40
89 87 3 56
89 88 0 25
89 88 1 38
89 88 2 42
89 88 3 62
89 89 0 23
89 89 1 55
89 89 2 32
89 89 3 6
89 90 0 41
89 90 1 62
89 90 2 29
89 90 3 35
89 91 0 59
89 91 1 58
89 91 2 25
89 91 3 48
89 92 0 40
89 92 1 41
89 92 2 46
89 92 3 20
89 93 0 19
89 93 1 1
89 93 2 54
89 93 3 17
89 94 0 43
89 94 1 43
89 94 2 45
89 94 3 55
89 95 0 55
89 95 1 0
89 95 2 53
89 95 3 13
89 96 0 41
89 96 1 43
89 96 2 3
89 96 3 18
89 97 0 58
89 97 1 9
89 97 2 14
89 97 3 5
89 98 0 10
89 98 1 40
89 98 2 53
89 98 3 38
89 99 0 18
89 99 1 54
89 99 2 23
89 99 3 20
90 0 0 32
90 0 1 8
90 0 2 22
90 0 3 51
90 1 0 38
90 1 1 63
90 1 2 49
90 1 3 23
90 2 0 49
90 2 1 55
90 2 2 40
90 2 3 48
90 3 0 32
90 3 1 58
90 3 2 15
90 3 3 27
90 4 0 16
90 4 1 6
90 4 2 39
90 4 3 7
90 5 0 14
90 5 1 48
90 5 2 15
90 5 3 55
90 6 0 3
90 6 1 29
90 6 2 4
90 6 3 3
90 7 0 50
90 7 1 4
90 7 2 57
90 7 3 38
90 8 0 30
90 8 1 58
90 8 2 24
90 8 3 25
90 9 0 26
90 9 1 41
90 9 2 54
90 9 3 34
90 10 0 17
90 10 1 56
90 10 2 38
90 10 3 53
90 11 0 27
90 11 1 12
90 11 2 60
90 11 3 43
90 12 0 19
90 12 1 54
90 12 2 0
90 12 3 59
90 13 0 37
90 13 1 37
90 13 2 0
90 13 3 11
90 14 0 46
90 14 1 35
90 14 2 8
90 14 3 42
90 15 0 47
90 15 1 17
90 15 2 44
90 15 3 62
90 16 0 30
90 16 1 14
90 16 2 61
90 16 3 58
90 17 0 29
90 17 1 27
90 17 2 53
90 17 3 0
90 18 0 19
90 18 1 34
90 18 2 41
90 18 3 40
90 19 0 23
90 19 1 55
90 19 2 41
90 19 3 34
90 20 0 60
90 20 1 6
90 20 2 45
90 20 3 59
90 21 0 42
90 21 1 36
90 21 2 23
90 21 3 17
90 22 0 34
90 22 1 57
90 22 2 29
90 22 3 7
90 23 0 30
90 23 1 6
90 23 2 59
90 23 3 34
90 24 0 13
90 24 1 39
90 24 2 34
90 24 3 32
90 25 0 37
90 25 1 59
90 25 2 54
90 25 3 16
90 26 0 15
90 26 1 63
90 26 2 41
90 26 3 1
90 27 0 33
90 27 1 7
90 27 2 1
90 27 3 11
90 28 0 16
90 28 1 5
90 28 2 53
90 28 3 28
90 29 0 35
90 29 1 55
90 29 2 53
90 29 3 52
90 30 0 12
90 30 1 47
90 30 2 63
90 30 3 0
90 31 0 55
90 31 1 55
90 31 2 53
90 31 3 25
90 32 0 12
90 32 1 46
90 32 2 39
90 32 3 46
90 33 0 16
90 33 1 11
90 33 2 57
90 33 3 32
90 34 0 54
90 34 1 59
90 34 2 29
90 34 3 16
90 35 0 57
90 35 1 45
90 35 2 42
90 35 3 61
90 36 0 15
90 36 1 23
90 36 2 2
90 36 3 24
90 37 0 28
90 37 1 28
90 37 2 9
90 37 3 51
90 38 0 31
90 38 1 28
90 38 2 55
90 38 3 31
90 39 0 57
90 39 1 14
90 39 2 54
90 39 3 63
90 40 0 48
90 40 1 57
90 40 2 47
90 40 3 38
90 41 0 48
90 41 1 61
90 41 2 38
90 41 3 43
90 42 0 5
90 42 1 61
90 42 2 49
90 42 3 10
90 43 0 18
90 43 1 14
90 43 2 20
90 43 3 56
90 44 0 29
90 44 1 26
90 44 2 49
90 44 3 23
90 45 0 56
90 45 1 48
90 45 2 16
90 45 3 40
90 46 0 30
90 46 1 22
90 46 2 58
90 46 3 25
90 47 0 7
90 47 1 26
90 47 2 33
90 47 3 8
90 48 0 47
90 48 1 14
90 48 2 5
90 48 3 34
90 49 0 10
90 49 1 50
90 49 2 4
90 49 3 26
90 50 0 3
90 50 1 24
90 50 2 59
90 50 3 41
90 51 0 34
90 51 1 10
90 51 2 20
90 51 3 24
90 52 0 37
90 52 1 13
90 52 2 63
90 52 3 41
90 53 0 19
90 53 1 7
90 53 2 38
90 53 3 28
90 54 0 43
90 54 1 38
90 54 2 40
90 54 3 53
90 55 0 33
90 55 1 46
90 55 2 22
90 55 3 60
90 56 0 26
90 56 1 43
90 56 2 63
90 56 3 22
90 57 0 6
90 57 1 14
90 57 2 15
90 57 3 3
90 58 0 34
90 58 1 17
90 58 2 6
90 58 3 8
90 59 0 17
90 59 1 23
90 59 2 62
90 59 3 44
90 60 0 45
90 60 1 44
90 60 2 51
90 60 3 20
90 61 0 6
90 61 1 32
90 61 2 0
90 61 3 13
90 62 0 48
90 62 1 32
90 62 2 44
90 62 3 32
90 63 0 34
90 63 1 19
90 63 2 13
90 63 3 16
90 64 0 51
90 64 1 62
90 64 2 5
90 64 3 34
90 65 0 30
90 65 1 35
90 65 2 14
90 65 3 0
90 66 0 13
90 66 1 11
90 66 2 3
90 66 3 22
90 67 0 43
90 67 1 61
90 67 2 42
90 67 3 11
90 68 0 23
90 68 1 19
90 68 2 13
90 68 3 63
90 69 0 41
90 69 1 30
90 69 2 27
90 69 3 20
90 70 0 26
90 70 1 40
90 70 2 59
90 70 3 31
90 71 0 11
90 71 1 61
90 71 2 20
90 71 3 5
90 72 0 34
90 72 1 50
90 72 2 16
90 72 3 17
90 73 0 18
90 73 1 51
90 73 2 61
90 73 3 54
90 74 0 14
90 74 1 54
90 74 2 19
90 74 3 55
90 75 0 63
90 75 1 45
90 75 2 61
90 75 3 9
90 76 0 41
90 76 1 3
90 76 2 41
90 76 3 21
90 77 0 62
90 77 1 31
90 77 2 48
90 77 3 19
90 78 0 4
90 78 1 47
90 78 2 14
90 78 3 46
90 79 0 29
90 79 1 62
90 79 2 22
90 79 3 25
90 80 0 47
90 80 1 50
90 80 2 8
90 80 3 47
90 81 0 31
90 81 1 63
90 81 2 40
90 81 3 49
90 82 0 22
90 82 1 18
90 82 2 50
90 82 3 0
90 83 0 37
90 83 1 61
90 83 2 63
90 83 3 45
90 84 0 31
90 84 1 52
90 84 2 0
90 84 3 50
90 85 0 12
90 85 1 47
90 85 2 22
90 85 3 48
90 86 0 38
90 86 1 59
90 86 2 50
90 86 3 58
90 87 0 9
90 87 1 24
90 87 2 27
90 87 3 1
90 88 0 1
90 88 1 2
90 88 2 49
90 88 3 28
90 89 0 48
90 89 1 53
90 89 2 2
90 89 3 54
90 90 0 14
90 90 1 25
90 90 2 61
90 90 3 19
90 91 0 60
90 91 1 32
90 91 2 0
90 91 3 53
90 92 0 2
90 92 1 40
90 92 2 29
90 92 3 8
90 93 0 32
90 93 1 23
90 93 2 6
90 93 3 35
90 94 0 2
90 94 1 34
90 94 2 14
90 94 3 53
90 95 0 60
90 95 1 59
90 95 2 60
90 95 3 6
90 96 0 32
90 96 1 14
90 96 2 6
90 96 3 25
90 97 0 27
90 97 1 18
90 97 2 7
90 97 3 26
90 98 0 9
90 98 1 2
90 98 2 28
90 98 3 4
90 99 0 61
90 99 1 53
90 99 2 59
90 99 3 6
91 0 0 29
91 0 1 52
91 0 2 36
91 0 3 19
91 1 0 53
91 1 1 19
91 1 2 62
91 1 3 6
91 2 0 45
91 2 1 0
91 2 2 58
91 2 3 22
91 3 0 1
91 3 1 53
91 3 2 61
91 3 3 58
91 4 0 31
91 4 1 3
91 4 2 14
91 4 3 1
91 5 0 2
91 5 1 10
91 5 2 36
91 5 3 49
91 6 0 37
91 6 1 13
91 6 2 38
91 6 3 14
91 7 0 29
91 7 1 56
91 7 2 8
91 7 3 55
91 8 0 17
91 8 1 42
91 8 2 16
91 8 3 10
91 9 0 28
91 9 1 24
91 9 2 32
91 9 3 15
91 10 0 62
91 10 1 42
91 10 2 53
91 10 3 49
91 11 0 46
91 11 1 9
91 11 2 37
91 11 3 57
91 12 0 6
91 12 1 29
91 12 2 11
91 12 3 50
91 13 0 59
91 13 1 3
91 13 2 51
91 13 3 23
91 14 0 61
91 14 1 0
91 14 2 12
91 14 3 45
91 15 0 49
91 15 1 5
91 15 2 10
91 15 3 21
91 16 0 2
91 16 1 50
91 16 2 42
91 16 3 47
91 17 0 30
91 17 1 40
91 17 2 36
91 17 3 44
91 18 0 28
91 18 1 41
91 18 2 41
91 18 3 41
91 19 0 55
91 19 1 22
91 19 2 56
91 19 3 1
91 20 0 31
91 20 1 28
91 20 2 55
91 20 3 2
91 21 0 13
91 21 1 30
91 21 2 52
91 21 3 29
91 22 0 40
91 22 1 11
91 22 2 60
91 22 3 50
91 23 0 2
91 23 1 45
91 23 2 8
91 23 3 35
91 24 0 45
91 24 1 59
91 24 2 4
91 24 3 18
91 25 0 44
91 25 1 16
91 25 2 45
91 25 3 11
91 26 0 10
91 26 1 34
91 26 2 44
91 26 3 13
91 27 0 55
91 27 1 55
91 27 2 5
91 27 3 19
91 28 0 35
91 28 1 31
91 28 2 16
91 28 3 33
91 29 0 61
91 29 1 19
91 29 2 14
91 29 3 47
91 30 0 36
91 30 1 44
91 30 2 41
91 30 3 48
91 31 0 46
91 31 1 38
91 31 2 29
91 31 3 29
91 32 0 16
91 32 1 28
91 32 2 38
91 32 3 45
91 33 0 49
91 33 1 24
91 33 2 46
91 33 3 27
91 34 0 22
91 34 1 10
91 34 2 17
91 34 3 43
91 35 0 13
91 35 1 4
91 35 2 17
91 35 3 63
91 36 0 9
91 36 1 9
91 36 2 25
91 36 3 24
91 37 0 58
91 37 1 15
91 37 2 26
91 37 3 18
91 38 0 15
91 38 1 20
91 38 2 16
91 38 3 45
91 39 0 50
91 39 1 11
91 39 2 31
91 39 3 16
91 40 0 55
91 40 1 6
91 40 2 26
91 40 3 21
91 41 0 23
91 41 1 60
91 41 2 34
91 41 3 24
91 42 0 51
91 42 1 49
91 42 2 9
91 42 3 29
91 43 0 26
91 43 1 28
91 43 2 22
91 43 3 52
91 44 0 63
91 44 1 1
91 44 2 54
91 44 3 55
91 45 0 23
91 45 1 31
91 45 2 6
91 45 3 22
91 46 0 15
91 46 1 58
91 46 2 6
91 46 3 21
91 47 0 30
91 47 1 62
91 47 2 52
91 47 3 59
91 48 0 19
91 48 1 17
91 48 2 36
91 48 3 21
91 49 0 1
91 49 1 51
91 49 2 6
91 49 3 12
91 50 0 60
91 50 1 46
91 50 2 41
91 50 3 8
91 51 0 16
91 51 1 13
91 51 2 41
91 51 3 32
91 52 0 23
91 52 1 47
91 52 2 49
91 52 3 47
91 53 0 6
91 53 1 38
91 53 2 13
91 53 3 17
91 54 0 62
91 54 1 26
91 54 2 50
91 54 3 15
91 55 0 62
91 55 1 17
91 55 2 11
91 55 3 20
91 56 0 11
91 56 1 38
91 56 2 9
91 56 3 13
91 57 0 44
91 57 1 2
91 57 2 28
91 57 3 44
91 58 0 28
91 58 1 1
91 58 2 10
91 58 3 62
91 59 0 49
91 59 1 22
91 59 2 55
91 59 3 0
91 60 0 3
91 60 1 56
91 60 2 43
91 60 3 38
91 61 0 22
91 61 1 52
91 61 2 38
91 61 3 27
91 62 0 24
91 62 1 22
91 62 2 36
91 62 3 41
91 63 0 51
91 63 1 25
91 63 2 16
91 63 3 35
91 64 0 37
91 64 1 17
91 64 2 4
91 64 3 21
91 65 0 4
91 65 1 5
91 65 2 61
91 65 3 50
91 66 0 2
91 66 1 22
91 66 2 16
91 66 3 62
91 67 0 28
91 67 1 16
91 67 2 40
91 67 3 30
91 68 0 11
91 68 1 19
91 68 2 8
91 68 3 44
91 69 0 62
91 69 1 51
91 69 2 24
91 69 3 31
91 70 0 3
91 70 1 23
91 70 2 2
91 70 3 47
91 71 0 58
91 71 1 12
91 71 2 43
91 71 3 38
91 72 0 26
91 72 1 46
91 72 2 43
91 72 3 17
91 73 0 51
91 73 1 41
91 73 2 19
91 73 3 47
91 74 0 41
91 74 1 7
91 74 2 10
91 74 3 20
91 75 0 2
91 75 1 26
91 75 2 29
91 75 3 49
91 76 0 10
91 76 1 36
91 76 2 42
91 76 3 28
91 77 0 58
91 77 1 20
91 77 2 26
91 77 3 0
91 78 0 26
91 78 1 1
91 78 2 62
91 78 3 15
91 79 0 51
91 79 1 7
91 79 2 17
91 79 3 7
91 80 0 23
91 80 1 38
91 80 2 26
91 80 3 38
91 81 0 51
91 81 1 2
91 81 2 27
91 81 3 38
91 82 0 33
91 82 1 9
91 82 2 13
91 82 3 24
91 83 0 41
91 83 1 63
91 83 2 23
91 83 3 33
91 84 0 19
91 84 1 2
91 84 2 25
91 84 3 22
91 85 0 9
91 85 1 42
91 85 2 16
91 85 3 14
91 86 0 24
91 86 1 61
91 86 2 40
91 86 3 27
91 87 0 52
91 87 1 1
91 87 2 21
91 87 3 34
91 88 0 31
91 88 1 43
91 88 2 44
91 88 3 29
91 89 0 59
91 89 1 59
91 89 2 30
91 89 3 57
91 90 0 41
91 90 1 8
91 90 2 7
91 90 3 5
91 91 0 13
91 91 1 19
91 91 2 4
91 91 3 38
91 92 0 26
91 92 1 38
91 92 2 32
91 92 3 17
91 93 0 39
91 93 1 60
91 93 2 20
91 93 3 19
91 94 0 33
91 94 1 51
91 94 2 34
91 94 3 53
91 95 0 4
91 95 1 6
91 95 2 26
91 95 3 14
91 96 0 1
91 96 1 13
91 96 2 17
91 96 3 58
91 97 0 50
91 97 1 22
91 97 2 61
91 97 3 53
91 98 0 16
91 98 1 30
91 98 2 58
91 98 3 29
91 99 0 23
91 99 1 57
91 99 2 42
91 99 3 28
92 0 0 55
92 0 1 47
92 0 2 22
92 0 3 27
92 1 0 3
92 1 1 6
92 1 2 61
92 1 3 3
92 2 0 53
92 2 1 13
92 2 2 34
92 2 3 46
92 3 0 63
92 3 1 23
92 3 2 59
92 3 3 29
92 4 0 55
92 4 1 6
92 4 2 17
92 4 3 39
92 5 0 45
92 5 1 51
92 5 2 22
92 5 3 39
92 6 0 39
92 6 1 63
92 6 2 7
92 6 3 1
92 7 0 36
92 7 1 1
92 7 2 12
92 7 3 32
92 8 0 17
92 8 1 17
92 8 2 22
92 8 3 43
92 9 0 23
92 9 1 50
92 9 2 10
92 9 3 6
92 10 0 10
92 10 1 58
92 10 2 17
92 10 3 1
92 11 0 20
92 11 1 44
92 11 2 23
92 11 3 24
92 12 0 5
92 12 1 42
92 12 2 14
92 12 3 6
92 13 0 45
92 13 1 59
92 13 2 39
92 13 3 59
92 14 0 25
92 14 1 33
92 14 2 22
92 14 3 32
92 15 0 57
92 15 1 40
92 15 2 1
92 15 3 37
92 16 0 24
92 16 1 34
92 16 2 35
92 16 3 37
92 17 0 55
92 17 1 54
92 17 2 62
92 17 3 39
92 18 0 18
92 18 1 12
92 18 2 54
92 18 3 58
92 19 0 2
92 19 1 13
92 19 2 43
92 19 3 10
92 20 0 3
92 20 1 63
92 20 2 6
92 20 3 13
92 21 0 63
92 21 1 6
92 21 2 51
92 21 3 35
92 22 0 34
92 22 1 52
92 22 2 1
92 22 3 3
92 23 0 12
92 23 1 31
92 23 2 61
92 23 3 4
92 24 0 26
92 24 1 27
92 24 2 12
92 24 3 22
92 25 0 12
92 25 1 8
92 25 2 33
92 25 3 59
92 26 0 25
92 26 1 40
92 26 2 42
92 26 3 53
92 27 0 52
92 27 1 57
92 27 2 52
92 27 3 59
92 28 0 61
92 28 1 47
92 28 2 31
92 28 3 19
92 29 0 36
92 29 1 53
92 29 2 48
92 29 3 33
92 30 0 4
92 30 1 17
92 30 2 36
92 30 3 24
92 31 0 29
92 31 1 19
92 31 2 4
92 31 3 29
92 32 0 28
92 32 1 50
92 32 2 7
92 32 3 31
92 33 0 54
92 33 1 17
92 33 2 20
92 33 3 5
92 34 0 36
92 34 1 54
92 34 2 30
92 34 3 26
92 35 0 47
92 35 1 28
92 35 2 25
92 35 3 48
92 36 0 18
92 36 1 54
92 36 2 17
92 36 3 32
92 37 0 16
92 37 1 40
92 37 2 27
92 37 3 15
92 38 0 47
92 38 1 59
92 38 2 1
92 38 3 36
92 39 0 45
92 39 1 46
92 39 2 14
92 39 3 7
92 40 0 32
92 40 1 40
92 40 2 18
92 40 3 23
92 41 0 34
92 41 1 28
92 41 2 30
92 41 3 43
92 42 0 62
92 42 1 50
92 42 2 0
92 42 3 22
92 43 0 0
92 43 1 55
92 43 2 41
92 43 3 14
92 44 0 53
92 44 1 36
92 44 2 3
92 44 3 9
92 45 0 51
92 45 1 18
92 45 2 33
92 45 3 57
92 46 0 18
92 46 1 0
92 46 2 5
92 46 3 58
92 47 0 38
92 47 1 21
92 47 2 5
92 47 3 44
92 48 0 2
92 48 1 5
92 48 2 38
92 48 3 41
92 49 0 36
92 49 1 58
92 49 2 17
92 49 3 35
92 50 0 19
92 50 1 23
92 50 2 9
92 50 3 50
92 51 0 45
92 51 1 45
92 51 2 9
92 51 3 7
92 52 0 50
92 52 1 42
92 52 2 1
92 52 3 42
92 53 0 62
92 53 1 48
92 53 2 17
92 53 3 20
92 54 0 48
92 54 1 25
92 54 2 47
92 54 3 61
92 55 0 25
92 55 1 36
92 55 2 31
92 55 3 32
92 56 0 4
92 56 1 63
92 56 2 34
92 56 3 14
92 57 0 36
92 57 1 25
92 57 2 52
92 57 3 48
92 58 0 24
92 58 1 45
92 58 2 2
92 58 3 61
92 59 0 32
92 59 1 41
92 59 2 41
92 59 3 20
92 60 0 44
92 60 1 25
92 60 2 43
92 60 3 5
92 61 0 9
92 61 1 59
92 61 2 47
92 61 3 8
92 62 0 13
92 62 1 34
92 62 2 0
92 62 3 25
92 63 0 20
92 63 1 8
92 63 2 19
92 63 3 18
92 64 0 4
92 64 1 40
92 64 2 17
92 64 3 2
92 65 0 1
92 65 1 61
92 65 2 7
92 65 3 58
92 66 0 10
92 66 1 5
92 66 2 34
92 66 3 55
92 67 0 4
92 67 1 21
92 67 2 48
92 67 3 4
92 68 0 10
92 68 1 19
92 68 2 51
92 68 3 51
92 69 0 45
92 69 1 42
92 69 2 1
92 69 3 15
92 70 0 58
92 70 1 46
92 70 2 15
92 70 3 45
92 71 0 46
92 71 1 47
92 71 2 62
92 71 3 34
92 72 0 3
92 72 1 52
92 72 2 0
92 72 3 41
92 73 0 50
92 73 1 8
92 73 2 51
92 73 3 51
92 74 0 41
92 74 1 20
92 74 2 12
92 74 3 45
92 75 0 10
92 75 1 43
92 75 2 10
92 75 3 21
92 76 0 32
92 76 1 10
92 76 2 50
92 76 3 44
92 77 0 1
92 77 1 54
92 77 2 45
92 77 3 53
92 78 0 38
92 78 1 40
92 78 2 24
92 78 3 14
92 79 0 15
92 79 1 20
92 79 2 18
92 79 3 48
92 80 0 33
92 80 1 26
92 80 2 46
92 80 3 46
92 81 0 59
92 81 1 19
92 81 2 15
92 81 3 0
92 82 0 10
92 82 1 38
92 82 2 51
92 82 3 38
92 83 0 63
92 83 1 40
92 83 2 56
92 83 3 17
92 84 0 20
92 84 1 51
92 84 2 42
92 84 3 31
92 85 0 61
92 85 1 48
92 85 2 18
92 85 3 39
92 86 0 25
92 86 1 26
92 86 2 51
92 86 3 43
92 87 0 0
92 87 1 36
92 87 2 41
92 87 3 32
92 88 0 19
92 88 1 41
92 88 2 60
92 88 3 5
92 89 0 38
92 89 1 58
92 89 2 25
92 89 3 21
92 90 0 15
92 90 1 14
92 90 2 25
92 90 3 49
92 91 0 11
92 91 1 14
92 91 2 63
92 91 3 63
92 92 0 14
92 92 1 26
92 92 2 25
92 92 3 18
92 93 0 9
92 93 1 3
92 93 2 39
92 93 3 2
92 94 0 39
92 94 1 6
92 94 2 9
92 94 3 0
92 95 0 25
92 95 1 20
92 95 2 21
92 95 3 19
92 96 0 60
92 96 1 27
92 96 2 51
92 96 3 14
92 97 0 30
92 97 1 4
92 97 2 16
92 97 3 4
92 98 0 1
92 98 1 11
92 98 2 10
92 98 3 20
92 99 0 47
92 99 1 9
92 99 2 39
92 99 3 23
93 0 0 25
93 0 1 59
93 0 2 29
93 0 3 16
93 1 0 15
93 1 1 10
93 1 2 51
93 1 3 42
93 2 0 17
93 2 1 31
93 2 2 32
93 2 3 3
93 3 0 58
93 3 1 50
93 3 2 34
93 3 3 45
93 4 0 6
93 4 1 62
93 4 2 40
93 4 3 60
93 5 0 55
93 5 1 37
93 5 2 18
93 5 3 43
93 6 0 32
93 6 1 26
93 6 2 45
93 6 3 56
93 7 0 10
93 7 1 35
93 7 2 49
93 7 3 20
93 8 0 21
93 8 1 0
93 8 2 20
93 8 3 37
93 9 0 62
93 9 1 33
93 9 2 18
93 9 3 51
93 10 0 12
93 10 1 11
93 10 2 33
93 10 3 52
93 11 0 13
93 11 1 0
93 11 2 46
93 11 3 37
93 12 0 43
93 12 1 25
93 12 2 7
93 12 3 21
93 13 0 30
93 13 1 27
93 13 2 56
93 13 3 14
93 14 0 19
93 14 1 11
93 14 2 36
93 14 3 51
93 15 0 56
93 15 1 14
93 15 2 27
93 15 3 47
93 16 0 2
93 16 1 45
93 16 2 8
93 16 3 2
93 17 0 7
93 17 1 56
93 17 2 43
93 17 3 50
93 18 0 44
93 18 1 50
93 18 2 31
93 18 3 51
93 19 0 3
93 19 1 37
93 19 2 48
93 19 3 63
93 20 0 22
93 20 1 11
93 20 2 46
93 20 3 4
93 21 0 49
93 21 1 45
93 21 2 44
93 21 3 18
93 22 0 7
93 22 1 38
93 22 2 23
93 22 3 25
93 23 0 12
93 23 1 21
93 23 2 53
93 23 3 57
93 24 0 22
93 24 1 9
93 24 2 2
93 24 3 12
93 25 0 0
93 25 1 42
93 25 2 41
93 25 3 50
93 26 0 21
93 26 1 53
93 26 2 10
93 26 3 14
93 27 0 58
93 27 1 56
93 27 2 38
93 27 3 39
93 28 0 44
93 28 1 52
93 28 2 14
93 28 3 4
93 29 0 11
93 29 1 22
93 29 2 15
93 29 3 33
93 30 0 8
93 30 1 36
93 30 2 45
93 30 3 6
93 31 0 18
93 31 1 34
93 31 2 4
93 31 3 42
93 32 0 48
93 32 1 23
93 32 2 0
93 32 3 32
93 33 0 55
93 33 1 18
93 33 2 54
93 33 3 55
93 34 0 17
93 34 1 38
93 34 2 2
93 34 3 35
93 35 0 56
93 35 1 60
93 35 2 12
93 35 3 42
93 36 0 4
93 36 1 17
93 36 2 53
93 36 3 41
93 37 0 25
93 37 1 61
93 37 2 48
93 37 3 1
93 38 0 5
93 38 1 40
93 38 2 56
93 38 3 10
93 39 0 34
93 39 1 52
93 39 2 55
93 39 3 41
93 40 0 63
93 40 1 59
93 40 2 53
93 40 3 42
93 41 0 63
93 41 1 1
93 41 2 5
93 41 3 32
93 42 0 42
93 42 1 57
93 42 2 43
93 42 3 14
93 43 0 58
93 43 1 5
93 43 2 6
93 43 3 46
93 44 0 61
93 44 1 32
93 44 2 8
93 44 3 3
93 45 0 62
93 45 1 17
93 45 2 40
93 45 3 20
93 46 0 13
93 46 1 42
93 46 2 47
93 46 3 30
93 47 0 32
93 47 1 31
93 47 2 37
93 47 3 51
93 48 0 45
93 48 1 17
93 48 2 15
93 48 3 43
93 49 0 41
93 49 1 23
93 49 2 53
93 49 3 26
93 50 0 21
93 50 1 35
93 50 2 12
93 50 3 44
93 51 0 57
93 51 1 60
93 51 2 28
93 51 3 17
93 52 0 30
93 52 1 6
93 52 2 42
93 52 3 27
93 53 0 7
93 53 1 34
93 53 2 45
93 53 3 14
93 54 0 25
93 54 1 56
93 54 2 45
93 54 3 51
93 55 0 28
93 55 1 31
93 55 2 31
93 55 3 28
93 56 0 9
93 56 1 2
93 56 2 53
93 56 3 34
93 57 0 34
93 57 1 38
93 57 2 26
93 57 3 57
93 58 0 30
93 58 1 32
93 58 2 34
93 58 3 10
93 59 0 11
93 59 1 11
93 59 2 16
93 59 3 10
93 60 0 14
93 60 1 60
93 60 2 23
93 60 3 50
93 61 0 25
93 61 1 52
93 61 2 48
93 61 3 53
93 62 0 18
93 62 1 6
93 62 2 19
93 62 3 44
93 63 0 41
93 63 1 45
93 63 2 63
93 63 3 14
93 64 0 28
93 64 1 31
93 64 2 9
93 64 3 42
93 65 0 3
93 65 1 57
93 65 2 5
93 65 3 7
93 66 0 11
93 66 1 57
93 66 2 55
93 66 3 59
93 67 0 53
93 67 1 59
93 67 2 30
93 67 3 0
93 68 0 28
93 68 1 14
93 68 2 15
93 68 3 44
93 69 0 10
93 69 1 20
93 69 2 25
93 69 3 3
93 70 0 44
93 70 1 48
93 70 2 35
93 70 3 1
93 71 0 50
93 71 1 28
93 71 2 17
93 71 3 60
93 72 0 55
93 72 1 28
93 72 2 28
93 72 3 58
93 73 0 12
93 73 1 26
93 73 2 36
93 73 3 22
93 74 0 20
93 74 1 6
93 74 2 17
93 74 3 22
93 75 0 53
93 75 1 21
93 75 2 10
93 75 3 54
93 76 0 22
93 76 1 58
93 76 2 6
93 76 3 1
93 77 0 58
93 77 1 6
93 77 2 0
93 77 3 41
93 78 0 20
93 78 1 31
93 78 2 26
93 78 3 19
93 79 0 30
93 79 1 16
93 79 2 14
93 79 3 14
93 80 0 7
93 80 1 33
93 80 2 35
93 80 3 1
93 81 0 29
93 81 1 47
93 81 2 0
93 81 3 19
93 82 0 61
93 82 1 27
93 82 2 1
93 82 3 33
93 83 0 26
93 83 1 13
93 83 2 4
93 83 3 56
93 84 0 52
93 84 1 43
93 84 2 1
93 84 3 55
93 85 0 30
93 85 1 30
93 85 2 56
93 85 3 27
93 86 0 15
93 86 1 15
93 86 2 59
93 86 3 34
93 87 0 37
93 87 1 37
93 87 2 14
93 87 3 26
93 88 0 60
93 88 1 9
93 88 2 60
93 88 3 17
93 89 0 18
93 89 1 0
93 89 2 42
93 89 3 20
93 90 0 29
93 90 1 37
93 90 2 40
93 90 3 61
93 91 0 35
93 91 1 11
93 91 2 45
93 91 3 3
93 92 0 53
93 92 1 18
93 92 2 46
93 92 3 10
93 93 0 26
93 93 1 44
93 93 2 39
93 93 3 0
93 94 0 2
93 94 1 62
93 94 2 33
93 94 3 54
93 95 0 4
93 95 1 31
93 95 2 36
93 95 3 58
93 96 0 45
93 96 1 40
93 96 2 18
93 96 3 63
93 97 0 20
93 97 1 17
93 97 2 46
93 97 3 63
93 98 0 54
93 98 1 11
93 98 2 52
93 98 3 22
93 99 0 14
93 99 1 59
93 99 2 60
93 99 3 23
94 0 0 1
94 0 1 13
94 0 2 34
94 0 3 3
94 1 0 14
94 1 1 9
94 1 2 60
94 1 3 22
94 2 0 24
94 2 1 26
94 2 2 0
94 2 3 34
94 3 0 58
94 3 1 52
94 3 2 16
94 3 3 0
94 4 0 49
94 4 1 53
94 4 2 58
94 4 3 36
94 5 0 30
94 5 1 48
94 5 2 44
94 5 3 48
94 6 0 18
94 6 1 57
94 6 2 2
94 6 3 5
94 7 0 41
94 7 1 36
94 7 2 35
94 7 3 58
94 8 0 55
94 8 1 46
94 8 2 10
94 8 3 6
94 9 0 8
94 9 1 39
94 9 2 45
94 9 3 51
94 10 0 6
94 10 1 17
94 10 2 21
94 10 3 40
94 11 0 2
94 11 1 53
94 11 2 5
94 11 3 33
94 12 0 59
94 12 1 12
94 12 2 43
94 12 3 35
94 13 0 52
94 13 1 37
94 13 2 54
94 13 3 25
94 14 0 10
94 14 1 43
94 14 2 61
94 14 3 27
94 15 0 52
94 15 1 56
94 15 2 41
94 15 3 50
94 16 0 36
94 16 1 51
94 16 2 21
94 16 3 33
94 17 0 4
94 17 1 12
94 17 2 37
94 17 3 46
94 18 0 1
94 18 1 4
94 18 2 0
94 18 3 33
94 19 0 21
94 19 1 3
94 19 2 50
94 19 3 33
94 20 0 0
94 20 1 43
94 20 2 58
94 20 3 26
94 21 0 60
94 21 1 26
94 21 2 4
94 21 3 7
94 22 0 4
94 22 1 19
94 22 2 24
94 22 3 28
94 23 0 30
94 23 1 55
94 23 2 0
94 23 3 57
94 24 0 15
94 24 1 61
94 24 2 8
94 24 3 6
94 25 0 7
94 25 1 18
94 25 2 60
94 25 3 29
94 26 0 10
94 26 1 41
94 26 2 32
94 26 3 44
94 27 0 47
94 27 1 50
94 27 2 9
94 27 3 31
94 28 0 40
94 28 1 35
94 28 2 62
94 28 3 61
94 29 0 51
94 29 1 15
94 29 2 33
94 29 3 51
94 30 0 17
94 30 1 45
94 30 2 15
94 30 3 8
94 31 0 15
94 31 1 59
94 31 2 63
94 31 3 54
94 32 0 17
94 32 1 49
94 32 2 13
94 32 3 8
94 33 0 16
94 33 1 8
94 33 2 40
94 33 3 43
94 34 0 2
94 34 1 6
94 34 2 30
94 34 3 7
94 35 0 53
94 35 1 25
94 35 2 26
94 35 3 0
94 36 0 44
94 36 1 46
94 36 2 48
94 36 3 34
94 37 0 17
94 37 1 5
94 37 2 20
94 37 3 34
94 38 0 7
94 38 1 3
94 38 2 13
94 38 3 4
94 39 0 0
94 39 1 31
94 39 2 47
94 39 3 31
94 40 0 5
94 40 1 21
94 40 2 2
94 40 3 39
94 41 0 14
94 41 1 24
94 41 2 57
94 41 3 37
94 42 0 48
94 42 1 22
94 42 2 59
94 42 3 45
94 43 0 33
94 43 1 37
94 43 2 39
94 43 3 10
94 44 0 16
94 44 1 43
94 44 2 28
94 44 3 50
94 45 0 33
94 45 1 4
94 45 2 42
94 45 3 39
94 46 0 23
94 46 1 50
94 46 2 22
94 46 3 7
94 47 0 7
94 47 1 57
94 47 2 24
94 47 3 26
94 48 0 19
94 48 1 47
94 48 2 38
94 48 3 57
94 49 0 57
94 49 1 63
94 49 2 21
94 49 3 37
94 50 0 22
94 50 1 45
94 50 2 47
94 50 3 16
94 51 0 55
94 51 1 18
94 51 2 62
94 51 3 54
94 52 0 1
94 52 1 25
94 52 2 24
94 52 3 52
94 53 0 46
94 53 1 3
94 53 2 53
94 53 3 13
94 54 0 23
94 54 1 10
94 54 2 10
94 54 3 33
94 55 0 5
94 55 1 5
94 55 2 50
94 55 3 22
94 56 0 41
94 56 1 63
94 56 2 3
94 56 3 50
94 57 0 7
94 57 1 48
94 57 2 19
94 57 3 8
94 58 0 14
94 58 1 23
94 58 2 46
94 58 3 43
94 59 0 46
94 59 1 1
94 59 2 62
94 59 3 27
94 60 0 7
94 60 1 59
94 60 2 50
94 60 3 5
94 61 0 27
94 61 1 58
94 61 2 43
94 61 3 12
94 62 0 44
94 62 1 12
94 62 2 22
94 62 3 12
94 63 0 44
94 63 1 59
94 63 2 2
94 63 3 38
94 64 0 15
94 64 1 48
94 64 2 8
94 64 3 23
94 65 0 13
94 65 1 55
94 65 2 5
94 65 3 37
94 66 0 7
94 66 1 38
94 66 2 49
94 66 3 48
94 67 0 2
94 67 1 49
94 67 2 18
94 67 3 43
94 68 0 61
94 68 1 7
94 68 2 23
94 68 3 55
94 69 0 9
94 69 1 16
94 69 2 35
94 69 3 63
94 70 0 18
94 70 1 24
94 70 2 50
94 70 3 7
94 71 0 20
94 71 1 20
94 71 2 25
94 71 3 36
94 72 0 14
94 72 1 25
94 72 2 58
94 72 3 53
94 73 0 61
94 73 1 43
94 73 2 37
94 73 3 13
94 74 0 10
94 74 1 34
94 74 2 25
94 74 3 50
94 75 0 0
94 75 1 57
94 75 2 10
94 75 3 25
94 76 0 22
94 76 1 59
94 76 2 46
94 76 3 2
94 77 0 54
94 77 1 43
94 77 2 4
94 77 3 50
94 78 0 2
94 78 1 27
94 78 2 10
94 78 3 0
94 79 0 35
94 79 1 43
94 79 2 30
94 79 3 21
94 80 0 32
94 80 1 9
94 80 2 3
94 80 3 10
94 81 0 3
94 81 1 49
94 81 2 38
94 81 3 11
94 82 0 36
94 82 1 30
94 82 2 7
94 82 3 62
94 83 0 60
94 83 1 48
94 83 2 51
94 83 3 35
94 84 0 51
94 84 1 33
94 84 2 10
94 84 3 10
94 85 0 54
94 85 1 28
94 85 2 46
94 85 3 9
94 86 0 28
94 86 1 5
94 86 2 14
94 86 3 6
94 87 0 13
94 87 1 38
94 87 2 0
94 87 3 12
94 88 0 44
94 88 1 9
94 88 2 35
94 88 3 55
94 89 0 49
94 89 1 7
94 89 2 9
94 89 3 45
94 90 0 22
94 90 1 26
94 90 2 30
94 90 3 37
94 91 0 28
94 91 1 1
94 91 2 6
94 91 3 0
94 92 0 16
94 92 1 52
94 92 2 62
94 92 3 30
94 93 0 1
94 93 1 4
94 93 2 52
94 93 3 21
94 94 0 56
94 94 1 32
94 94 2 56
94 94 3 8
94 95 0 54
94 95 1 34
94 95 2 28
94 95 3 33
94 96 0 20
94 96 1 38
94 96 2 49
94 96 3 51
94 97 0 62
94 97 1 26
94 97 2 49
94 97 3 56
94 98 0 1
94 98 1 30
94 98 2 44
94 98 3 29
94 99 0 6
94 99 1 41
94 99 2 25
94 99 3 39
95 0 0 0
95 0 1 0
95 0 2 38
95 0 3 62
95 1 0 40
95 1 1 60
95 1 2 54
95 1 3 18
95 2 0 6
95 2 1 35
95 2 2 39
95 2 3 49
95 3 0 33
95 3 1 58
95 3 2 54
95 3 3 37
95 4 0 35
95 4 1 1
95 4 2 49
95 4 3 43
95 5 0 57
95 5 1 5
95 5 2 9
95 5 3 42
95 6 0 31
95 6 1 37
95 6 2 27
95 6 3 41
95 7 0 42
95 7 1 12
95 7 2 48
95 7 3 31
95 8 0 36
95 8 1 39
95 8 2 47
95 8 3 19
95 9 0 0
95 9 1 11
95 9 2 61
95 9 3 14
95 10 0 15
95 10 1 54
95 10 2 15
95 10 3 29
95 11 0 23
95 11 1 42
95 11 2 38
95 11 3 32
95 12 0 32
95 12 1 53
95 12 2 37
95 12 3 32
95 13 0 56
95 13 1 5
95 13 2 53
95 13 3 12
95 14 0 21
95 14 1 0
95 14 2 36
95 14 3 53
95 15 0 24
95 15 1 42
95 15 2 25
95 15 3 48
95 16 0 63
95 16 1 45
95 16 2 21
95 16 3 52
95 17 0 2
95 17 1 63
95 17 2 53
95 17 3 41
95 18 0 39
95 18 1 16
95 18 2 27
95 18 3 6
95 19 0 21
95 19 1 37
95 19 2 23
95 19 3 49
95 20 0 54
95 20 1 35
95 20 2 21
95 20 3 19
95 21 0 34
95 21 1 46
95 21 2 8
95 21 3 28
95 22 0 28
95 22 1 18
95 22 2 15
95 22 3 53
95 23 0 27
95 23 1 36
95 23 2 2
95 23 3 18
95 24 0 14
95 24 1 21
95 24 2 53
95 24 3 36
95 25 0 57
95 25 1 27
95 25 2 49
95 25 3 10
95 26 0 52
95 26 1 39
95 26 2 2
95 26 3 44
95 27 0 30
95 27 1 0
95 27 2 54
95 27 3 34
95 28 0 38
95 28 1 36
95 28 2 5
95 28 3 21
95 29 0 44
95 29 1 21
95 29 2 56
95 29 3 20
95 30 0 29
95 30 1 28
95 30 2 1
95 30 3 51
95 31 0 8
95 31 1 30
95 31 2 58
95 31 3 63
95 32 0 14
95 32 1 24
95 32 2 36
95 32 3 44
95 33 0 16
95 33 1 35
95 33 2 53
95 33 3 48
95 34 0 52
95 34 1 56
95 34 2 55
95 34 3 32
95 35 0 62
95 35 1 31
95 35 2 45
95 35 3 60
95 36 0 2
95 36 1 59
95 36 2 52
95 36 3 63
95 37 0 49
95 37 1 10
95 37 2 19
95 37 3 0
95 38 0 38
95 38 1 27
95 38 2 30
95 38 3 46
95 39 0 52
95 39 1 4
95 39 2 58
95 39 3 23
95 40 0 48
95 40 1 37
95 40 2 28
95 40 3 13
95 41 0 12
95 41 1 46
95 41 2 20
95 41 3 14
95 42 0 0
95 42 1 53
95 42 2 25
95 42 3 22
95 43 0 23
95 43 1 38
95 43 2 30
95 43 3 34
95 44 0 17
95 44 1 18
95 44 2 55
95 44 3 28
95 45 0 62
95 45 1 54
95 45 2 45
95 45 3 35
95 46 0 53
95 46 1 3
95 46 2 31
95 46 3 45
95 47 0 6
95 47 1 11
95 47 2 4
95 47 3 31
95 48 0 34
95 48 1 29
95 48 2 3
95 48 3 31
95 49 0 56
95 49 1 1
95 49 2 49
95 49 3 17
95 50 0 4
95 50 1 3
95 50 2 0
95 50 3 26
95 51 0 31
95 51 1 39
95 51 2 5
95 51 3 41
95 52 0 47
95 52 1 4
95 52 2 43
95 52 3 7
95 53 0 28
95 53 1 42
95 53 2 55
95 53 3 33
95 54 0 27
95 54 1 53
95 54 2 13
95 54 3 13
95 55 0 29
95 55 1 7
95 55 2 1
95 55 3 23
95 56 0 9
95 56 1 40
95 56 2 35
95 56 3 31
95 57 0 31
95 57 1 6
95 57 2 25
95 57 3 4
95 58 0 22
95 58 1 43
95 58 2 63
95 58 3 19
95 59 0 16
95 59 1 42
95 59 2 58
95 59 3 18
95 60 0 53
95 60 1 20
95 60 2 40
95 60 3 13
95 61 0 16
95 61 1 62
95 61 2 24
95 61 3 1
95 62 0 49
95 62 1 8
95 62 2 7
95 62 3 53
95 63 0 22
95 63 1 8
95 63 2 62
95 63 3 17
95 64 0 40
95 64 1 16
95 64 2 37
95 64 3 44
95 65 0 48
95 65 1 26
95 65 2 39
95 65 3 53
95 66 0 53
95 66 1 47
95 66 2 25
95 66 3 33
95 67 0 61
95 67 1 15
95 67 2 44
95 67 3 50
95 68 0 30
95 68 1 55
95 68 2 27
95 68 3 53
95 69 0 41
95 69 1 3
95 69 2 52
95 69 3 44
95 70 0 14
95 70 1 45
95 70 2 32
95 70 3 60
95 71 0 19
95 71 1 16
95 71 2 3
95 71 3 50
95 72 0 63
95 72 1 44
95 72 2 23
95 72 3 56
95 73 0 16
95 73 1 44
95 73 2 38
95 73 3 54
95 74 0 62
95 74 1 23
95 74 2 6
95 74 3 10
95 75 0 47
95 75 1 23
95 75 2 8
95 75 3 52
95 76 0 41
95 76 1 8
95 76 2 45
95 76 3 40
95 77 0 63
95 77 1 63
95 77 2 62
95 77 3 57
95 78 0 50
95 78 1 42
95 78 2 34
95 78 3 50
95 79 0 61
95 79 1 7
95 79 2 8
95 79 3 31
95 80 0 18
95 80 1 34
95 80 2 19
95 80 3 50
95 81 0 57
95 81 1 18
95 81 2 49
95 81 3 6
95 82 0 50
95 82 1 44
95 82 2 45
95 82 3 31
95 83 0 6
95 83 1 53
95 83 2 7
95 83 3 30
95 84 0 11
95 84 1 54
95 84 2 36
95 84 3 32
95 85 0 20
95 85 1 50
95 85 2 13
95 85 3 46
95 86 0 62
95 86 1 17
95 86 2 43
95 86 3 19
95 87 0 59
95 87 1 57
95 87 2 20
95 87 3 14
95 88 0 5
95 88 1 44
95 88 2 58
95 88 3 9
95 89 0 52
95 89 1 48
95 89 2 30
95 89 3 14
95 90 0 41
95 90 1 38
95 90 2 51
95 90 3 36
95 91 0 3
95 91 1 13
95 91 2 24
95 91 3 31
95 92 0 22
95 92 1 56
95 92 2 17
95 92 3 43
95 93 0 23
95 93 1 63
95 93 2 58
95 93 3 50
95 94 0 48
95 94 1 41
95 94 2 37
95 94 3 36
95 95 0 1
95 95 1 59
95 95 2 62
95 95 3 33
95 96 0 55
95 96 1 25
95 96 2 7
95 96 3 53
95 97 0 32
95 97 1 60
95 97 2 13
95 97 3 30
95 98 0 42
95 98 1 8
95 98 2 63
95 98 3 38
95 99 0 10
95 99 1 47
95 99 2 56
95 99 3 23
96 0 0 39
96 0 1 47
96 0 2 9
96 0 3 33
96 1 0 35
96 1 1 19
96 1 2 19
96 1 3 40
96 2 0 48
96 2 1 24
96 2 2 9
96 2 3 50
96 3 0 11
96 3 1 0
96 3 2 20
96 3 3 52
96 4 0 48
96 4 1 19
96 4 2 33
96 4 3 61
96 5 0 46
96 5 1 48
96 5 2 5
96 5 3 15
96 6 0 6
96 6 1 62
96 6 2 21
96 6 3 31
96 7 0 35
96 7 1 33
96 7 2 3
96 7 3 58
96 8 0 24
96 8 1 58
96 8 2 48
96 8 3 44
96 9 0 44
96 9 1 62
96 9 2 19
96 9 3 21
96 10 0 42
96 10 1 14
96 10 2 51
96 10 3 1
96 11 0 57
96 11 1 22
96 11 2 0
96 11 3 38
96 12 0 17
96 12 1 19
96 12 2 30
96 12 3 37
96 13 0 8
96 13 1 3
96 13 2 29
96 13 3 22
96 14 0 37
96 14 1 47
96 14 2 39
96 14 3 6
96 15 0 63
96 15 1 45
96 15 2 3
96 15 3 48
96 16 0 56
96 16 1 36
96 16 2 53
96 16 3 56
96 17 0 61
96 17 1 61
96 17 2 12
96 17 3 2
96 18 0 41
96 18 1 43
96 18 2 36
96 18 3 15
96 19 0 60
96 19 1 26
96 19 2 47
96 19 3 39
96 20 0 57
96 20 1 45
96 20 2 40
96 20 3 53
96 21 0 3
96 21 1 45
96 21 2 37
96 21 3 49
96 22 0 14
96 22 1 38
96 22 2 18
96 22 3 7
96 23 0 36
96 23 1 1
96 23 2 5
96 23 3 33
96 24 0 57
96 24 1 45
96 24 2 0
96 24 3 6
96 25 0 27
96 25 1 27
96 25 2 2
96 25 3 16
96 26 0 8
96 26 1 36
96 26 2 42
96 26 3 24
96 27 0 36
96 27 1 12
96 27 2 54
96 27 3 0
96 28 0 32
96 28 1 20
96 28 2 28
96 28 3 33
96 29 0 41
96 29 1 59
96 29 2 35
96 29 3 14
96 30 0 33
96 30 1 32
96 30 2 55
96 30 3 36
96 31 0 55
96 31 1 41
96 31 2 36
96 31 3 21
96 32 0 16
96 32 1 6
96 32 2 35
96 32 3 58
96 33 0 0
96 33 1 60
96 33 2 55
96 33 3 28
96 34 0 20
96 34 1 37
96 34 2 54
96 34 3 1
96 35 0 28
96 35 1 3
96 35 2 41
96 35 3 4
96 36 0 20
96 36 1 47
96 36 2 48
96 36 3 14
96 37 0 32
96 37 1 11
96 37 2 37
96 37 3 0
96 38 0 52
96 38 1 1
96 38 2 38
96 38 3 25
96 39 0 14
96 39 1 34
96 39 2 9
96 39 3 37
96 40 0 41
96 40 1 29
96 40 2 23
96 40 3 29
96 41 0 61
96 41 1 48
96 41 2 0
96 41 3 18
96 42 0 1
96 42 1 15
96 42 2 49
96 42 3 54
96 43 0 29
96 43 1 44
96 43 2 23
96 43 3 30
96 44 0 53
96 44 1 17
96 44 2 20
96 44 3 8
96 45 0 13
96 45 1 2
96 45 2 52
96 45 3 54
96 46 0 26
96 46 1 37
96 46 2 15
96 46 3 2
96 47 0 33
96 47 1 10
96 47 2 54
96 47 3 17
96 48 0 47
96 48 1 16
96 48 2 8
96 48 3 35
96 49 0 11
96 49 1 25
96 49 2 18
96 49 3 56
96 50 0 32
96 50 1 46
96 50 2 37
96 50 3 58
96 51 0 28
96 51 1 55
96 51 2 57
96 51 3 58
96 52 0 44
96 52 1 62
96 52 2 47
96 52 3 19
96 53 0 10
96 53 1 13
96 53 2 36
96 53 3 10
96 54 0 15
96 54 1 40
96 54 2 21
96 54 3 43
96 55 0 63
96 55 1 5
96 55 2 41
96 55 3 52
96 56 0 8
96 56 1 50
96 56 2 32
96 56 3 40
96 57 0 3
96 57 1 27
96 57 2 23
96 57 3 9
96 58 0 48
96 58 1 32
96 58 2 56
96 58 3 10
96 59 0 46
96 59 1 38
96 59 2 41
96 59 3 19
96 60 0 44
96 60 1 15
96 60 2 48
96 60 3 28
96 61 0 30
96 61 1 37
96 61 2 5
96 61 3 23
96 62 0 13
96 62 1 61
96 62 2 26
96 62 3 0
96 63 0 1
96 63 1 58
96 63 2 10
96 63 3 0
96 64 0 13
96 64 1 13
96 64 2 5
96 64 3 63
96 65 0 3
96 65 1 46
96 65 2 53
96 65 3 41
96 66 0 8
96 66 1 46
96 66 2 21
96 66 3 26
96 67 0 16
96 67 1 50
96 67 2 37
96 67 3 9
96 68 0 26
96 68 1 50
96 68 2 60
96 68 3 60
96 69 0 8
96 69 1 54
96 69 2 36
96 69 3 47
96 70 0 24
96 70 1 41
96 70 2 16
96 70 3 33
96 71 0 14
96 71 1 25
96 71 2 26
96 71 3 55
96 72 0 40
96 72 1 41
96 72 2 18
96 72 3 27
96 73 0 30
96 73 1 50
96 73 2 11
96 73 3 3
96 74 0 32
96 74 1 52
96 74 2 46
96 74 3 51
96 75 0 25
96 75 1 14
96 75 2 42
96 75 3 2
96 76 0 57
96 76 1 45
96 76 2 32
96 76 3 12
96 77 0 16
96 77 1 63
96 77 2 0
96 77 3 0
96 78 0 22
96 78 1 14
96 78 2 43
96 78 3 2
96 79 0 50
96 79 1 50
96 79 2 14
96 79 3 37
96 80 0 42
96 80 1 54
96 80 2 46
96 80 3 61
96 81 0 7
96 81 1 39
96 81 2 49
96 81 3 14
96 82 0 13
96 82 1 5
96 82 2 63
96 82 3 55
96 83 0 7
96 83 1 15
96 83 2 29
96 83 3 57
96 84 0 52
96 84 1 56
96 84 2 53
96 84 3 40
96 85 0 18
96 85 1 38
96 85 2 31
96 85 3 60
96 86 0 28
96 86 1 48
96 86 2 11
96 86 3 43
96 87 0 29
96 87 1 27
96 87 2 48
96 87 3 30
96 88 0 3
96 88 1 24
96 88 2 61
96 88 3 60
96 89 0 39
96 89 1 40
96 89 2 16
96 89 3 49
96 90 0 38
96 90 1 2
96 90 2 60
96 90 3 54
96 91 0 5
96 91 1 26
96 91 2 47
96 91 3 47
96 92 0 10
96 92 1 2
96 92 2 63
96 92 3 57
96 93 0 47
96 93 1 42
96 93 2 43
96 93 3 29
96 94 0 43
96 94 1 19
96 94 2 5
96 94 3 19
96 95 0 18
96 95 1 19
96 95 2 30
96 95 3 8
96 96 0 26
96 96 1 29
96 96 2 12
96 96 3 29
96 97 0 43
96 97 1 26
96 97 2 0
96 97 3 44
96 98 0 37
96 98 1 26
96 98 2 1
96 98 3 5
96 99 0 5
96 99 1 54
96 99 2 19
96 99 3 27
97 0 0 44
97 0 1 41
97 0 2 4
97 0 3 59
97 1 0 16
97 1 1 49
97 1 2 53
97 1 3 34
97 2 0 10
97 2 1 34
97 2 2 15
97 2 3 54
97 3 0 48
97 3 1 52
97 3 2 53
97 3 3 11
97 4 0 1
97 4 1 40
97 4 2 39
97 4 3 55
97 5 0 40
97 5 1 51
97 5 2 22
97 5 3 7
97 6 0 2
97 6 1 27
97 6 2 0
97 6 3 33
97 7 0 25
97 7 1 16
97 7 2 37
97 7 3 43
97 8 0 2
97 8 1 30
97 8 2 60
97 8 3 19
97 9 0 49
97 9 1 21
97 9 2 17
97 9 3 54
97 10 0 22
97 10 1 55
97 10 2 41
97 10 3 51
97 11 0 52
97 11 1 58
97 11 2 35
97 11 3 60
97 12 0 3
97 12 1 31
97 12 2 25
97 12 3 6
97 13 0 55
97 13 1 51
97 13 2 47
97 13 3 40
97 14 0 38
97 14 1 24
97 14 2 43
97 14 3 62
97 15 0 16
97 15 1 21
97 15 2 6
97 15 3 58
97 16 0 33
97 16 1 37
97 16 2 17
97 16 3 2
97 17 0 51
97 17 1 55
97 17 2 21
97 17 3 48
97 18 0 36
97 18 1 41
97 18 2 11
97 18 3 39
97 19 0 10
97 19 1 14
97 19 2 22
97 19 3 13
97 20 0 58
97 20 1 1
97 20 2 57
97 20 3 9
97 21 0 55
97 21 1 21
97 21 2 58
97 21 3 34
97 22 0 31
97 22 1 8
97 22 2 27
97 22 3 35
97 23 0 62
97 23 1 16
97 23 2 5
97 23 3 16
97 24 0 15
97 24 1 60
97 24 2 9
97 24 3 63
97 25 0 7
97 25 1 51
97 25 2 26
97 25 3 3
97 26 0 39
97 26 1 46
97 26 2 53
97 26 3 11
97 27 0 39
97 27 1 36
97 27 2 28
97 27 3 57
97 28 0 27
97 28 1 24
97 28 2 33
97 28 3 59
97 29 0 55
97 29 1 45
97 29 2 5
97 29 3 19
97 30 0 0
97 30 1 6
97 30 2 53
97 30 3 52
97 31 0 6
97 31 1 29
97 31 2 17
97 31 3 4
97 32 0 24
97 32 1 6
97 32 2 47
97 32 3 61
97 33 0 27
97 33 1 15
97 33 2 31
97 33 3 61
97 34 0 10
97 34 1 43
97 34 2 5
97 34 3 19
97 35 0 28
97 35 1 24
97 35 2 11
97 35 3 49
97 36 0 43
97 36 1 27
97 36 2 26
97 36 3 4
97 37 0 42
97 37 1 14
97 37 2 19
97 37 3 55
97 38 0 41
97 38 1 44
97 38 2 16
97 38 3 32
97 39 0 0
97 39 1 15
97 39 2 51
97 39 3 30
97 40 0 40
97 40 1 50
97 40 2 59
97 40 3 5
97 41 0 37
97 41 1 63
97 41 2 12
97 41 3 55
97 42 0 37
97 42 1 20
97 42 2 50
97 42 3 55
97 43 0 9
97 43 1 43
97 43 2 59
97 43 3 42
97 44 0 35
97 44 1 8
97 44 2 28
97 44 3 57
97 45 0 51
97 45 1 28
97 45 2 19
97 45 3 51
97 46 0 61
97 46 1 19
97 46 2 51
97 46 3 19
97 47 0 52
97 47 1 61
97 47 2 42
97 47 3 31
97 48 0 20
97 48 1 3
97 48 2 3
97 48 3 53
97 49 0 42
97 49 1 14
97 49 2 35
97 49 3 56
97 50 0 41
97 50 1 58
97 50 2 7
97 50 3 4
97 51 0 42
97 51 1 37
97 51 2 44
97 51 3 62
97 52 0 6
97 52 1 59
97 52 2 3
97 52 3 33
97 53 0 53
97 53 1 43
97 53 2 14
97 53 3 38
97 54 0 57
97 54 1 13
97 54 2 59
97 54 3 41
97 55 0 5
97 55 1 21
97 55 2 55
97 55 3 21
97 56 0 60
97 56 1 26
97 56 2 21
97 56 3 54
97 57 0 50
97 57 1 15
97 57 2 49
97 57 3 16
97 58 0 57
97 58 1 0
97 58 2 42
97 58 3 9
97 59 0 43
97 59 1 62
97 59 2 42
97 59 3 27
97 60 0 52
97 60 1 12
97 60 2 34
97 60 3 61
97 61 0 22
97 61 1 1
97 61 2 28
97 61 3 30
97 62 0 51
97 62 1 51
97 62 2 21
97 62 3 49
97 63 0 9
97 63 1 12
97 63 2 38
97 63 3 45
97 64 0 51
97 64 1 39
97 64 2 8
97 64 3 43
97 65 0 27
97 65 1 17
97 65 2 21
97 65 3 51
97 66 0 11
97 66 1 35
97 66 2 5
97 66 3 46
97 67 0 9
97 67 1 60
97 67 2 56
97 67 3 54
97 68 0 22
97 68 1 50
97 68 2 8
97 68 3 18
97 69 0 8
97 69 1 3
97 69 2 23
97 69 3 36
97 70 0 55
97 70 1 2
97 70 2 26
97 70 3 45
97 71 0 12
97 71 1 47
97 71 2 36
97 71 3 36
97 72 0 7
97 72 1 10
97 72 2 56
97 72 3 56
97 73 0 28
97 73 1 38
97 73 2 34
97 73 3 32
97 74 0 45
97 74 1 36
97 74 2 8
97 74 3 5
97 75 0 54
97 75 1 47
97 75 2 12
97 75 3 3
97 76 0 14
97 76 1 37
97 76 2 37
97 76 3 10
97 77 0 11
97 77 1 13
97 77 2 28
97 77 3 14
97 78 0 29
97 78 1 0
97 78 2 59
97 78 3 57
97 79 0 21
97 79 1 51
97 79 2 34
97 79 3 2
97 80 0 18
97 80 1 3
97 80 2 45
97 80 3 50
97 81 0 39
97 81 1 0
97 81 2 15
97 81 3 30
97 82 0 9
97 82 1 6
97 82 2 19
97 82 3 37
97 83 0 5
97 83 1 63
97 83 2 29
97 83 3 11
97 84 0 1
97 84 1 61
97 84 2 38
97 84 3 55
97 85 0 49
97 85 1 63
97 85 2 56
97 85 3 49
97 86 0 54
97 86 1 54
97 86 2 16
97 86 3 38
97 87 0 63
97 87 1 55
97 87 2 6
97 87 3 7
97 88 0 12
97 88 1 47
97 88 2 25
97 88 3 40
97 89 0 8
97 89 1 3
97 89 2 49
97 89 3 18
97 90 0 2
97 90 1 13
97 90 2 20
97 90 3 25
97 91 0 57
97 91 1 12
97 91 2 38
97 91 3 17
97 92 0 31
97 92 1 18
97 92 2 22
97 92 3 38
97 93 0 37
97 93 1 8
97 93 2 10
97 93 3 15
97 94 0 57
97 94 1 20
97 94 2 36
97 94 3 28
97 95 0 22
97 95 1 2
97 95 2 28
97 95 3 63
97 96 0 60
97 96 1 19
97 96 2 34
97 96 3 18
97 97 0 58
97 97 1 35
97 97 2 58
97 97 3 54
97 98 0 20
97 98 1 29
97 98 2 36
97 98 3 15
97 99 0 53
97 99 1 36
97 99 2 13
97 99 3 30
98 0 0 52
98 0 1 27
98 0 2 45
98 0 3 62
98 1 0 21
98 1 1 63
98 1 2 26
98 1 3 35
98 2 0 49
98 2 1 4
98 2 2 44
98 2 3 36
98 3 0 41
98 3 1 60
98 3 2 31
98 3 3 59
98 4 0 36
98 4 1 13
98 4 2 41
98 4 3 12
98 5 0 57
98 5 1 9
98 5 2 31
98 5 3 52
98 6 0 0
98 6 1 31
98 6 2 32
98 6 3 21
98 7 0 43
98 7 1 20
98 7 2 23
98 7 3 17
98 8 0 39
98 8 1 56
98 8 2 11
98 8 3 26
98 9 0 14
98 9 1 15
98 9 2 62
98 9 3 45
98 10 0 60
98 10 1 40
98 10 2 42
98 10 3 45
98 11 0 41
98 11 1 52
98 11 2 20
98 11 3 6
98 12 0 31
98 12 1 0
98 12 2 3
98 12 3 3
98 13 0 4
98 13 1 45
98 13 2 38
98 13 3 59
98 14 0 18
98 14 1 21
98 14 2 31
98 14 3 49
98 15 0 59
98 15 1 46
98 15 2 32
98 15 3 62
98 16 0 11
98 16 1 30
98 16 2 15
98 16 3 10
98 17 0 25
98 17 1 48
98 17 2 20
98 17 3 52
98 18 0 39
98 18 1 45
98 18 2 15
98 18 3 55
98 19 0 13
98 19 1 23
98 19 2 50
98 19 3 44
98 20 0 19
98 20 1 16
98 20 2 27
98 20 3 28
98 21 0 3
98 21 1 15
98 21 2 9
98 21 3 9
98 22 0 22
98 22 1 2
98 22 2 43
98 22 3 42
98 23 0 14
98 23 1 56
98 23 2 37
98 23 3 20
98 24 0 12
98 24 1 27
98 24 2 61
98 24 3 0
98 25 0 1
98 25 1 26
98 25 2 58
98 25 3 18
98 26 0 47
98 26 1 36
98 26 2 12
98 26 3 58
98 27 0 10
98 27 1 32
98 27 2 42
98 27 3 43
98 28 0 54
98 28 1 45
98 28 2 42
98 28 3 9
98 29 0 19
98 29 1 22
98 29 2 23
98 29 3 7
98 30 0 6
98 30 1 28
98 30 2 46
98 30 3 56
98 31 0 60
98 31 1 30
98 31 2 57
98 31 3 29
98 32 0 30
98 32 1 13
98 32 2 40
98 32 3 19
98 33 0 31
98 33 1 59
98 33 2 34
98 33 3 19
98 34 0 42
98 34 1 46
98 34 2 38
98 34 3 2
98 35 0 14
98 35 1 8
98 35 2 61
98 35 3 19
98 36 0 30
98 36 1 57
98 36 2 63
98 36 3 14
98 37 0 55
98 37 1 46
98 37 2 39
98 37 3 10
98 38 0 44
98 38 1 39
98 38 2 28
98 38 3 37
98 39 0 13
98 39 1 39
98 39 2 9
98 39 3 18
98 40 0 31
98 40 1 10
98 40 2 58
98 40 3 56
98 41 0 30
98 41 1 36
98 41 2 18
98 41 3 13
98 42 0 61
98 42 1 26
98 42 2 61
98 42 3 4
98 43 0 6
98 43 1 30
98 43 2 50
98 43 3 27
98 44 0 53
98 44 1 8
98 44 2 54
98 44 3 28
98 45 0 18
98 45 1 40
98 45 2 49
98 45 3 59
98 46 0 5
98 46 1 45
98 46 2 20
98 46 3 32
98 47 0 29
98 47 1 49
98 47 2 25
98 47 3 17
98 48 0 31
98 48 1 42
98 48 2 54
98 48 3 0
98 49 0 36
98 49 1 4
98 49 2 39
98 49 3 39
98 50 0 54
98 50 1 12
98 50 2 50
98 50 3 44
98 51 0 42
98 51 1 40
98 51 2 35
98 51 3 4
98 52 0 52
98 52 1 25
98 52 2 6
98 52 3 39
98 53 0 60
98 53 1 45
98 53 2 15
98 53 3 52
98 54 0 54
98 54 1 21
98 54 2 33
98 54 3 53
98 55 0 10
98 55 1 22
98 55 2 29
98 55 3 0
98 56 0 10
98 56 1 39
98 56 2 16
98 56 3 15
98 57 0 18
98 57 1 7
98 57 2 40
98 57 3 16
98 58 0 41
98 58 1 52
98 58 2 30
98 58 3 58
98 59 0 12
98 59 1 61
98 59 2 20
98 59 3 19
98 60 0 62
98 60 1 29
98 60 2 47
98 60 3 51
98 61 0 28
98 61 1 20
98 61 2 31
98 61 3 24
98 62 0 26
98 62 1 15
98 62 2 58
98 62 3 36
98 63 0 50
98 63 1 42
98 63 2 22
98 63 3 20
98 64 0 62
98 64 1 1
98 64 2 18
98 64 3 47
98 65 0 34
98 65 1 39
98 65 2 1
98 65 3 14
98 66 0 38
98 66 1 20
98 66 2 30
98 66 3 61
98 67 0 40
98 67 1 40
98 67 2 12
98 67 3 38
98 68 0 61
98 68 1 40
98 68 2 50
98 68 3 61
98 69 0 57
98 69 1 21
98 69 2 18
98 69 3 17
98 70 0 49
98 70 1 24
98 70 2 52
98 70 3 51
98 71 0 42
98 71 1 7
98 71 2 45
98 71 3 13
98 72 0 35
98 72 1 14
98 72 2 3
98 72 3 40
98 73 0 28
98 73 1 41
98 73 2 31
98 73 3 23
98 74 0 0
98 74 1 17
98 74 2 56
98 74 3 48
98 75 0 29
98 75 1 2
98 75 2 63
98 75 3 47
98 76 0 1
98 76 1 13
98 76 2 10
98 76 3 57
98 77 0 61
98 77 1 26
98 77 2 11
98 77 3 41
98 78 0 17
98 78 1 7
98 78 2 16
98 78 3 16
98 79 0 3
98 79 1 44
98 79 2 22
98 79 3 35
98 80 0 35
98 80 1 49
98 80 2 48
98 80 3 36
98 81 0 53
98 81 1 36
98 81 2 1
98 81 3 54
98 82 0 49
98 82 1 27
98 82 2 24
98 82 3 57
98 83 0 27
98 83 1 23
98 83 2 46
98 83 3 21
98 84 0 25
98 84 1 49
98 84 2 14
98 84 3 0
98 85 0 21
98 85 1 11
98 85 2 23
98 85 3 4
98 86 0 37
98 86 1 32
98 86 2 17
98 86 3 40
98 87 0 9
98 87 1 0
98 87 2 30
98 87 3 10
98 88 0 54
98 88 1 19
98 88 2 27
98 88 3 18
98 89 0 27
98 89 1 6
98 89 2 59
98 89 3 11
98 90 0 25
98 90 1 54
98 90 2 27
98 90 3 44
98 91 0 4
98 91 1 18
98 91 2 48
98 91 3 16
98 92 0 26
98 92 1 5
98 92 2 32
98 92 3 22
98 93 0 55
98 93 1 25
98 93 2 52
98 93 3 57
98 94 0 53
98 94 1 47
98 94 2 37
98 94 3 30
98 95 0 5
98 95 1 8
98 95 2 24
98 95 3 41
98 96 0 0
98 96 1 59
98 96 2 63
98 96 3 4
98 97 0 6
98 97 1 54
98 97 2 12
98 97 3 11
98 98 0 11
98 98 1 44
98 98 2 8
98 98 3 11
98 99 0 25
98 99 1 38
98 99 2 63
98 99 3 15
99 0 0 16
99 0 1 34
99 0 2 26
99 0 3 38
99 1 0 15
99 1 1 39
99 1 2 59
99 1 3 43
99 2 0 47
99 2 1 4
99 2 2 57
99 2 3 45
99 3 0 40
99 3 1 9
99 3 2 35
99 3 3 43
99 4 0 39
99 4 1 7
99 4 2 2
99 4 3 30
99 5 0 45
99 5 1 24
99 5 2 44
99 5 3 61
99 6 0 56
99 6 1 40
99 6 2 46
99 6 3 5
99 7 0 5
99 7 1 44
99 7 2 51
99 7 3 12
99 8 0 37
99 8 1 18
99 8 2 6
99 8 3 24
99 9 0 28
99 9 1 49
99 9 2 55
99 9 3 60
99 10 0 6
99 10 1 59
99 10 2 33
99 10 3 10
99 11 0 41
99 11 1 3
99 11 2 29
99 11 3 53
99 12 0 62
99 12 1 18
99 12 2 11
99 12 3 37
99 13 0 10
99 13 1 62
99 13 2 20
99 13 3 11
99 14 0 15
99 14 1 23
99 14 2 47
99 14 3 55
99 15 0 47
99 15 1 41
99 15 2 17
99 15 3 60
99 16 0 63
99 16 1 40
99 16 2 50
99 16 3 19
99 17 0 28
99 17 1 51
99 17 2 27
99 17 3 48
99 18 0 55
99 18 1 59
99 18 2 18
99 18 3 30
99 19 0 24
99 19 1 32
99 19 2 47
99 19 3 20
99 20 0 14
99 20 1 17
99 20 2 49
99 20 3 63
99 21 0 6
99 21 1 62
99 21 2 2
99 21 3 33
99 22 0 8
99 22 1 61
99 22 2 48
99 22 3 22
99 23 0 43
99 23 1 54
99 23 2 13
99 23 3 40
99 24 0 19
99 24 1 45
99 24 2 36
99 24 3 45
99 25 0 40
99 25 1 40
99 25 2 5
99 25 3 54
99 26 0 10
99 26 1 25
99 26 2 32
99 26 3 54
99 27 0 40
99 27 1 11
99 27 2 18
99 27 3 12
99 28 0 37
99 28 1 45
99 28 2 45
99 28 3 48
99 29 0 44
99 29 1 57
99 29 2 58
99 29 3 17
99 30 0 19
99 30 1 3
99 30 2 17
99 30 3 32
99 31 0 42
99 31 1 56
99 31 2 38
99 31 3 62
99 32 0 35
99 32 1 54
99 32 2 51
99 32 3 31
99 33 0 55
99 33 1 55
99 33 2 19
99 33 3 13
99 34 0 7
99 34 1 58
99 34 2 28
99 34 3 36
99 35 0 17
99 35 1 24
99 35 2 25
99 35 3 37
99 36 0 11
99 36 1 50
99 36 2 25
99 36 3 15
99 37 0 0
99 37 1 6
99 37 2 17
99 37 3 46
99 38 0 54
99 38 1 60
99 38 2 19
99 38 3 40
99 39 0 17
99 39 1 9
99 39 2 34
99 39 3 41
99 40 0 48
99 40 1 7
99 40 2 47
99 40 3 19
99 41 0 17
99 41 1 2
99 41 2 13
99 41 3 31
99 42 0 12
99 42 1 20
99 42 2 33
99 42 3 6
99 43 0 56
99 43 1 19
99 43 2 48
99 43 3 41
99 44 0 48
99 44 1 18
99 44 2 11
99 44 3 9
99 45 0 14
99 45 1 34
99 45 2 39
99 45 3 48
99 46 0 61
99 46 1 53
99 46 2 22
99 46 3 30
99 47 0 61
99 47 1 45
99 47 2 26
99 47 3 53
99 48 0 8
99 48 1 43
99 48 2 60
99 48 3 33
99 49 0 39
99 49 1 3
99 49 2 38
99 49 3 18
99 50 0 63
99 50 1 20
99 50 2 20
99 50 3 25
99 51 0 44
99 51 1 60
99 51 2 22
99 51 3 13
99 52 0 48
99 52 1 34
99 52 2 29
99 52 3 63
99 53 0 31
99 53 1 39
99 53 2 62
99 53 3 13
99 54 0 57
99 54 1 61
99 54 2 30
99 54 3 21
99 55 0 10
99 55 1 3
99 55 2 62
99 55 3 27
99 56 0 42
99 56 1 15
99 56 2 20
99 56 3 52
99 57 0 42
99 57 1 14
99 57 2 0
99 57 3 52
99 58 0 5
99 58 1 2
99 58 2 19
99 58 3 59
99 59 0 41
99 59 1 2
99 59 2 58
99 59 3 60
99 60 0 44
99 60 1 4
99 60 2 0
99 60 3 55
99 61 0 52
99 61 1 53
99 61 2 31
99 61 3 38
99 62 0 11
99 62 1 2
99 62 2 14
99 62 3 39
99 63 0 25
99 63 1 39
99 63 2 28
99 63 3 35
99 64 0 60
99 64 1 40
99 64 2 61
99 64 3 61
99 65 0 39
99 65 1 63
99 65 2 15
99 65 3 33
99 66 0 4
99 66 1 5
99 66 2 8
99 66 3 8
99 67 0 26
99 67 1 46
99 67 2 63
99 67 3 62
99 68 0 11
99 68 1 27
99 68 2 27
99 68 3 6
99 69 0 2
99 69 1 22
99 69 2 54
99 69 3 24
99 70 0 24
99 70 1 63
99 70 2 24
99 70 3 43
99 71 0 62
99 71 1 7
99 71 2 32
99 71 3 21
99 72 0 7
99 72 1 3
99 72 2 41
99 72 3 41
99 73 0 35
99 73 1 43
99 73 2 46
99 73 3 3
99 74 0 2
99 74 1 21
99 74 2 36
99 74 3 57
99 75 0 62
99 75 1 52
99 75 2 18
99 75 3 36
99 76 0 7
99 76 1 31
99 76 2 6
99 76 3 63
99 77 0 28
99 77 1 46
99 77 2 6
99 77 3 60
99 78 0 33
99 78 1 4
99 78 2 23
99 78 3 13
99 79 0 4
99 79 1 1
99 79 2 45
99 79 3 55
99 80 0 42
99 80 1 44
99 80 2 2
99 80 3 11
99 81 0 2
99 81 1 62
99 81 2 47
99 81 3 61
99 82 0 57
99 82 1 14
99 82 2 32
99 82 3 41
99 83 0 47
99 83 1 42
99 83 2 29
99 83 3 0
99 84 0 60
99 84 1 44
99 84 2 53
99 84 3 14
99 85 0 6
99 85 1 57
99 85 2 51
99 85 3 53
99 86 0 28
99 86 1 57
99 86 2 14
99 86 3 48
99 87 0 31
99 87 1 10
99 87 2 45
99 87 3 23
99 88 0 10
99 88 1 45
99 88 2 49
99 88 3 20
99 89 0 61
99 89 1 45
99 89 2 1
99 89 3 21
99 90 0 62
99 90 1 11
99 90 2 61
99 90 3 33
99 91 0 43
99 91 1 43
99 91 2 32
99 91 3 33
99 92 0 36
99 92 1 41
99 92 2 47
99 92 3 28
99 93 0 27
99 93 1 49
99 93 2 48
99 93 3 41
99 94 0 29
99 94 1 36
99 94 2 36
99 94 3 27
99 95 0 11
99 95 1 34
99 95 2 28
99 95 3 3
99 96 0 61
99 96 1 42
99 96 2 7
99 96 3 13
99 97 0 36
99 97 1 55
99 97 2 31
99 97 3 51
99 98 0 8
99 98 1 33
99 98 2 52
99 98 3 54
99 99 0 15
99 99 1 42
99 99 2 2
99 99 3 9
